date,per,pbr,div_yield
2004-01-02,10.07,1.11,4.0
2004-01-05,10.15,1.13,4.0
2004-01-06,10.15,1.12,4.0
2004-01-07,10.12,1.12,4.0
2004-01-08,10.3,1.12,4.0
2004-01-09,10.22,1.13,4.0
2004-01-12,10.07,1.13,4.0
2004-01-13,10.06,1.14,4.0
2004-01-14,10.04,1.14,4.0
2004-01-15,10.17,1.13,4.0
2004-01-16,10.18,1.12,4.0
2004-01-19,10.29,1.13,4.0
2004-01-20,10.02,1.14,4.0
2004-01-21,10.0,1.15,4.0
2004-01-22,10.16,1.13,4.0
2004-01-23,10.06,1.13,4.0
2004-01-26,10.04,1.14,4.0
2004-01-27,10.14,1.13,4.0
2004-01-28,10.1,1.13,4.0
2004-01-29,10.18,1.13,4.0
2004-01-30,10.13,1.12,4.0
2004-02-02,10.14,1.11,4.0
2004-02-03,10.21,1.13,4.0
2004-02-04,10.1,1.14,4.0
2004-02-05,10.03,1.14,4.0
2004-02-06,10.14,1.16,4.0
2004-02-09,10.07,1.14,4.0
2004-02-10,10.1,1.14,4.0
2004-02-11,10.21,1.15,4.0
2004-02-12,10.22,1.15,4.0
2004-02-13,10.25,1.15,4.0
2004-02-16,10.43,1.15,4.0
2004-02-17,10.66,1.14,4.0
2004-02-18,10.66,1.15,4.0
2004-02-19,10.6,1.14,4.0
2004-02-20,10.67,1.17,4.0
2004-02-23,10.58,1.15,4.0
2004-02-24,10.71,1.17,4.0
2004-02-25,10.64,1.18,4.0
2004-02-26,10.58,1.17,4.0
2004-02-27,10.46,1.17,4.0
2004-03-01,10.39,1.18,4.0
2004-03-02,10.51,1.18,4.0
2004-03-03,10.54,1.16,4.0
2004-03-04,10.53,1.17,4.0
2004-03-05,10.74,1.15,4.0
2004-03-08,10.74,1.17,4.0
2004-03-09,10.72,1.17,4.0
2004-03-10,10.59,1.16,4.0
2004-03-11,10.5,1.14,4.0
2004-03-12,10.4,1.14,4.0
2004-03-15,10.34,1.14,4.0
2004-03-16,10.3,1.14,4.0
2004-03-17,10.28,1.15,4.0
2004-03-18,10.36,1.15,4.0
2004-03-19,10.36,1.15,4.0
2004-03-22,10.56,1.14,4.0
2004-03-23,10.63,1.13,4.0
2004-03-24,10.55,1.14,4.0
2004-03-25,10.59,1.15,4.0
2004-03-26,10.6,1.14,4.0
2004-03-29,10.75,1.14,4.0
2004-03-30,10.83,1.15,4.0
2004-03-31,10.82,1.17,4.0
2004-04-01,10.99,1.18,4.0
2004-04-02,11.02,1.19,4.0
2004-04-05,11.07,1.18,4.0
2004-04-06,11.2,1.19,4.0
2004-04-07,11.26,1.19,4.0
2004-04-08,11.25,1.18,4.0
2004-04-09,11.2,1.19,4.0
2004-04-12,10.97,1.18,4.0
2004-04-13,10.76,1.19,4.0
2004-04-14,10.74,1.2,4.0
2004-04-15,10.67,1.21,4.0
2004-04-16,10.67,1.2,4.0
2004-04-19,10.78,1.2,4.0
2004-04-20,10.69,1.21,4.0
2004-04-21,10.52,1.2,4.0
2004-04-22,10.39,1.19,4.0
2004-04-23,10.3,1.21,4.0
2004-04-26,10.2,1.23,4.0
2004-04-27,10.23,1.22,4.0
2004-04-28,10.41,1.2,4.0
2004-04-29,10.49,1.21,4.0
2004-04-30,10.57,1.23,4.0
2004-05-03,10.61,1.25,4.0
2004-05-04,10.48,1.24,4.0
2004-05-05,10.72,1.24,4.0
2004-05-06,10.69,1.23,4.0
2004-05-07,10.77,1.24,4.0
2004-05-10,10.54,1.23,4.0
2004-05-11,10.54,1.23,4.0
2004-05-12,10.53,1.22,4.0
2004-05-13,10.51,1.22,4.0
2004-05-14,10.37,1.22,4.0
2004-05-17,10.41,1.21,4.0
2004-05-18,10.56,1.24,4.0
2004-05-19,10.79,1.24,4.0
2004-05-20,10.97,1.24,4.0
2004-05-21,11.09,1.22,4.0
2004-05-24,11.26,1.22,4.0
2004-05-25,11.43,1.22,4.0
2004-05-26,11.3,1.21,4.0
2004-05-27,11.3,1.21,4.0
2004-05-28,11.14,1.2,4.0
2004-05-31,11.19,1.21,4.0
2004-06-01,11.14,1.22,4.0
2004-06-02,11.1,1.21,4.0
2004-06-03,11.06,1.21,4.0
2004-06-04,10.78,1.2,4.0
2004-06-07,10.58,1.19,4.0
2004-06-08,10.69,1.21,4.0
2004-06-09,10.62,1.22,4.0
2004-06-10,10.74,1.23,4.0
2004-06-11,10.73,1.22,4.0
2004-06-14,10.57,1.21,4.0
2004-06-15,10.43,1.21,4.0
2004-06-16,10.38,1.22,4.0
2004-06-17,10.31,1.23,4.0
2004-06-18,10.32,1.23,4.0
2004-06-21,10.39,1.24,4.0
2004-06-22,10.45,1.23,4.0
2004-06-23,10.49,1.23,4.0
2004-06-24,10.61,1.24,4.0
2004-06-25,10.73,1.26,4.0
2004-06-28,10.65,1.24,4.0
2004-06-29,10.46,1.26,4.0
2004-06-30,10.41,1.28,4.0
2004-07-01,10.44,1.26,4.0
2004-07-02,10.41,1.25,4.0
2004-07-05,10.51,1.26,4.0
2004-07-06,10.39,1.26,4.0
2004-07-07,10.59,1.25,4.0
2004-07-08,10.69,1.26,4.0
2004-07-09,10.66,1.25,4.0
2004-07-12,10.6,1.26,4.0
2004-07-13,10.6,1.24,4.0
2004-07-14,10.74,1.25,4.0
2004-07-15,10.71,1.26,4.0
2004-07-16,10.66,1.26,4.0
2004-07-19,10.69,1.26,4.0
2004-07-20,10.56,1.26,4.0
2004-07-21,10.7,1.26,4.0
2004-07-22,10.79,1.26,4.0
2004-07-23,10.9,1.27,4.0
2004-07-26,11.06,1.25,4.0
2004-07-27,10.97,1.27,4.0
2004-07-28,10.98,1.27,4.0
2004-07-29,10.97,1.29,4.0
2004-07-30,11.15,1.29,4.0
2004-08-02,11.1,1.29,4.0
2004-08-03,10.9,1.29,4.0
2004-08-04,10.86,1.28,4.0
2004-08-05,10.97,1.27,4.0
2004-08-06,11.03,1.27,4.0
2004-08-09,11.03,1.27,4.0
2004-08-10,10.99,1.28,4.0
2004-08-11,11.03,1.28,4.0
2004-08-12,11.1,1.29,4.0
2004-08-13,11.12,1.26,4.0
2004-08-16,11.09,1.28,4.0
2004-08-17,11.09,1.28,4.0
2004-08-18,11.03,1.28,4.0
2004-08-19,11.15,1.3,4.0
2004-08-20,11.13,1.28,4.0
2004-08-23,11.04,1.3,4.0
2004-08-24,11.29,1.3,4.0
2004-08-25,11.2,1.32,4.0
2004-08-26,11.1,1.32,4.0
2004-08-27,10.97,1.31,4.0
2004-08-30,10.91,1.31,4.0
2004-08-31,11.01,1.3,4.0
2004-09-01,10.84,1.29,4.0
2004-09-02,10.87,1.3,4.0
2004-09-03,10.82,1.31,4.0
2004-09-06,10.76,1.3,4.0
2004-09-07,10.59,1.29,4.0
2004-09-08,10.61,1.3,4.0
2004-09-09,10.45,1.27,4.0
2004-09-10,10.46,1.28,4.0
2004-09-13,10.54,1.28,4.0
2004-09-14,10.32,1.28,4.0
2004-09-15,10.45,1.29,4.0
2004-09-16,10.26,1.28,4.0
2004-09-17,10.52,1.28,4.0
2004-09-20,10.54,1.25,4.0
2004-09-21,10.48,1.25,4.0
2004-09-22,10.54,1.27,4.0
2004-09-23,10.47,1.25,4.0
2004-09-24,10.24,1.24,4.0
2004-09-27,10.43,1.24,4.0
2004-09-28,10.43,1.24,4.0
2004-09-29,10.48,1.24,4.0
2004-09-30,10.5,1.24,4.0
2004-10-01,10.45,1.26,4.0
2004-10-04,10.38,1.27,4.0
2004-10-05,10.51,1.27,4.0
2004-10-06,10.6,1.28,4.0
2004-10-07,10.63,1.26,4.0
2004-10-08,10.78,1.26,4.0
2004-10-11,10.81,1.25,4.0
2004-10-12,10.96,1.25,4.0
2004-10-13,11.15,1.26,4.0
2004-10-14,11.28,1.26,4.0
2004-10-15,11.33,1.27,4.0
2004-10-18,11.23,1.26,4.0
2004-10-19,11.28,1.26,4.0
2004-10-20,11.24,1.27,4.0
2004-10-21,11.32,1.24,4.0
2004-10-22,11.51,1.25,4.0
2004-10-25,11.5,1.22,4.0
2004-10-26,11.37,1.23,4.0
2004-10-27,11.45,1.24,4.0
2004-10-28,11.45,1.24,4.0
2004-10-29,11.62,1.24,4.0
2004-11-01,11.62,1.27,4.0
2004-11-02,11.61,1.26,4.0
2004-11-03,11.61,1.25,4.0
2004-11-04,11.64,1.28,4.0
2004-11-05,11.4,1.28,4.0
2004-11-08,11.32,1.29,4.0
2004-11-09,11.45,1.28,4.0
2004-11-10,11.38,1.25,4.0
2004-11-11,11.38,1.25,4.0
2004-11-12,11.36,1.25,4.0
2004-11-15,11.29,1.25,4.0
2004-11-16,11.29,1.24,4.0
2004-11-17,11.18,1.23,4.0
2004-11-18,11.03,1.23,4.0
2004-11-19,11.07,1.24,4.0
2004-11-22,11.29,1.22,4.0
2004-11-23,11.38,1.22,4.0
2004-11-24,11.48,1.22,4.0
2004-11-25,11.6,1.24,4.0
2004-11-26,11.62,1.23,4.0
2004-11-29,11.63,1.25,4.0
2004-11-30,11.53,1.26,4.0
2004-12-01,11.62,1.26,4.0
2004-12-02,11.65,1.27,4.0
2004-12-03,11.57,1.28,4.0
2004-12-06,11.54,1.29,4.0
2004-12-07,11.41,1.3,4.0
2004-12-08,11.48,1.3,4.0
2004-12-09,11.66,1.28,4.0
2004-12-10,11.53,1.3,4.0
2004-12-13,11.66,1.29,4.0
2004-12-14,11.8,1.29,4.0
2004-12-15,11.66,1.3,4.0
2004-12-16,11.41,1.29,4.0
2004-12-17,11.43,1.29,4.0
2004-12-20,11.43,1.28,4.0
2004-12-21,11.42,1.27,4.0
2004-12-22,11.56,1.27,4.0
2004-12-23,11.52,1.26,4.0
2004-12-24,11.81,1.27,4.0
2004-12-27,11.63,1.28,4.0
2004-12-28,11.53,1.28,4.0
2004-12-29,11.44,1.28,4.0
2004-12-30,11.43,1.28,4.0
2004-12-31,11.61,1.28,4.0
2005-01-03,11.49,1.27,4.0
2005-01-04,11.39,1.27,4.0
2005-01-05,11.33,1.25,4.0
2005-01-06,11.34,1.27,4.0
2005-01-07,11.38,1.29,4.0
2005-01-10,11.36,1.32,4.0
2005-01-11,11.23,1.33,4.0
2005-01-12,11.24,1.33,4.0
2005-01-13,11.43,1.31,4.0
2005-01-14,11.55,1.32,4.0
2005-01-17,11.52,1.34,4.0
2005-01-18,11.54,1.33,4.0
2005-01-19,11.61,1.33,4.0
2005-01-20,11.72,1.34,4.0
2005-01-21,11.9,1.34,4.0
2005-01-24,11.93,1.34,4.0
2005-01-25,11.79,1.35,4.0
2005-01-26,11.61,1.34,4.0
2005-01-27,11.69,1.35,4.0
2005-01-28,11.52,1.33,4.0
2005-01-31,11.64,1.34,4.0
2005-02-01,11.58,1.34,4.0
2005-02-02,11.45,1.33,4.0
2005-02-03,11.53,1.35,4.0
2005-02-04,11.42,1.33,4.0
2005-02-07,11.51,1.33,4.0
2005-02-08,11.54,1.33,4.0
2005-02-09,11.33,1.35,4.0
2005-02-10,11.53,1.36,4.0
2005-02-11,11.7,1.34,4.0
2005-02-14,11.82,1.33,4.0
2005-02-15,11.94,1.35,4.0
2005-02-16,11.85,1.35,4.0
2005-02-17,11.99,1.34,4.0
2005-02-18,12.07,1.34,4.0
2005-02-21,11.83,1.36,4.0
2005-02-22,11.72,1.35,4.0
2005-02-23,11.64,1.34,4.0
2005-02-24,11.82,1.34,4.0
2005-02-25,11.71,1.33,4.0
2005-02-28,11.66,1.34,4.0
2005-03-01,11.53,1.34,4.0
2005-03-02,11.5,1.34,4.0
2005-03-03,11.64,1.36,4.0
2005-03-04,11.49,1.35,4.0
2005-03-07,11.58,1.36,4.0
2005-03-08,11.49,1.37,4.0
2005-03-09,11.74,1.36,4.0
2005-03-10,11.77,1.37,4.0
2005-03-11,11.77,1.36,4.0
2005-03-14,11.72,1.35,4.0
2005-03-15,11.76,1.34,4.0
2005-03-16,11.59,1.33,4.0
2005-03-17,11.62,1.33,4.0
2005-03-18,11.57,1.32,4.0
2005-03-21,11.53,1.33,4.0
2005-03-22,11.8,1.33,4.0
2005-03-23,11.98,1.33,4.0
2005-03-24,12.16,1.34,4.0
2005-03-25,12.25,1.36,4.0
2005-03-28,12.3,1.36,4.0
2005-03-29,12.46,1.35,4.0
2005-03-30,12.48,1.36,4.0
2005-03-31,12.54,1.38,4.0
2005-04-01,12.68,1.38,4.0
2005-04-04,12.75,1.38,4.0
2005-04-05,12.77,1.38,4.0
2005-04-06,12.84,1.37,4.0
2005-04-07,12.81,1.37,4.0
2005-04-08,12.84,1.37,4.0
2005-04-11,12.88,1.37,4.0
2005-04-12,12.7,1.38,4.0
2005-04-13,12.58,1.37,4.0
2005-04-14,12.64,1.38,4.0
2005-04-15,12.63,1.37,4.0
2005-04-18,12.62,1.37,4.0
2005-04-19,12.63,1.37,4.0
2005-04-20,12.36,1.38,4.0
2005-04-21,12.33,1.38,4.0
2005-04-22,12.3,1.38,4.0
2005-04-25,12.33,1.37,4.0
2005-04-26,12.42,1.36,4.0
2005-04-27,12.37,1.36,4.0
2005-04-28,12.52,1.4,4.0
2005-04-29,12.39,1.39,4.0
2005-05-02,12.47,1.39,4.0
2005-05-03,12.39,1.4,4.0
2005-05-04,12.53,1.4,4.0
2005-05-05,12.54,1.39,4.0
2005-05-06,12.38,1.4,4.0
2005-05-09,12.39,1.39,4.0
2005-05-10,12.43,1.39,4.0
2005-05-11,12.45,1.39,4.0
2005-05-12,12.48,1.4,4.0
2005-05-13,12.44,1.38,4.0
2005-05-16,12.37,1.38,4.0
2005-05-17,12.16,1.37,4.0
2005-05-18,12.24,1.38,4.0
2005-05-19,12.3,1.39,4.0
2005-05-20,12.54,1.36,4.0
2005-05-23,12.53,1.35,4.0
2005-05-24,12.55,1.36,4.0
2005-05-25,12.56,1.36,4.0
2005-05-26,12.65,1.37,4.0
2005-05-27,12.57,1.37,4.0
2005-05-30,12.58,1.38,4.0
2005-05-31,12.57,1.39,4.0
2005-06-01,12.65,1.38,4.0
2005-06-02,12.91,1.38,4.0
2005-06-03,12.92,1.37,4.0
2005-06-06,12.72,1.37,4.0
2005-06-07,12.56,1.36,4.0
2005-06-08,12.68,1.37,4.0
2005-06-09,12.46,1.37,4.0
2005-06-10,12.49,1.38,4.0
2005-06-13,12.4,1.37,4.0
2005-06-14,12.73,1.38,4.0
2005-06-15,12.57,1.4,4.0
2005-06-16,12.48,1.41,4.0
2005-06-17,12.57,1.4,4.0
2005-06-20,12.54,1.42,4.0
2005-06-21,12.45,1.42,4.0
2005-06-22,12.32,1.42,4.0
2005-06-23,12.25,1.42,4.0
2005-06-24,12.15,1.44,4.0
2005-06-27,12.17,1.43,4.0
2005-06-28,12.42,1.42,4.0
2005-06-29,12.67,1.42,4.0
2005-06-30,12.92,1.4,4.0
2005-07-01,12.88,1.4,4.0
2005-07-04,12.95,1.41,4.0
2005-07-05,12.95,1.42,4.0
2005-07-06,12.82,1.41,4.0
2005-07-07,12.58,1.42,4.0
2005-07-08,12.36,1.42,4.0
2005-07-11,12.39,1.41,4.0
2005-07-12,12.23,1.42,4.0
2005-07-13,12.14,1.43,4.0
2005-07-14,12.21,1.42,4.0
2005-07-15,11.93,1.44,4.0
2005-07-18,12.15,1.44,4.0
2005-07-19,12.18,1.45,4.0
2005-07-20,12.15,1.45,4.0
2005-07-21,12.09,1.44,4.0
2005-07-22,12.17,1.43,4.0
2005-07-25,12.07,1.45,4.0
2005-07-26,12.26,1.44,4.0
2005-07-27,12.39,1.45,4.0
2005-07-28,12.31,1.47,4.0
2005-07-29,12.29,1.46,4.0
2005-08-01,12.47,1.47,4.0
2005-08-02,12.52,1.47,4.0
2005-08-03,12.5,1.48,4.0
2005-08-04,12.41,1.47,4.0
2005-08-05,12.4,1.47,4.0
2005-08-08,12.37,1.48,4.0
2005-08-09,12.42,1.46,4.0
2005-08-10,12.39,1.43,4.0
2005-08-11,12.28,1.43,4.0
2005-08-12,12.44,1.43,4.0
2005-08-15,12.52,1.44,4.0
2005-08-16,12.4,1.43,4.0
2005-08-17,12.34,1.44,4.0
2005-08-18,12.45,1.45,4.0
2005-08-19,12.35,1.45,4.0
2005-08-22,12.35,1.44,4.0
2005-08-23,12.33,1.45,4.0
2005-08-24,12.26,1.43,4.0
2005-08-25,12.15,1.42,4.0
2005-08-26,12.17,1.43,4.0
2005-08-29,12.08,1.42,4.0
2005-08-30,12.04,1.41,4.0
2005-08-31,12.18,1.42,4.0
2005-09-01,12.11,1.43,4.0
2005-09-02,12.2,1.44,4.0
2005-09-05,12.35,1.45,4.0
2005-09-06,12.36,1.45,4.0
2005-09-07,12.44,1.44,4.0
2005-09-08,12.35,1.43,4.0
2005-09-09,12.46,1.43,4.0
2005-09-12,12.57,1.44,4.0
2005-09-13,12.76,1.47,4.0
2005-09-14,12.91,1.47,4.0
2005-09-15,12.94,1.45,4.0
2005-09-16,13.28,1.47,4.0
2005-09-19,13.37,1.46,4.0
2005-09-20,13.51,1.44,4.0
2005-09-21,13.41,1.46,4.0
2005-09-22,13.34,1.47,4.0
2005-09-23,13.32,1.48,4.0
2005-09-26,13.17,1.47,4.0
2005-09-27,13.16,1.5,4.0
2005-09-28,13.14,1.51,4.0
2005-09-29,13.26,1.5,4.0
2005-09-30,13.39,1.52,4.0
2005-10-03,13.39,1.53,4.0
2005-10-04,13.31,1.53,4.0
2005-10-05,13.52,1.52,4.0
2005-10-06,13.29,1.48,4.0
2005-10-07,13.07,1.49,4.0
2005-10-10,13.13,1.48,4.0
2005-10-11,13.11,1.48,4.0
2005-10-12,13.06,1.48,4.0
2005-10-13,12.82,1.47,4.0
2005-10-14,12.71,1.47,4.0
2005-10-17,12.92,1.47,4.0
2005-10-18,13.08,1.45,4.0
2005-10-19,13.18,1.45,4.0
2005-10-20,13.06,1.45,4.0
2005-10-21,13.01,1.42,4.0
2005-10-24,12.96,1.41,4.0
2005-10-25,12.87,1.42,4.0
2005-10-26,12.81,1.43,4.0
2005-10-27,12.8,1.45,4.0
2005-10-28,12.62,1.46,4.0
2005-10-31,12.8,1.47,4.0
2005-11-01,12.78,1.46,4.0
2005-11-02,12.73,1.46,4.0
2005-11-03,12.54,1.46,4.0
2005-11-04,12.66,1.48,4.0
2005-11-07,12.55,1.49,4.0
2005-11-08,12.63,1.48,4.0
2005-11-09,12.54,1.49,4.0
2005-11-10,12.58,1.48,4.0
2005-11-11,12.43,1.46,4.0
2005-11-14,12.45,1.46,4.0
2005-11-15,12.47,1.46,4.0
2005-11-16,12.51,1.47,4.0
2005-11-17,12.65,1.46,4.0
2005-11-18,12.74,1.45,4.0
2005-11-21,12.97,1.46,4.0
2005-11-22,12.79,1.46,4.0
2005-11-23,13.07,1.45,4.0
2005-11-24,13.19,1.46,4.0
2005-11-25,13.13,1.47,4.0
2005-11-28,13.26,1.49,4.0
2005-11-29,13.48,1.49,4.0
2005-11-30,13.61,1.48,4.0
2005-12-01,13.46,1.48,4.0
2005-12-02,13.44,1.48,4.0
2005-12-05,13.53,1.49,4.0
2005-12-06,13.51,1.48,4.0
2005-12-07,13.55,1.47,4.0
2005-12-08,13.59,1.45,4.0
2005-12-09,13.44,1.45,4.0
2005-12-12,13.6,1.46,4.0
2005-12-13,13.59,1.46,4.0
2005-12-14,13.56,1.45,4.0
2005-12-15,13.42,1.47,4.0
2005-12-16,13.38,1.47,4.0
2005-12-19,13.5,1.48,4.0
2005-12-20,13.51,1.5,4.0
2005-12-21,13.59,1.52,4.0
2005-12-22,13.56,1.52,4.0
2005-12-23,13.56,1.5,4.0
2005-12-26,13.33,1.48,4.0
2005-12-27,13.38,1.48,4.0
2005-12-28,13.34,1.5,4.0
2005-12-29,13.38,1.5,4.0
2005-12-30,13.09,1.52,4.0
2006-01-02,13.43,1.51,4.0
2006-01-03,13.43,1.53,4.0
2006-01-04,13.48,1.54,4.0
2006-01-05,13.52,1.54,4.0
2006-01-06,13.47,1.55,4.0
2006-01-09,13.52,1.54,4.0
2006-01-10,13.66,1.55,4.0
2006-01-11,13.67,1.54,4.0
2006-01-12,13.76,1.53,4.0
2006-01-13,13.84,1.52,4.0
2006-01-16,13.91,1.51,4.0
2006-01-17,14.13,1.49,4.0
2006-01-18,14.13,1.52,4.0
2006-01-19,14.08,1.51,4.0
2006-01-20,14.03,1.52,4.0
2006-01-23,14.06,1.5,4.0
2006-01-24,13.85,1.5,4.0
2006-01-25,14.0,1.5,4.0
2006-01-26,13.94,1.51,4.0
2006-01-27,13.9,1.52,4.0
2006-01-30,13.7,1.51,4.0
2006-01-31,13.7,1.51,4.0
2006-02-01,13.5,1.52,4.0
2006-02-02,13.27,1.54,4.0
2006-02-03,13.18,1.53,4.0
2006-02-06,13.16,1.51,4.0
2006-02-07,13.06,1.51,4.0
2006-02-08,13.11,1.52,4.0
2006-02-09,13.29,1.5,4.0
2006-02-10,13.32,1.5,4.0
2006-02-13,13.04,1.49,4.0
2006-02-14,13.06,1.49,4.0
2006-02-15,13.15,1.5,4.0
2006-02-16,13.11,1.5,4.0
2006-02-17,13.17,1.51,4.0
2006-02-20,13.23,1.53,4.0
2006-02-21,13.09,1.58,4.0
2006-02-22,13.27,1.59,4.0
2006-02-23,13.24,1.59,4.0
2006-02-24,13.21,1.58,4.0
2006-02-27,13.29,1.59,4.0
2006-02-28,13.08,1.61,4.0
2006-03-01,13.28,1.6,4.0
2006-03-02,13.16,1.59,4.0
2006-03-03,13.42,1.58,4.0
2006-03-06,13.58,1.57,4.0
2006-03-07,13.44,1.57,4.0
2006-03-08,13.49,1.55,4.0
2006-03-09,13.36,1.55,4.0
2006-03-10,13.22,1.55,4.0
2006-03-13,12.91,1.56,4.0
2006-03-14,13.03,1.55,4.0
2006-03-15,12.99,1.54,4.0
2006-03-16,13.12,1.55,4.0
2006-03-17,13.17,1.53,4.0
2006-03-20,13.04,1.54,4.0
2006-03-21,13.18,1.56,4.0
2006-03-22,13.27,1.56,4.0
2006-03-23,13.22,1.58,4.0
2006-03-24,13.37,1.58,4.0
2006-03-27,13.35,1.57,4.0
2006-03-28,13.25,1.58,4.0
2006-03-29,13.25,1.58,4.0
2006-03-30,13.21,1.57,4.0
2006-03-31,13.03,1.58,4.0
2006-04-03,12.71,1.57,4.0
2006-04-04,12.98,1.58,4.0
2006-04-05,13.16,1.59,4.0
2006-04-06,13.39,1.61,4.0
2006-04-07,13.52,1.62,4.0
2006-04-10,13.48,1.62,4.0
2006-04-11,13.46,1.61,4.0
2006-04-12,13.39,1.6,4.0
2006-04-13,13.48,1.6,4.0
2006-04-14,13.55,1.58,4.0
2006-04-17,13.52,1.58,4.0
2006-04-18,13.58,1.57,4.0
2006-04-19,13.75,1.56,4.0
2006-04-20,13.74,1.57,4.0
2006-04-21,13.58,1.56,4.0
2006-04-24,13.66,1.54,4.0
2006-04-25,13.49,1.54,4.0
2006-04-26,13.4,1.56,4.0
2006-04-27,13.45,1.55,4.0
2006-04-28,13.55,1.55,4.0
2006-05-01,13.58,1.55,4.0
2006-05-02,13.45,1.56,4.0
2006-05-03,13.84,1.56,4.0
2006-05-04,13.77,1.57,4.0
2006-05-05,13.83,1.58,4.0
2006-05-08,13.75,1.57,4.0
2006-05-09,13.63,1.56,4.0
2006-05-10,13.64,1.55,4.0
2006-05-11,13.59,1.55,4.0
2006-05-12,13.61,1.57,4.0
2006-05-15,13.54,1.58,4.0
2006-05-16,13.57,1.58,4.0
2006-05-17,13.48,1.6,4.0
2006-05-18,13.64,1.62,4.0
2006-05-19,13.69,1.61,4.0
2006-05-22,13.69,1.6,4.0
2006-05-23,13.69,1.6,4.0
2006-05-24,13.65,1.6,4.0
2006-05-25,13.67,1.61,4.0
2006-05-26,13.89,1.6,4.0
2006-05-29,13.81,1.6,4.0
2006-05-30,13.84,1.61,4.0
2006-05-31,13.73,1.6,4.0
2006-06-01,13.4,1.6,4.0
2006-06-02,13.5,1.59,4.0
2006-06-05,13.68,1.58,4.0
2006-06-06,13.75,1.59,4.0
2006-06-07,14.08,1.6,4.0
2006-06-08,14.02,1.59,4.0
2006-06-09,13.89,1.6,4.0
2006-06-12,14.06,1.63,4.0
2006-06-13,14.23,1.63,4.0
2006-06-14,14.36,1.61,4.0
2006-06-15,14.19,1.61,4.0
2006-06-16,14.08,1.58,4.0
2006-06-19,13.86,1.59,4.0
2006-06-20,14.13,1.58,4.0
2006-06-21,14.0,1.6,4.0
2006-06-22,13.83,1.59,4.0
2006-06-23,13.82,1.6,4.0
2006-06-26,13.85,1.59,4.0
2006-06-27,13.95,1.59,4.0
2006-06-28,13.93,1.58,4.0
2006-06-29,13.84,1.57,4.0
2006-06-30,13.79,1.58,4.0
2006-07-03,13.73,1.6,4.0
2006-07-04,13.94,1.59,4.0
2006-07-05,13.94,1.6,4.0
2006-07-06,14.03,1.61,4.0
2006-07-07,14.0,1.6,4.0
2006-07-10,13.76,1.61,4.0
2006-07-11,14.0,1.61,4.0
2006-07-12,14.08,1.62,4.0
2006-07-13,14.13,1.62,4.0
2006-07-14,13.83,1.59,4.0
2006-07-17,13.83,1.59,4.0
2006-07-18,14.06,1.59,4.0
2006-07-19,14.24,1.59,4.0
2006-07-20,14.2,1.57,4.0
2006-07-21,14.37,1.59,4.0
2006-07-24,14.58,1.59,4.0
2006-07-25,14.54,1.57,4.0
2006-07-26,14.7,1.59,4.0
2006-07-27,14.85,1.6,4.0
2006-07-28,14.93,1.62,4.0
2006-07-31,15.03,1.61,4.0
2006-08-01,14.86,1.62,4.0
2006-08-02,14.93,1.63,4.0
2006-08-03,14.87,1.64,4.0
2006-08-04,14.71,1.64,4.0
2006-08-07,14.9,1.63,4.0
2006-08-08,14.85,1.6,4.0
2006-08-09,14.85,1.61,4.0
2006-08-10,14.83,1.63,4.0
2006-08-11,14.58,1.64,4.0
2006-08-14,14.53,1.65,4.0
2006-08-15,14.62,1.64,4.0
2006-08-16,14.6,1.64,4.0
2006-08-17,14.53,1.63,4.0
2006-08-18,14.56,1.61,4.0
2006-08-21,14.7,1.6,4.0
2006-08-22,14.45,1.61,4.0
2006-08-23,14.42,1.63,4.0
2006-08-24,14.41,1.63,4.0
2006-08-25,14.65,1.63,4.0
2006-08-28,14.81,1.64,4.0
2006-08-29,14.59,1.65,4.0
2006-08-30,14.76,1.63,4.0
2006-08-31,14.71,1.63,4.0
2006-09-01,14.46,1.64,4.0
2006-09-04,14.27,1.65,4.0
2006-09-05,14.46,1.64,4.0
2006-09-06,14.52,1.63,4.0
2006-09-07,14.36,1.66,4.0
2006-09-08,14.58,1.65,4.0
2006-09-11,14.68,1.65,4.0
2006-09-12,14.62,1.62,4.0
2006-09-13,14.65,1.64,4.0
2006-09-14,14.51,1.65,4.0
2006-09-15,14.78,1.68,4.0
2006-09-18,14.6,1.66,4.0
2006-09-19,14.4,1.68,4.0
2006-09-20,14.42,1.67,4.0
2006-09-21,14.83,1.69,4.0
2006-09-22,14.61,1.66,4.0
2006-09-25,14.72,1.67,4.0
2006-09-26,14.71,1.68,4.0
2006-09-27,14.75,1.69,4.0
2006-09-28,14.89,1.69,4.0
2006-09-29,14.77,1.7,4.0
2006-10-02,14.72,1.73,4.0
2006-10-03,14.61,1.76,4.0
2006-10-04,14.8,1.76,4.0
2006-10-05,14.96,1.76,4.0
2006-10-06,14.77,1.78,4.0
2006-10-09,14.81,1.8,4.0
2006-10-10,14.95,1.79,4.0
2006-10-11,14.69,1.79,4.0
2006-10-12,14.88,1.77,4.0
2006-10-13,14.84,1.77,4.0
2006-10-16,14.77,1.77,4.0
2006-10-17,14.95,1.78,4.0
2006-10-18,15.09,1.8,4.0
2006-10-19,14.86,1.82,4.0
2006-10-20,14.94,1.83,4.0
2006-10-23,15.03,1.82,4.0
2006-10-24,14.69,1.81,4.0
2006-10-25,14.76,1.81,4.0
2006-10-26,14.68,1.82,4.0
2006-10-27,14.84,1.82,4.0
2006-10-30,14.7,1.8,4.0
2006-10-31,14.71,1.78,4.0
2006-11-01,14.62,1.77,4.0
2006-11-02,14.52,1.78,4.0
2006-11-03,14.21,1.78,4.0
2006-11-06,14.39,1.8,4.0
2006-11-07,14.56,1.78,4.0
2006-11-08,14.57,1.76,4.0
2006-11-09,14.62,1.76,4.0
2006-11-10,14.51,1.75,4.0
2006-11-13,14.68,1.74,4.0
2006-11-14,14.71,1.74,4.0
2006-11-15,14.71,1.74,4.0
2006-11-16,14.91,1.72,4.0
2006-11-17,14.71,1.71,4.0
2006-11-20,14.43,1.72,4.0
2006-11-21,14.5,1.72,4.0
2006-11-22,14.48,1.71,4.0
2006-11-23,14.32,1.7,4.0
2006-11-24,14.36,1.68,4.0
2006-11-27,14.43,1.71,4.0
2006-11-28,14.57,1.72,4.0
2006-11-29,14.41,1.76,4.0
2006-11-30,14.36,1.76,4.0
2006-12-01,14.42,1.75,4.0
2006-12-04,14.6,1.74,4.0
2006-12-05,14.73,1.74,4.0
2006-12-06,14.66,1.74,4.0
2006-12-07,14.73,1.72,4.0
2006-12-08,14.65,1.74,4.0
2006-12-11,14.6,1.74,4.0
2006-12-12,14.56,1.74,4.0
2006-12-13,14.47,1.75,4.0
2006-12-14,14.59,1.75,4.0
2006-12-15,14.73,1.73,4.0
2006-12-18,14.68,1.71,4.0
2006-12-19,14.71,1.74,4.0
2006-12-20,14.65,1.74,4.0
2006-12-21,14.52,1.74,4.0
2006-12-22,14.37,1.75,4.0
2006-12-25,14.65,1.75,4.0
2006-12-26,14.55,1.73,4.0
2006-12-27,14.65,1.71,4.0
2006-12-28,14.71,1.7,4.0
2006-12-29,14.54,1.69,4.0
2007-01-01,14.62,1.68,4.0
2007-01-02,14.67,1.67,4.0
2007-01-03,14.67,1.68,4.0
2007-01-04,14.61,1.71,4.0
2007-01-05,14.62,1.7,4.0
2007-01-08,14.7,1.68,4.0
2007-01-09,14.58,1.68,4.0
2007-01-10,14.8,1.7,4.0
2007-01-11,14.9,1.69,4.0
2007-01-12,14.55,1.67,4.0
2007-01-15,14.53,1.64,4.0
2007-01-16,14.86,1.65,4.0
2007-01-17,14.91,1.64,4.0
2007-01-18,14.8,1.66,4.0
2007-01-19,14.9,1.67,4.0
2007-01-22,14.59,1.7,4.0
2007-01-23,14.64,1.72,4.0
2007-01-24,14.58,1.7,4.0
2007-01-25,14.6,1.7,4.0
2007-01-26,14.42,1.71,4.0
2007-01-29,14.38,1.7,4.0
2007-01-30,14.02,1.7,4.0
2007-01-31,13.97,1.7,4.0
2007-02-01,14.04,1.7,4.0
2007-02-02,14.24,1.71,4.0
2007-02-05,14.65,1.7,4.0
2007-02-06,14.54,1.69,4.0
2007-02-07,14.63,1.7,4.0
2007-02-08,14.6,1.7,4.0
2007-02-09,14.57,1.73,4.0
2007-02-12,14.61,1.72,4.0
2007-02-13,14.6,1.72,4.0
2007-02-14,14.9,1.7,4.0
2007-02-15,14.85,1.71,4.0
2007-02-16,14.69,1.71,4.0
2007-02-19,14.74,1.72,4.0
2007-02-20,14.59,1.71,4.0
2007-02-21,14.55,1.69,4.0
2007-02-22,14.73,1.71,4.0
2007-02-23,14.71,1.73,4.0
2007-02-26,14.81,1.74,4.0
2007-02-27,14.79,1.76,4.0
2007-02-28,14.84,1.76,4.0
2007-03-01,14.75,1.77,4.0
2007-03-02,14.88,1.76,4.0
2007-03-05,14.7,1.75,4.0
2007-03-06,14.6,1.77,4.0
2007-03-07,14.63,1.8,4.0
2007-03-08,14.78,1.8,4.0
2007-03-09,14.82,1.75,4.0
2007-03-12,14.92,1.76,4.0
2007-03-13,14.74,1.78,4.0
2007-03-14,14.71,1.78,4.0
2007-03-15,14.77,1.76,4.0
2007-03-16,14.79,1.78,4.0
2007-03-19,14.65,1.77,4.0
2007-03-20,14.55,1.77,4.0
2007-03-21,14.55,1.75,4.0
2007-03-22,14.69,1.72,4.0
2007-03-23,15.03,1.74,4.0
2007-03-26,14.88,1.72,4.0
2007-03-27,14.9,1.75,4.0
2007-03-28,14.76,1.78,4.0
2007-03-29,14.77,1.77,4.0
2007-03-30,14.73,1.76,4.0
2007-04-02,14.82,1.77,4.0
2007-04-03,14.54,1.79,4.0
2007-04-04,14.52,1.8,4.0
2007-04-05,14.57,1.79,4.0
2007-04-06,14.63,1.78,4.0
2007-04-09,14.71,1.78,4.0
2007-04-10,14.76,1.78,4.0
2007-04-11,14.97,1.79,4.0
2007-04-12,15.18,1.78,4.0
2007-04-13,15.15,1.79,4.0
2007-04-16,15.08,1.8,4.0
2007-04-17,15.12,1.8,4.0
2007-04-18,15.25,1.8,4.0
2007-04-19,15.25,1.8,4.0
2007-04-20,15.09,1.79,4.0
2007-04-23,15.25,1.8,4.0
2007-04-24,15.31,1.8,4.0
2007-04-25,15.57,1.79,4.0
2007-04-26,15.44,1.78,4.0
2007-04-27,15.47,1.81,4.0
2007-04-30,15.53,1.82,4.0
2007-05-01,15.49,1.8,4.0
2007-05-02,15.33,1.81,4.0
2007-05-03,15.37,1.8,4.0
2007-05-04,15.3,1.79,4.0
2007-05-07,15.31,1.78,4.0
2007-05-08,15.32,1.79,4.0
2007-05-09,15.16,1.79,4.0
2007-05-10,15.1,1.79,4.0
2007-05-11,15.05,1.79,4.0
2007-05-14,15.08,1.81,4.0
2007-05-15,15.17,1.84,4.0
2007-05-16,15.22,1.83,4.0
2007-05-17,15.36,1.83,4.0
2007-05-18,15.38,1.83,4.0
2007-05-21,15.7,1.84,4.0
2007-05-22,15.74,1.85,4.0
2007-05-23,15.52,1.84,4.0
2007-05-24,15.45,1.87,4.0
2007-05-25,15.94,1.85,4.0
2007-05-28,15.71,1.86,4.0
2007-05-29,15.77,1.87,4.0
2007-05-30,16.1,1.85,4.0
2007-05-31,15.87,1.85,4.0
2007-06-01,16.09,1.82,4.0
2007-06-04,16.31,1.81,4.0
2007-06-05,16.22,1.81,4.0
2007-06-06,15.9,1.82,4.0
2007-06-07,15.97,1.83,4.0
2007-06-08,15.93,1.82,4.0
2007-06-11,15.89,1.83,4.0
2007-06-12,15.98,1.84,4.0
2007-06-13,15.96,1.84,4.0
2007-06-14,15.69,1.84,4.0
2007-06-15,15.66,1.82,4.0
2007-06-18,15.72,1.8,4.0
2007-06-19,15.79,1.79,4.0
2007-06-20,15.97,1.81,4.0
2007-06-21,15.65,1.83,4.0
2007-06-22,15.8,1.85,4.0
2007-06-25,15.74,1.85,4.0
2007-06-26,15.76,1.86,4.0
2007-06-27,15.89,1.85,4.0
2007-06-28,15.75,1.85,4.0
2007-06-29,15.69,1.82,4.0
2007-07-02,15.78,1.82,4.0
2007-07-03,15.68,1.83,4.0
2007-07-04,15.73,1.82,4.0
2007-07-05,15.55,1.84,4.0
2007-07-06,15.74,1.85,4.0
2007-07-09,15.86,1.84,4.0
2007-07-10,15.73,1.87,4.0
2007-07-11,15.9,1.88,4.0
2007-07-12,15.95,1.9,4.0
2007-07-13,15.78,1.89,4.0
2007-07-16,15.89,1.91,4.0
2007-07-17,15.99,1.91,4.0
2007-07-18,15.73,1.91,4.0
2007-07-19,15.35,1.89,4.0
2007-07-20,15.3,1.89,4.0
2007-07-23,15.21,1.9,4.0
2007-07-24,15.33,1.89,4.0
2007-07-25,15.25,1.89,4.0
2007-07-26,15.17,1.88,4.0
2007-07-27,15.48,1.86,4.0
2007-07-30,15.7,1.87,4.0
2007-07-31,15.46,1.85,4.0
2007-08-01,15.68,1.87,4.0
2007-08-02,15.93,1.88,4.0
2007-08-03,15.89,1.9,4.0
2007-08-06,15.83,1.89,4.0
2007-08-07,15.53,1.89,4.0
2007-08-08,15.33,1.87,4.0
2007-08-09,15.34,1.86,4.0
2007-08-10,15.29,1.86,4.0
2007-08-13,15.26,1.86,4.0
2007-08-14,15.35,1.86,4.0
2007-08-15,15.65,1.85,4.0
2007-08-16,15.56,1.85,4.0
2007-08-17,15.48,1.85,4.0
2007-08-20,15.48,1.87,4.0
2007-08-21,15.46,1.87,4.0
2007-08-22,15.74,1.86,4.0
2007-08-23,15.71,1.88,4.0
2007-08-24,15.86,1.87,4.0
2007-08-27,16.28,1.86,4.0
2007-08-28,16.53,1.85,4.0
2007-08-29,16.46,1.84,4.0
2007-08-30,16.36,1.86,4.0
2007-08-31,16.18,1.87,4.0
2007-09-03,16.19,1.84,4.0
2007-09-04,15.93,1.84,4.0
2007-09-05,16.28,1.84,4.0
2007-09-06,16.17,1.85,4.0
2007-09-07,16.16,1.85,4.0
2007-09-10,16.2,1.86,4.0
2007-09-11,16.0,1.87,4.0
2007-09-12,16.15,1.87,4.0
2007-09-13,16.21,1.87,4.0
2007-09-14,16.15,1.87,4.0
2007-09-17,16.21,1.87,4.0
2007-09-18,16.18,1.88,4.0
2007-09-19,16.17,1.89,4.0
2007-09-20,16.05,1.9,4.0
2007-09-21,16.07,1.9,4.0
2007-09-24,16.14,1.89,4.0
2007-09-25,16.0,1.9,4.0
2007-09-26,16.04,1.91,4.0
2007-09-27,15.73,1.9,4.0
2007-09-28,15.94,1.9,4.0
2007-10-01,15.76,1.9,4.0
2007-10-02,15.5,1.89,4.0
2007-10-03,15.45,1.87,4.0
2007-10-04,15.51,1.89,4.0
2007-10-05,15.49,1.92,4.0
2007-10-08,15.65,1.92,4.0
2007-10-09,15.64,1.93,4.0
2007-10-10,15.63,1.92,4.0
2007-10-11,15.63,1.93,4.0
2007-10-12,15.92,1.93,4.0
2007-10-15,15.87,1.93,4.0
2007-10-16,16.29,1.91,4.0
2007-10-17,16.6,1.94,4.0
2007-10-18,16.39,1.92,4.0
2007-10-19,16.52,1.93,4.0
2007-10-22,16.42,1.92,4.0
2007-10-23,16.43,1.89,4.0
2007-10-24,16.16,1.91,4.0
2007-10-25,16.15,1.91,4.0
2007-10-26,16.6,1.89,4.0
2007-10-29,16.47,1.9,4.0
2007-10-30,16.58,1.9,4.0
2007-10-31,16.59,1.92,4.0
2007-11-01,16.49,1.9,4.0
2007-11-02,16.68,1.89,4.0
2007-11-05,16.6,1.91,4.0
2007-11-06,16.58,1.9,4.0
2007-11-07,16.61,1.89,4.0
2007-11-08,16.79,1.9,4.0
2007-11-09,16.71,1.91,4.0
2007-11-12,17.01,1.91,4.0
2007-11-13,16.67,1.9,4.0
2007-11-14,16.53,1.89,4.0
2007-11-15,16.69,1.88,4.0
2007-11-16,16.55,1.86,4.0
2007-11-19,16.49,1.87,4.0
2007-11-20,16.3,1.88,4.0
2007-11-21,16.04,1.86,4.0
2007-11-22,15.94,1.85,4.0
2007-11-23,16.04,1.85,4.0
2007-11-26,15.88,1.86,4.0
2007-11-27,15.85,1.85,4.0
2007-11-28,15.75,1.85,4.0
2007-11-29,15.84,1.84,4.0
2007-11-30,15.57,1.83,4.0
2007-12-03,15.49,1.84,4.0
2007-12-04,15.43,1.85,4.0
2007-12-05,15.29,1.85,4.0
2007-12-06,15.48,1.83,4.0
2007-12-07,15.2,1.82,4.0
2007-12-10,15.22,1.8,4.0
2007-12-11,15.28,1.79,4.0
2007-12-12,15.22,1.79,4.0
2007-12-13,15.51,1.81,4.0
2007-12-14,15.56,1.81,4.0
2007-12-17,15.38,1.78,4.0
2007-12-18,15.46,1.79,4.0
2007-12-19,15.36,1.77,4.0
2007-12-20,15.28,1.77,4.0
2007-12-21,15.44,1.76,4.0
2007-12-24,15.45,1.76,4.0
2007-12-25,15.58,1.77,4.0
2007-12-26,15.17,1.77,4.0
2007-12-27,15.21,1.75,4.0
2007-12-28,15.42,1.74,4.0
2007-12-31,15.17,1.74,4.0
2008-01-01,15.19,1.74,4.0
2008-01-02,15.13,1.76,4.0
2008-01-03,15.22,1.76,4.0
2008-01-04,15.11,1.77,4.0
2008-01-07,15.16,1.75,4.0
2008-01-08,15.09,1.74,4.0
2008-01-09,15.47,1.75,4.0
2008-01-10,15.47,1.73,4.0
2008-01-11,15.76,1.71,4.0
2008-01-14,15.75,1.68,4.0
2008-01-15,15.63,1.69,4.0
2008-01-16,15.57,1.68,4.0
2008-01-17,15.57,1.65,4.0
2008-01-18,15.18,1.68,4.0
2008-01-21,15.23,1.64,4.0
2008-01-22,15.21,1.63,4.0
2008-01-23,15.24,1.66,4.0
2008-01-24,15.28,1.66,4.0
2008-01-25,15.04,1.69,4.0
2008-01-28,14.97,1.69,4.0
2008-01-29,14.93,1.67,4.0
2008-01-30,14.71,1.67,4.0
2008-01-31,14.88,1.66,4.0
2008-02-01,15.12,1.66,4.0
2008-02-04,14.97,1.63,4.0
2008-02-05,14.99,1.62,4.0
2008-02-06,14.93,1.63,4.0
2008-02-07,14.83,1.62,4.0
2008-02-08,14.72,1.59,4.0
2008-02-11,14.46,1.59,4.0
2008-02-12,14.47,1.58,4.0
2008-02-13,14.35,1.59,4.0
2008-02-14,14.4,1.58,4.0
2008-02-15,14.31,1.59,4.0
2008-02-18,14.07,1.59,4.0
2008-02-19,13.95,1.6,4.0
2008-02-20,13.98,1.58,4.0
2008-02-21,13.91,1.58,4.0
2008-02-22,13.77,1.58,4.0
2008-02-25,13.93,1.57,4.0
2008-02-26,13.72,1.54,4.0
2008-02-27,13.88,1.53,4.0
2008-02-28,14.01,1.52,4.0
2008-02-29,14.1,1.51,4.0
2008-03-03,14.08,1.48,4.0
2008-03-04,13.94,1.49,4.0
2008-03-05,13.83,1.5,4.0
2008-03-06,14.05,1.49,4.0
2008-03-07,14.15,1.48,4.0
2008-03-10,14.12,1.47,4.0
2008-03-11,13.99,1.47,4.0
2008-03-12,13.83,1.46,4.0
2008-03-13,13.64,1.45,4.0
2008-03-14,13.51,1.45,4.0
2008-03-17,13.41,1.44,4.0
2008-03-18,13.41,1.46,4.0
2008-03-19,13.54,1.45,4.0
2008-03-20,13.79,1.46,4.0
2008-03-21,13.94,1.47,4.0
2008-03-24,13.68,1.44,4.0
2008-03-25,13.53,1.44,4.0
2008-03-26,13.37,1.43,4.0
2008-03-27,13.48,1.44,4.0
2008-03-28,13.55,1.44,4.0
2008-03-31,13.4,1.44,4.0
2008-04-01,13.37,1.46,4.0
2008-04-02,13.36,1.48,4.0
2008-04-03,13.4,1.46,4.0
2008-04-04,13.52,1.45,4.0
2008-04-07,13.46,1.42,4.0
2008-04-08,13.39,1.44,4.0
2008-04-09,13.4,1.44,4.0
2008-04-10,13.33,1.45,4.0
2008-04-11,13.34,1.45,4.0
2008-04-14,13.23,1.44,4.0
2008-04-15,13.34,1.43,4.0
2008-04-16,13.45,1.43,4.0
2008-04-17,13.38,1.43,4.0
2008-04-18,13.59,1.42,4.0
2008-04-21,13.5,1.43,4.0
2008-04-22,13.49,1.41,4.0
2008-04-23,13.61,1.4,4.0
2008-04-24,13.79,1.42,4.0
2008-04-25,13.85,1.42,4.0
2008-04-28,13.76,1.4,4.0
2008-04-29,13.63,1.37,4.0
2008-04-30,13.59,1.36,4.0
2008-05-01,13.58,1.36,4.0
2008-05-02,13.55,1.35,4.0
2008-05-05,13.39,1.35,4.0
2008-05-06,13.23,1.35,4.0
2008-05-07,13.19,1.35,4.0
2008-05-08,13.04,1.36,4.0
2008-05-09,12.78,1.36,4.0
2008-05-12,12.58,1.33,4.0
2008-05-13,12.48,1.33,4.0
2008-05-14,12.35,1.32,4.0
2008-05-15,12.34,1.32,4.0
2008-05-16,12.15,1.32,4.0
2008-05-19,11.94,1.29,4.0
2008-05-20,12.07,1.3,4.0
2008-05-21,12.15,1.3,4.0
2008-05-22,12.15,1.28,4.0
2008-05-23,12.28,1.3,4.0
2008-05-26,12.1,1.3,4.0
2008-05-27,12.15,1.29,4.0
2008-05-28,12.09,1.27,4.0
2008-05-29,12.22,1.27,4.0
2008-05-30,12.19,1.27,4.0
2008-06-02,12.01,1.27,4.0
2008-06-03,12.12,1.28,4.0
2008-06-04,12.03,1.28,4.0
2008-06-05,11.85,1.26,4.0
2008-06-06,11.98,1.26,4.0
2008-06-09,11.96,1.26,4.0
2008-06-10,11.81,1.25,4.0
2008-06-11,11.76,1.25,4.0
2008-06-12,11.7,1.26,4.0
2008-06-13,11.56,1.25,4.0
2008-06-16,11.39,1.24,4.0
2008-06-17,11.35,1.23,4.0
2008-06-18,11.43,1.23,4.0
2008-06-19,11.49,1.21,4.0
2008-06-20,11.4,1.21,4.0
2008-06-23,11.41,1.23,4.0
2008-06-24,11.54,1.23,4.0
2008-06-25,11.4,1.25,4.0
2008-06-26,11.44,1.26,4.0
2008-06-27,11.4,1.24,4.0
2008-06-30,11.28,1.24,4.0
2008-07-01,11.24,1.24,4.0
2008-07-02,11.29,1.24,4.0
2008-07-03,11.11,1.23,4.0
2008-07-04,11.08,1.22,4.0
2008-07-07,10.96,1.23,4.0
2008-07-08,10.93,1.21,4.0
2008-07-09,10.88,1.21,4.0
2008-07-10,10.77,1.22,4.0
2008-07-11,10.95,1.2,4.0
2008-07-14,10.59,1.18,4.0
2008-07-15,10.64,1.17,4.0
2008-07-16,10.67,1.18,4.0
2008-07-17,10.66,1.17,4.0
2008-07-18,10.66,1.16,4.0
2008-07-21,10.65,1.15,4.0
2008-07-22,10.57,1.15,4.0
2008-07-23,10.5,1.15,4.0
2008-07-24,10.45,1.16,4.0
2008-07-25,10.47,1.15,4.0
2008-07-28,10.46,1.15,4.0
2008-07-29,10.32,1.14,4.0
2008-07-30,10.29,1.13,4.0
2008-07-31,10.21,1.13,4.0
2008-08-01,10.11,1.12,4.0
2008-08-04,10.0,1.12,4.0
2008-08-05,9.88,1.11,4.0
2008-08-06,9.69,1.1,4.0
2008-08-07,9.7,1.08,4.0
2008-08-08,9.8,1.07,4.0
2008-08-11,9.72,1.05,4.0
2008-08-12,9.81,1.06,4.0
2008-08-13,9.88,1.06,4.0
2008-08-14,9.78,1.06,4.0
2008-08-15,9.68,1.06,4.0
2008-08-18,9.49,1.05,4.0
2008-08-19,9.52,1.05,4.0
2008-08-20,9.56,1.05,4.0
2008-08-21,9.56,1.05,4.0
2008-08-22,9.47,1.02,4.0
2008-08-25,9.42,1.0,4.0
2008-08-26,9.48,1.0,4.0
2008-08-27,9.53,1.0,4.0
2008-08-28,9.56,0.98,4.0
2008-08-29,9.58,1.0,4.0
2008-09-01,9.64,1.0,4.0
2008-09-02,9.52,1.01,4.0
2008-09-03,9.44,1.02,4.0
2008-09-04,9.34,1.02,4.0
2008-09-05,9.28,1.01,4.0
2008-09-08,9.37,1.0,4.0
2008-09-09,9.28,0.99,4.0
2008-09-10,9.19,0.99,4.0
2008-09-11,9.02,0.99,4.0
2008-09-12,9.08,0.98,4.0
2008-09-15,9.02,0.97,4.0
2008-09-16,9.14,0.97,4.0
2008-09-17,9.25,0.97,4.0
2008-09-18,9.12,0.96,4.0
2008-09-19,9.1,0.96,4.0
2008-09-22,9.15,0.95,4.0
2008-09-23,9.06,0.95,4.0
2008-09-24,9.13,0.95,4.0
2008-09-25,8.88,0.93,4.0
2008-09-26,8.86,0.94,4.0
2008-09-29,8.74,0.91,4.0
2008-09-30,8.83,0.91,4.0
2008-10-01,8.77,0.91,4.0
2008-10-02,8.82,0.91,4.0
2008-10-03,8.85,0.91,4.0
2008-10-06,8.72,0.9,4.0
2008-10-07,8.77,0.89,4.0
2008-10-08,8.8,0.89,4.0
2008-10-09,8.64,0.89,4.0
2008-10-10,8.67,0.87,4.0
2008-10-13,8.56,0.86,4.0
2008-10-14,8.58,0.87,4.0
2008-10-15,8.58,0.86,4.0
2008-10-16,8.65,0.86,4.0
2008-10-17,8.7,0.86,4.0
2008-10-20,8.56,0.86,4.0
2008-10-21,8.49,0.85,4.0
2008-10-22,8.44,0.84,4.0
2008-10-23,8.51,0.84,4.0
2008-10-24,8.45,0.84,4.0
2008-10-27,8.41,0.83,4.0
2008-10-28,8.45,0.82,4.0
2008-10-29,8.43,0.83,4.0
2008-10-30,8.54,0.82,4.0
2008-10-31,8.46,0.83,4.0
2008-11-03,8.43,0.81,4.0
2008-11-04,8.43,0.81,4.0
2008-11-05,8.4,0.8,4.0
2008-11-06,8.19,0.79,4.0
2008-11-07,8.14,0.8,4.0
2008-11-10,7.94,0.8,4.0
2008-11-11,7.9,0.8,4.0
2008-11-12,7.91,0.8,4.0
2008-11-13,8.1,0.81,4.0
2008-11-14,8.17,0.81,4.0
2008-11-17,8.1,0.8,4.0
2008-11-18,8.12,0.79,4.0
2008-11-19,8.15,0.8,4.0
2008-11-20,8.16,0.8,4.0
2008-11-21,8.17,0.8,4.0
2008-11-24,8.14,0.8,4.0
2008-11-25,8.17,0.8,4.0
2008-11-26,8.19,0.8,4.0
2008-11-27,8.25,0.8,4.0
2008-11-28,8.32,0.8,4.0
2008-12-01,8.4,0.8,4.0
2008-12-02,8.4,0.81,4.0
2008-12-03,8.38,0.81,4.0
2008-12-04,8.44,0.82,4.0
2008-12-05,8.36,0.84,4.0
2008-12-08,8.17,0.84,4.0
2008-12-09,8.04,0.85,4.0
2008-12-10,7.9,0.86,4.0
2008-12-11,7.96,0.86,4.0
2008-12-12,7.99,0.85,4.0
2008-12-15,8.09,0.85,4.0
2008-12-16,8.14,0.85,4.0
2008-12-17,8.24,0.84,4.0
2008-12-18,8.34,0.83,4.0
2008-12-19,8.42,0.83,4.0
2008-12-22,8.51,0.84,4.0
2008-12-23,8.64,0.85,4.0
2008-12-24,8.8,0.84,4.0
2008-12-25,8.79,0.86,4.0
2008-12-26,8.9,0.85,4.0
2008-12-29,8.84,0.84,4.0
2008-12-30,8.78,0.83,4.0
2008-12-31,8.9,0.82,4.0
2009-01-01,8.89,0.83,4.0
2009-01-02,8.73,0.83,4.0
2009-01-05,8.63,0.83,4.0
2009-01-06,8.56,0.83,4.0
2009-01-07,8.46,0.82,4.0
2009-01-08,8.5,0.81,4.0
2009-01-09,8.43,0.8,4.0
2009-01-12,8.42,0.8,4.0
2009-01-13,8.38,0.81,4.0
2009-01-14,8.27,0.8,4.0
2009-01-15,8.18,0.79,4.0
2009-01-16,8.27,0.8,4.0
2009-01-19,8.33,0.81,4.0
2009-01-20,8.07,0.8,4.0
2009-01-21,8.04,0.8,4.0
2009-01-22,8.14,0.8,4.0
2009-01-23,8.21,0.79,4.0
2009-01-26,8.43,0.79,4.0
2009-01-27,8.42,0.8,4.0
2009-01-28,8.46,0.8,4.0
2009-01-29,8.39,0.8,4.0
2009-01-30,8.27,0.8,4.0
2009-02-02,8.33,0.81,4.0
2009-02-03,8.32,0.81,4.0
2009-02-04,8.56,0.82,4.0
2009-02-05,8.52,0.82,4.0
2009-02-06,8.49,0.81,4.0
2009-02-09,8.52,0.82,4.0
2009-02-10,8.61,0.81,4.0
2009-02-11,8.69,0.81,4.0
2009-02-12,8.55,0.81,4.0
2009-02-13,8.67,0.8,4.0
2009-02-16,8.67,0.81,4.0
2009-02-17,8.45,0.82,4.0
2009-02-18,8.46,0.81,4.0
2009-02-19,8.39,0.83,4.0
2009-02-20,8.51,0.82,4.0
2009-02-23,8.57,0.83,4.0
2009-02-24,8.68,0.82,4.0
2009-02-25,8.79,0.82,4.0
2009-02-26,8.75,0.81,4.0
2009-02-27,8.77,0.81,4.0
2009-03-02,8.91,0.81,4.0
2009-03-03,8.92,0.82,4.0
2009-03-04,8.85,0.82,4.0
2009-03-05,8.98,0.82,4.0
2009-03-06,8.98,0.83,4.0
2009-03-09,8.92,0.83,4.0
2009-03-10,9.08,0.83,4.0
2009-03-11,8.91,0.84,4.0
2009-03-12,8.85,0.84,4.0
2009-03-13,8.81,0.85,4.0
2009-03-16,8.9,0.85,4.0
2009-03-17,8.87,0.85,4.0
2009-03-18,8.82,0.86,4.0
2009-03-19,8.92,0.86,4.0
2009-03-20,8.99,0.85,4.0
2009-03-23,8.98,0.84,4.0
2009-03-24,9.0,0.84,4.0
2009-03-25,8.9,0.84,4.0
2009-03-26,8.89,0.85,4.0
2009-03-27,8.89,0.85,4.0
2009-03-30,8.79,0.85,4.0
2009-03-31,8.66,0.86,4.0
2009-04-01,8.64,0.85,4.0
2009-04-02,8.75,0.84,4.0
2009-04-03,8.82,0.86,4.0
2009-04-06,8.79,0.87,4.0
2009-04-07,9.04,0.87,4.0
2009-04-08,8.95,0.89,4.0
2009-04-09,9.01,0.9,4.0
2009-04-10,8.96,0.9,4.0
2009-04-13,9.09,0.9,4.0
2009-04-14,9.09,0.91,4.0
2009-04-15,9.07,0.92,4.0
2009-04-16,9.16,0.92,4.0
2009-04-17,9.14,0.93,4.0
2009-04-20,9.23,0.94,4.0
2009-04-21,9.21,0.94,4.0
2009-04-22,8.97,0.95,4.0
2009-04-23,9.18,0.95,4.0
2009-04-24,9.23,0.96,4.0
2009-04-27,9.21,0.94,4.0
2009-04-28,9.34,0.94,4.0
2009-04-29,9.25,0.94,4.0
2009-04-30,9.16,0.94,4.0
2009-05-01,9.04,0.94,4.0
2009-05-04,9.05,0.93,4.0
2009-05-05,9.0,0.94,4.0
2009-05-06,8.99,0.93,4.0
2009-05-07,8.87,0.92,4.0
2009-05-08,8.82,0.92,4.0
2009-05-11,8.9,0.93,4.0
2009-05-12,9.05,0.93,4.0
2009-05-13,9.07,0.93,4.0
2009-05-14,9.04,0.93,4.0
2009-05-15,9.11,0.95,4.0
2009-05-18,9.24,0.96,4.0
2009-05-19,9.35,0.95,4.0
2009-05-20,9.4,0.95,4.0
2009-05-21,9.33,0.95,4.0
2009-05-22,9.33,0.96,4.0
2009-05-25,9.37,0.95,4.0
2009-05-26,9.14,0.95,4.0
2009-05-27,9.16,0.95,4.0
2009-05-28,9.33,0.97,4.0
2009-05-29,9.28,0.97,4.0
2009-06-01,9.13,0.97,4.0
2009-06-02,9.08,0.97,4.0
2009-06-03,9.04,0.97,4.0
2009-06-04,9.16,0.99,4.0
2009-06-05,9.42,0.99,4.0
2009-06-08,9.45,0.99,4.0
2009-06-09,9.38,0.99,4.0
2009-06-10,9.27,1.0,4.0
2009-06-11,9.38,0.99,4.0
2009-06-12,9.45,0.99,4.0
2009-06-15,9.58,0.99,4.0
2009-06-16,9.53,0.98,4.0
2009-06-17,9.69,0.98,4.0
2009-06-18,9.7,0.98,4.0
2009-06-19,9.62,0.97,4.0
2009-06-22,9.44,0.99,4.0
2009-06-23,9.4,0.99,4.0
2009-06-24,9.36,0.99,4.0
2009-06-25,9.27,1.0,4.0
2009-06-26,9.33,1.0,4.0
2009-06-29,9.29,1.0,4.0
2009-06-30,9.22,1.01,4.0
2009-07-01,9.15,1.02,4.0
2009-07-02,9.04,1.03,4.0
2009-07-03,9.02,1.02,4.0
2009-07-06,9.01,1.03,4.0
2009-07-07,9.02,1.02,4.0
2009-07-08,9.09,1.02,4.0
2009-07-09,9.27,1.01,4.0
2009-07-10,9.39,1.01,4.0
2009-07-13,9.27,1.03,4.0
2009-07-14,9.38,1.02,4.0
2009-07-15,9.5,1.03,4.0
2009-07-16,9.58,1.04,4.0
2009-07-17,9.55,1.03,4.0
2009-07-20,9.71,1.03,4.0
2009-07-21,9.63,1.04,4.0
2009-07-22,9.74,1.05,4.0
2009-07-23,9.84,1.06,4.0
2009-07-24,9.89,1.05,4.0
2009-07-27,9.73,1.05,4.0
2009-07-28,9.75,1.05,4.0
2009-07-29,9.84,1.05,4.0
2009-07-30,9.84,1.04,4.0
2009-07-31,9.83,1.04,4.0
2009-08-03,9.81,1.03,4.0
2009-08-04,9.76,1.03,4.0
2009-08-05,9.76,1.03,4.0
2009-08-06,9.88,1.03,4.0
2009-08-07,9.81,1.03,4.0
2009-08-10,9.87,1.03,4.0
2009-08-11,9.61,1.02,4.0
2009-08-12,9.57,1.03,4.0
2009-08-13,9.66,1.02,4.0
2009-08-14,9.77,1.02,4.0
2009-08-17,9.68,1.02,4.0
2009-08-18,9.72,1.01,4.0
2009-08-19,9.81,1.0,4.0
2009-08-20,9.74,1.01,4.0
2009-08-21,9.59,1.0,4.0
2009-08-24,9.49,1.01,4.0
2009-08-25,9.35,1.03,4.0
2009-08-26,9.46,1.02,4.0
2009-08-27,9.49,1.02,4.0
2009-08-28,9.48,1.02,4.0
2009-08-31,9.43,1.03,4.0
2009-09-01,9.56,1.01,4.0
2009-09-02,9.56,1.02,4.0
2009-09-03,9.62,1.02,4.0
2009-09-04,9.55,1.04,4.0
2009-09-07,9.47,1.03,4.0
2009-09-08,9.6,1.02,4.0
2009-09-09,9.63,1.03,4.0
2009-09-10,9.67,1.04,4.0
2009-09-11,9.72,1.04,4.0
2009-09-14,9.85,1.05,4.0
2009-09-15,9.98,1.05,4.0
2009-09-16,9.88,1.05,4.0
2009-09-17,9.86,1.04,4.0
2009-09-18,9.77,1.04,4.0
2009-09-21,9.82,1.06,4.0
2009-09-22,9.8,1.05,4.0
2009-09-23,9.79,1.05,4.0
2009-09-24,9.78,1.04,4.0
2009-09-25,9.78,1.04,4.0
2009-09-28,10.06,1.04,4.0
2009-09-29,9.88,1.05,4.0
2009-09-30,9.88,1.05,4.0
2009-10-01,9.74,1.05,4.0
2009-10-02,9.79,1.05,4.0
2009-10-05,9.68,1.06,4.0
2009-10-06,9.7,1.06,4.0
2009-10-07,9.65,1.06,4.0
2009-10-08,9.79,1.07,4.0
2009-10-09,9.67,1.08,4.0
2009-10-12,9.57,1.1,4.0
2009-10-13,9.49,1.09,4.0
2009-10-14,9.57,1.08,4.0
2009-10-15,9.63,1.09,4.0
2009-10-16,9.63,1.08,4.0
2009-10-19,9.74,1.1,4.0
2009-10-20,9.54,1.09,4.0
2009-10-21,9.55,1.09,4.0
2009-10-22,9.59,1.09,4.0
2009-10-23,9.65,1.09,4.0
2009-10-26,9.7,1.1,4.0
2009-10-27,9.76,1.11,4.0
2009-10-28,9.84,1.13,4.0
2009-10-29,10.07,1.15,4.0
2009-10-30,10.16,1.14,4.0
2009-11-02,10.02,1.13,4.0
2009-11-03,10.13,1.13,4.0
2009-11-04,10.13,1.13,4.0
2009-11-05,10.09,1.12,4.0
2009-11-06,9.95,1.12,4.0
2009-11-09,9.96,1.11,4.0
2009-11-10,10.01,1.11,4.0
2009-11-11,10.11,1.12,4.0
2009-11-12,10.01,1.12,4.0
2009-11-13,9.99,1.12,4.0
2009-11-16,9.98,1.12,4.0
2009-11-17,9.95,1.13,4.0
2009-11-18,9.82,1.12,4.0
2009-11-19,9.74,1.12,4.0
2009-11-20,9.75,1.12,4.0
2009-11-23,9.87,1.12,4.0
2009-11-24,9.88,1.13,4.0
2009-11-25,9.79,1.14,4.0
2009-11-26,9.8,1.15,4.0
2009-11-27,9.71,1.14,4.0
2009-11-30,9.84,1.14,4.0
2009-12-01,10.04,1.13,4.0
2009-12-02,10.08,1.12,4.0
2009-12-03,10.18,1.11,4.0
2009-12-04,10.12,1.12,4.0
2009-12-07,10.19,1.12,4.0
2009-12-08,10.2,1.11,4.0
2009-12-09,10.33,1.11,4.0
2009-12-10,10.28,1.1,4.0
2009-12-11,10.29,1.08,4.0
2009-12-14,10.2,1.08,4.0
2009-12-15,10.29,1.09,4.0
2009-12-16,10.24,1.08,4.0
2009-12-17,10.22,1.08,4.0
2009-12-18,10.15,1.09,4.0
2009-12-21,10.16,1.1,4.0
2009-12-22,10.26,1.12,4.0
2009-12-23,10.32,1.12,4.0
2009-12-24,10.47,1.13,4.0
2009-12-25,10.41,1.14,4.0
2009-12-28,10.44,1.14,4.0
2009-12-29,10.58,1.13,4.0
2009-12-30,10.48,1.13,4.0
2009-12-31,10.62,1.12,4.0
2010-01-01,10.79,1.12,4.0
2010-01-04,10.68,1.12,4.0
2010-01-05,10.94,1.13,4.0
2010-01-06,10.91,1.13,4.0
2010-01-07,10.72,1.13,4.0
2010-01-08,10.6,1.12,4.0
2010-01-11,10.61,1.13,4.0
2010-01-12,10.57,1.15,4.0
2010-01-13,10.5,1.14,4.0
2010-01-14,10.38,1.14,4.0
2010-01-15,10.25,1.17,4.0
2010-01-18,10.47,1.16,4.0
2010-01-19,10.53,1.15,4.0
2010-01-20,10.65,1.15,4.0
2010-01-21,10.56,1.14,4.0
2010-01-22,10.53,1.14,4.0
2010-01-25,10.45,1.15,4.0
2010-01-26,10.42,1.15,4.0
2010-01-27,10.56,1.13,4.0
2010-01-28,10.53,1.14,4.0
2010-01-29,10.54,1.16,4.0
2010-02-01,10.49,1.16,4.0
2010-02-02,10.6,1.17,4.0
2010-02-03,10.56,1.19,4.0
2010-02-04,10.72,1.19,4.0
2010-02-05,10.69,1.19,4.0
2010-02-08,10.99,1.2,4.0
2010-02-09,11.13,1.21,4.0
2010-02-10,11.12,1.18,4.0
2010-02-11,11.13,1.18,4.0
2010-02-12,11.28,1.17,4.0
2010-02-15,11.32,1.16,4.0
2010-02-16,11.37,1.17,4.0
2010-02-17,11.6,1.17,4.0
2010-02-18,11.6,1.17,4.0
2010-02-19,11.34,1.17,4.0
2010-02-22,11.37,1.17,4.0
2010-02-23,11.49,1.17,4.0
2010-02-24,11.51,1.18,4.0
2010-02-25,11.36,1.19,4.0
2010-02-26,11.35,1.18,4.0
2010-03-01,11.53,1.18,4.0
2010-03-02,11.36,1.19,4.0
2010-03-03,11.17,1.18,4.0
2010-03-04,11.08,1.19,4.0
2010-03-05,11.21,1.19,4.0
2010-03-08,11.0,1.19,4.0
2010-03-09,11.03,1.21,4.0
2010-03-10,11.1,1.21,4.0
2010-03-11,11.11,1.23,4.0
2010-03-12,10.95,1.22,4.0
2010-03-15,11.0,1.21,4.0
2010-03-16,10.89,1.21,4.0
2010-03-17,10.93,1.21,4.0
2010-03-18,10.85,1.21,4.0
2010-03-19,10.92,1.22,4.0
2010-03-22,10.94,1.2,4.0
2010-03-23,10.82,1.18,4.0
2010-03-24,10.91,1.19,4.0
2010-03-25,10.92,1.18,4.0
2010-03-26,10.98,1.18,4.0
2010-03-29,11.04,1.18,4.0
2010-03-30,11.17,1.18,4.0
2010-03-31,11.25,1.19,4.0
2010-04-01,11.3,1.19,4.0
2010-04-02,11.09,1.2,4.0
2010-04-05,11.07,1.21,4.0
2010-04-06,10.79,1.2,4.0
2010-04-07,10.66,1.19,4.0
2010-04-08,10.82,1.23,4.0
2010-04-09,10.78,1.23,4.0
2010-04-12,10.95,1.24,4.0
2010-04-13,10.87,1.22,4.0
2010-04-14,10.87,1.23,4.0
2010-04-15,10.91,1.23,4.0
2010-04-16,11.1,1.22,4.0
2010-04-19,11.24,1.24,4.0
2010-04-20,11.18,1.26,4.0
2010-04-21,11.13,1.25,4.0
2010-04-22,11.16,1.26,4.0
2010-04-23,11.44,1.25,4.0
2010-04-26,11.46,1.24,4.0
2010-04-27,11.36,1.24,4.0
2010-04-28,11.27,1.24,4.0
2010-04-29,11.26,1.25,4.0
2010-04-30,11.3,1.26,4.0
2010-05-03,11.21,1.25,4.0
2010-05-04,11.33,1.23,4.0
2010-05-05,11.26,1.23,4.0
2010-05-06,11.42,1.21,4.0
2010-05-07,11.45,1.21,4.0
2010-05-10,11.43,1.22,4.0
2010-05-11,11.1,1.23,4.0
2010-05-12,11.08,1.22,4.0
2010-05-13,11.1,1.23,4.0
2010-05-14,11.13,1.24,4.0
2010-05-17,11.23,1.25,4.0
2010-05-18,11.2,1.25,4.0
2010-05-19,11.29,1.25,4.0
2010-05-20,11.2,1.25,4.0
2010-05-21,11.34,1.27,4.0
2010-05-24,11.48,1.27,4.0
2010-05-25,11.53,1.26,4.0
2010-05-26,11.62,1.27,4.0
2010-05-27,11.59,1.27,4.0
2010-05-28,11.57,1.28,4.0
2010-05-31,11.56,1.28,4.0
2010-06-01,11.72,1.29,4.0
2010-06-02,11.74,1.29,4.0
2010-06-03,11.65,1.3,4.0
2010-06-04,11.65,1.31,4.0
2010-06-07,11.61,1.33,4.0
2010-06-08,11.64,1.32,4.0
2010-06-09,11.63,1.31,4.0
2010-06-10,11.47,1.31,4.0
2010-06-11,11.36,1.33,4.0
2010-06-14,11.35,1.33,4.0
2010-06-15,11.54,1.31,4.0
2010-06-16,11.33,1.34,4.0
2010-06-17,11.4,1.33,4.0
2010-06-18,11.62,1.32,4.0
2010-06-21,11.76,1.31,4.0
2010-06-22,11.77,1.31,4.0
2010-06-23,11.75,1.32,4.0
2010-06-24,11.84,1.32,4.0
2010-06-25,12.02,1.33,4.0
2010-06-28,12.12,1.32,4.0
2010-06-29,12.14,1.3,4.0
2010-06-30,12.28,1.3,4.0
2010-07-01,12.29,1.31,4.0
2010-07-02,12.29,1.31,4.0
2010-07-05,12.37,1.29,4.0
2010-07-06,12.27,1.3,4.0
2010-07-07,12.62,1.27,4.0
2010-07-08,12.61,1.27,4.0
2010-07-09,12.57,1.28,4.0
2010-07-12,12.66,1.29,4.0
2010-07-13,12.76,1.27,4.0
2010-07-14,12.65,1.28,4.0
2010-07-15,12.42,1.3,4.0
2010-07-16,12.36,1.3,4.0
2010-07-19,12.4,1.3,4.0
2010-07-20,12.3,1.31,4.0
2010-07-21,12.29,1.3,4.0
2010-07-22,12.27,1.31,4.0
2010-07-23,12.07,1.33,4.0
2010-07-26,12.16,1.33,4.0
2010-07-27,12.27,1.33,4.0
2010-07-28,12.3,1.34,4.0
2010-07-29,12.34,1.34,4.0
2010-07-30,12.25,1.31,4.0
2010-08-02,12.25,1.32,4.0
2010-08-03,12.33,1.29,4.0
2010-08-04,12.16,1.3,4.0
2010-08-05,12.04,1.31,4.0
2010-08-06,11.88,1.31,4.0
2010-08-09,12.12,1.32,4.0
2010-08-10,12.09,1.31,4.0
2010-08-11,12.28,1.32,4.0
2010-08-12,12.27,1.33,4.0
2010-08-13,12.49,1.33,4.0
2010-08-16,12.64,1.33,4.0
2010-08-17,12.54,1.32,4.0
2010-08-18,12.55,1.33,4.0
2010-08-19,12.42,1.32,4.0
2010-08-20,12.49,1.31,4.0
2010-08-23,12.63,1.32,4.0
2010-08-24,12.85,1.33,4.0
2010-08-25,13.0,1.32,4.0
2010-08-26,13.02,1.32,4.0
2010-08-27,13.03,1.32,4.0
2010-08-30,12.99,1.31,4.0
2010-08-31,13.18,1.32,4.0
2010-09-01,13.04,1.32,4.0
2010-09-02,12.88,1.33,4.0
2010-09-03,12.72,1.33,4.0
2010-09-06,12.85,1.33,4.0
2010-09-07,12.95,1.32,4.0
2010-09-08,12.99,1.33,4.0
2010-09-09,13.0,1.31,4.0
2010-09-10,12.83,1.3,4.0
2010-09-13,12.86,1.3,4.0
2010-09-14,12.99,1.3,4.0
2010-09-15,12.84,1.31,4.0
2010-09-16,12.67,1.3,4.0
2010-09-17,12.7,1.3,4.0
2010-09-20,12.8,1.3,4.0
2010-09-21,12.89,1.3,4.0
2010-09-22,13.03,1.29,4.0
2010-09-23,13.02,1.29,4.0
2010-09-24,12.8,1.3,4.0
2010-09-27,12.86,1.3,4.0
2010-09-28,13.0,1.3,4.0
2010-09-29,12.9,1.29,4.0
2010-09-30,12.87,1.31,4.0
2010-10-01,12.59,1.32,4.0
2010-10-04,12.57,1.34,4.0
2010-10-05,12.77,1.34,4.0
2010-10-06,12.71,1.34,4.0
2010-10-07,12.58,1.35,4.0
2010-10-08,12.83,1.34,4.0
2010-10-11,12.91,1.35,4.0
2010-10-12,12.96,1.35,4.0
2010-10-13,12.97,1.35,4.0
2010-10-14,12.87,1.35,4.0
2010-10-15,12.83,1.36,4.0
2010-10-18,13.05,1.35,4.0
2010-10-19,12.95,1.37,4.0
2010-10-20,13.11,1.38,4.0
2010-10-21,13.14,1.38,4.0
2010-10-22,13.16,1.39,4.0
2010-10-25,12.95,1.4,4.0
2010-10-26,12.99,1.4,4.0
2010-10-27,12.97,1.4,4.0
2010-10-28,12.76,1.38,4.0
2010-10-29,12.77,1.37,4.0
2010-11-01,12.73,1.37,4.0
2010-11-02,12.77,1.38,4.0
2010-11-03,12.66,1.38,4.0
2010-11-04,12.54,1.38,4.0
2010-11-05,12.57,1.38,4.0
2010-11-08,12.55,1.39,4.0
2010-11-09,12.52,1.41,4.0
2010-11-10,12.38,1.41,4.0
2010-11-11,12.4,1.41,4.0
2010-11-12,12.51,1.41,4.0
2010-11-15,12.57,1.42,4.0
2010-11-16,12.54,1.42,4.0
2010-11-17,12.35,1.43,4.0
2010-11-18,12.27,1.44,4.0
2010-11-19,12.21,1.45,4.0
2010-11-22,12.37,1.46,4.0
2010-11-23,12.5,1.46,4.0
2010-11-24,12.56,1.46,4.0
2010-11-25,12.54,1.45,4.0
2010-11-26,12.73,1.45,4.0
2010-11-29,12.84,1.47,4.0
2010-11-30,12.58,1.46,4.0
2010-12-01,12.81,1.44,4.0
2010-12-02,12.8,1.44,4.0
2010-12-03,12.93,1.44,4.0
2010-12-06,13.01,1.46,4.0
2010-12-07,12.85,1.45,4.0
2010-12-08,12.8,1.44,4.0
2010-12-09,12.56,1.44,4.0
2010-12-10,12.49,1.43,4.0
2010-12-13,12.55,1.42,4.0
2010-12-14,12.58,1.41,4.0
2010-12-15,12.52,1.38,4.0
2010-12-16,12.52,1.39,4.0
2010-12-17,12.56,1.4,4.0
2010-12-20,12.66,1.42,4.0
2010-12-21,12.6,1.4,4.0
2010-12-22,12.6,1.42,4.0
2010-12-23,12.45,1.42,4.0
2010-12-24,12.32,1.4,4.0
2010-12-27,12.5,1.38,4.0
2010-12-28,12.72,1.37,4.0
2010-12-29,12.76,1.38,4.0
2010-12-30,12.72,1.39,4.0
2010-12-31,12.67,1.38,4.0
2011-01-03,12.85,1.4,4.0
2011-01-04,12.35,1.4,4.0
2011-01-05,12.67,1.38,4.0
2011-01-06,12.7,1.39,4.0
2011-01-07,12.38,1.38,4.0
2011-01-10,12.72,1.37,4.0
2011-01-11,12.42,1.37,4.0
2011-01-12,12.16,1.37,4.0
2011-01-13,12.08,1.37,4.0
2011-01-14,12.1,1.35,4.0
2011-01-17,12.3,1.34,4.0
2011-01-18,12.28,1.36,4.0
2011-01-19,12.21,1.36,4.0
2011-01-20,12.21,1.37,4.0
2011-01-21,12.2,1.38,4.0
2011-01-24,12.42,1.37,4.0
2011-01-25,12.58,1.36,4.0
2011-01-26,12.52,1.37,4.0
2011-01-27,12.5,1.37,4.0
2011-01-28,12.28,1.37,4.0
2011-01-31,12.39,1.37,4.0
2011-02-01,12.41,1.37,4.0
2011-02-02,12.48,1.37,4.0
2011-02-03,12.59,1.36,4.0
2011-02-04,12.8,1.35,4.0
2011-02-07,12.76,1.36,4.0
2011-02-08,12.77,1.35,4.0
2011-02-09,12.98,1.33,4.0
2011-02-10,12.95,1.33,4.0
2011-02-11,12.94,1.34,4.0
2011-02-14,13.28,1.34,4.0
2011-02-15,13.25,1.33,4.0
2011-02-16,13.46,1.34,4.0
2011-02-17,13.36,1.34,4.0
2011-02-18,13.27,1.36,4.0
2011-02-21,12.99,1.36,4.0
2011-02-22,13.07,1.37,4.0
2011-02-23,13.15,1.35,4.0
2011-02-24,13.15,1.32,4.0
2011-02-25,13.19,1.32,4.0
2011-02-28,13.29,1.31,4.0
2011-03-01,13.07,1.32,4.0
2011-03-02,13.07,1.34,4.0
2011-03-03,13.27,1.34,4.0
2011-03-04,13.22,1.33,4.0
2011-03-07,13.02,1.33,4.0
2011-03-08,13.15,1.34,4.0
2011-03-09,13.16,1.35,4.0
2011-03-10,13.14,1.34,4.0
2011-03-11,13.07,1.32,4.0
2011-03-14,13.18,1.33,4.0
2011-03-15,13.09,1.33,4.0
2011-03-16,13.26,1.34,4.0
2011-03-17,13.25,1.34,4.0
2011-03-18,13.36,1.34,4.0
2011-03-21,13.45,1.34,4.0
2011-03-22,13.27,1.34,4.0
2011-03-23,13.31,1.36,4.0
2011-03-24,13.25,1.36,4.0
2011-03-25,13.31,1.36,4.0
2011-03-28,13.28,1.37,4.0
2011-03-29,13.01,1.37,4.0
2011-03-30,13.11,1.37,4.0
2011-03-31,12.81,1.36,4.0
2011-04-01,12.83,1.35,4.0
2011-04-04,13.07,1.35,4.0
2011-04-05,13.23,1.35,4.0
2011-04-06,13.27,1.34,4.0
2011-04-07,13.18,1.35,4.0
2011-04-08,13.15,1.36,4.0
2011-04-11,13.27,1.37,4.0
2011-04-12,13.14,1.36,4.0
2011-04-13,13.18,1.37,4.0
2011-04-14,13.05,1.35,4.0
2011-04-15,13.0,1.35,4.0
2011-04-18,12.93,1.36,4.0
2011-04-19,12.98,1.35,4.0
2011-04-20,13.04,1.34,4.0
2011-04-21,13.3,1.34,4.0
2011-04-22,13.26,1.36,4.0
2011-04-25,13.27,1.37,4.0
2011-04-26,13.4,1.39,4.0
2011-04-27,13.37,1.37,4.0
2011-04-28,13.35,1.37,4.0
2011-04-29,13.4,1.4,4.0
2011-05-02,13.28,1.4,4.0
2011-05-03,13.28,1.38,4.0
2011-05-04,13.15,1.39,4.0
2011-05-05,13.09,1.38,4.0
2011-05-06,13.35,1.38,4.0
2011-05-09,13.3,1.38,4.0
2011-05-10,13.3,1.38,4.0
2011-05-11,12.94,1.37,4.0
2011-05-12,12.99,1.38,4.0
2011-05-13,13.23,1.39,4.0
2011-05-16,13.09,1.39,4.0
2011-05-17,13.22,1.41,4.0
2011-05-18,13.11,1.41,4.0
2011-05-19,12.88,1.41,4.0
2011-05-20,12.82,1.41,4.0
2011-05-23,12.73,1.39,4.0
2011-05-24,12.75,1.37,4.0
2011-05-25,12.71,1.38,4.0
2011-05-26,12.58,1.38,4.0
2011-05-27,12.66,1.4,4.0
2011-05-30,12.81,1.39,4.0
2011-05-31,12.89,1.38,4.0
2011-06-01,12.91,1.38,4.0
2011-06-02,12.89,1.37,4.0
2011-06-03,12.96,1.35,4.0
2011-06-06,12.87,1.36,4.0
2011-06-07,12.97,1.33,4.0
2011-06-08,12.8,1.34,4.0
2011-06-09,12.57,1.34,4.0
2011-06-10,12.66,1.35,4.0
2011-06-13,12.52,1.36,4.0
2011-06-14,12.44,1.38,4.0
2011-06-15,12.32,1.38,4.0
2011-06-16,12.41,1.36,4.0
2011-06-17,12.33,1.39,4.0
2011-06-20,12.52,1.39,4.0
2011-06-21,12.63,1.38,4.0
2011-06-22,12.67,1.36,4.0
2011-06-23,12.87,1.36,4.0
2011-06-24,12.75,1.35,4.0
2011-06-27,12.76,1.34,4.0
2011-06-28,12.46,1.32,4.0
2011-06-29,12.41,1.31,4.0
2011-06-30,12.26,1.32,4.0
2011-07-01,12.39,1.31,4.0
2011-07-04,12.57,1.31,4.0
2011-07-05,12.54,1.3,4.0
2011-07-06,12.84,1.3,4.0
2011-07-07,12.72,1.32,4.0
2011-07-08,12.57,1.33,4.0
2011-07-11,12.51,1.31,4.0
2011-07-12,12.56,1.31,4.0
2011-07-13,12.69,1.32,4.0
2011-07-14,12.79,1.31,4.0
2011-07-15,12.74,1.3,4.0
2011-07-18,12.88,1.29,4.0
2011-07-19,12.8,1.29,4.0
2011-07-20,13.17,1.29,4.0
2011-07-21,13.28,1.27,4.0
2011-07-22,12.99,1.27,4.0
2011-07-25,12.91,1.27,4.0
2011-07-26,12.8,1.29,4.0
2011-07-27,13.07,1.27,4.0
2011-07-28,12.93,1.27,4.0
2011-07-29,12.63,1.26,4.0
2011-08-01,12.76,1.24,4.0
2011-08-02,12.39,1.22,4.0
2011-08-03,12.36,1.23,4.0
2011-08-04,12.48,1.24,4.0
2011-08-05,12.44,1.25,4.0
2011-08-08,12.63,1.25,4.0
2011-08-09,12.68,1.25,4.0
2011-08-10,12.56,1.25,4.0
2011-08-11,12.6,1.26,4.0
2011-08-12,12.82,1.27,4.0
2011-08-15,12.84,1.28,4.0
2011-08-16,12.9,1.27,4.0
2011-08-17,12.95,1.27,4.0
2011-08-18,12.84,1.28,4.0
2011-08-19,12.63,1.27,4.0
2011-08-22,12.67,1.28,4.0
2011-08-23,12.86,1.29,4.0
2011-08-24,12.92,1.29,4.0
2011-08-25,12.74,1.3,4.0
2011-08-26,12.79,1.31,4.0
2011-08-29,12.9,1.33,4.0
2011-08-30,13.04,1.32,4.0
2011-08-31,13.1,1.33,4.0
2011-09-01,13.11,1.33,4.0
2011-09-02,13.01,1.34,4.0
2011-09-05,12.97,1.34,4.0
2011-09-06,13.08,1.35,4.0
2011-09-07,12.95,1.33,4.0
2011-09-08,12.82,1.34,4.0
2011-09-09,12.9,1.35,4.0
2011-09-12,12.94,1.37,4.0
2011-09-13,13.11,1.36,4.0
2011-09-14,13.2,1.38,4.0
2011-09-15,13.1,1.37,4.0
2011-09-16,13.27,1.38,4.0
2011-09-19,13.28,1.38,4.0
2011-09-20,13.34,1.39,4.0
2011-09-21,13.26,1.39,4.0
2011-09-22,13.29,1.38,4.0
2011-09-23,13.19,1.38,4.0
2011-09-26,12.9,1.37,4.0
2011-09-27,13.11,1.37,4.0
2011-09-28,12.98,1.35,4.0
2011-09-29,12.89,1.36,4.0
2011-09-30,12.8,1.34,4.0
2011-10-03,13.02,1.33,4.0
2011-10-04,13.06,1.32,4.0
2011-10-05,13.12,1.3,4.0
2011-10-06,13.22,1.3,4.0
2011-10-07,13.29,1.3,4.0
2011-10-10,13.28,1.31,4.0
2011-10-11,13.27,1.3,4.0
2011-10-12,13.43,1.31,4.0
2011-10-13,13.24,1.3,4.0
2011-10-14,13.1,1.31,4.0
2011-10-17,13.15,1.31,4.0
2011-10-18,13.17,1.31,4.0
2011-10-19,13.1,1.32,4.0
2011-10-20,13.38,1.33,4.0
2011-10-21,13.19,1.33,4.0
2011-10-24,13.16,1.33,4.0
2011-10-25,13.17,1.34,4.0
2011-10-26,13.09,1.34,4.0
2011-10-27,12.99,1.34,4.0
2011-10-28,12.93,1.35,4.0
2011-10-31,13.11,1.35,4.0
2011-11-01,13.04,1.35,4.0
2011-11-02,13.06,1.36,4.0
2011-11-03,12.96,1.36,4.0
2011-11-04,13.03,1.36,4.0
2011-11-07,13.14,1.34,4.0
2011-11-08,13.09,1.32,4.0
2011-11-09,13.15,1.32,4.0
2011-11-10,13.11,1.32,4.0
2011-11-11,13.08,1.31,4.0
2011-11-14,13.11,1.28,4.0
2011-11-15,13.12,1.28,4.0
2011-11-16,13.12,1.28,4.0
2011-11-17,12.9,1.29,4.0
2011-11-18,12.73,1.32,4.0
2011-11-21,12.5,1.3,4.0
2011-11-22,12.32,1.3,4.0
2011-11-23,12.39,1.33,4.0
2011-11-24,12.35,1.31,4.0
2011-11-25,12.28,1.3,4.0
2011-11-28,12.52,1.31,4.0
2011-11-29,12.67,1.31,4.0
2011-11-30,12.46,1.32,4.0
2011-12-01,12.35,1.32,4.0
2011-12-02,12.24,1.33,4.0
2011-12-05,12.26,1.33,4.0
2011-12-06,12.11,1.33,4.0
2011-12-07,12.04,1.32,4.0
2011-12-08,12.11,1.33,4.0
2011-12-09,12.12,1.34,4.0
2011-12-12,11.97,1.35,4.0
2011-12-13,12.01,1.35,4.0
2011-12-14,12.05,1.37,4.0
2011-12-15,12.09,1.37,4.0
2011-12-16,11.94,1.38,4.0
2011-12-19,12.08,1.39,4.0
2011-12-20,12.04,1.38,4.0
2011-12-21,11.92,1.39,4.0
2011-12-22,11.96,1.37,4.0
2011-12-23,12.06,1.36,4.0
2011-12-26,12.16,1.35,4.0
2011-12-27,12.33,1.32,4.0
2011-12-28,12.26,1.31,4.0
2011-12-29,12.07,1.31,4.0
2011-12-30,12.04,1.31,4.0
2012-01-02,11.71,1.29,4.0
2012-01-03,11.64,1.27,4.0
2012-01-04,11.64,1.26,4.0
2012-01-05,11.62,1.25,4.0
2012-01-06,11.73,1.27,4.0
2012-01-09,11.76,1.27,4.0
2012-01-10,11.85,1.29,4.0
2012-01-11,11.91,1.29,4.0
2012-01-12,11.75,1.3,4.0
2012-01-13,11.86,1.3,4.0
2012-01-16,11.82,1.29,4.0
2012-01-17,11.88,1.29,4.0
2012-01-18,11.96,1.29,4.0
2012-01-19,11.89,1.29,4.0
2012-01-20,11.83,1.27,4.0
2012-01-23,11.86,1.29,4.0
2012-01-24,11.83,1.29,4.0
2012-01-25,12.07,1.28,4.0
2012-01-26,12.09,1.29,4.0
2012-01-27,11.96,1.28,4.0
2012-01-30,12.24,1.3,4.0
2012-01-31,12.29,1.29,4.0
2012-02-01,12.3,1.29,4.0
2012-02-02,12.49,1.29,4.0
2012-02-03,12.52,1.29,4.0
2012-02-06,12.51,1.29,4.0
2012-02-07,12.3,1.3,4.0
2012-02-08,12.02,1.3,4.0
2012-02-09,12.19,1.33,4.0
2012-02-10,12.24,1.32,4.0
2012-02-13,12.22,1.31,4.0
2012-02-14,12.21,1.3,4.0
2012-02-15,12.26,1.3,4.0
2012-02-16,12.34,1.29,4.0
2012-02-17,12.25,1.3,4.0
2012-02-20,12.28,1.3,4.0
2012-02-21,12.35,1.3,4.0
2012-02-22,12.29,1.28,4.0
2012-02-23,12.02,1.28,4.0
2012-02-24,11.94,1.26,4.0
2012-02-27,11.8,1.26,4.0
2012-02-28,11.97,1.26,4.0
2012-02-29,11.87,1.28,4.0
2012-03-01,11.77,1.28,4.0
2012-03-02,11.72,1.29,4.0
2012-03-05,11.86,1.28,4.0
2012-03-06,11.99,1.29,4.0
2012-03-07,11.91,1.3,4.0
2012-03-08,11.88,1.3,4.0
2012-03-09,11.88,1.29,4.0
2012-03-12,12.07,1.28,4.0
2012-03-13,11.83,1.29,4.0
2012-03-14,11.68,1.29,4.0
2012-03-15,12.02,1.3,4.0
2012-03-16,12.18,1.3,4.0
2012-03-19,12.0,1.29,4.0
2012-03-20,12.41,1.31,4.0
2012-03-21,12.48,1.32,4.0
2012-03-22,12.49,1.32,4.0
2012-03-23,12.66,1.33,4.0
2012-03-26,12.54,1.33,4.0
2012-03-27,12.47,1.32,4.0
2012-03-28,12.47,1.32,4.0
2012-03-29,12.52,1.31,4.0
2012-03-30,12.56,1.33,4.0
2012-04-02,12.57,1.31,4.0
2012-04-03,12.51,1.32,4.0
2012-04-04,12.54,1.34,4.0
2012-04-05,12.56,1.32,4.0
2012-04-06,12.55,1.31,4.0
2012-04-09,12.5,1.31,4.0
2012-04-10,12.43,1.32,4.0
2012-04-11,12.24,1.33,4.0
2012-04-12,12.42,1.32,4.0
2012-04-13,12.51,1.33,4.0
2012-04-16,12.62,1.35,4.0
2012-04-17,12.46,1.34,4.0
2012-04-18,12.39,1.34,4.0
2012-04-19,12.38,1.34,4.0
2012-04-20,12.42,1.34,4.0
2012-04-23,12.32,1.32,4.0
2012-04-24,12.53,1.31,4.0
2012-04-25,12.63,1.29,4.0
2012-04-26,12.63,1.3,4.0
2012-04-27,12.65,1.29,4.0
2012-04-30,12.6,1.31,4.0
2012-05-01,12.5,1.31,4.0
2012-05-02,12.2,1.31,4.0
2012-05-03,12.31,1.32,4.0
2012-05-04,12.31,1.32,4.0
2012-05-07,12.46,1.31,4.0
2012-05-08,12.52,1.31,4.0
2012-05-09,12.5,1.31,4.0
2012-05-10,12.5,1.31,4.0
2012-05-11,12.4,1.31,4.0
2012-05-14,12.24,1.31,4.0
2012-05-15,12.12,1.31,4.0
2012-05-16,12.01,1.31,4.0
2012-05-17,12.0,1.31,4.0
2012-05-18,12.11,1.3,4.0
2012-05-21,12.2,1.29,4.0
2012-05-22,12.02,1.28,4.0
2012-05-23,12.13,1.27,4.0
2012-05-24,12.16,1.28,4.0
2012-05-25,12.25,1.29,4.0
2012-05-28,12.31,1.29,4.0
2012-05-29,12.1,1.3,4.0
2012-05-30,12.13,1.29,4.0
2012-05-31,12.32,1.29,4.0
2012-06-01,12.17,1.29,4.0
2012-06-04,12.06,1.29,4.0
2012-06-05,11.82,1.28,4.0
2012-06-06,11.79,1.29,4.0
2012-06-07,11.63,1.29,4.0
2012-06-08,11.55,1.29,4.0
2012-06-11,11.62,1.28,4.0
2012-06-12,11.75,1.26,4.0
2012-06-13,11.53,1.26,4.0
2012-06-14,11.51,1.26,4.0
2012-06-15,11.52,1.25,4.0
2012-06-18,11.54,1.23,4.0
2012-06-19,11.67,1.23,4.0
2012-06-20,11.79,1.22,4.0
2012-06-21,11.92,1.25,4.0
2012-06-22,11.97,1.26,4.0
2012-06-25,11.95,1.25,4.0
2012-06-26,11.9,1.26,4.0
2012-06-27,11.99,1.26,4.0
2012-06-28,11.9,1.26,4.0
2012-06-29,11.81,1.28,4.0
2012-07-02,11.89,1.25,4.0
2012-07-03,11.99,1.24,4.0
2012-07-04,12.0,1.25,4.0
2012-07-05,12.09,1.24,4.0
2012-07-06,12.06,1.23,4.0
2012-07-09,12.05,1.24,4.0
2012-07-10,12.1,1.23,4.0
2012-07-11,12.01,1.23,4.0
2012-07-12,12.11,1.23,4.0
2012-07-13,12.08,1.24,4.0
2012-07-16,12.06,1.23,4.0
2012-07-17,12.08,1.24,4.0
2012-07-18,12.19,1.25,4.0
2012-07-19,11.92,1.24,4.0
2012-07-20,11.77,1.23,4.0
2012-07-23,11.92,1.23,4.0
2012-07-24,11.99,1.22,4.0
2012-07-25,11.94,1.21,4.0
2012-07-26,11.96,1.2,4.0
2012-07-27,12.05,1.2,4.0
2012-07-30,12.24,1.2,4.0
2012-07-31,12.18,1.19,4.0
2012-08-01,12.34,1.2,4.0
2012-08-02,12.4,1.2,4.0
2012-08-03,12.28,1.22,4.0
2012-08-06,12.2,1.23,4.0
2012-08-07,12.34,1.23,4.0
2012-08-08,12.5,1.22,4.0
2012-08-09,12.48,1.21,4.0
2012-08-10,12.6,1.22,4.0
2012-08-13,12.62,1.22,4.0
2012-08-14,12.58,1.23,4.0
2012-08-15,12.59,1.23,4.0
2012-08-16,12.39,1.23,4.0
2012-08-17,12.35,1.23,4.0
2012-08-20,12.27,1.23,4.0
2012-08-21,12.39,1.22,4.0
2012-08-22,12.4,1.22,4.0
2012-08-23,12.36,1.21,4.0
2012-08-24,12.48,1.23,4.0
2012-08-27,12.28,1.21,4.0
2012-08-28,12.16,1.22,4.0
2012-08-29,12.31,1.22,4.0
2012-08-30,12.38,1.19,4.0
2012-08-31,12.17,1.17,4.0
2012-09-03,12.19,1.17,4.0
2012-09-04,12.04,1.17,4.0
2012-09-05,11.99,1.18,4.0
2012-09-06,12.05,1.18,4.0
2012-09-07,12.05,1.18,4.0
2012-09-10,12.04,1.19,4.0
2012-09-11,11.94,1.19,4.0
2012-09-12,12.09,1.2,4.0
2012-09-13,12.15,1.21,4.0
2012-09-14,12.05,1.21,4.0
2012-09-17,12.07,1.22,4.0
2012-09-18,12.03,1.22,4.0
2012-09-19,11.97,1.21,4.0
2012-09-20,11.99,1.21,4.0
2012-09-21,12.2,1.21,4.0
2012-09-24,12.09,1.22,4.0
2012-09-25,12.15,1.23,4.0
2012-09-26,12.25,1.24,4.0
2012-09-27,12.31,1.23,4.0
2012-09-28,12.4,1.24,4.0
2012-10-01,12.38,1.24,4.0
2012-10-02,12.42,1.23,4.0
2012-10-03,12.42,1.21,4.0
2012-10-04,12.25,1.22,4.0
2012-10-05,12.11,1.21,4.0
2012-10-08,12.23,1.2,4.0
2012-10-09,12.17,1.19,4.0
2012-10-10,12.13,1.2,4.0
2012-10-11,12.22,1.2,4.0
2012-10-12,12.19,1.21,4.0
2012-10-15,12.27,1.21,4.0
2012-10-16,12.25,1.21,4.0
2012-10-17,12.11,1.21,4.0
2012-10-18,12.23,1.19,4.0
2012-10-19,12.12,1.2,4.0
2012-10-22,12.27,1.2,4.0
2012-10-23,12.33,1.19,4.0
2012-10-24,12.25,1.2,4.0
2012-10-25,12.31,1.21,4.0
2012-10-26,12.24,1.2,4.0
2012-10-29,12.14,1.21,4.0
2012-10-30,12.16,1.21,4.0
2012-10-31,12.25,1.21,4.0
2012-11-01,12.27,1.21,4.0
2012-11-02,12.17,1.21,4.0
2012-11-05,12.0,1.21,4.0
2012-11-06,11.98,1.22,4.0
2012-11-07,11.85,1.22,4.0
2012-11-08,11.85,1.22,4.0
2012-11-09,11.85,1.21,4.0
2012-11-12,11.94,1.21,4.0
2012-11-13,12.02,1.21,4.0
2012-11-14,12.14,1.19,4.0
2012-11-15,12.13,1.2,4.0
2012-11-16,12.08,1.2,4.0
2012-11-19,12.13,1.2,4.0
2012-11-20,12.17,1.21,4.0
2012-11-21,12.21,1.21,4.0
2012-11-22,12.43,1.21,4.0
2012-11-23,12.49,1.21,4.0
2012-11-26,12.6,1.21,4.0
2012-11-27,12.44,1.21,4.0
2012-11-28,12.3,1.21,4.0
2012-11-29,12.19,1.23,4.0
2012-11-30,12.19,1.22,4.0
2012-12-03,12.16,1.23,4.0
2012-12-04,12.18,1.23,4.0
2012-12-05,12.37,1.23,4.0
2012-12-06,12.34,1.23,4.0
2012-12-07,12.38,1.22,4.0
2012-12-10,12.37,1.21,4.0
2012-12-11,12.48,1.2,4.0
2012-12-12,12.53,1.22,4.0
2012-12-13,12.49,1.21,4.0
2012-12-14,12.58,1.22,4.0
2012-12-17,12.62,1.21,4.0
2012-12-18,12.69,1.21,4.0
2012-12-19,12.66,1.21,4.0
2012-12-20,12.71,1.21,4.0
2012-12-21,12.64,1.2,4.0
2012-12-24,12.49,1.2,4.0
2012-12-25,12.4,1.2,4.0
2012-12-26,12.46,1.19,4.0
2012-12-27,12.49,1.21,4.0
2012-12-28,12.39,1.19,4.0
2012-12-31,12.53,1.17,4.0
2013-01-01,12.38,1.18,4.0
2013-01-02,12.38,1.19,4.0
2013-01-03,12.31,1.2,4.0
2013-01-04,12.31,1.2,4.0
2013-01-07,12.14,1.2,4.0
2013-01-08,11.93,1.2,4.0
2013-01-09,11.86,1.22,4.0
2013-01-10,11.94,1.2,4.0
2013-01-11,11.97,1.2,4.0
2013-01-14,11.8,1.21,4.0
2013-01-15,11.92,1.2,4.0
2013-01-16,11.95,1.21,4.0
2013-01-17,12.04,1.2,4.0
2013-01-18,11.99,1.21,4.0
2013-01-21,11.77,1.19,4.0
2013-01-22,11.96,1.19,4.0
2013-01-23,11.94,1.19,4.0
2013-01-24,12.05,1.19,4.0
2013-01-25,12.0,1.2,4.0
2013-01-28,12.01,1.2,4.0
2013-01-29,11.81,1.2,4.0
2013-01-30,11.71,1.21,4.0
2013-01-31,11.9,1.2,4.0
2013-02-01,12.01,1.19,4.0
2013-02-04,12.14,1.2,4.0
2013-02-05,12.19,1.21,4.0
2013-02-06,12.2,1.22,4.0
2013-02-07,12.3,1.21,4.0
2013-02-08,12.39,1.22,4.0
2013-02-11,12.4,1.2,4.0
2013-02-12,12.38,1.18,4.0
2013-02-13,12.47,1.21,4.0
2013-02-14,12.32,1.19,4.0
2013-02-15,12.26,1.19,4.0
2013-02-18,12.08,1.19,4.0
2013-02-19,11.95,1.19,4.0
2013-02-20,11.98,1.19,4.0
2013-02-21,12.06,1.19,4.0
2013-02-22,12.27,1.19,4.0
2013-02-25,12.24,1.19,4.0
2013-02-26,12.17,1.2,4.0
2013-02-27,12.15,1.21,4.0
2013-02-28,12.16,1.19,4.0
2013-03-01,12.36,1.19,4.0
2013-03-04,12.33,1.19,4.0
2013-03-05,12.18,1.18,4.0
2013-03-06,12.21,1.2,4.0
2013-03-07,12.2,1.18,4.0
2013-03-08,12.18,1.18,4.0
2013-03-11,12.13,1.19,4.0
2013-03-12,12.36,1.19,4.0
2013-03-13,12.28,1.17,4.0
2013-03-14,12.07,1.19,4.0
2013-03-15,11.99,1.17,4.0
2013-03-18,11.92,1.16,4.0
2013-03-19,11.77,1.17,4.0
2013-03-20,11.75,1.16,4.0
2013-03-21,11.95,1.16,4.0
2013-03-22,11.79,1.15,4.0
2013-03-25,11.62,1.15,4.0
2013-03-26,11.72,1.16,4.0
2013-03-27,11.71,1.15,4.0
2013-03-28,11.67,1.15,4.0
2013-03-29,11.8,1.14,4.0
2013-04-01,11.74,1.16,4.0
2013-04-02,11.56,1.15,4.0
2013-04-03,11.66,1.15,4.0
2013-04-04,11.66,1.16,4.0
2013-04-05,11.66,1.16,4.0
2013-04-08,11.43,1.15,4.0
2013-04-09,11.33,1.14,4.0
2013-04-10,11.33,1.16,4.0
2013-04-11,11.23,1.15,4.0
2013-04-12,11.38,1.15,4.0
2013-04-15,11.39,1.14,4.0
2013-04-16,11.38,1.16,4.0
2013-04-17,11.52,1.18,4.0
2013-04-18,11.46,1.17,4.0
2013-04-19,11.52,1.17,4.0
2013-04-22,11.54,1.18,4.0
2013-04-23,11.65,1.19,4.0
2013-04-24,11.71,1.19,4.0
2013-04-25,11.79,1.19,4.0
2013-04-26,11.73,1.2,4.0
2013-04-29,11.66,1.18,4.0
2013-04-30,11.66,1.18,4.0
2013-05-01,11.74,1.17,4.0
2013-05-02,11.78,1.18,4.0
2013-05-03,11.88,1.17,4.0
2013-05-06,11.77,1.17,4.0
2013-05-07,11.61,1.17,4.0
2013-05-08,11.56,1.17,4.0
2013-05-09,11.5,1.17,4.0
2013-05-10,11.4,1.17,4.0
2013-05-13,11.39,1.16,4.0
2013-05-14,11.26,1.16,4.0
2013-05-15,11.22,1.16,4.0
2013-05-16,11.13,1.17,4.0
2013-05-17,11.03,1.17,4.0
2013-05-20,10.92,1.17,4.0
2013-05-21,10.84,1.16,4.0
2013-05-22,10.95,1.16,4.0
2013-05-23,10.96,1.15,4.0
2013-05-24,11.01,1.14,4.0
2013-05-27,11.02,1.14,4.0
2013-05-28,11.13,1.14,4.0
2013-05-29,11.22,1.14,4.0
2013-05-30,11.31,1.15,4.0
2013-05-31,11.31,1.14,4.0
2013-06-03,11.33,1.14,4.0
2013-06-04,11.21,1.14,4.0
2013-06-05,11.15,1.14,4.0
2013-06-06,11.27,1.15,4.0
2013-06-07,11.23,1.15,4.0
2013-06-10,11.22,1.14,4.0
2013-06-11,11.32,1.15,4.0
2013-06-12,11.36,1.16,4.0
2013-06-13,11.38,1.15,4.0
2013-06-14,11.37,1.15,4.0
2013-06-17,11.48,1.15,4.0
2013-06-18,11.41,1.16,4.0
2013-06-19,11.47,1.17,4.0
2013-06-20,11.45,1.17,4.0
2013-06-21,11.52,1.16,4.0
2013-06-24,11.6,1.16,4.0
2013-06-25,11.62,1.16,4.0
2013-06-26,11.75,1.15,4.0
2013-06-27,11.82,1.14,4.0
2013-06-28,11.78,1.14,4.0
2013-07-01,11.8,1.13,4.0
2013-07-02,11.83,1.13,4.0
2013-07-03,11.93,1.13,4.0
2013-07-04,11.75,1.14,4.0
2013-07-05,11.87,1.13,4.0
2013-07-08,11.68,1.12,4.0
2013-07-09,11.73,1.12,4.0
2013-07-10,11.78,1.11,4.0
2013-07-11,11.75,1.1,4.0
2013-07-12,11.81,1.09,4.0
2013-07-15,11.66,1.1,4.0
2013-07-16,11.57,1.1,4.0
2013-07-17,11.45,1.1,4.0
2013-07-18,11.39,1.09,4.0
2013-07-19,11.52,1.08,4.0
2013-07-22,11.67,1.09,4.0
2013-07-23,11.66,1.09,4.0
2013-07-24,11.68,1.09,4.0
2013-07-25,11.9,1.08,4.0
2013-07-26,11.84,1.09,4.0
2013-07-29,11.75,1.1,4.0
2013-07-30,11.85,1.09,4.0
2013-07-31,11.78,1.1,4.0
2013-08-01,11.66,1.09,4.0
2013-08-02,11.77,1.09,4.0
2013-08-05,11.92,1.06,4.0
2013-08-06,11.84,1.07,4.0
2013-08-07,11.83,1.07,4.0
2013-08-08,11.93,1.07,4.0
2013-08-09,11.82,1.08,4.0
2013-08-12,11.92,1.08,4.0
2013-08-13,12.08,1.08,4.0
2013-08-14,11.91,1.07,4.0
2013-08-15,11.74,1.07,4.0
2013-08-16,11.55,1.07,4.0
2013-08-19,11.49,1.08,4.0
2013-08-20,11.35,1.08,4.0
2013-08-21,11.49,1.09,4.0
2013-08-22,11.38,1.09,4.0
2013-08-23,11.35,1.1,4.0
2013-08-26,11.4,1.1,4.0
2013-08-27,11.32,1.1,4.0
2013-08-28,11.33,1.11,4.0
2013-08-29,11.42,1.12,4.0
2013-08-30,11.79,1.14,4.0
2013-09-02,11.83,1.13,4.0
2013-09-03,11.63,1.14,4.0
2013-09-04,11.71,1.14,4.0
2013-09-05,11.74,1.14,4.0
2013-09-06,11.79,1.14,4.0
2013-09-09,11.77,1.14,4.0
2013-09-10,11.87,1.13,4.0
2013-09-11,11.82,1.13,4.0
2013-09-12,11.85,1.13,4.0
2013-09-13,11.86,1.12,4.0
2013-09-16,11.86,1.11,4.0
2013-09-17,11.8,1.11,4.0
2013-09-18,11.92,1.1,4.0
2013-09-19,12.07,1.09,4.0
2013-09-20,12.27,1.11,4.0
2013-09-23,12.25,1.11,4.0
2013-09-24,12.24,1.11,4.0
2013-09-25,12.24,1.1,4.0
2013-09-26,12.12,1.11,4.0
2013-09-27,12.19,1.11,4.0
2013-09-30,12.13,1.11,4.0
2013-10-01,12.17,1.11,4.0
2013-10-02,12.01,1.11,4.0
2013-10-03,12.05,1.11,4.0
2013-10-04,12.18,1.11,4.0
2013-10-07,12.07,1.11,4.0
2013-10-08,11.99,1.1,4.0
2013-10-09,11.92,1.1,4.0
2013-10-10,11.85,1.08,4.0
2013-10-11,12.0,1.08,4.0
2013-10-14,11.99,1.07,4.0
2013-10-15,11.86,1.06,4.0
2013-10-16,11.75,1.06,4.0
2013-10-17,11.51,1.07,4.0
2013-10-18,11.43,1.06,4.0
2013-10-21,11.29,1.08,4.0
2013-10-22,11.17,1.09,4.0
2013-10-23,11.15,1.09,4.0
2013-10-24,11.04,1.08,4.0
2013-10-25,11.06,1.09,4.0
2013-10-28,11.12,1.09,4.0
2013-10-29,11.18,1.09,4.0
2013-10-30,11.23,1.09,4.0
2013-10-31,10.96,1.1,4.0
2013-11-01,10.93,1.11,4.0
2013-11-04,11.11,1.11,4.0
2013-11-05,11.37,1.11,4.0
2013-11-06,11.48,1.09,4.0
2013-11-07,11.48,1.1,4.0
2013-11-08,11.39,1.1,4.0
2013-11-11,11.54,1.1,4.0
2013-11-12,11.52,1.1,4.0
2013-11-13,11.49,1.09,4.0
2013-11-14,11.63,1.09,4.0
2013-11-15,11.26,1.09,4.0
2013-11-18,11.27,1.08,4.0
2013-11-19,11.11,1.09,4.0
2013-11-20,11.19,1.08,4.0
2013-11-21,11.39,1.08,4.0
2013-11-22,11.46,1.07,4.0
2013-11-25,11.68,1.09,4.0
2013-11-26,11.7,1.09,4.0
2013-11-27,11.86,1.08,4.0
2013-11-28,11.65,1.09,4.0
2013-11-29,11.67,1.09,4.0
2013-12-02,11.51,1.09,4.0
2013-12-03,11.55,1.08,4.0
2013-12-04,11.51,1.08,4.0
2013-12-05,11.49,1.09,4.0
2013-12-06,11.46,1.08,4.0
2013-12-09,11.58,1.07,4.0
2013-12-10,11.6,1.06,4.0
2013-12-11,11.61,1.06,4.0
2013-12-12,11.61,1.05,4.0
2013-12-13,11.69,1.07,4.0
2013-12-16,11.65,1.06,4.0
2013-12-17,11.51,1.05,4.0
2013-12-18,11.62,1.08,4.0
2013-12-19,11.56,1.09,4.0
2013-12-20,11.59,1.07,4.0
2013-12-23,11.67,1.07,4.0
2013-12-24,11.53,1.07,4.0
2013-12-25,11.44,1.07,4.0
2013-12-26,11.27,1.07,4.0
2013-12-27,11.24,1.06,4.0
2013-12-30,11.37,1.05,4.0
2013-12-31,11.37,1.06,4.0
2014-01-01,11.54,1.07,4.0
2014-01-02,11.57,1.08,4.0
2014-01-03,11.5,1.08,4.0
2014-01-06,11.42,1.1,4.0
2014-01-07,11.6,1.09,4.0
2014-01-08,11.68,1.1,4.0
2014-01-09,11.65,1.12,4.0
2014-01-10,11.66,1.11,4.0
2014-01-13,11.59,1.09,4.0
2014-01-14,11.29,1.09,4.0
2014-01-15,11.31,1.09,4.0
2014-01-16,11.17,1.09,4.0
2014-01-17,11.15,1.1,4.0
2014-01-20,11.01,1.09,4.0
2014-01-21,11.01,1.09,4.0
2014-01-22,10.92,1.08,4.0
2014-01-23,10.95,1.09,4.0
2014-01-24,11.06,1.1,4.0
2014-01-27,11.11,1.09,4.0
2014-01-28,10.95,1.09,4.0
2014-01-29,10.79,1.09,4.0
2014-01-30,10.67,1.08,4.0
2014-01-31,10.83,1.09,4.0
2014-02-03,11.1,1.09,4.0
2014-02-04,11.04,1.11,4.0
2014-02-05,10.94,1.11,4.0
2014-02-06,11.12,1.12,4.0
2014-02-07,11.09,1.12,4.0
2014-02-10,11.09,1.12,4.0
2014-02-11,11.13,1.11,4.0
2014-02-12,11.06,1.1,4.0
2014-02-13,10.99,1.11,4.0
2014-02-14,11.0,1.1,4.0
2014-02-17,10.97,1.11,4.0
2014-02-18,10.79,1.13,4.0
2014-02-19,10.72,1.12,4.0
2014-02-20,10.74,1.11,4.0
2014-02-21,10.7,1.11,4.0
2014-02-24,10.79,1.09,4.0
2014-02-25,10.73,1.09,4.0
2014-02-26,10.97,1.1,4.0
2014-02-27,11.0,1.09,4.0
2014-02-28,11.03,1.09,4.0
2014-03-03,10.98,1.09,4.0
2014-03-04,10.97,1.09,4.0
2014-03-05,10.77,1.09,4.0
2014-03-06,10.8,1.09,4.0
2014-03-07,11.05,1.08,4.0
2014-03-10,11.17,1.08,4.0
2014-03-11,10.99,1.08,4.0
2014-03-12,11.04,1.08,4.0
2014-03-13,11.11,1.07,4.0
2014-03-14,11.29,1.08,4.0
2014-03-17,11.21,1.07,4.0
2014-03-18,11.47,1.06,4.0
2014-03-19,11.48,1.06,4.0
2014-03-20,11.38,1.06,4.0
2014-03-21,11.19,1.06,4.0
2014-03-24,11.18,1.04,4.0
2014-03-25,11.21,1.04,4.0
2014-03-26,11.09,1.04,4.0
2014-03-27,11.17,1.05,4.0
2014-03-28,11.24,1.06,4.0
2014-03-31,11.24,1.06,4.0
2014-04-01,11.15,1.07,4.0
2014-04-02,11.16,1.07,4.0
2014-04-03,11.38,1.07,4.0
2014-04-04,11.27,1.07,4.0
2014-04-07,11.07,1.07,4.0
2014-04-08,11.04,1.07,4.0
2014-04-09,10.96,1.06,4.0
2014-04-10,10.77,1.06,4.0
2014-04-11,10.84,1.07,4.0
2014-04-14,10.72,1.07,4.0
2014-04-15,10.58,1.06,4.0
2014-04-16,10.71,1.07,4.0
2014-04-17,10.9,1.06,4.0
2014-04-18,11.22,1.06,4.0
2014-04-21,11.04,1.05,4.0
2014-04-22,11.1,1.05,4.0
2014-04-23,10.95,1.05,4.0
2014-04-24,10.98,1.05,4.0
2014-04-25,10.97,1.05,4.0
2014-04-28,10.74,1.04,4.0
2014-04-29,10.83,1.04,4.0
2014-04-30,10.85,1.03,4.0
2014-05-01,10.94,1.02,4.0
2014-05-02,10.82,1.04,4.0
2014-05-05,11.08,1.04,4.0
2014-05-06,11.12,1.07,4.0
2014-05-07,11.16,1.07,4.0
2014-05-08,11.33,1.07,4.0
2014-05-09,11.32,1.06,4.0
2014-05-12,11.22,1.07,4.0
2014-05-13,11.34,1.07,4.0
2014-05-14,11.32,1.05,4.0
2014-05-15,11.43,1.05,4.0
2014-05-16,11.41,1.04,4.0
2014-05-19,11.64,1.04,4.0
2014-05-20,11.62,1.04,4.0
2014-05-21,11.53,1.04,4.0
2014-05-22,11.55,1.03,4.0
2014-05-23,11.48,1.03,4.0
2014-05-26,11.37,1.04,4.0
2014-05-27,11.51,1.04,4.0
2014-05-28,11.35,1.04,4.0
2014-05-29,11.46,1.05,4.0
2014-05-30,11.63,1.03,4.0
2014-06-02,11.57,1.03,4.0
2014-06-03,11.58,1.04,4.0
2014-06-04,11.47,1.03,4.0
2014-06-05,11.58,1.03,4.0
2014-06-06,11.42,1.02,4.0
2014-06-09,11.52,1.0,4.0
2014-06-10,11.5,1.01,4.0
2014-06-11,11.39,1.01,4.0
2014-06-12,11.3,1.01,4.0
2014-06-13,11.35,0.99,4.0
2014-06-16,11.2,0.99,4.0
2014-06-17,11.26,1.0,4.0
2014-06-18,11.28,0.99,4.0
2014-06-19,11.23,0.98,4.0
2014-06-20,11.28,0.98,4.0
2014-06-23,11.18,0.97,4.0
2014-06-24,11.15,0.99,4.0
2014-06-25,11.11,0.99,4.0
2014-06-26,10.96,0.99,4.0
2014-06-27,10.94,0.99,4.0
2014-06-30,10.77,0.99,4.0
2014-07-01,10.72,0.98,4.0
2014-07-02,10.55,1.01,4.0
2014-07-03,10.47,1.01,4.0
2014-07-04,10.4,1.01,4.0
2014-07-07,10.48,1.01,4.0
2014-07-08,10.4,1.01,4.0
2014-07-09,10.3,1.02,4.0
2014-07-10,10.3,0.99,4.0
2014-07-11,10.55,0.99,4.0
2014-07-14,10.39,0.98,4.0
2014-07-15,10.51,0.99,4.0
2014-07-16,10.58,0.99,4.0
2014-07-17,10.84,0.97,4.0
2014-07-18,10.89,0.97,4.0
2014-07-21,10.9,0.98,4.0
2014-07-22,10.92,0.99,4.0
2014-07-23,10.92,0.99,4.0
2014-07-24,11.01,0.99,4.0
2014-07-25,10.96,0.99,4.0
2014-07-28,11.3,0.97,4.0
2014-07-29,11.39,0.97,4.0
2014-07-30,11.36,0.95,4.0
2014-07-31,11.32,0.97,4.0
2014-08-01,11.3,0.97,4.0
2014-08-04,11.29,0.97,4.0
2014-08-05,11.35,0.97,4.0
2014-08-06,11.37,0.96,4.0
2014-08-07,11.52,0.96,4.0
2014-08-08,11.4,0.97,4.0
2014-08-11,11.38,0.97,4.0
2014-08-12,11.25,0.96,4.0
2014-08-13,11.19,0.95,4.0
2014-08-14,11.13,0.97,4.0
2014-08-15,11.22,0.97,4.0
2014-08-18,11.14,0.96,4.0
2014-08-19,11.3,0.96,4.0
2014-08-20,11.45,0.97,4.0
2014-08-21,11.51,0.97,4.0
2014-08-22,11.37,0.96,4.0
2014-08-25,11.51,0.97,4.0
2014-08-26,11.44,0.98,4.0
2014-08-27,11.39,0.98,4.0
2014-08-28,11.43,0.98,4.0
2014-08-29,11.32,0.98,4.0
2014-09-01,11.45,0.97,4.0
2014-09-02,11.52,0.99,4.0
2014-09-03,11.83,0.98,4.0
2014-09-04,11.83,0.99,4.0
2014-09-05,11.78,0.98,4.0
2014-09-08,11.97,0.98,4.0
2014-09-09,11.72,0.98,4.0
2014-09-10,11.71,0.99,4.0
2014-09-11,11.66,0.99,4.0
2014-09-12,11.77,0.98,4.0
2014-09-15,12.08,0.98,4.0
2014-09-16,11.96,0.96,4.0
2014-09-17,12.04,0.96,4.0
2014-09-18,12.15,0.96,4.0
2014-09-19,12.24,0.96,4.0
2014-09-22,12.21,0.96,4.0
2014-09-23,12.23,0.96,4.0
2014-09-24,12.07,0.94,4.0
2014-09-25,12.22,0.94,4.0
2014-09-26,12.04,0.95,4.0
2014-09-29,11.88,0.96,4.0
2014-09-30,11.81,0.98,4.0
2014-10-01,11.71,1.0,4.0
2014-10-02,11.73,0.99,4.0
2014-10-03,11.66,0.99,4.0
2014-10-06,11.53,1.0,4.0
2014-10-07,11.38,1.01,4.0
2014-10-08,11.5,1.0,4.0
2014-10-09,11.54,1.01,4.0
2014-10-10,11.37,1.01,4.0
2014-10-13,11.42,1.0,4.0
2014-10-14,11.37,1.0,4.0
2014-10-15,11.18,0.99,4.0
2014-10-16,11.03,1.01,4.0
2014-10-17,11.15,1.01,4.0
2014-10-20,11.29,1.01,4.0
2014-10-21,11.36,1.01,4.0
2014-10-22,11.26,1.01,4.0
2014-10-23,11.31,1.01,4.0
2014-10-24,11.35,1.02,4.0
2014-10-27,11.05,1.02,4.0
2014-10-28,11.12,1.03,4.0
2014-10-29,11.13,1.03,4.0
2014-10-30,11.39,1.02,4.0
2014-10-31,11.59,1.02,4.0
2014-11-03,11.55,1.01,4.0
2014-11-04,11.58,1.02,4.0
2014-11-05,11.56,1.02,4.0
2014-11-06,11.48,1.02,4.0
2014-11-07,11.31,1.02,4.0
2014-11-10,11.22,1.02,4.0
2014-11-11,11.16,1.02,4.0
2014-11-12,11.28,1.02,4.0
2014-11-13,11.29,1.03,4.0
2014-11-14,11.22,1.04,4.0
2014-11-17,11.12,1.04,4.0
2014-11-18,11.17,1.03,4.0
2014-11-19,11.13,1.01,4.0
2014-11-20,11.0,1.03,4.0
2014-11-21,10.9,1.03,4.0
2014-11-24,11.1,1.04,4.0
2014-11-25,11.08,1.05,4.0
2014-11-26,11.2,1.05,4.0
2014-11-27,10.99,1.04,4.0
2014-11-28,11.12,1.04,4.0
2014-12-01,11.2,1.04,4.0
2014-12-02,11.29,1.02,4.0
2014-12-03,11.1,1.03,4.0
2014-12-04,11.09,1.02,4.0
2014-12-05,11.0,1.01,4.0
2014-12-08,10.87,1.02,4.0
2014-12-09,10.67,1.0,4.0
2014-12-10,10.56,1.0,4.0
2014-12-11,10.46,1.0,4.0
2014-12-12,10.57,1.01,4.0
2014-12-15,10.52,1.02,4.0
2014-12-16,10.53,1.02,4.0
2014-12-17,10.68,1.03,4.0
2014-12-18,10.7,1.04,4.0
2014-12-19,10.64,1.03,4.0
2014-12-22,10.68,1.02,4.0
2014-12-23,10.61,1.01,4.0
2014-12-24,10.43,1.02,4.0
2014-12-25,10.5,1.01,4.0
2014-12-26,10.59,1.01,4.0
2014-12-29,10.59,1.02,4.0
2014-12-30,10.6,1.02,4.0
2014-12-31,10.57,1.03,4.0
2015-01-01,10.76,1.03,4.0
2015-01-02,10.8,1.03,4.0
2015-01-05,10.79,1.03,4.0
2015-01-06,10.91,1.01,4.0
2015-01-07,11.03,1.01,4.0
2015-01-08,11.07,1.0,4.0
2015-01-09,11.17,0.99,4.0
2015-01-12,11.22,0.99,4.0
2015-01-13,11.21,1.0,4.0
2015-01-14,11.31,0.99,4.0
2015-01-15,11.19,1.0,4.0
2015-01-16,11.07,0.99,4.0
2015-01-19,11.12,0.99,4.0
2015-01-20,11.04,0.99,4.0
2015-01-21,11.12,0.99,4.0
2015-01-22,11.14,1.0,4.0
2015-01-23,11.36,1.01,4.0
2015-01-26,11.23,1.0,4.0
2015-01-27,11.32,1.0,4.0
2015-01-28,11.24,1.01,4.0
2015-01-29,11.26,1.01,4.0
2015-01-30,11.32,1.01,4.0
2015-02-02,11.35,1.01,4.0
2015-02-03,11.38,1.01,4.0
2015-02-04,11.41,1.01,4.0
2015-02-05,11.36,1.02,4.0
2015-02-06,11.43,1.02,4.0
2015-02-09,11.5,1.02,4.0
2015-02-10,11.44,1.02,4.0
2015-02-11,11.33,1.0,4.0
2015-02-12,11.34,1.0,4.0
2015-02-13,11.34,0.99,4.0
2015-02-16,11.14,1.0,4.0
2015-02-17,11.16,0.99,4.0
2015-02-18,11.06,0.99,4.0
2015-02-19,10.84,0.99,4.0
2015-02-20,10.89,1.0,4.0
2015-02-23,10.76,0.99,4.0
2015-02-24,10.91,0.98,4.0
2015-02-25,10.99,0.99,4.0
2015-02-26,11.02,0.99,4.0
2015-02-27,11.16,1.0,4.0
2015-03-02,11.25,1.0,4.0
2015-03-03,11.14,1.0,4.0
2015-03-04,11.24,1.0,4.0
2015-03-05,11.15,1.01,4.0
2015-03-06,11.23,1.01,4.0
2015-03-09,11.17,1.0,4.0
2015-03-10,11.02,1.0,4.0
2015-03-11,11.06,0.99,4.0
2015-03-12,11.0,1.0,4.0
2015-03-13,11.11,0.99,4.0
2015-03-16,11.24,0.99,4.0
2015-03-17,11.04,0.98,4.0
2015-03-18,11.03,0.99,4.0
2015-03-19,11.09,0.99,4.0
2015-03-20,11.1,0.99,4.0
2015-03-23,11.1,1.0,4.0
2015-03-24,11.12,0.99,4.0
2015-03-25,10.93,0.98,4.0
2015-03-26,11.11,0.98,4.0
2015-03-27,11.17,0.99,4.0
2015-03-30,11.08,0.99,4.0
2015-03-31,10.99,1.0,4.0
2015-04-01,11.08,1.0,4.0
2015-04-02,11.1,1.01,4.0
2015-04-03,11.13,1.01,4.0
2015-04-06,11.17,1.0,4.0
2015-04-07,11.18,1.0,4.0
2015-04-08,10.96,1.01,4.0
2015-04-09,10.91,1.02,4.0
2015-04-10,10.97,1.0,4.0
2015-04-13,11.04,1.01,4.0
2015-04-14,10.98,0.99,4.0
2015-04-15,10.97,0.99,4.0
2015-04-16,11.09,0.99,4.0
2015-04-17,11.23,0.99,4.0
2015-04-20,11.25,0.99,4.0
2015-04-21,11.33,0.98,4.0
2015-04-22,11.34,0.99,4.0
2015-04-23,11.39,0.99,4.0
2015-04-24,11.37,0.99,4.0
2015-04-27,11.27,1.0,4.0
2015-04-28,11.45,1.01,4.0
2015-04-29,11.62,1.0,4.0
2015-04-30,11.59,1.01,4.0
2015-05-01,11.59,1.01,4.0
2015-05-04,11.57,1.01,4.0
2015-05-05,11.54,0.99,4.0
2015-05-06,11.52,0.99,4.0
2015-05-07,11.61,0.99,4.0
2015-05-08,11.46,0.98,4.0
2015-05-11,11.36,0.98,4.0
2015-05-12,11.44,0.97,4.0
2015-05-13,11.43,0.98,4.0
2015-05-14,11.54,0.99,4.0
2015-05-15,11.51,0.98,4.0
2015-05-18,11.52,0.97,4.0
2015-05-19,11.47,0.97,4.0
2015-05-20,11.59,0.98,4.0
2015-05-21,11.65,0.98,4.0
2015-05-22,11.49,0.99,4.0
2015-05-25,11.53,0.99,4.0
2015-05-26,11.61,1.0,4.0
2015-05-27,11.57,1.01,4.0
2015-05-28,11.62,1.03,4.0
2015-05-29,11.72,1.04,4.0
2015-06-01,11.67,1.04,4.0
2015-06-02,11.67,1.04,4.0
2015-06-03,11.58,1.04,4.0
2015-06-04,11.61,1.02,4.0
2015-06-05,11.47,1.03,4.0
2015-06-08,11.51,1.02,4.0
2015-06-09,11.65,1.02,4.0
2015-06-10,11.52,1.01,4.0
2015-06-11,11.64,1.02,4.0
2015-06-12,11.6,1.01,4.0
2015-06-15,11.5,1.0,4.0
2015-06-16,11.45,1.01,4.0
2015-06-17,11.43,1.02,4.0
2015-06-18,11.36,1.03,4.0
2015-06-19,11.47,1.03,4.0
2015-06-22,11.41,1.04,4.0
2015-06-23,11.42,1.03,4.0
2015-06-24,11.63,1.03,4.0
2015-06-25,11.58,1.05,4.0
2015-06-26,11.5,1.03,4.0
2015-06-29,11.43,1.03,4.0
2015-06-30,11.52,1.03,4.0
2015-07-01,11.49,1.03,4.0
2015-07-02,11.49,1.04,4.0
2015-07-03,11.39,1.03,4.0
2015-07-06,11.33,1.05,4.0
2015-07-07,11.41,1.03,4.0
2015-07-08,11.23,1.01,4.0
2015-07-09,11.03,1.0,4.0
2015-07-10,10.97,1.01,4.0
2015-07-13,10.92,1.01,4.0
2015-07-14,10.89,1.01,4.0
2015-07-15,10.87,0.99,4.0
2015-07-16,10.87,0.99,4.0
2015-07-17,10.83,0.99,4.0
2015-07-20,10.98,0.99,4.0
2015-07-21,11.06,0.98,4.0
2015-07-22,11.04,0.99,4.0
2015-07-23,11.13,0.99,4.0
2015-07-24,10.84,0.98,4.0
2015-07-27,10.88,0.98,4.0
2015-07-28,10.97,0.98,4.0
2015-07-29,10.91,0.97,4.0
2015-07-30,10.96,0.98,4.0
2015-07-31,10.89,0.97,4.0
2015-08-03,10.93,0.98,4.0
2015-08-04,10.78,0.97,4.0
2015-08-05,10.89,0.97,4.0
2015-08-06,10.89,0.99,4.0
2015-08-07,10.91,0.99,4.0
2015-08-10,10.9,1.0,4.0
2015-08-11,11.02,1.0,4.0
2015-08-12,11.04,1.01,4.0
2015-08-13,11.13,1.02,4.0
2015-08-14,11.06,1.01,4.0
2015-08-17,11.11,1.02,4.0
2015-08-18,11.27,1.03,4.0
2015-08-19,11.42,1.02,4.0
2015-08-20,11.12,1.02,4.0
2015-08-21,11.12,1.04,4.0
2015-08-24,10.95,1.04,4.0
2015-08-25,10.9,1.04,4.0
2015-08-26,10.84,1.05,4.0
2015-08-27,10.91,1.06,4.0
2015-08-28,10.89,1.06,4.0
2015-08-31,10.81,1.04,4.0
2015-09-01,10.87,1.03,4.0
2015-09-02,10.75,1.03,4.0
2015-09-03,10.68,1.03,4.0
2015-09-04,10.64,1.02,4.0
2015-09-07,10.63,1.02,4.0
2015-09-08,10.66,1.01,4.0
2015-09-09,10.69,0.99,4.0
2015-09-10,10.63,1.01,4.0
2015-09-11,10.67,1.01,4.0
2015-09-14,10.68,1.02,4.0
2015-09-15,10.69,1.02,4.0
2015-09-16,10.53,1.02,4.0
2015-09-17,10.59,1.03,4.0
2015-09-18,10.67,1.02,4.0
2015-09-21,10.75,1.02,4.0
2015-09-22,10.77,1.02,4.0
2015-09-23,10.88,1.02,4.0
2015-09-24,10.93,1.02,4.0
2015-09-25,10.88,1.0,4.0
2015-09-28,10.86,1.01,4.0
2015-09-29,10.8,1.02,4.0
2015-09-30,10.69,1.01,4.0
2015-10-01,10.76,1.02,4.0
2015-10-02,10.74,1.02,4.0
2015-10-05,10.81,1.03,4.0
2015-10-06,11.01,1.03,4.0
2015-10-07,11.1,1.03,4.0
2015-10-08,10.98,1.04,4.0
2015-10-09,10.91,1.03,4.0
2015-10-12,10.96,1.01,4.0
2015-10-13,10.99,0.99,4.0
2015-10-14,11.12,0.99,4.0
2015-10-15,11.06,0.97,4.0
2015-10-16,10.91,0.97,4.0
2015-10-19,10.8,0.98,4.0
2015-10-20,10.92,0.96,4.0
2015-10-21,10.93,0.96,4.0
2015-10-22,11.01,0.96,4.0
2015-10-23,10.96,0.95,4.0
2015-10-26,10.87,0.96,4.0
2015-10-27,10.93,0.96,4.0
2015-10-28,10.78,0.96,4.0
2015-10-29,10.83,0.97,4.0
2015-10-30,11.0,0.96,4.0
2015-11-02,10.74,0.97,4.0
2015-11-03,10.64,0.98,4.0
2015-11-04,10.64,0.99,4.0
2015-11-05,10.59,1.0,4.0
2015-11-06,10.58,1.0,4.0
2015-11-09,10.82,1.0,4.0
2015-11-10,10.75,1.0,4.0
2015-11-11,10.72,1.0,4.0
2015-11-12,10.62,1.0,4.0
2015-11-13,10.47,1.01,4.0
2015-11-16,10.53,1.02,4.0
2015-11-17,10.36,1.02,4.0
2015-11-18,10.24,1.0,4.0
2015-11-19,10.27,1.0,4.0
2015-11-20,10.35,1.0,4.0
2015-11-23,10.27,1.0,4.0
2015-11-24,10.21,0.99,4.0
2015-11-25,10.06,0.99,4.0
2015-11-26,10.14,0.98,4.0
2015-11-27,10.17,0.99,4.0
2015-11-30,10.2,1.0,4.0
2015-12-01,10.08,1.01,4.0
2015-12-02,10.2,1.0,4.0
2015-12-03,10.17,1.0,4.0
2015-12-04,10.29,0.98,4.0
2015-12-07,10.23,0.99,4.0
2015-12-08,10.29,0.99,4.0
2015-12-09,10.23,1.01,4.0
2015-12-10,10.35,1.01,4.0
2015-12-11,10.24,1.01,4.0
2015-12-14,10.29,0.99,4.0
2015-12-15,10.18,1.0,4.0
2015-12-16,10.15,1.01,4.0
2015-12-17,10.25,1.02,4.0
2015-12-18,10.15,1.02,4.0
2015-12-21,10.22,1.02,4.0
2015-12-22,10.32,1.03,4.0
2015-12-23,10.12,1.04,4.0
2015-12-24,10.2,1.03,4.0
2015-12-25,10.34,1.03,4.0
2015-12-28,10.28,1.02,4.0
2015-12-29,10.2,1.0,4.0
2015-12-30,10.05,1.01,4.0
2015-12-31,9.98,1.02,4.0
2016-01-01,10.12,1.02,4.0
2016-01-04,10.1,1.01,4.0
2016-01-05,10.18,1.02,4.0
2016-01-06,10.14,1.02,4.0
2016-01-07,10.15,1.03,4.0
2016-01-08,10.3,1.03,4.0
2016-01-11,10.46,1.04,4.0
2016-01-12,10.49,1.04,4.0
2016-01-13,10.47,1.03,4.0
2016-01-14,10.4,1.03,4.0
2016-01-15,10.49,1.02,4.0
2016-01-18,10.48,1.03,4.0
2016-01-19,10.63,1.03,4.0
2016-01-20,10.45,1.03,4.0
2016-01-21,10.41,1.03,4.0
2016-01-22,10.41,1.04,4.0
2016-01-25,10.47,1.04,4.0
2016-01-26,10.34,1.04,4.0
2016-01-27,10.34,1.04,4.0
2016-01-28,10.46,1.04,4.0
2016-01-29,10.5,1.05,4.0
2016-02-01,10.54,1.03,4.0
2016-02-02,10.45,1.03,4.0
2016-02-03,10.44,1.01,4.0
2016-02-04,10.34,1.01,4.0
2016-02-05,10.46,1.01,4.0
2016-02-08,10.51,1.01,4.0
2016-02-09,10.53,1.0,4.0
2016-02-10,10.55,1.0,4.0
2016-02-11,10.68,0.99,4.0
2016-02-12,10.89,0.99,4.0
2016-02-15,10.88,1.0,4.0
2016-02-16,10.88,0.99,4.0
2016-02-17,10.91,0.99,4.0
2016-02-18,11.04,1.0,4.0
2016-02-19,11.1,0.99,4.0
2016-02-22,11.12,1.0,4.0
2016-02-23,11.17,0.99,4.0
2016-02-24,11.19,0.98,4.0
2016-02-25,11.01,0.99,4.0
2016-02-26,11.1,0.97,4.0
2016-02-29,10.99,0.97,4.0
2016-03-01,10.96,0.97,4.0
2016-03-02,10.86,0.98,4.0
2016-03-03,10.82,0.98,4.0
2016-03-04,10.83,0.98,4.0
2016-03-07,10.96,0.98,4.0
2016-03-08,10.9,0.97,4.0
2016-03-09,11.03,0.99,4.0
2016-03-10,10.84,0.99,4.0
2016-03-11,10.7,1.0,4.0
2016-03-14,10.6,0.99,4.0
2016-03-15,10.68,0.99,4.0
2016-03-16,10.57,0.99,4.0
2016-03-17,10.44,0.98,4.0
2016-03-18,10.64,1.0,4.0
2016-03-21,10.62,0.99,4.0
2016-03-22,10.77,0.98,4.0
2016-03-23,10.87,1.0,4.0
2016-03-24,10.94,1.0,4.0
2016-03-25,11.06,1.0,4.0
2016-03-28,11.0,1.0,4.0
2016-03-29,10.86,0.99,4.0
2016-03-30,10.9,0.99,4.0
2016-03-31,10.84,0.99,4.0
2016-04-01,10.89,1.01,4.0
2016-04-04,10.97,1.02,4.0
2016-04-05,10.86,1.02,4.0
2016-04-06,10.78,1.03,4.0
2016-04-07,10.76,1.03,4.0
2016-04-08,10.88,1.02,4.0
2016-04-11,10.78,1.01,4.0
2016-04-12,10.96,1.02,4.0
2016-04-13,10.77,1.01,4.0
2016-04-14,10.93,1.01,4.0
2016-04-15,10.93,1.01,4.0
2016-04-18,10.97,1.01,4.0
2016-04-19,11.01,1.02,4.0
2016-04-20,10.74,1.02,4.0
2016-04-21,10.7,1.04,4.0
2016-04-22,10.68,1.05,4.0
2016-04-25,10.8,1.06,4.0
2016-04-26,10.77,1.05,4.0
2016-04-27,10.91,1.07,4.0
2016-04-28,11.08,1.06,4.0
2016-04-29,11.12,1.06,4.0
2016-05-02,11.11,1.06,4.0
2016-05-03,10.97,1.06,4.0
2016-05-04,11.02,1.06,4.0
2016-05-05,10.96,1.07,4.0
2016-05-06,11.09,1.07,4.0
2016-05-09,10.9,1.07,4.0
2016-05-10,10.81,1.07,4.0
2016-05-11,10.9,1.06,4.0
2016-05-12,11.06,1.05,4.0
2016-05-13,11.12,1.03,4.0
2016-05-16,11.22,1.04,4.0
2016-05-17,11.21,1.04,4.0
2016-05-18,11.35,1.04,4.0
2016-05-19,11.34,1.04,4.0
2016-05-20,11.36,1.04,4.0
2016-05-23,11.34,1.03,4.0
2016-05-24,11.28,1.03,4.0
2016-05-25,11.29,1.01,4.0
2016-05-26,11.28,1.0,4.0
2016-05-27,11.3,0.99,4.0
2016-05-30,11.03,0.98,4.0
2016-05-31,10.91,0.99,4.0
2016-06-01,10.84,1.01,4.0
2016-06-02,10.68,1.02,4.0
2016-06-03,10.57,1.0,4.0
2016-06-06,10.65,1.01,4.0
2016-06-07,10.68,1.01,4.0
2016-06-08,10.78,0.99,4.0
2016-06-09,10.87,1.01,4.0
2016-06-10,10.96,1.01,4.0
2016-06-13,10.94,1.0,4.0
2016-06-14,11.06,0.99,4.0
2016-06-15,10.98,0.99,4.0
2016-06-16,11.1,1.0,4.0
2016-06-17,11.17,1.0,4.0
2016-06-20,11.2,0.99,4.0
2016-06-21,11.17,0.98,4.0
2016-06-22,11.07,0.97,4.0
2016-06-23,11.04,0.98,4.0
2016-06-24,10.86,0.97,4.0
2016-06-27,10.95,0.97,4.0
2016-06-28,10.88,0.98,4.0
2016-06-29,10.82,0.99,4.0
2016-06-30,10.62,0.99,4.0
2016-07-01,10.51,1.0,4.0
2016-07-04,10.78,1.0,4.0
2016-07-05,10.7,1.01,4.0
2016-07-06,10.8,1.0,4.0
2016-07-07,10.65,1.0,4.0
2016-07-08,10.5,1.01,4.0
2016-07-11,10.5,1.0,4.0
2016-07-12,10.5,0.99,4.0
2016-07-13,10.44,0.99,4.0
2016-07-14,10.44,0.98,4.0
2016-07-15,10.36,0.98,4.0
2016-07-18,10.49,0.99,4.0
2016-07-19,10.7,0.99,4.0
2016-07-20,10.8,0.99,4.0
2016-07-21,10.64,1.0,4.0
2016-07-22,10.68,1.01,4.0
2016-07-25,10.6,1.0,4.0
2016-07-26,10.54,0.99,4.0
2016-07-27,10.61,0.99,4.0
2016-07-28,10.61,0.97,4.0
2016-07-29,10.61,0.97,4.0
2016-08-01,10.61,0.97,4.0
2016-08-02,10.51,0.99,4.0
2016-08-03,10.4,1.0,4.0
2016-08-04,10.37,1.0,4.0
2016-08-05,10.35,1.0,4.0
2016-08-08,10.4,1.0,4.0
2016-08-09,10.5,1.01,4.0
2016-08-10,10.47,0.99,4.0
2016-08-11,10.49,0.99,4.0
2016-08-12,10.58,0.99,4.0
2016-08-15,10.55,0.99,4.0
2016-08-16,10.59,1.0,4.0
2016-08-17,10.6,1.0,4.0
2016-08-18,10.56,1.01,4.0
2016-08-19,10.42,1.01,4.0
2016-08-22,10.32,1.01,4.0
2016-08-23,10.43,1.01,4.0
2016-08-24,10.26,1.03,4.0
2016-08-25,10.46,1.01,4.0
2016-08-26,10.38,1.0,4.0
2016-08-29,10.2,1.0,4.0
2016-08-30,10.15,1.01,4.0
2016-08-31,9.93,1.02,4.0
2016-09-01,9.78,1.01,4.0
2016-09-02,9.82,1.01,4.0
2016-09-05,9.69,1.01,4.0
2016-09-06,9.56,1.01,4.0
2016-09-07,9.61,1.01,4.0
2016-09-08,9.66,1.0,4.0
2016-09-09,9.75,1.01,4.0
2016-09-12,9.8,1.01,4.0
2016-09-13,9.83,0.99,4.0
2016-09-14,9.92,1.0,4.0
2016-09-15,10.03,1.02,4.0
2016-09-16,10.06,1.0,4.0
2016-09-19,10.13,1.0,4.0
2016-09-20,9.87,0.99,4.0
2016-09-21,9.85,0.97,4.0
2016-09-22,10.03,0.98,4.0
2016-09-23,9.99,0.99,4.0
2016-09-26,10.06,0.99,4.0
2016-09-27,10.1,1.01,4.0
2016-09-28,10.05,1.0,4.0
2016-09-29,10.11,0.99,4.0
2016-09-30,10.08,0.99,4.0
2016-10-03,10.04,0.98,4.0
2016-10-04,10.0,0.99,4.0
2016-10-05,9.93,1.0,4.0
2016-10-06,9.85,0.99,4.0
2016-10-07,9.82,0.98,4.0
2016-10-10,9.86,0.98,4.0
2016-10-11,9.84,0.98,4.0
2016-10-12,9.82,0.99,4.0
2016-10-13,10.12,0.98,4.0
2016-10-14,10.21,0.98,4.0
2016-10-17,10.04,0.99,4.0
2016-10-18,10.08,1.0,4.0
2016-10-19,10.13,1.01,4.0
2016-10-20,10.5,1.0,4.0
2016-10-21,10.53,1.01,4.0
2016-10-24,10.74,1.02,4.0
2016-10-25,10.68,1.02,4.0
2016-10-26,10.58,1.01,4.0
2016-10-27,10.45,1.02,4.0
2016-10-28,10.54,1.01,4.0
2016-10-31,10.43,1.03,4.0
2016-11-01,10.36,1.03,4.0
2016-11-02,10.42,1.02,4.0
2016-11-03,10.38,1.03,4.0
2016-11-04,10.39,1.03,4.0
2016-11-07,10.26,1.02,4.0
2016-11-08,10.02,1.01,4.0
2016-11-09,10.17,1.0,4.0
2016-11-10,10.3,0.99,4.0
2016-11-11,10.27,0.99,4.0
2016-11-14,10.29,1.0,4.0
2016-11-15,10.19,0.99,4.0
2016-11-16,10.17,1.01,4.0
2016-11-17,10.43,1.0,4.0
2016-11-18,10.61,1.0,4.0
2016-11-21,10.63,1.01,4.0
2016-11-22,10.42,1.0,4.0
2016-11-23,10.47,1.0,4.0
2016-11-24,10.43,1.02,4.0
2016-11-25,10.38,1.02,4.0
2016-11-28,10.38,1.03,4.0
2016-11-29,10.58,1.02,4.0
2016-11-30,10.58,1.02,4.0
2016-12-01,10.67,1.03,4.0
2016-12-02,10.7,1.03,4.0
2016-12-05,10.72,1.02,4.0
2016-12-06,10.77,1.02,4.0
2016-12-07,10.7,1.02,4.0
2016-12-08,10.54,1.03,4.0
2016-12-09,10.7,1.03,4.0
2016-12-12,10.52,1.02,4.0
2016-12-13,10.54,1.01,4.0
2016-12-14,10.72,1.01,4.0
2016-12-15,10.73,1.02,4.0
2016-12-16,10.77,1.02,4.0
2016-12-19,10.81,1.02,4.0
2016-12-20,10.91,1.0,4.0
2016-12-21,11.02,0.98,4.0
2016-12-22,10.84,0.99,4.0
2016-12-23,10.95,0.99,4.0
2016-12-26,10.91,1.0,4.0
2016-12-27,10.8,0.98,4.0
2016-12-28,10.66,0.99,4.0
2016-12-29,10.67,0.99,4.0
2016-12-30,10.6,0.99,4.0
2017-01-02,10.59,0.99,4.0
2017-01-03,10.57,0.99,4.0
2017-01-04,10.59,1.01,4.0
2017-01-05,10.66,1.01,4.0
2017-01-06,10.76,1.02,4.0
2017-01-09,10.85,1.02,4.0
2017-01-10,10.98,1.03,4.0
2017-01-11,10.92,1.01,4.0
2017-01-12,10.82,1.01,4.0
2017-01-13,10.78,1.0,4.0
2017-01-16,10.7,1.0,4.0
2017-01-17,10.55,1.0,4.0
2017-01-18,10.51,1.01,4.0
2017-01-19,10.57,1.01,4.0
2017-01-20,10.68,1.0,4.0
2017-01-23,10.65,1.0,4.0
2017-01-24,10.74,1.0,4.0
2017-01-25,10.72,1.0,4.0
2017-01-26,10.45,1.01,4.0
2017-01-27,10.3,1.0,4.0
2017-01-30,10.34,1.01,4.0
2017-01-31,10.15,1.0,4.0
2017-02-01,10.02,1.01,4.0
2017-02-02,9.88,1.01,4.0
2017-02-03,9.87,1.02,4.0
2017-02-06,9.92,1.03,4.0
2017-02-07,9.76,1.03,4.0
2017-02-08,9.86,1.04,4.0
2017-02-09,9.88,1.04,4.0
2017-02-10,9.77,1.04,4.0
2017-02-13,9.79,1.04,4.0
2017-02-14,9.74,1.03,4.0
2017-02-15,9.69,1.04,4.0
2017-02-16,9.58,1.04,4.0
2017-02-17,9.62,1.03,4.0
2017-02-20,9.62,1.02,4.0
2017-02-21,9.63,1.04,4.0
2017-02-22,9.64,1.04,4.0
2017-02-23,9.7,1.03,4.0
2017-02-24,9.71,1.04,4.0
2017-02-27,9.53,1.05,4.0
2017-02-28,9.56,1.04,4.0
2017-03-01,9.49,1.05,4.0
2017-03-02,9.64,1.05,4.0
2017-03-03,9.72,1.04,4.0
2017-03-06,9.84,1.04,4.0
2017-03-07,9.81,1.03,4.0
2017-03-08,9.92,1.04,4.0
2017-03-09,9.82,1.04,4.0
2017-03-10,9.84,1.04,4.0
2017-03-13,9.76,1.03,4.0
2017-03-14,9.85,1.04,4.0
2017-03-15,10.04,1.04,4.0
2017-03-16,10.09,1.03,4.0
2017-03-17,9.94,1.02,4.0
2017-03-20,9.89,1.03,4.0
2017-03-21,10.22,1.01,4.0
2017-03-22,10.3,1.01,4.0
2017-03-23,10.22,1.02,4.0
2017-03-24,10.31,1.02,4.0
2017-03-27,10.32,1.03,4.0
2017-03-28,10.58,1.01,4.0
2017-03-29,10.57,1.0,4.0
2017-03-30,10.53,1.0,4.0
2017-03-31,10.51,1.01,4.0
2017-04-03,10.45,1.0,4.0
2017-04-04,10.36,1.01,4.0
2017-04-05,10.24,1.01,4.0
2017-04-06,10.19,1.01,4.0
2017-04-07,10.27,1.0,4.0
2017-04-10,10.24,0.99,4.0
2017-04-11,10.18,1.0,4.0
2017-04-12,10.05,1.0,4.0
2017-04-13,10.13,1.01,4.0
2017-04-14,10.29,1.0,4.0
2017-04-17,10.2,1.0,4.0
2017-04-18,10.14,0.99,4.0
2017-04-19,10.05,1.01,4.0
2017-04-20,10.14,1.03,4.0
2017-04-21,10.25,1.04,4.0
2017-04-24,10.26,1.03,4.0
2017-04-25,10.13,1.02,4.0
2017-04-26,10.18,1.02,4.0
2017-04-27,10.2,1.02,4.0
2017-04-28,10.24,1.02,4.0
2017-05-01,10.12,1.02,4.0
2017-05-02,10.01,1.02,4.0
2017-05-03,9.86,1.02,4.0
2017-05-04,9.99,1.01,4.0
2017-05-05,10.12,1.02,4.0
2017-05-08,9.96,1.0,4.0
2017-05-09,9.89,1.0,4.0
2017-05-10,9.82,1.0,4.0
2017-05-11,9.93,1.0,4.0
2017-05-12,9.95,1.0,4.0
2017-05-15,10.12,1.01,4.0
2017-05-16,10.09,1.01,4.0
2017-05-17,9.96,1.03,4.0
2017-05-18,9.9,1.02,4.0
2017-05-19,9.82,1.02,4.0
2017-05-22,9.94,1.01,4.0
2017-05-23,10.15,1.02,4.0
2017-05-24,10.2,1.02,4.0
2017-05-25,10.13,1.01,4.0
2017-05-26,10.16,1.0,4.0
2017-05-29,9.99,1.0,4.0
2017-05-30,9.98,1.01,4.0
2017-05-31,9.82,1.01,4.0
2017-06-01,9.88,1.01,4.0
2017-06-02,9.88,0.99,4.0
2017-06-05,9.98,0.99,4.0
2017-06-06,10.06,1.01,4.0
2017-06-07,10.01,1.0,4.0
2017-06-08,10.12,1.01,4.0
2017-06-09,10.0,1.01,4.0
2017-06-12,10.27,1.01,4.0
2017-06-13,10.13,1.01,4.0
2017-06-14,10.21,1.0,4.0
2017-06-15,10.33,0.99,4.0
2017-06-16,10.34,0.99,4.0
2017-06-19,10.22,1.0,4.0
2017-06-20,10.14,1.01,4.0
2017-06-21,10.04,1.02,4.0
2017-06-22,10.04,1.02,4.0
2017-06-23,10.13,1.03,4.0
2017-06-26,10.18,1.02,4.0
2017-06-27,10.18,1.01,4.0
2017-06-28,10.04,1.01,4.0
2017-06-29,10.21,1.01,4.0
2017-06-30,10.19,1.0,4.0
2017-07-03,10.15,0.99,4.0
2017-07-04,10.17,0.98,4.0
2017-07-05,10.0,0.98,4.0
2017-07-06,10.0,0.97,4.0
2017-07-07,9.99,0.98,4.0
2017-07-10,9.98,0.98,4.0
2017-07-11,10.11,0.99,4.0
2017-07-12,9.98,1.0,4.0
2017-07-13,9.98,0.99,4.0
2017-07-14,9.93,1.0,4.0
2017-07-17,9.91,1.0,4.0
2017-07-18,10.01,0.99,4.0
2017-07-19,10.0,0.99,4.0
2017-07-20,9.98,1.0,4.0
2017-07-21,9.75,1.0,4.0
2017-07-24,9.84,1.02,4.0
2017-07-25,9.69,1.03,4.0
2017-07-26,9.67,1.02,4.0
2017-07-27,9.6,1.01,4.0
2017-07-28,9.4,1.02,4.0
2017-07-31,9.44,1.02,4.0
2017-08-01,9.44,1.01,4.0
2017-08-02,9.52,1.02,4.0
2017-08-03,9.61,1.02,4.0
2017-08-04,9.69,1.02,4.0
2017-08-07,9.76,1.01,4.0
2017-08-08,9.83,0.99,4.0
2017-08-09,9.94,0.99,4.0
2017-08-10,9.98,0.98,4.0
2017-08-11,10.01,0.97,4.0
2017-08-14,10.0,0.97,4.0
2017-08-15,10.03,0.98,4.0
2017-08-16,10.08,0.98,4.0
2017-08-17,10.13,0.98,4.0
2017-08-18,10.11,0.97,4.0
2017-08-21,10.33,0.96,4.0
2017-08-22,10.47,0.96,4.0
2017-08-23,10.37,0.96,4.0
2017-08-24,10.35,0.97,4.0
2017-08-25,10.5,0.96,4.0
2017-08-28,10.39,0.97,4.0
2017-08-29,10.25,0.95,4.0
2017-08-30,10.51,0.95,4.0
2017-08-31,10.44,0.97,4.0
2017-09-01,10.22,0.97,4.0
2017-09-04,10.13,0.97,4.0
2017-09-05,10.08,0.96,4.0
2017-09-06,10.16,0.96,4.0
2017-09-07,10.16,0.97,4.0
2017-09-08,10.01,0.96,4.0
2017-09-11,9.72,0.96,4.0
2017-09-12,9.79,0.95,4.0
2017-09-13,9.81,0.96,4.0
2017-09-14,9.94,0.95,4.0
2017-09-15,9.88,0.96,4.0
2017-09-18,9.86,0.97,4.0
2017-09-19,9.82,0.97,4.0
2017-09-20,9.77,0.97,4.0
2017-09-21,9.82,0.99,4.0
2017-09-22,9.79,0.98,4.0
2017-09-25,9.63,1.0,4.0
2017-09-26,9.78,1.0,4.0
2017-09-27,9.82,1.0,4.0
2017-09-28,9.89,1.0,4.0
2017-09-29,10.03,1.0,4.0
2017-10-02,10.01,1.0,4.0
2017-10-03,9.99,1.01,4.0
2017-10-04,9.88,1.0,4.0
2017-10-05,9.98,1.0,4.0
2017-10-06,9.83,0.99,4.0
2017-10-09,9.85,0.99,4.0
2017-10-10,9.92,0.99,4.0
2017-10-11,9.79,1.0,4.0
2017-10-12,9.93,1.01,4.0
2017-10-13,9.73,1.0,4.0
2017-10-16,9.61,1.0,4.0
2017-10-17,9.63,1.0,4.0
2017-10-18,9.72,1.0,4.0
2017-10-19,9.6,1.0,4.0
2017-10-20,9.69,1.0,4.0
2017-10-23,9.79,1.0,4.0
2017-10-24,9.76,0.99,4.0
2017-10-25,9.79,1.0,4.0
2017-10-26,9.92,1.02,4.0
2017-10-27,10.08,1.01,4.0
2017-10-30,10.02,1.01,4.0
2017-10-31,9.94,1.01,4.0
2017-11-01,9.93,1.03,4.0
2017-11-02,9.82,1.02,4.0
2017-11-03,9.96,1.01,4.0
2017-11-06,10.01,1.02,4.0
2017-11-07,10.01,1.02,4.0
2017-11-08,10.12,1.01,4.0
2017-11-09,10.19,1.01,4.0
2017-11-10,10.28,1.0,4.0
2017-11-13,10.32,1.0,4.0
2017-11-14,10.45,1.0,4.0
2017-11-15,10.29,1.0,4.0
2017-11-16,10.33,1.01,4.0
2017-11-17,10.47,1.01,4.0
2017-11-20,10.41,1.02,4.0
2017-11-21,10.34,1.03,4.0
2017-11-22,10.28,1.02,4.0
2017-11-23,10.27,1.03,4.0
2017-11-24,10.36,1.03,4.0
2017-11-27,10.34,1.04,4.0
2017-11-28,10.44,1.04,4.0
2017-11-29,10.47,1.06,4.0
2017-11-30,10.54,1.04,4.0
2017-12-01,10.51,1.03,4.0
2017-12-04,10.46,1.02,4.0
2017-12-05,10.31,1.01,4.0
2017-12-06,10.05,1.01,4.0
2017-12-07,10.0,1.01,4.0
2017-12-08,9.75,1.02,4.0
2017-12-11,9.75,1.04,4.0
2017-12-12,9.83,1.03,4.0
2017-12-13,9.84,1.04,4.0
2017-12-14,9.56,1.05,4.0
2017-12-15,9.54,1.05,4.0
2017-12-18,9.62,1.05,4.0
2017-12-19,9.77,1.05,4.0
2017-12-20,9.83,1.05,4.0
2017-12-21,9.84,1.04,4.0
2017-12-22,9.9,1.04,4.0
2017-12-25,10.09,1.03,4.0
2017-12-26,10.09,1.05,4.0
2017-12-27,9.94,1.04,4.0
2017-12-28,9.9,1.04,4.0
2017-12-29,9.83,1.05,4.0
2018-01-01,9.73,1.05,4.0
2018-01-02,9.67,1.04,4.0
2018-01-03,9.97,1.04,4.0
2018-01-04,9.87,1.03,4.0
2018-01-05,9.83,1.05,4.0
2018-01-08,10.12,1.03,4.0
2018-01-09,10.18,1.03,4.0
2018-01-10,10.2,1.01,4.0
2018-01-11,10.25,1.02,4.0
2018-01-12,10.26,1.02,4.0
2018-01-15,10.21,1.0,4.0
2018-01-16,10.23,1.0,4.0
2018-01-17,10.28,0.99,4.0
2018-01-18,10.1,1.0,4.0
2018-01-19,10.05,1.01,4.0
2018-01-22,9.88,1.0,4.0
2018-01-23,9.8,1.0,4.0
2018-01-24,9.86,1.0,4.0
2018-01-25,9.83,1.0,4.0
2018-01-26,9.82,1.01,4.0
2018-01-29,9.56,1.01,4.0
2018-01-30,9.45,1.02,4.0
2018-01-31,9.36,1.04,4.0
2018-02-01,9.22,1.03,4.0
2018-02-02,9.29,1.03,4.0
2018-02-05,9.34,1.03,4.0
2018-02-06,9.46,1.03,4.0
2018-02-07,9.63,1.03,4.0
2018-02-08,9.79,1.03,4.0
2018-02-09,9.85,1.03,4.0
2018-02-12,9.89,1.03,4.0
2018-02-13,9.93,1.02,4.0
2018-02-14,9.84,1.02,4.0
2018-02-15,9.89,1.02,4.0
2018-02-16,9.85,1.03,4.0
2018-02-19,9.75,1.03,4.0
2018-02-20,9.59,1.03,4.0
2018-02-21,9.37,1.02,4.0
2018-02-22,9.39,1.03,4.0
2018-02-23,9.36,1.02,4.0
2018-02-26,9.33,1.02,4.0
2018-02-27,9.26,1.02,4.0
2018-02-28,9.25,1.02,4.0
2018-03-01,9.19,1.01,4.0
2018-03-02,9.25,1.01,4.0
2018-03-05,9.38,1.02,4.0
2018-03-06,9.37,1.01,4.0
2018-03-07,9.53,1.01,4.0
2018-03-08,9.49,1.01,4.0
2018-03-09,9.33,1.01,4.0
2018-03-12,9.52,1.01,4.0
2018-03-13,9.35,1.02,4.0
2018-03-14,9.33,1.04,4.0
2018-03-15,9.46,1.05,4.0
2018-03-16,9.63,1.05,4.0
2018-03-19,9.65,1.06,4.0
2018-03-20,9.62,1.06,4.0
2018-03-21,9.87,1.05,4.0
2018-03-22,9.98,1.05,4.0
2018-03-23,10.11,1.04,4.0
2018-03-26,10.17,1.03,4.0
2018-03-27,10.24,1.04,4.0
2018-03-28,10.27,1.04,4.0
2018-03-29,10.26,1.03,4.0
2018-03-30,10.07,1.03,4.0
2018-04-02,9.95,1.02,4.0
2018-04-03,10.04,1.02,4.0
2018-04-04,10.17,1.02,4.0
2018-04-05,10.2,1.01,4.0
2018-04-06,10.09,1.02,4.0
2018-04-09,10.13,1.02,4.0
2018-04-10,10.18,1.01,4.0
2018-04-11,9.99,1.0,4.0
2018-04-12,10.16,1.0,4.0
2018-04-13,10.26,1.01,4.0
2018-04-16,10.16,1.0,4.0
2018-04-17,10.16,1.0,4.0
2018-04-18,10.14,1.0,4.0
2018-04-19,10.28,1.01,4.0
2018-04-20,10.23,1.01,4.0
2018-04-23,10.11,1.01,4.0
2018-04-24,10.11,1.0,4.0
2018-04-25,10.02,1.02,4.0
2018-04-26,10.14,1.01,4.0
2018-04-27,10.14,1.03,4.0
2018-04-30,10.03,1.01,4.0
2018-05-01,9.97,1.0,4.0
2018-05-02,9.95,1.0,4.0
2018-05-03,9.93,1.01,4.0
2018-05-04,9.79,1.01,4.0
2018-05-07,9.7,1.01,4.0
2018-05-08,9.76,1.01,4.0
2018-05-09,9.92,1.01,4.0
2018-05-10,9.89,1.03,4.0
2018-05-11,9.93,1.03,4.0
2018-05-14,10.19,1.04,4.0
2018-05-15,10.23,1.03,4.0
2018-05-16,10.03,1.03,4.0
2018-05-17,10.11,1.02,4.0
2018-05-18,10.15,1.03,4.0
2018-05-21,10.12,1.04,4.0
2018-05-22,10.01,1.04,4.0
2018-05-23,10.12,1.04,4.0
2018-05-24,9.85,1.04,4.0
2018-05-25,9.83,1.04,4.0
2018-05-28,9.83,1.05,4.0
2018-05-29,9.79,1.04,4.0
2018-05-30,9.81,1.03,4.0
2018-05-31,9.71,1.03,4.0
2018-06-01,9.8,1.03,4.0
2018-06-04,10.14,1.03,4.0
2018-06-05,10.06,1.03,4.0
2018-06-06,10.12,1.03,4.0
2018-06-07,10.16,1.03,4.0
2018-06-08,10.19,1.03,4.0
2018-06-11,10.16,1.02,4.0
2018-06-12,10.18,1.0,4.0
2018-06-13,10.22,1.0,4.0
2018-06-14,10.31,1.01,4.0
2018-06-15,10.4,0.99,4.0
2018-06-18,10.54,1.0,4.0
2018-06-19,10.46,1.0,4.0
2018-06-20,10.48,1.01,4.0
2018-06-21,10.47,1.0,4.0
2018-06-22,10.56,0.98,4.0
2018-06-25,10.4,0.98,4.0
2018-06-26,10.52,0.98,4.0
2018-06-27,10.55,0.98,4.0
2018-06-28,10.68,0.97,4.0
2018-06-29,10.68,0.98,4.0
2018-07-02,10.66,0.98,4.0
2018-07-03,10.58,0.98,4.0
2018-07-04,10.54,0.99,4.0
2018-07-05,10.32,0.99,4.0
2018-07-06,10.32,0.99,4.0
2018-07-09,10.28,1.0,4.0
2018-07-10,10.3,1.0,4.0
2018-07-11,10.24,1.02,4.0
2018-07-12,10.29,1.0,4.0
2018-07-13,10.29,1.0,4.0
2018-07-16,10.12,1.01,4.0
2018-07-17,10.15,1.0,4.0
2018-07-18,10.25,1.01,4.0
2018-07-19,10.37,1.01,4.0
2018-07-20,10.28,1.0,4.0
2018-07-23,10.14,1.01,4.0
2018-07-24,10.28,1.02,4.0
2018-07-25,10.34,1.02,4.0
2018-07-26,10.25,1.02,4.0
2018-07-27,10.18,1.03,4.0
2018-07-30,10.21,1.02,4.0
2018-07-31,10.32,1.03,4.0
2018-08-01,10.3,1.02,4.0
2018-08-02,10.15,1.02,4.0
2018-08-03,9.97,1.02,4.0
2018-08-06,9.92,1.02,4.0
2018-08-07,9.87,1.04,4.0
2018-08-08,9.79,1.02,4.0
2018-08-09,9.98,1.03,4.0
2018-08-10,9.85,1.03,4.0
2018-08-13,9.81,1.03,4.0
2018-08-14,10.08,1.04,4.0
2018-08-15,10.02,1.05,4.0
2018-08-16,10.05,1.05,4.0
2018-08-17,10.23,1.04,4.0
2018-08-20,10.25,1.05,4.0
2018-08-21,10.31,1.06,4.0
2018-08-22,10.25,1.06,4.0
2018-08-23,10.18,1.06,4.0
2018-08-24,10.04,1.06,4.0
2018-08-27,10.05,1.05,4.0
2018-08-28,10.12,1.05,4.0
2018-08-29,10.35,1.04,4.0
2018-08-30,10.31,1.04,4.0
2018-08-31,10.46,1.04,4.0
2018-09-03,10.57,1.06,4.0
2018-09-04,10.5,1.06,4.0
2018-09-05,10.51,1.06,4.0
2018-09-06,10.53,1.06,4.0
2018-09-07,10.39,1.06,4.0
2018-09-10,10.38,1.08,4.0
2018-09-11,10.31,1.08,4.0
2018-09-12,10.31,1.08,4.0
2018-09-13,10.31,1.07,4.0
2018-09-14,10.32,1.07,4.0
2018-09-17,10.28,1.08,4.0
2018-09-18,10.19,1.08,4.0
2018-09-19,10.03,1.07,4.0
2018-09-20,10.17,1.08,4.0
2018-09-21,10.2,1.08,4.0
2018-09-24,10.34,1.06,4.0
2018-09-25,10.34,1.06,4.0
2018-09-26,10.36,1.07,4.0
2018-09-27,10.35,1.05,4.0
2018-09-28,10.33,1.06,4.0
2018-10-01,10.38,1.05,4.0
2018-10-02,10.37,1.05,4.0
2018-10-03,10.49,1.04,4.0
2018-10-04,10.65,1.05,4.0
2018-10-05,10.8,1.06,4.0
2018-10-08,10.97,1.05,4.0
2018-10-09,10.84,1.03,4.0
2018-10-10,10.96,1.02,4.0
2018-10-11,10.96,1.03,4.0
2018-10-12,10.97,1.01,4.0
2018-10-15,10.88,1.01,4.0
2018-10-16,10.84,1.02,4.0
2018-10-17,10.6,1.02,4.0
2018-10-18,10.67,1.01,4.0
2018-10-19,10.66,1.01,4.0
2018-10-22,10.61,1.01,4.0
2018-10-23,10.77,1.0,4.0
2018-10-24,10.77,1.0,4.0
2018-10-25,10.67,1.0,4.0
2018-10-26,10.68,1.0,4.0
2018-10-29,10.88,1.0,4.0
2018-10-30,10.86,1.0,4.0
2018-10-31,10.95,1.01,4.0
2018-11-01,10.86,1.01,4.0
2018-11-02,10.92,1.0,4.0
2018-11-05,10.94,1.0,4.0
2018-11-06,10.94,0.99,4.0
2018-11-07,10.88,1.0,4.0
2018-11-08,10.85,1.01,4.0
2018-11-09,10.64,1.02,4.0
2018-11-12,10.49,1.02,4.0
2018-11-13,10.34,1.01,4.0
2018-11-14,10.2,1.01,4.0
2018-11-15,10.2,1.02,4.0
2018-11-16,10.18,1.02,4.0
2018-11-19,10.11,1.02,4.0
2018-11-20,10.27,1.03,4.0
2018-11-21,10.28,1.04,4.0
2018-11-22,10.4,1.04,4.0
2018-11-23,10.27,1.04,4.0
2018-11-26,10.35,1.06,4.0
2018-11-27,10.48,1.08,4.0
2018-11-28,10.55,1.07,4.0
2018-11-29,10.52,1.07,4.0
2018-11-30,10.5,1.08,4.0
2018-12-03,10.57,1.08,4.0
2018-12-04,10.59,1.08,4.0
2018-12-05,10.73,1.09,4.0
2018-12-06,10.63,1.08,4.0
2018-12-07,10.75,1.09,4.0
2018-12-10,10.8,1.09,4.0
2018-12-11,10.83,1.1,4.0
2018-12-12,10.81,1.09,4.0
2018-12-13,10.93,1.09,4.0
2018-12-14,10.84,1.07,4.0
2018-12-17,10.72,1.05,4.0
2018-12-18,10.74,1.04,4.0
2018-12-19,10.67,1.05,4.0
2018-12-20,10.72,1.05,4.0
2018-12-21,10.94,1.04,4.0
2018-12-24,10.95,1.04,4.0
2018-12-25,10.97,1.03,4.0
2018-12-26,11.15,1.03,4.0
2018-12-27,11.18,1.04,4.0
2018-12-28,11.29,1.03,4.0
2018-12-31,11.25,1.03,4.0
2019-01-01,11.22,1.03,4.0
2019-01-02,11.14,1.02,4.0
2019-01-03,11.18,1.03,4.0
2019-01-04,11.22,1.04,4.0
2019-01-07,11.3,1.04,4.0
2019-01-08,11.33,1.04,4.0
2019-01-09,11.3,1.04,4.0
2019-01-10,11.34,1.03,4.0
2019-01-11,11.49,1.04,4.0
2019-01-14,11.48,1.04,4.0
2019-01-15,11.31,1.05,4.0
2019-01-16,11.19,1.05,4.0
2019-01-17,11.21,1.05,4.0
2019-01-18,11.11,1.06,4.0
2019-01-21,11.05,1.05,4.0
2019-01-22,10.99,1.04,4.0
2019-01-23,11.04,1.04,4.0
2019-01-24,11.21,1.04,4.0
2019-01-25,11.04,1.04,4.0
2019-01-28,11.16,1.04,4.0
2019-01-29,11.26,1.06,4.0
2019-01-30,11.28,1.05,4.0
2019-01-31,11.25,1.06,4.0
2019-02-01,11.32,1.06,4.0
2019-02-04,11.32,1.06,4.0
2019-02-05,11.29,1.06,4.0
2019-02-06,11.08,1.07,4.0
2019-02-07,11.13,1.08,4.0
2019-02-08,11.28,1.07,4.0
2019-02-11,11.13,1.06,4.0
2019-02-12,11.03,1.07,4.0
2019-02-13,10.98,1.06,4.0
2019-02-14,10.95,1.04,4.0
2019-02-15,10.88,1.05,4.0
2019-02-18,11.04,1.05,4.0
2019-02-19,11.26,1.05,4.0
2019-02-20,11.28,1.05,4.0
2019-02-21,11.2,1.06,4.0
2019-02-22,11.21,1.06,4.0
2019-02-25,11.09,1.06,4.0
2019-02-26,11.07,1.05,4.0
2019-02-27,11.13,1.05,4.0
2019-02-28,11.2,1.05,4.0
2019-03-01,11.27,1.05,4.0
2019-03-04,11.21,1.04,4.0
2019-03-05,11.22,1.04,4.0
2019-03-06,11.18,1.05,4.0
2019-03-07,11.28,1.05,4.0
2019-03-08,11.32,1.05,4.0
2019-03-11,11.5,1.05,4.0
2019-03-12,11.52,1.06,4.0
2019-03-13,11.41,1.05,4.0
2019-03-14,11.26,1.05,4.0
2019-03-15,11.27,1.05,4.0
2019-03-18,11.01,1.05,4.0
2019-03-19,10.98,1.04,4.0
2019-03-20,10.92,1.05,4.0
2019-03-21,10.85,1.03,4.0
2019-03-22,10.88,1.03,4.0
2019-03-25,10.78,1.02,4.0
2019-03-26,10.63,1.02,4.0
2019-03-27,10.71,1.04,4.0
2019-03-28,10.7,1.04,4.0
2019-03-29,10.76,1.05,4.0
2019-04-01,10.8,1.05,4.0
2019-04-02,10.88,1.05,4.0
2019-04-03,10.92,1.05,4.0
2019-04-04,11.0,1.06,4.0
2019-04-05,11.2,1.06,4.0
2019-04-08,11.25,1.05,4.0
2019-04-09,11.31,1.05,4.0
2019-04-10,11.32,1.04,4.0
2019-04-11,11.1,1.04,4.0
2019-04-12,11.09,1.05,4.0
2019-04-15,11.25,1.05,4.0
2019-04-16,11.31,1.05,4.0
2019-04-17,11.25,1.07,4.0
2019-04-18,11.29,1.06,4.0
2019-04-19,11.17,1.07,4.0
2019-04-22,11.25,1.07,4.0
2019-04-23,11.2,1.08,4.0
2019-04-24,11.22,1.08,4.0
2019-04-25,11.11,1.08,4.0
2019-04-26,11.14,1.08,4.0
2019-04-29,10.89,1.08,4.0
2019-04-30,10.86,1.08,4.0
2019-05-01,10.79,1.07,4.0
2019-05-02,10.74,1.08,4.0
2019-05-03,10.38,1.1,4.0
2019-05-06,10.35,1.09,4.0
2019-05-07,10.43,1.09,4.0
2019-05-08,10.37,1.09,4.0
2019-05-09,10.47,1.08,4.0
2019-05-10,10.61,1.09,4.0
2019-05-13,10.68,1.09,4.0
2019-05-14,10.76,1.08,4.0
2019-05-15,10.82,1.09,4.0
2019-05-16,10.9,1.09,4.0
2019-05-17,10.85,1.1,4.0
2019-05-20,10.78,1.1,4.0
2019-05-21,10.71,1.1,4.0
2019-05-22,10.82,1.11,4.0
2019-05-23,10.75,1.11,4.0
2019-05-24,10.75,1.11,4.0
2019-05-27,10.73,1.11,4.0
2019-05-28,10.78,1.11,4.0
2019-05-29,10.88,1.14,4.0
2019-05-30,10.97,1.12,4.0
2019-05-31,10.79,1.11,4.0
2019-06-03,10.86,1.1,4.0
2019-06-04,10.88,1.09,4.0
2019-06-05,10.92,1.09,4.0
2019-06-06,10.91,1.09,4.0
2019-06-07,10.84,1.08,4.0
2019-06-10,10.98,1.08,4.0
2019-06-11,10.97,1.07,4.0
2019-06-12,11.13,1.08,4.0
2019-06-13,11.14,1.08,4.0
2019-06-14,11.15,1.07,4.0
2019-06-17,11.09,1.07,4.0
2019-06-18,11.1,1.07,4.0
2019-06-19,11.22,1.06,4.0
2019-06-20,11.22,1.07,4.0
2019-06-21,11.25,1.07,4.0
2019-06-24,11.45,1.07,4.0
2019-06-25,11.31,1.07,4.0
2019-06-26,11.21,1.07,4.0
2019-06-27,11.25,1.08,4.0
2019-06-28,11.07,1.09,4.0
2019-07-01,11.15,1.08,4.0
2019-07-02,11.07,1.07,4.0
2019-07-03,11.04,1.08,4.0
2019-07-04,11.16,1.09,4.0
2019-07-05,11.03,1.09,4.0
2019-07-08,10.83,1.09,4.0
2019-07-09,10.62,1.1,4.0
2019-07-10,10.69,1.09,4.0
2019-07-11,10.83,1.1,4.0
2019-07-12,10.74,1.12,4.0
2019-07-15,10.9,1.12,4.0
2019-07-16,10.92,1.11,4.0
2019-07-17,10.95,1.11,4.0
2019-07-18,11.08,1.1,4.0
2019-07-19,10.9,1.1,4.0
2019-07-22,11.01,1.11,4.0
2019-07-23,10.82,1.12,4.0
2019-07-24,10.66,1.12,4.0
2019-07-25,10.54,1.12,4.0
2019-07-26,10.65,1.1,4.0
2019-07-29,10.77,1.1,4.0
2019-07-30,10.9,1.09,4.0
2019-07-31,10.92,1.11,4.0
2019-08-01,10.9,1.1,4.0
2019-08-02,10.98,1.09,4.0
2019-08-05,10.99,1.07,4.0
2019-08-06,11.03,1.07,4.0
2019-08-07,11.04,1.04,4.0
2019-08-08,11.05,1.05,4.0
2019-08-09,11.3,1.05,4.0
2019-08-12,11.42,1.05,4.0
2019-08-13,11.47,1.06,4.0
2019-08-14,11.42,1.06,4.0
2019-08-15,11.43,1.06,4.0
2019-08-16,11.54,1.07,4.0
2019-08-19,11.56,1.08,4.0
2019-08-20,11.51,1.07,4.0
2019-08-21,11.31,1.06,4.0
2019-08-22,11.27,1.06,4.0
2019-08-23,11.36,1.07,4.0
2019-08-26,11.22,1.07,4.0
2019-08-27,11.4,1.08,4.0
2019-08-28,11.43,1.07,4.0
2019-08-29,11.59,1.07,4.0
2019-08-30,11.58,1.07,4.0
2019-09-02,11.32,1.07,4.0
2019-09-03,11.28,1.08,4.0
2019-09-04,11.21,1.07,4.0
2019-09-05,11.12,1.07,4.0
2019-09-06,11.19,1.06,4.0
2019-09-09,11.11,1.06,4.0
2019-09-10,10.95,1.06,4.0
2019-09-11,10.9,1.06,4.0
2019-09-12,11.03,1.06,4.0
2019-09-13,11.02,1.07,4.0
2019-09-16,10.94,1.08,4.0
2019-09-17,10.91,1.08,4.0
2019-09-18,11.06,1.08,4.0
2019-09-19,11.14,1.07,4.0
2019-09-20,11.21,1.06,4.0
2019-09-23,11.28,1.07,4.0
2019-09-24,11.1,1.08,4.0
2019-09-25,11.1,1.07,4.0
2019-09-26,11.23,1.07,4.0
2019-09-27,10.99,1.08,4.0
2019-09-30,10.79,1.07,4.0
2019-10-01,10.7,1.09,4.0
2019-10-02,10.64,1.09,4.0
2019-10-03,10.69,1.09,4.0
2019-10-04,10.57,1.09,4.0
2019-10-07,10.68,1.1,4.0
2019-10-08,10.98,1.1,4.0
2019-10-09,10.93,1.11,4.0
2019-10-10,10.79,1.12,4.0
2019-10-11,10.78,1.12,4.0
2019-10-14,10.88,1.12,4.0
2019-10-15,10.92,1.14,4.0
2019-10-16,11.04,1.13,4.0
2019-10-17,11.03,1.13,4.0
2019-10-18,11.09,1.13,4.0
2019-10-21,11.41,1.12,4.0
2019-10-22,11.37,1.11,4.0
2019-10-23,11.37,1.1,4.0
2019-10-24,11.43,1.1,4.0
2019-10-25,11.72,1.1,4.0
2019-10-28,11.82,1.1,4.0
2019-10-29,11.81,1.11,4.0
2019-10-30,11.74,1.11,4.0
2019-10-31,11.89,1.1,4.0
2019-11-01,11.86,1.1,4.0
2019-11-04,12.02,1.1,4.0
2019-11-05,11.97,1.1,4.0
2019-11-06,11.87,1.11,4.0
2019-11-07,11.68,1.11,4.0
2019-11-08,11.74,1.12,4.0
2019-11-11,11.52,1.12,4.0
2019-11-12,11.66,1.12,4.0
2019-11-13,11.49,1.1,4.0
2019-11-14,11.28,1.11,4.0
2019-11-15,11.28,1.12,4.0
2019-11-18,11.41,1.13,4.0
2019-11-19,11.41,1.13,4.0
2019-11-20,11.5,1.14,4.0
2019-11-21,11.54,1.14,4.0
2019-11-22,11.62,1.14,4.0
2019-11-25,11.81,1.15,4.0
2019-11-26,11.71,1.13,4.0
2019-11-27,11.73,1.14,4.0
2019-11-28,11.49,1.13,4.0
2019-11-29,11.65,1.12,4.0
2019-12-02,11.61,1.12,4.0
2019-12-03,11.62,1.1,4.0
2019-12-04,11.58,1.09,4.0
2019-12-05,11.5,1.08,4.0
2019-12-06,11.59,1.08,4.0
2019-12-09,11.66,1.08,4.0
2019-12-10,11.6,1.09,4.0
2019-12-11,11.8,1.11,4.0
2019-12-12,11.89,1.11,4.0
2019-12-13,12.07,1.12,4.0
2019-12-16,11.83,1.12,4.0
2019-12-17,11.74,1.12,4.0
2019-12-18,11.85,1.12,4.0
2019-12-19,11.7,1.13,4.0
2019-12-20,11.64,1.13,4.0
2019-12-23,11.53,1.13,4.0
2019-12-24,11.58,1.13,4.0
2019-12-25,11.54,1.13,4.0
2019-12-26,11.43,1.13,4.0
2019-12-27,11.65,1.13,4.0
2019-12-30,11.73,1.12,4.0
2019-12-31,11.8,1.11,4.0
2020-01-01,11.82,1.12,4.0
2020-01-02,11.91,1.12,4.0
2020-01-03,11.97,1.12,4.0
2020-01-06,11.74,1.12,4.0
2020-01-07,11.97,1.12,4.0
2020-01-08,12.17,1.13,4.0
2020-01-09,12.1,1.12,4.0
2020-01-10,11.89,1.11,4.0
2020-01-13,11.76,1.09,4.0
2020-01-14,11.64,1.09,4.0
2020-01-15,11.68,1.08,4.0
2020-01-16,11.64,1.07,4.0
2020-01-17,11.58,1.06,4.0
2020-01-20,11.67,1.06,4.0
2020-01-21,11.67,1.05,4.0
2020-01-22,11.79,1.07,4.0
2020-01-23,11.79,1.05,4.0
2020-01-24,12.0,1.06,4.0
2020-01-27,12.27,1.07,4.0
2020-01-28,12.28,1.08,4.0
2020-01-29,12.22,1.08,4.0
2020-01-30,12.2,1.09,4.0
2020-01-31,12.31,1.1,4.0
2020-02-03,12.4,1.1,4.0
2020-02-04,12.15,1.11,4.0
2020-02-05,12.21,1.11,4.0
2020-02-06,12.15,1.09,4.0
2020-02-07,12.17,1.1,4.0
2020-02-10,12.16,1.11,4.0
2020-02-11,12.1,1.11,4.0
2020-02-12,11.9,1.11,4.0
2020-02-13,11.71,1.11,4.0
2020-02-14,11.69,1.12,4.0
2020-02-17,11.69,1.11,4.0
2020-02-18,11.7,1.09,4.0
2020-02-19,11.74,1.1,4.0
2020-02-20,11.66,1.11,4.0
2020-02-21,11.5,1.1,4.0
2020-02-24,11.65,1.09,4.0
2020-02-25,11.74,1.09,4.0
2020-02-26,11.66,1.09,4.0
2020-02-27,11.79,1.09,4.0
2020-02-28,11.68,1.1,4.0
2020-03-02,11.77,1.1,4.0
2020-03-03,11.82,1.1,4.0
2020-03-04,11.77,1.11,4.0
2020-03-05,11.85,1.11,4.0
2020-03-06,11.72,1.12,4.0
2020-03-09,11.77,1.12,4.0
2020-03-10,11.79,1.13,4.0
2020-03-11,11.69,1.12,4.0
2020-03-12,11.8,1.14,4.0
2020-03-13,11.97,1.14,4.0
2020-03-16,12.01,1.15,4.0
2020-03-17,12.04,1.15,4.0
2020-03-18,12.02,1.14,4.0
2020-03-19,12.03,1.13,4.0
2020-03-20,11.99,1.13,4.0
2020-03-23,12.04,1.13,4.0
2020-03-24,12.04,1.13,4.0
2020-03-25,12.26,1.15,4.0
2020-03-26,12.25,1.16,4.0
2020-03-27,12.15,1.17,4.0
2020-03-30,11.98,1.16,4.0
2020-03-31,12.13,1.17,4.0
2020-04-01,12.33,1.18,4.0
2020-04-02,12.19,1.17,4.0
2020-04-03,12.29,1.17,4.0
2020-04-06,12.4,1.17,4.0
2020-04-07,12.41,1.16,4.0
2020-04-08,12.29,1.15,4.0
2020-04-09,12.37,1.14,4.0
2020-04-10,12.55,1.16,4.0
2020-04-13,12.76,1.14,4.0
2020-04-14,12.83,1.13,4.0
2020-04-15,12.93,1.11,4.0
2020-04-16,12.7,1.12,4.0
2020-04-17,12.78,1.11,4.0
2020-04-20,12.88,1.12,4.0
2020-04-21,12.84,1.12,4.0
2020-04-22,12.85,1.13,4.0
2020-04-23,12.79,1.12,4.0
2020-04-24,12.6,1.12,4.0
2020-04-27,12.71,1.14,4.0
2020-04-28,12.97,1.15,4.0
2020-04-29,12.86,1.16,4.0
2020-04-30,12.87,1.16,4.0
2020-05-01,12.71,1.16,4.0
2020-05-04,12.78,1.16,4.0
2020-05-05,12.72,1.15,4.0
2020-05-06,12.71,1.15,4.0
2020-05-07,12.86,1.16,4.0
2020-05-08,12.91,1.17,4.0
2020-05-11,12.93,1.15,4.0
2020-05-12,12.82,1.16,4.0
2020-05-13,12.93,1.15,4.0
2020-05-14,12.8,1.15,4.0
2020-05-15,12.99,1.16,4.0
2020-05-18,13.04,1.14,4.0
2020-05-19,12.92,1.13,4.0
2020-05-20,12.74,1.13,4.0
2020-05-21,12.72,1.14,4.0
2020-05-22,12.7,1.13,4.0
2020-05-25,12.82,1.15,4.0
2020-05-26,12.71,1.14,4.0
2020-05-27,12.85,1.15,4.0
2020-05-28,12.54,1.15,4.0
2020-05-29,12.59,1.14,4.0
2020-06-01,12.56,1.15,4.0
2020-06-02,12.61,1.14,4.0
2020-06-03,12.81,1.15,4.0
2020-06-04,12.97,1.16,4.0
2020-06-05,13.04,1.17,4.0
2020-06-08,13.26,1.19,4.0
2020-06-09,13.46,1.19,4.0
2020-06-10,13.66,1.19,4.0
2020-06-11,13.58,1.19,4.0
2020-06-12,13.68,1.19,4.0
2020-06-15,13.8,1.18,4.0
2020-06-16,13.79,1.17,4.0
2020-06-17,13.93,1.19,4.0
2020-06-18,13.92,1.17,4.0
2020-06-19,13.7,1.17,4.0
2020-06-22,13.9,1.16,4.0
2020-06-23,13.81,1.15,4.0
2020-06-24,13.57,1.15,4.0
2020-06-25,14.01,1.14,4.0
2020-06-26,13.85,1.15,4.0
2020-06-29,13.96,1.14,4.0
2020-06-30,13.81,1.13,4.0
2020-07-01,13.75,1.14,4.0
2020-07-02,13.66,1.14,4.0
2020-07-03,13.54,1.17,4.0
2020-07-06,13.7,1.18,4.0
2020-07-07,14.02,1.19,4.0
2020-07-08,14.01,1.18,4.0
2020-07-09,13.76,1.18,4.0
2020-07-10,13.63,1.18,4.0
2020-07-13,13.56,1.17,4.0
2020-07-14,13.59,1.17,4.0
2020-07-15,13.55,1.17,4.0
2020-07-16,13.87,1.18,4.0
2020-07-17,13.86,1.19,4.0
2020-07-20,14.01,1.19,4.0
2020-07-21,13.99,1.18,4.0
2020-07-22,13.99,1.19,4.0
2020-07-23,13.94,1.19,4.0
2020-07-24,13.95,1.19,4.0
2020-07-27,13.91,1.17,4.0
2020-07-28,13.93,1.17,4.0
2020-07-29,13.87,1.17,4.0
2020-07-30,14.2,1.17,4.0
2020-07-31,14.25,1.17,4.0
2020-08-03,14.35,1.17,4.0
2020-08-04,14.32,1.16,4.0
2020-08-05,14.11,1.17,4.0
2020-08-06,13.93,1.16,4.0
2020-08-07,13.92,1.14,4.0
2020-08-10,13.94,1.14,4.0
2020-08-11,14.01,1.13,4.0
2020-08-12,14.05,1.13,4.0
2020-08-13,14.0,1.12,4.0
2020-08-14,14.4,1.12,4.0
2020-08-17,14.47,1.13,4.0
2020-08-18,14.4,1.12,4.0
2020-08-19,14.35,1.12,4.0
2020-08-20,14.46,1.13,4.0
2020-08-21,14.43,1.13,4.0
2020-08-24,14.59,1.14,4.0
2020-08-25,14.58,1.15,4.0
2020-08-26,14.52,1.14,4.0
2020-08-27,14.31,1.15,4.0
2020-08-28,14.47,1.16,4.0
2020-08-31,14.35,1.17,4.0
2020-09-01,14.46,1.16,4.0
2020-09-02,14.38,1.16,4.0
2020-09-03,14.52,1.16,4.0
2020-09-04,14.71,1.15,4.0
2020-09-07,14.62,1.15,4.0
2020-09-08,14.5,1.14,4.0
2020-09-09,14.83,1.12,4.0
2020-09-10,14.89,1.13,4.0
2020-09-11,14.99,1.11,4.0
2020-09-14,14.8,1.13,4.0
2020-09-15,14.66,1.14,4.0
2020-09-16,14.69,1.15,4.0
2020-09-17,14.64,1.17,4.0
2020-09-18,14.5,1.18,4.0
2020-09-21,14.58,1.17,4.0
2020-09-22,14.35,1.17,4.0
2020-09-23,14.42,1.17,4.0
2020-09-24,14.31,1.18,4.0
2020-09-25,14.44,1.19,4.0
2020-09-28,14.5,1.18,4.0
2020-09-29,14.6,1.19,4.0
2020-09-30,14.82,1.19,4.0
2020-10-01,14.73,1.19,4.0
2020-10-02,14.6,1.19,4.0
2020-10-05,14.82,1.17,4.0
2020-10-06,15.08,1.17,4.0
2020-10-07,15.27,1.16,4.0
2020-10-08,14.92,1.16,4.0
2020-10-09,15.01,1.17,4.0
2020-10-12,14.9,1.18,4.0
2020-10-13,15.05,1.19,4.0
2020-10-14,15.02,1.19,4.0
2020-10-15,14.97,1.19,4.0
2020-10-16,14.92,1.2,4.0
2020-10-19,14.87,1.21,4.0
2020-10-20,14.7,1.21,4.0
2020-10-21,14.67,1.22,4.0
2020-10-22,14.71,1.23,4.0
2020-10-23,14.96,1.23,4.0
2020-10-26,15.08,1.24,4.0
2020-10-27,15.05,1.25,4.0
2020-10-28,15.01,1.26,4.0
2020-10-29,14.57,1.25,4.0
2020-10-30,14.55,1.26,4.0
2020-11-02,14.63,1.25,4.0
2020-11-03,14.57,1.26,4.0
2020-11-04,14.53,1.26,4.0
2020-11-05,14.2,1.26,4.0
2020-11-06,14.05,1.26,4.0
2020-11-09,13.97,1.26,4.0
2020-11-10,13.94,1.26,4.0
2020-11-11,13.55,1.26,4.0
2020-11-12,13.62,1.26,4.0
2020-11-13,13.7,1.26,4.0
2020-11-16,13.87,1.24,4.0
2020-11-17,13.89,1.24,4.0
2020-11-18,14.1,1.23,4.0
2020-11-19,14.45,1.21,4.0
2020-11-20,14.29,1.22,4.0
2020-11-23,14.18,1.21,4.0
2020-11-24,14.31,1.2,4.0
2020-11-25,14.46,1.18,4.0
2020-11-26,14.34,1.18,4.0
2020-11-27,14.66,1.16,4.0
2020-11-30,14.59,1.15,4.0
2020-12-01,14.62,1.14,4.0
2020-12-02,14.78,1.15,4.0
2020-12-03,15.05,1.14,4.0
2020-12-04,14.93,1.12,4.0
2020-12-07,15.11,1.14,4.0
2020-12-08,15.13,1.15,4.0
2020-12-09,14.94,1.15,4.0
2020-12-10,14.89,1.15,4.0
2020-12-11,14.75,1.18,4.0
2020-12-14,14.93,1.18,4.0
2020-12-15,14.76,1.18,4.0
2020-12-16,14.88,1.18,4.0
2020-12-17,14.93,1.18,4.0
2020-12-18,15.04,1.17,4.0
2020-12-21,15.11,1.18,4.0
2020-12-22,15.01,1.2,4.0
2020-12-23,15.12,1.21,4.0
2020-12-24,15.18,1.21,4.0
2020-12-25,15.14,1.21,4.0
2020-12-28,15.62,1.19,4.0
2020-12-29,15.45,1.18,4.0
2020-12-30,15.57,1.19,4.0
2020-12-31,15.69,1.2,4.0
2021-01-01,15.66,1.18,4.0
2021-01-04,15.74,1.17,4.0
2021-01-05,15.83,1.16,4.0
2021-01-06,15.84,1.16,4.0
2021-01-07,15.77,1.16,4.0
2021-01-08,15.78,1.15,4.0
2021-01-11,15.73,1.15,4.0
2021-01-12,15.97,1.15,4.0
2021-01-13,16.13,1.16,4.0
2021-01-14,16.15,1.16,4.0
2021-01-15,16.03,1.17,4.0
2021-01-18,16.02,1.15,4.0
2021-01-19,15.94,1.16,4.0
2021-01-20,15.95,1.18,4.0
2021-01-21,15.71,1.18,4.0
2021-01-22,15.65,1.17,4.0
2021-01-25,15.53,1.17,4.0
2021-01-26,15.46,1.16,4.0
2021-01-27,15.81,1.17,4.0
2021-01-28,15.79,1.16,4.0
2021-01-29,15.85,1.17,4.0
2021-02-01,15.87,1.17,4.0
2021-02-02,16.0,1.18,4.0
2021-02-03,15.96,1.17,4.0
2021-02-04,15.9,1.18,4.0
2021-02-05,15.82,1.18,4.0
2021-02-08,15.76,1.18,4.0
2021-02-09,16.05,1.16,4.0
2021-02-10,16.14,1.16,4.0
2021-02-11,16.06,1.18,4.0
2021-02-12,16.23,1.17,4.0
2021-02-15,16.46,1.18,4.0
2021-02-16,16.36,1.18,4.0
2021-02-17,16.33,1.17,4.0
2021-02-18,16.35,1.16,4.0
2021-02-19,16.24,1.18,4.0
2021-02-22,16.21,1.18,4.0
2021-02-23,16.16,1.18,4.0
2021-02-24,16.16,1.17,4.0
2021-02-25,16.7,1.17,4.0
2021-02-26,16.56,1.18,4.0
2021-03-01,16.38,1.19,4.0
2021-03-02,16.57,1.18,4.0
2021-03-03,16.62,1.18,4.0
2021-03-04,16.59,1.2,4.0
2021-03-05,16.75,1.2,4.0
2021-03-08,16.58,1.21,4.0
2021-03-09,16.65,1.2,4.0
2021-03-10,16.64,1.2,4.0
2021-03-11,16.66,1.2,4.0
2021-03-12,16.69,1.2,4.0
2021-03-15,17.13,1.19,4.0
2021-03-16,17.05,1.19,4.0
2021-03-17,16.91,1.2,4.0
2021-03-18,17.01,1.2,4.0
2021-03-19,17.19,1.2,4.0
2021-03-22,16.98,1.2,4.0
2021-03-23,17.06,1.22,4.0
2021-03-24,16.87,1.21,4.0
2021-03-25,16.65,1.21,4.0
2021-03-26,16.64,1.22,4.0
2021-03-29,16.58,1.22,4.0
2021-03-30,16.4,1.23,4.0
2021-03-31,16.3,1.23,4.0
2021-04-01,16.25,1.24,4.0
2021-04-02,16.41,1.23,4.0
2021-04-05,16.31,1.22,4.0
2021-04-06,16.37,1.21,4.0
2021-04-07,16.1,1.22,4.0
2021-04-08,16.13,1.22,4.0
2021-04-09,16.32,1.22,4.0
2021-04-12,16.31,1.22,4.0
2021-04-13,16.46,1.24,4.0
2021-04-14,16.18,1.24,4.0
2021-04-15,16.05,1.24,4.0
2021-04-16,16.22,1.23,4.0
2021-04-19,16.41,1.25,4.0
2021-04-20,16.79,1.25,4.0
2021-04-21,16.95,1.25,4.0
2021-04-22,17.18,1.25,4.0
2021-04-23,17.03,1.24,4.0
2021-04-26,17.08,1.23,4.0
2021-04-27,16.87,1.23,4.0
2021-04-28,17.09,1.24,4.0
2021-04-29,17.07,1.23,4.0
2021-04-30,17.18,1.24,4.0
2021-05-03,16.84,1.24,4.0
2021-05-04,16.44,1.22,4.0
2021-05-05,16.81,1.21,4.0
2021-05-06,17.46,1.2,4.0
2021-05-07,17.54,1.2,4.0
2021-05-10,17.84,1.18,4.0
2021-05-11,17.71,1.19,4.0
2021-05-12,17.44,1.18,4.0
2021-05-13,17.75,1.17,4.0
2021-05-14,17.73,1.18,4.0
2021-05-17,17.72,1.18,4.0
2021-05-18,18.02,1.18,4.0
2021-05-19,17.96,1.18,4.0
2021-05-20,17.75,1.18,4.0
2021-05-21,17.51,1.17,4.0
2021-05-24,17.55,1.16,4.0
2021-05-25,17.73,1.17,4.0
2021-05-26,17.69,1.17,4.0
2021-05-27,17.69,1.18,4.0
2021-05-28,17.56,1.19,4.0
2021-05-31,17.52,1.18,4.0
2021-06-01,17.82,1.18,4.0
2021-06-02,17.81,1.19,4.0
2021-06-03,17.68,1.2,4.0
2021-06-04,17.99,1.2,4.0
2021-06-07,17.97,1.21,4.0
2021-06-08,17.95,1.21,4.0
2021-06-09,17.91,1.2,4.0
2021-06-10,17.63,1.19,4.0
2021-06-11,17.58,1.19,4.0
2021-06-14,17.68,1.19,4.0
2021-06-15,17.62,1.2,4.0
2021-06-16,17.83,1.22,4.0
2021-06-17,17.65,1.22,4.0
2021-06-18,17.7,1.2,4.0
2021-06-21,17.57,1.2,4.0
2021-06-22,17.74,1.19,4.0
2021-06-23,18.0,1.19,4.0
2021-06-24,18.2,1.18,4.0
2021-06-25,18.17,1.19,4.0
2021-06-28,18.1,1.18,4.0
2021-06-29,18.05,1.18,4.0
2021-06-30,17.83,1.18,4.0
2021-07-01,17.96,1.17,4.0
2021-07-02,17.56,1.18,4.0
2021-07-05,17.45,1.18,4.0
2021-07-06,17.73,1.17,4.0
2021-07-07,17.42,1.17,4.0
2021-07-08,17.5,1.18,4.0
2021-07-09,17.62,1.18,4.0
2021-07-12,17.47,1.18,4.0
2021-07-13,17.27,1.19,4.0
2021-07-14,16.97,1.19,4.0
2021-07-15,16.9,1.18,4.0
2021-07-16,16.78,1.19,4.0
2021-07-19,16.51,1.19,4.0
2021-07-20,16.72,1.18,4.0
2021-07-21,16.58,1.18,4.0
2021-07-22,16.69,1.17,4.0
2021-07-23,16.56,1.17,4.0
2021-07-26,16.64,1.17,4.0
2021-07-27,16.7,1.16,4.0
2021-07-28,16.89,1.16,4.0
2021-07-29,16.62,1.17,4.0
2021-07-30,16.5,1.16,4.0
2021-08-02,16.66,1.18,4.0
2021-08-03,16.56,1.18,4.0
2021-08-04,16.51,1.18,4.0
2021-08-05,16.62,1.19,4.0
2021-08-06,16.58,1.19,4.0
2021-08-09,16.58,1.19,4.0
2021-08-10,16.57,1.18,4.0
2021-08-11,16.52,1.18,4.0
2021-08-12,16.3,1.18,4.0
2021-08-13,16.24,1.17,4.0
2021-08-16,16.33,1.18,4.0
2021-08-17,16.29,1.2,4.0
2021-08-18,16.39,1.2,4.0
2021-08-19,16.35,1.18,4.0
2021-08-20,16.45,1.19,4.0
2021-08-23,16.32,1.18,4.0
2021-08-24,16.13,1.19,4.0
2021-08-25,16.3,1.18,4.0
2021-08-26,16.13,1.19,4.0
2021-08-27,16.03,1.18,4.0
2021-08-30,16.03,1.18,4.0
2021-08-31,15.74,1.18,4.0
2021-09-01,15.69,1.18,4.0
2021-09-02,15.62,1.19,4.0
2021-09-03,15.61,1.19,4.0
2021-09-06,15.58,1.18,4.0
2021-09-07,15.54,1.18,4.0
2021-09-08,15.56,1.18,4.0
2021-09-09,15.84,1.18,4.0
2021-09-10,16.25,1.18,4.0
2021-09-13,16.31,1.18,4.0
2021-09-14,16.25,1.18,4.0
2021-09-15,16.1,1.16,4.0
2021-09-16,15.98,1.16,4.0
2021-09-17,15.95,1.15,4.0
2021-09-20,16.12,1.15,4.0
2021-09-21,15.95,1.15,4.0
2021-09-22,16.02,1.17,4.0
2021-09-23,15.94,1.17,4.0
2021-09-24,16.1,1.15,4.0
2021-09-27,16.01,1.15,4.0
2021-09-28,15.88,1.14,4.0
2021-09-29,15.77,1.14,4.0
2021-09-30,16.07,1.14,4.0
2021-10-01,16.05,1.14,4.0
2021-10-04,16.19,1.14,4.0
2021-10-05,16.23,1.14,4.0
2021-10-06,16.31,1.15,4.0
2021-10-07,16.23,1.15,4.0
2021-10-08,16.19,1.13,4.0
2021-10-11,15.97,1.13,4.0
2021-10-12,15.79,1.11,4.0
2021-10-13,15.75,1.11,4.0
2021-10-14,15.7,1.08,4.0
2021-10-15,15.67,1.09,4.0
2021-10-18,15.77,1.07,4.0
2021-10-19,16.06,1.08,4.0
2021-10-20,15.88,1.08,4.0
2021-10-21,15.93,1.07,4.0
2021-10-22,15.81,1.09,4.0
2021-10-25,15.51,1.09,4.0
2021-10-26,15.88,1.08,4.0
2021-10-27,15.85,1.08,4.0
2021-10-28,15.78,1.07,4.0
2021-10-29,15.9,1.07,4.0
2021-11-01,16.24,1.08,4.0
2021-11-02,16.25,1.08,4.0
2021-11-03,16.6,1.08,4.0
2021-11-04,16.54,1.09,4.0
2021-11-05,16.64,1.09,4.0
2021-11-08,16.42,1.09,4.0
2021-11-09,16.24,1.09,4.0
2021-11-10,16.24,1.08,4.0
2021-11-11,16.4,1.06,4.0
2021-11-12,16.27,1.06,4.0
2021-11-15,16.33,1.06,4.0
2021-11-16,16.34,1.05,4.0
2021-11-17,16.24,1.06,4.0
2021-11-18,16.3,1.05,4.0
2021-11-19,16.12,1.06,4.0
2021-11-22,16.21,1.06,4.0
2021-11-23,16.12,1.06,4.0
2021-11-24,16.18,1.06,4.0
2021-11-25,16.16,1.05,4.0
2021-11-26,16.13,1.04,4.0
2021-11-29,15.52,1.05,4.0
2021-11-30,15.42,1.05,4.0
2021-12-01,15.24,1.05,4.0
2021-12-02,15.32,1.05,4.0
2021-12-03,15.27,1.04,4.0
2021-12-06,14.97,1.05,4.0
2021-12-07,15.06,1.05,4.0
2021-12-08,15.03,1.05,4.0
2021-12-09,15.01,1.03,4.0
2021-12-10,15.08,1.03,4.0
2021-12-13,15.08,1.03,4.0
2021-12-14,15.38,1.02,4.0
2021-12-15,15.49,1.02,4.0
2021-12-16,15.47,1.03,4.0
2021-12-17,15.49,1.03,4.0
2021-12-20,15.39,1.05,4.0
2021-12-21,15.28,1.06,4.0
2021-12-22,15.39,1.06,4.0
2021-12-23,15.6,1.05,4.0
2021-12-24,15.53,1.04,4.0
2021-12-27,15.54,1.04,4.0
2021-12-28,15.36,1.04,4.0
2021-12-29,15.42,1.03,4.0
2021-12-30,15.24,1.04,4.0
2021-12-31,15.24,1.03,4.0
2022-01-03,15.25,1.04,4.0
2022-01-04,15.41,1.04,4.0
2022-01-05,15.06,1.04,4.0
2022-01-06,15.27,1.04,4.0
2022-01-07,15.42,1.02,4.0
2022-01-10,15.42,1.02,4.0
2022-01-11,15.32,1.03,4.0
2022-01-12,15.43,1.01,4.0
2022-01-13,15.66,1.0,4.0
2022-01-14,15.56,1.0,4.0
2022-01-17,15.68,0.99,4.0
2022-01-18,15.76,0.99,4.0
2022-01-19,15.87,1.0,4.0
2022-01-20,15.9,1.01,4.0
2022-01-21,15.83,1.01,4.0
2022-01-24,15.54,1.01,4.0
2022-01-25,15.41,1.01,4.0
2022-01-26,15.45,1.02,4.0
2022-01-27,15.36,1.01,4.0
2022-01-28,15.02,1.0,4.0
2022-01-31,14.86,1.0,4.0
2022-02-01,14.67,1.0,4.0
2022-02-02,14.68,0.99,4.0
2022-02-03,14.78,1.0,4.0
2022-02-04,14.78,1.0,4.0
2022-02-07,14.5,1.0,4.0
2022-02-08,14.42,1.01,4.0
2022-02-09,14.25,1.03,4.0
2022-02-10,14.22,1.02,4.0
2022-02-11,14.32,1.01,4.0
2022-02-14,14.28,1.01,4.0
2022-02-15,14.27,1.01,4.0
2022-02-16,14.48,1.02,4.0
2022-02-17,14.33,1.03,4.0
2022-02-18,14.46,1.05,4.0
2022-02-21,14.36,1.04,4.0
2022-02-22,14.69,1.03,4.0
2022-02-23,14.69,1.03,4.0
2022-02-24,14.39,1.02,4.0
2022-02-25,14.31,1.03,4.0
2022-02-28,14.07,1.03,4.0
2022-03-01,14.31,1.04,4.0
2022-03-02,14.18,1.05,4.0
2022-03-03,14.33,1.05,4.0
2022-03-04,14.43,1.04,4.0
2022-03-07,14.19,1.04,4.0
2022-03-08,13.95,1.03,4.0
2022-03-09,14.07,1.02,4.0
2022-03-10,13.99,1.02,4.0
2022-03-11,13.97,1.02,4.0
2022-03-14,13.94,1.01,4.0
2022-03-15,13.51,1.0,4.0
2022-03-16,13.5,1.01,4.0
2022-03-17,13.65,1.0,4.0
2022-03-18,13.4,1.0,4.0
2022-03-21,13.48,1.01,4.0
2022-03-22,13.44,1.02,4.0
2022-03-23,13.28,1.02,4.0
2022-03-24,13.33,1.03,4.0
2022-03-25,13.32,1.03,4.0
2022-03-28,13.47,1.01,4.0
2022-03-29,13.39,1.03,4.0
2022-03-30,13.55,1.03,4.0
2022-03-31,13.53,1.04,4.0
2022-04-01,13.58,1.04,4.0
2022-04-04,13.48,1.02,4.0
2022-04-05,13.33,1.01,4.0
2022-04-06,13.45,1.02,4.0
2022-04-07,13.42,1.0,4.0
2022-04-08,13.36,1.0,4.0
2022-04-11,13.45,1.0,4.0
2022-04-12,13.62,1.0,4.0
2022-04-13,13.52,1.01,4.0
2022-04-14,13.71,1.0,4.0
2022-04-15,13.57,0.99,4.0
2022-04-18,13.53,0.99,4.0
2022-04-19,13.61,1.0,4.0
2022-04-20,13.12,1.0,4.0
2022-04-21,12.98,1.0,4.0
2022-04-22,12.92,0.99,4.0
2022-04-25,12.92,0.99,4.0
2022-04-26,12.91,0.98,4.0
2022-04-27,12.58,0.98,4.0
2022-04-28,12.54,0.97,4.0
2022-04-29,12.35,0.95,4.0
2022-05-02,12.25,0.96,4.0
2022-05-03,12.23,0.96,4.0
2022-05-04,12.27,0.98,4.0
2022-05-05,12.23,0.97,4.0
2022-05-06,12.26,0.97,4.0
2022-05-09,12.17,0.98,4.0
2022-05-10,12.24,0.98,4.0
2022-05-11,12.08,0.98,4.0
2022-05-12,12.1,0.98,4.0
2022-05-13,11.97,0.99,4.0
2022-05-16,11.92,0.98,4.0
2022-05-17,11.97,0.98,4.0
2022-05-18,11.88,0.98,4.0
2022-05-19,11.89,0.99,4.0
2022-05-20,11.87,0.99,4.0
2022-05-23,12.12,0.98,4.0
2022-05-24,12.18,0.98,4.0
2022-05-25,12.24,0.98,4.0
2022-05-26,12.14,0.97,4.0
2022-05-27,11.83,0.98,4.0
2022-05-30,11.74,0.98,4.0
2022-05-31,11.56,0.98,4.0
2022-06-01,11.63,0.99,4.0
2022-06-02,11.69,0.99,4.0
2022-06-03,11.74,0.99,4.0
2022-06-06,11.72,0.97,4.0
2022-06-07,11.63,0.97,4.0
2022-06-08,11.56,0.97,4.0
2022-06-09,11.63,0.96,4.0
2022-06-10,11.9,0.97,4.0
2022-06-13,11.9,0.96,4.0
2022-06-14,11.95,0.96,4.0
2022-06-15,12.19,0.95,4.0
2022-06-16,12.17,0.96,4.0
2022-06-17,12.04,0.96,4.0
2022-06-20,12.05,0.95,4.0
2022-06-21,12.24,0.94,4.0
2022-06-22,12.33,0.93,4.0
2022-06-23,12.33,0.94,4.0
2022-06-24,12.08,0.94,4.0
2022-06-27,11.85,0.96,4.0
2022-06-28,11.89,0.95,4.0
2022-06-29,11.84,0.94,4.0
2022-06-30,11.82,0.94,4.0
2022-07-01,11.93,0.96,4.0
2022-07-04,11.74,0.96,4.0
2022-07-05,11.66,0.95,4.0
2022-07-06,11.81,0.95,4.0
2022-07-07,11.65,0.94,4.0
2022-07-08,11.79,0.95,4.0
2022-07-11,11.79,0.94,4.0
2022-07-12,11.77,0.94,4.0
2022-07-13,11.77,0.94,4.0
2022-07-14,11.81,0.94,4.0
2022-07-15,11.87,0.94,4.0
2022-07-18,11.58,0.92,4.0
2022-07-19,11.72,0.93,4.0
2022-07-20,11.74,0.92,4.0
2022-07-21,11.86,0.93,4.0
2022-07-22,11.89,0.93,4.0
2022-07-25,12.09,0.93,4.0
2022-07-26,11.97,0.93,4.0
2022-07-27,12.13,0.93,4.0
2022-07-28,11.98,0.92,4.0
2022-07-29,12.01,0.92,4.0
2022-08-01,12.08,0.9,4.0
2022-08-02,12.04,0.9,4.0
2022-08-03,11.77,0.91,4.0
2022-08-04,11.76,0.92,4.0
2022-08-05,11.68,0.91,4.0
2022-08-08,11.73,0.9,4.0
2022-08-09,11.59,0.89,4.0
2022-08-10,11.51,0.89,4.0
2022-08-11,11.41,0.9,4.0
2022-08-12,11.36,0.89,4.0
2022-08-15,11.33,0.87,4.0
2022-08-16,11.38,0.88,4.0
2022-08-17,11.41,0.88,4.0
2022-08-18,11.25,0.88,4.0
2022-08-19,11.14,0.89,4.0
2022-08-22,11.03,0.89,4.0
2022-08-23,10.99,0.9,4.0
2022-08-24,10.89,0.89,4.0
2022-08-25,10.81,0.88,4.0
2022-08-26,10.96,0.87,4.0
2022-08-29,10.96,0.87,4.0
2022-08-30,10.83,0.87,4.0
2022-08-31,10.87,0.88,4.0
2022-09-01,10.83,0.88,4.0
2022-09-02,11.03,0.88,4.0
2022-09-05,10.92,0.88,4.0
2022-09-06,10.85,0.87,4.0
2022-09-07,10.81,0.87,4.0
2022-09-08,10.69,0.87,4.0
2022-09-09,10.74,0.88,4.0
2022-09-12,10.71,0.88,4.0
2022-09-13,10.74,0.88,4.0
2022-09-14,10.74,0.89,4.0
2022-09-15,10.75,0.9,4.0
2022-09-16,10.92,0.88,4.0
2022-09-19,10.93,0.87,4.0
2022-09-20,10.71,0.86,4.0
2022-09-21,10.73,0.87,4.0
2022-09-22,10.84,0.87,4.0
2022-09-23,10.58,0.87,4.0
2022-09-26,10.41,0.87,4.0
2022-09-27,10.48,0.87,4.0
2022-09-28,10.58,0.87,4.0
2022-09-29,10.58,0.86,4.0
2022-09-30,10.62,0.86,4.0
2022-10-03,10.71,0.86,4.0
2022-10-04,10.64,0.85,4.0
2022-10-05,10.52,0.85,4.0
2022-10-06,10.48,0.83,4.0
2022-10-07,10.48,0.84,4.0
2022-10-10,10.47,0.83,4.0
2022-10-11,10.54,0.82,4.0
2022-10-12,10.69,0.83,4.0
2022-10-13,10.68,0.82,4.0
2022-10-14,10.52,0.81,4.0
2022-10-17,10.39,0.82,4.0
2022-10-18,10.39,0.82,4.0
2022-10-19,10.52,0.84,4.0
2022-10-20,10.56,0.83,4.0
2022-10-21,10.44,0.82,4.0
2022-10-24,10.32,0.82,4.0
2022-10-25,10.27,0.83,4.0
2022-10-26,10.26,0.81,4.0
2022-10-27,10.22,0.81,4.0
2022-10-28,10.11,0.82,4.0
2022-10-31,9.99,0.82,4.0
2022-11-01,9.99,0.82,4.0
2022-11-02,10.0,0.82,4.0
2022-11-03,9.89,0.82,4.0
2022-11-04,9.92,0.81,4.0
2022-11-07,10.07,0.81,4.0
2022-11-08,10.07,0.81,4.0
2022-11-09,10.08,0.81,4.0
2022-11-10,9.92,0.83,4.0
2022-11-11,10.0,0.83,4.0
2022-11-14,9.95,0.83,4.0
2022-11-15,10.06,0.84,4.0
2022-11-16,10.24,0.83,4.0
2022-11-17,10.17,0.84,4.0
2022-11-18,10.1,0.84,4.0
2022-11-21,10.15,0.84,4.0
2022-11-22,10.02,0.84,4.0
2022-11-23,10.03,0.84,4.0
2022-11-24,10.01,0.85,4.0
2022-11-25,10.0,0.84,4.0
2022-11-28,9.81,0.84,4.0
2022-11-29,9.87,0.84,4.0
2022-11-30,10.13,0.85,4.0
2022-12-01,10.09,0.84,4.0
2022-12-02,9.94,0.84,4.0
2022-12-05,10.04,0.83,4.0
2022-12-06,9.95,0.84,4.0
2022-12-07,9.96,0.85,4.0
2022-12-08,9.9,0.85,4.0
2022-12-09,9.77,0.84,4.0
2022-12-12,9.82,0.84,4.0
2022-12-13,9.76,0.84,4.0
2022-12-14,9.62,0.85,4.0
2022-12-15,9.68,0.84,4.0
2022-12-16,9.99,0.85,4.0
2022-12-19,10.1,0.85,4.0
2022-12-20,10.1,0.85,4.0
2022-12-21,10.41,0.83,4.0
2022-12-22,10.22,0.85,4.0
2022-12-23,10.27,0.85,4.0
2022-12-26,10.45,0.83,4.0
2022-12-27,10.34,0.84,4.0
2022-12-28,10.36,0.82,4.0
2022-12-29,10.28,0.84,4.0
2022-12-30,10.24,0.84,4.0
2023-01-02,10.28,0.84,4.0
2023-01-03,10.1,0.84,4.0
2023-01-04,10.0,0.84,4.0
2023-01-05,10.01,0.85,4.0
2023-01-06,9.84,0.85,4.0
2023-01-09,9.83,0.85,4.0
2023-01-10,9.69,0.84,4.0
2023-01-11,9.57,0.84,4.0
2023-01-12,9.69,0.84,4.0
2023-01-13,9.73,0.84,4.0
2023-01-16,9.73,0.83,4.0
2023-01-17,9.71,0.85,4.0
2023-01-18,9.77,0.85,4.0
2023-01-19,9.74,0.84,4.0
2023-01-20,9.69,0.84,4.0
2023-01-23,9.82,0.85,4.0
2023-01-24,9.78,0.85,4.0
2023-01-25,9.94,0.84,4.0
2023-01-26,9.9,0.84,4.0
2023-01-27,9.99,0.84,4.0
2023-01-30,10.03,0.85,4.0
2023-01-31,10.1,0.85,4.0
2023-02-01,10.13,0.85,4.0
2023-02-02,10.21,0.84,4.0
2023-02-03,10.36,0.86,4.0
2023-02-06,10.27,0.87,4.0
2023-02-07,10.42,0.87,4.0
2023-02-08,10.38,0.87,4.0
2023-02-09,10.19,0.87,4.0
2023-02-10,10.26,0.87,4.0
2023-02-13,10.35,0.86,4.0
2023-02-14,10.4,0.86,4.0
2023-02-15,10.36,0.85,4.0
2023-02-16,10.26,0.86,4.0
2023-02-17,10.2,0.87,4.0
2023-02-20,10.23,0.87,4.0
2023-02-21,10.2,0.87,4.0
2023-02-22,10.1,0.87,4.0
2023-02-23,10.08,0.87,4.0
2023-02-24,10.01,0.87,4.0
2023-02-27,9.96,0.88,4.0
2023-02-28,10.05,0.87,4.0
2023-03-01,9.94,0.88,4.0
2023-03-02,9.99,0.88,4.0
2023-03-03,9.95,0.88,4.0
2023-03-06,10.0,0.88,4.0
2023-03-07,9.92,0.87,4.0
2023-03-08,9.92,0.86,4.0
2023-03-09,9.85,0.86,4.0
2023-03-10,9.91,0.86,4.0
2023-03-13,9.74,0.85,4.0
2023-03-14,9.76,0.86,4.0
2023-03-15,9.65,0.86,4.0
2023-03-16,9.62,0.85,4.0
2023-03-17,9.62,0.86,4.0
2023-03-20,9.73,0.87,4.0
2023-03-21,9.59,0.87,4.0
2023-03-22,9.43,0.86,4.0
2023-03-23,9.59,0.85,4.0
2023-03-24,9.59,0.84,4.0
2023-03-27,9.45,0.85,4.0
2023-03-28,9.45,0.85,4.0
2023-03-29,9.45,0.85,4.0
2023-03-30,9.43,0.86,4.0
2023-03-31,9.5,0.86,4.0
2023-04-03,9.37,0.86,4.0
2023-04-04,9.42,0.86,4.0
2023-04-05,9.42,0.85,4.0
2023-04-06,9.46,0.84,4.0
2023-04-07,9.6,0.83,4.0
2023-04-10,9.74,0.84,4.0
2023-04-11,9.94,0.84,4.0
2023-04-12,9.76,0.86,4.0
2023-04-13,9.82,0.86,4.0
2023-04-14,9.93,0.86,4.0
2023-04-17,9.89,0.85,4.0
2023-04-18,9.91,0.86,4.0
2023-04-19,10.07,0.87,4.0
2023-04-20,10.06,0.86,4.0
2023-04-21,10.21,0.86,4.0
2023-04-24,10.22,0.87,4.0
2023-04-25,10.27,0.86,4.0
2023-04-26,10.37,0.85,4.0
2023-04-27,10.26,0.85,4.0
2023-04-28,10.31,0.86,4.0
2023-05-01,10.27,0.85,4.0
2023-05-02,10.4,0.85,4.0
2023-05-03,10.37,0.87,4.0
2023-05-04,10.33,0.88,4.0
2023-05-05,10.25,0.88,4.0
2023-05-08,10.26,0.87,4.0
2023-05-09,10.32,0.88,4.0
2023-05-10,10.33,0.87,4.0
2023-05-11,10.57,0.87,4.0
2023-05-12,10.52,0.86,4.0
2023-05-15,10.43,0.87,4.0
2023-05-16,10.42,0.85,4.0
2023-05-17,10.46,0.87,4.0
2023-05-18,10.32,0.87,4.0
2023-05-19,10.47,0.88,4.0
2023-05-22,10.45,0.89,4.0
2023-05-23,10.63,0.89,4.0
2023-05-24,10.76,0.89,4.0
2023-05-25,10.81,0.89,4.0
2023-05-26,10.8,0.88,4.0
2023-05-29,10.68,0.89,4.0
2023-05-30,10.61,0.89,4.0
2023-05-31,10.49,0.89,4.0
2023-06-01,10.37,0.89,4.0
2023-06-02,10.41,0.89,4.0
2023-06-05,10.45,0.88,4.0
2023-06-06,10.29,0.88,4.0
2023-06-07,10.25,0.89,4.0
2023-06-08,10.18,0.88,4.0
2023-06-09,10.35,0.88,4.0
2023-06-12,10.14,0.88,4.0
2023-06-13,10.37,0.88,4.0
2023-06-14,10.43,0.88,4.0
2023-06-15,10.17,0.88,4.0
2023-06-16,10.12,0.89,4.0
2023-06-19,10.19,0.88,4.0
2023-06-20,10.14,0.87,4.0
2023-06-21,10.13,0.87,4.0
2023-06-22,10.39,0.87,4.0
2023-06-23,10.36,0.86,4.0
2023-06-26,10.26,0.86,4.0
2023-06-27,10.37,0.87,4.0
2023-06-28,10.23,0.87,4.0
2023-06-29,10.32,0.87,4.0
2023-06-30,10.4,0.87,4.0
2023-07-03,10.6,0.87,4.0
2023-07-04,10.65,0.88,4.0
2023-07-05,10.62,0.88,4.0
2023-07-06,10.61,0.88,4.0
2023-07-07,10.84,0.88,4.0
2023-07-10,10.84,0.88,4.0
2023-07-11,10.8,0.88,4.0
2023-07-12,10.79,0.87,4.0
2023-07-13,10.83,0.88,4.0
2023-07-14,10.78,0.87,4.0
2023-07-17,10.66,0.87,4.0
2023-07-18,10.59,0.87,4.0
2023-07-19,10.5,0.86,4.0
2023-07-20,10.49,0.87,4.0
2023-07-21,10.43,0.88,4.0
2023-07-24,10.43,0.88,4.0
2023-07-25,10.42,0.87,4.0
2023-07-26,10.46,0.87,4.0
2023-07-27,10.37,0.88,4.0
2023-07-28,10.56,0.89,4.0
2023-07-31,10.7,0.88,4.0
2023-08-01,10.75,0.89,4.0
2023-08-02,10.83,0.89,4.0
2023-08-03,10.7,0.9,4.0
2023-08-04,10.63,0.9,4.0
2023-08-07,10.59,0.9,4.0
2023-08-08,10.44,0.89,4.0
2023-08-09,10.41,0.9,4.0
2023-08-10,10.67,0.9,4.0
2023-08-11,10.68,0.9,4.0
2023-08-14,10.85,0.91,4.0
2023-08-15,10.99,0.91,4.0
2023-08-16,10.88,0.91,4.0
2023-08-17,10.87,0.89,4.0
2023-08-18,10.82,0.89,4.0
2023-08-21,10.92,0.89,4.0
2023-08-22,10.96,0.89,4.0
2023-08-23,11.12,0.89,4.0
2023-08-24,11.12,0.9,4.0
2023-08-25,11.19,0.9,4.0
2023-08-28,11.1,0.9,4.0
2023-08-29,10.93,0.9,4.0
2023-08-30,10.99,0.91,4.0
2023-08-31,10.99,0.91,4.0
2023-09-01,11.03,0.9,4.0
2023-09-04,11.17,0.9,4.0
2023-09-05,11.19,0.9,4.0
2023-09-06,11.25,0.91,4.0
2023-09-07,11.34,0.92,4.0
2023-09-08,11.29,0.92,4.0
2023-09-11,11.2,0.92,4.0
2023-09-12,11.39,0.93,4.0
2023-09-13,11.4,0.91,4.0
2023-09-14,11.4,0.9,4.0
2023-09-15,11.26,0.91,4.0
2023-09-18,11.27,0.9,4.0
2023-09-19,11.28,0.9,4.0
2023-09-20,11.15,0.9,4.0
2023-09-21,11.21,0.91,4.0
2023-09-22,11.16,0.9,4.0
2023-09-25,10.91,0.91,4.0
2023-09-26,10.85,0.92,4.0
2023-09-27,10.95,0.93,4.0
2023-09-28,10.84,0.92,4.0
2023-09-29,11.1,0.92,4.0
2023-10-02,11.14,0.91,4.0
2023-10-03,11.36,0.92,4.0
2023-10-04,11.22,0.93,4.0
2023-10-05,11.06,0.92,4.0
2023-10-06,11.03,0.91,4.0
2023-10-09,10.88,0.9,4.0
2023-10-10,10.83,0.92,4.0
2023-10-11,11.0,0.91,4.0
2023-10-12,10.96,0.92,4.0
2023-10-13,10.78,0.91,4.0
2023-10-16,10.82,0.91,4.0
2023-10-17,10.96,0.9,4.0
2023-10-18,10.75,0.9,4.0
2023-10-19,10.61,0.9,4.0
2023-10-20,10.63,0.89,4.0
2023-10-23,10.51,0.9,4.0
2023-10-24,10.51,0.91,4.0
2023-10-25,10.68,0.91,4.0
2023-10-26,10.65,0.9,4.0
2023-10-27,10.71,0.89,4.0
2023-10-30,10.78,0.88,4.0
2023-10-31,10.7,0.9,4.0
2023-11-01,10.59,0.9,4.0
2023-11-02,10.71,0.91,4.0
2023-11-03,10.72,0.91,4.0
2023-11-06,10.76,0.9,4.0
2023-11-07,10.76,0.9,4.0
2023-11-08,10.75,0.89,4.0
2023-11-09,10.78,0.89,4.0
2023-11-10,10.66,0.89,4.0
2023-11-13,10.72,0.88,4.0
2023-11-14,10.62,0.9,4.0
2023-11-15,10.88,0.89,4.0
2023-11-16,10.95,0.9,4.0
2023-11-17,10.98,0.9,4.0
2023-11-20,10.86,0.9,4.0
2023-11-21,10.99,0.9,4.0
2023-11-22,10.93,0.89,4.0
2023-11-23,10.99,0.89,4.0
2023-11-24,10.92,0.9,4.0
2023-11-27,10.71,0.91,4.0
2023-11-28,10.89,0.9,4.0
2023-11-29,10.96,0.9,4.0
2023-11-30,10.91,0.9,4.0
2023-12-01,11.13,0.9,4.0
2023-12-04,11.12,0.9,4.0
2023-12-05,11.24,0.9,4.0
2023-12-06,11.05,0.91,4.0
2023-12-07,11.01,0.92,4.0
2023-12-08,10.97,0.91,4.0
2023-12-11,10.87,0.89,4.0
2023-12-12,10.78,0.89,4.0
2023-12-13,10.8,0.88,4.0
2023-12-14,10.79,0.9,4.0
2023-12-15,10.78,0.9,4.0
2023-12-18,10.73,0.89,4.0
2023-12-19,10.86,0.88,4.0
2023-12-20,10.73,0.9,4.0
2023-12-21,10.74,0.91,4.0
2023-12-22,10.71,0.9,4.0
2023-12-25,10.67,0.9,4.0
2023-12-26,10.44,0.9,4.0
2023-12-27,10.47,0.9,4.0
2023-12-28,10.43,0.89,4.0
2023-12-29,10.48,0.89,4.0
2024-01-01,10.85,0.88,4.0
2024-01-02,10.88,0.89,4.0
2024-01-03,10.93,0.88,4.0
2024-01-04,10.85,0.89,4.0
2024-01-05,10.88,0.89,4.0
2024-01-08,10.88,0.88,4.0
2024-01-09,10.79,0.87,4.0
2024-01-10,10.7,0.87,4.0
2024-01-11,10.77,0.87,4.0
2024-01-12,10.71,0.86,4.0
2024-01-15,10.63,0.86,4.0
2024-01-16,10.79,0.87,4.0
2024-01-17,10.97,0.86,4.0
2024-01-18,10.87,0.87,4.0
2024-01-19,11.0,0.87,4.0
2024-01-22,10.82,0.87,4.0
2024-01-23,10.73,0.86,4.0
2024-01-24,10.61,0.86,4.0
2024-01-25,10.58,0.86,4.0
2024-01-26,10.6,0.85,4.0
2024-01-29,10.49,0.86,4.0
2024-01-30,10.47,0.86,4.0
2024-01-31,10.39,0.86,4.0
2024-02-01,10.45,0.86,4.0
2024-02-02,10.5,0.86,4.0
2024-02-05,10.68,0.88,4.0
2024-02-06,10.51,0.88,4.0
2024-02-07,10.66,0.87,4.0
2024-02-08,10.81,0.87,4.0
2024-02-09,10.76,0.87,4.0
2024-02-12,10.74,0.87,4.0
2024-02-13,10.79,0.88,4.0
2024-02-14,10.92,0.88,4.0
2024-02-15,10.7,0.88,4.0
2024-02-16,10.67,0.87,4.0
2024-02-19,10.74,0.88,4.0
2024-02-20,10.77,0.87,4.0
2024-02-21,10.79,0.88,4.0
2024-02-22,10.62,0.87,4.0
2024-02-23,10.59,0.87,4.0
2024-02-26,10.58,0.88,4.0
2024-02-27,10.51,0.89,4.0
2024-02-28,10.66,0.89,4.0
2024-02-29,10.64,0.9,4.0
2024-03-01,10.58,0.9,4.0
2024-03-04,10.83,0.9,4.0
2024-03-05,10.89,0.9,4.0
2024-03-06,10.92,0.9,4.0
2024-03-07,10.92,0.89,4.0
2024-03-08,10.85,0.88,4.0
2024-03-11,10.78,0.88,4.0
2024-03-12,10.67,0.86,4.0
2024-03-13,10.66,0.86,4.0
2024-03-14,10.51,0.87,4.0
2024-03-15,10.65,0.88,4.0
2024-03-18,10.6,0.88,4.0
2024-03-19,10.72,0.87,4.0
2024-03-20,10.65,0.89,4.0
2024-03-21,10.72,0.9,4.0
2024-03-22,10.59,0.89,4.0
2024-03-25,10.55,0.91,4.0
2024-03-26,10.53,0.92,4.0
2024-03-27,10.59,0.91,4.0
2024-03-28,10.48,0.91,4.0
2024-03-29,10.67,0.91,4.0
2024-04-01,10.7,0.9,4.0
2024-04-02,10.72,0.89,4.0
2024-04-03,10.58,0.9,4.0
2024-04-04,10.65,0.9,4.0
2024-04-05,10.8,0.92,4.0
2024-04-08,10.72,0.92,4.0
2024-04-09,10.67,0.91,4.0
2024-04-10,10.67,0.9,4.0
2024-04-11,10.66,0.9,4.0
2024-04-12,10.59,0.9,4.0
2024-04-15,10.67,0.89,4.0
2024-04-16,10.83,0.9,4.0
2024-04-17,10.84,0.91,4.0
2024-04-18,10.76,0.91,4.0
2024-04-19,10.66,0.9,4.0
2024-04-22,10.96,0.9,4.0
2024-04-23,10.93,0.89,4.0
2024-04-24,11.0,0.88,4.0
2024-04-25,10.82,0.9,4.0
2024-04-26,10.76,0.88,4.0
2024-04-29,10.91,0.9,4.0
2024-04-30,10.83,0.9,4.0
2024-05-01,10.76,0.9,4.0
2024-05-02,10.83,0.89,4.0
2024-05-03,10.77,0.9,4.0
2024-05-06,10.86,0.89,4.0
2024-05-07,10.81,0.89,4.0
2024-05-08,10.82,0.89,4.0
2024-05-09,10.92,0.9,4.0
2024-05-10,10.89,0.91,4.0
2024-05-13,10.77,0.91,4.0
2024-05-14,10.75,0.91,4.0
2024-05-15,10.66,0.91,4.0
2024-05-16,10.64,0.91,4.0
2024-05-17,10.67,0.9,4.0
2024-05-20,10.71,0.91,4.0
2024-05-21,10.84,0.9,4.0
2024-05-22,10.78,0.9,4.0
2024-05-23,10.8,0.9,4.0
2024-05-24,10.98,0.92,4.0
2024-05-27,11.04,0.9,4.0
2024-05-28,11.16,0.89,4.0
2024-05-29,11.16,0.89,4.0
2024-05-30,11.26,0.9,4.0
2024-05-31,11.25,0.89,4.0
2024-06-03,11.09,0.9,4.0
2024-06-04,11.18,0.9,4.0
2024-06-05,11.23,0.9,4.0
2024-06-06,11.24,0.9,4.0
2024-06-07,11.14,0.9,4.0
2024-06-10,11.33,0.91,4.0
2024-06-11,11.42,0.91,4.0
2024-06-12,11.35,0.92,4.0
2024-06-13,11.51,0.92,4.0
2024-06-14,11.66,0.91,4.0
2024-06-17,11.63,0.91,4.0
2024-06-18,11.52,0.9,4.0
2024-06-19,11.56,0.89,4.0
2024-06-20,11.53,0.89,4.0
2024-06-21,11.83,0.89,4.0
2024-06-24,11.7,0.9,4.0
2024-06-25,11.86,0.9,4.0
2024-06-26,11.79,0.9,4.0
2024-06-27,11.74,0.9,4.0
2024-06-28,11.63,0.9,4.0
2024-07-01,11.64,0.91,4.0
2024-07-02,11.53,0.92,4.0
2024-07-03,11.5,0.93,4.0
2024-07-04,11.35,0.93,4.0
2024-07-05,11.13,0.94,4.0
2024-07-08,11.12,0.94,4.0
2024-07-09,11.28,0.95,4.0
2024-07-10,11.32,0.95,4.0
2024-07-11,11.3,0.95,4.0
2024-07-12,11.61,0.94,4.0
2024-07-15,11.34,0.94,4.0
2024-07-16,11.37,0.94,4.0
2024-07-17,11.28,0.93,4.0
2024-07-18,11.29,0.94,4.0
2024-07-19,11.21,0.94,4.0
2024-07-22,11.15,0.93,4.0
2024-07-23,11.19,0.94,4.0
2024-07-24,11.18,0.94,4.0
2024-07-25,11.11,0.95,4.0
2024-07-26,10.98,0.94,4.0
2024-07-29,11.09,0.95,4.0
2024-07-30,11.08,0.95,4.0
2024-07-31,10.96,0.95,4.0
2024-08-01,10.79,0.95,4.0
2024-08-02,10.85,0.95,4.0
2024-08-05,10.85,0.95,4.0
2024-08-06,10.9,0.94,4.0
2024-08-07,11.22,0.96,4.0
2024-08-08,11.33,0.97,4.0
2024-08-09,11.33,0.97,4.0
2024-08-12,11.15,0.97,4.0
2024-08-13,11.35,0.97,4.0
2024-08-14,11.37,0.96,4.0
2024-08-15,11.65,0.97,4.0
2024-08-16,11.55,0.96,4.0
2024-08-19,11.41,0.96,4.0
2024-08-20,11.58,0.95,4.0
2024-08-21,11.6,0.95,4.0
2024-08-22,11.74,0.95,4.0
2024-08-23,11.59,0.95,4.0
2024-08-26,11.45,0.95,4.0
2024-08-27,11.34,0.95,4.0
2024-08-28,11.03,0.94,4.0
2024-08-29,10.99,0.94,4.0
2024-08-30,10.8,0.93,4.0
2024-09-02,10.85,0.93,4.0
2024-09-03,10.88,0.93,4.0
2024-09-04,10.81,0.93,4.0
2024-09-05,10.9,0.93,4.0
2024-09-06,10.95,0.93,4.0
2024-09-09,11.14,0.93,4.0
2024-09-10,11.38,0.94,4.0
2024-09-11,11.4,0.94,4.0
2024-09-12,11.46,0.92,4.0
2024-09-13,11.53,0.92,4.0
2024-09-16,11.76,0.92,4.0
2024-09-17,11.59,0.92,4.0
2024-09-18,11.53,0.92,4.0
2024-09-19,11.37,0.92,4.0
2024-09-20,11.31,0.93,4.0
2024-09-23,11.28,0.92,4.0
2024-09-24,11.2,0.92,4.0
2024-09-25,11.27,0.9,4.0
2024-09-26,11.34,0.91,4.0
2024-09-27,11.35,0.91,4.0
2024-09-30,11.41,0.9,4.0
2024-10-01,11.62,0.9,4.0
2024-10-02,11.67,0.9,4.0
2024-10-03,11.51,0.91,4.0
2024-10-04,11.42,0.91,4.0
2024-10-07,11.34,0.9,4.0
2024-10-08,11.52,0.91,4.0
2024-10-09,11.46,0.92,4.0
2024-10-10,11.35,0.91,4.0
2024-10-11,11.24,0.92,4.0
2024-10-14,11.19,0.91,4.0
2024-10-15,11.14,0.92,4.0
2024-10-16,11.08,0.92,4.0
2024-10-17,11.21,0.91,4.0
2024-10-18,11.2,0.9,4.0
2024-10-21,11.22,0.9,4.0
2024-10-22,11.33,0.9,4.0
2024-10-23,11.44,0.88,4.0
2024-10-24,11.38,0.88,4.0
2024-10-25,11.54,0.87,4.0
2024-10-28,11.54,0.87,4.0
2024-10-29,11.48,0.86,4.0
2024-10-30,11.6,0.85,4.0
2024-10-31,11.65,0.86,4.0
2024-11-01,11.68,0.87,4.0
2024-11-04,11.65,0.87,4.0
2024-11-05,11.65,0.87,4.0
2024-11-06,11.57,0.86,4.0
2024-11-07,11.55,0.88,4.0
2024-11-08,11.51,0.89,4.0
2024-11-11,11.55,0.89,4.0
2024-11-12,11.74,0.89,4.0
2024-11-13,11.72,0.87,4.0
2024-11-14,11.81,0.87,4.0
2024-11-15,11.82,0.88,4.0
2024-11-18,11.95,0.89,4.0
2024-11-19,12.14,0.89,4.0
2024-11-20,12.06,0.88,4.0
2024-11-21,11.84,0.89,4.0
2024-11-22,11.69,0.88,4.0
2024-11-25,11.82,0.9,4.0
2024-11-26,11.85,0.9,4.0
2024-11-27,11.73,0.91,4.0
2024-11-28,11.92,0.91,4.0
2024-11-29,11.87,0.9,4.0
2024-12-02,11.83,0.9,4.0
2024-12-03,11.79,0.92,4.0
2024-12-04,11.94,0.91,4.0
2024-12-05,11.84,0.91,4.0
2024-12-06,11.99,0.91,4.0
2024-12-09,12.05,0.91,4.0
2024-12-10,12.2,0.92,4.0
2024-12-11,12.26,0.93,4.0
2024-12-12,12.28,0.93,4.0
2024-12-13,12.34,0.94,4.0
2024-12-16,12.33,0.94,4.0
2024-12-17,12.22,0.93,4.0
2024-12-18,12.27,0.94,4.0
2024-12-19,12.24,0.95,4.0
2024-12-20,12.37,0.96,4.0
2024-12-23,12.49,0.93,4.0
2024-12-24,12.53,0.92,4.0
2024-12-25,12.61,0.94,4.0
2024-12-26,12.63,0.93,4.0
2024-12-27,12.64,0.93,4.0
2024-12-30,12.53,0.93,4.0
2024-12-31,12.53,0.92,4.0
2025-01-01,12.54,0.91,4.0
2025-01-02,12.55,0.91,4.0
2025-01-03,12.55,0.91,4.0
2025-01-06,12.54,0.9,4.0
2025-01-07,12.75,0.91,4.0
2025-01-08,12.72,0.91,4.0
2025-01-09,12.77,0.92,4.0
2025-01-10,12.73,0.92,4.0
2025-01-13,12.73,0.92,4.0
2025-01-14,12.58,0.91,4.0
2025-01-15,12.48,0.9,4.0
2025-01-16,12.39,0.91,4.0
2025-01-17,12.21,0.91,4.0
2025-01-20,12.21,0.92,4.0
2025-01-21,12.09,0.92,4.0
2025-01-22,11.95,0.94,4.0
2025-01-23,12.21,0.94,4.0
2025-01-24,12.33,0.93,4.0
2025-01-27,12.56,0.94,4.0
2025-01-28,12.52,0.95,4.0
2025-01-29,12.46,0.94,4.0
2025-01-30,12.48,0.94,4.0
2025-01-31,12.51,0.95,4.0
2025-02-03,12.45,0.95,4.0
2025-02-04,12.34,0.94,4.0
2025-02-05,12.39,0.93,4.0
2025-02-06,12.19,0.94,4.0
2025-02-07,12.25,0.93,4.0
2025-02-10,12.21,0.94,4.0
2025-02-11,12.29,0.93,4.0
2025-02-12,12.41,0.93,4.0
2025-02-13,12.46,0.94,4.0
2025-02-14,12.3,0.95,4.0
2025-02-17,12.12,0.96,4.0
2025-02-18,11.93,0.96,4.0
2025-02-19,11.87,0.96,4.0
2025-02-20,11.71,0.96,4.0
2025-02-21,11.72,0.95,4.0
2025-02-24,11.63,0.96,4.0
2025-02-25,11.58,0.95,4.0
2025-02-26,11.6,0.95,4.0
2025-02-27,11.67,0.96,4.0
2025-02-28,11.59,0.95,4.0
2025-03-03,11.57,0.96,4.0
2025-03-04,11.63,0.97,4.0
2025-03-05,11.63,0.98,4.0
2025-03-06,11.63,0.96,4.0
2025-03-07,11.73,0.98,4.0
2025-03-10,11.65,0.96,4.0
2025-03-11,11.76,0.95,4.0
2025-03-12,12.05,0.93,4.0
2025-03-13,12.08,0.93,4.0
2025-03-14,12.02,0.92,4.0
2025-03-17,11.85,0.9,4.0
2025-03-18,11.8,0.9,4.0
2025-03-19,11.86,0.9,4.0
2025-03-20,11.85,0.9,4.0
2025-03-21,11.85,0.9,4.0
2025-03-24,11.85,0.92,4.0
2025-03-25,11.8,0.92,4.0
2025-03-26,11.81,0.92,4.0
2025-03-27,11.72,0.92,4.0
2025-03-28,11.75,0.93,4.0
2025-03-31,11.78,0.95,4.0
2025-04-01,11.96,0.94,4.0
2025-04-02,11.87,0.93,4.0
2025-04-03,11.97,0.93,4.0
2025-04-04,12.08,0.93,4.0
2025-04-07,12.05,0.93,4.0
2025-04-08,11.97,0.93,4.0
2025-04-09,12.13,0.93,4.0
2025-04-10,11.97,0.92,4.0
2025-04-11,11.88,0.92,4.0
2025-04-14,11.77,0.92,4.0
2025-04-15,11.7,0.93,4.0
2025-04-16,11.69,0.93,4.0
2025-04-17,11.89,0.93,4.0
2025-04-18,11.85,0.93,4.0
2025-04-21,12.11,0.93,4.0
2025-04-22,12.22,0.93,4.0
2025-04-23,12.15,0.91,4.0
2025-04-24,12.09,0.92,4.0
2025-04-25,12.12,0.92,4.0
2025-04-28,12.13,0.92,4.0
2025-04-29,11.99,0.93,4.0
2025-04-30,11.9,0.92,4.0
2025-05-01,11.73,0.93,4.0
2025-05-02,11.96,0.92,4.0
2025-05-05,11.99,0.92,4.0
2025-05-06,11.96,0.93,4.0
2025-05-07,11.88,0.92,4.0
2025-05-08,11.83,0.92,4.0
2025-05-09,11.67,0.92,4.0
2025-05-12,11.71,0.92,4.0
2025-05-13,11.83,0.92,4.0
2025-05-14,12.03,0.92,4.0
2025-05-15,12.13,0.93,4.0
2025-05-16,12.23,0.92,4.0
2025-05-19,12.37,0.93,4.0
2025-05-20,12.34,0.94,4.0
2025-05-21,12.17,0.93,4.0
2025-05-22,12.26,0.93,4.0
2025-05-23,12.17,0.92,4.0
2025-05-26,12.16,0.92,4.0
2025-05-27,12.04,0.93,4.0
2025-05-28,12.18,0.93,4.0
2025-05-29,12.29,0.92,4.0
2025-05-30,12.11,0.94,4.0
2025-06-02,12.13,0.93,4.0
2025-06-03,12.26,0.93,4.0
2025-06-04,12.24,0.93,4.0
2025-06-05,12.23,0.91,4.0
2025-06-06,12.35,0.91,4.0
2025-06-09,12.31,0.93,4.0
2025-06-10,12.3,0.93,4.0
2025-06-11,12.39,0.94,4.0
2025-06-12,12.26,0.95,4.0
2025-06-13,12.17,0.95,4.0
2025-06-16,11.97,0.95,4.0
2025-06-17,12.23,0.95,4.0
2025-06-18,12.24,0.95,4.0
2025-06-19,12.37,0.95,4.0
2025-06-20,12.21,0.96,4.0
2025-06-23,12.37,0.95,4.0
2025-06-24,12.33,0.94,4.0
2025-06-25,12.49,0.95,4.0
2025-06-26,12.45,0.96,4.0
2025-06-27,12.31,0.96,4.0
2025-06-30,12.44,0.96,4.0
2025-07-01,12.44,0.96,4.0
2025-07-02,12.29,0.98,4.0
2025-07-03,12.09,0.97,4.0
2025-07-04,12.14,0.97,4.0
2025-07-07,12.15,0.97,4.0
2025-07-08,12.18,0.98,4.0
2025-07-09,12.21,0.98,4.0
2025-07-10,12.2,0.97,4.0
2025-07-11,12.25,0.98,4.0
2025-07-14,12.34,0.97,4.0
2025-07-15,12.32,0.97,4.0
2025-07-16,12.38,0.98,4.0
2025-07-17,12.45,0.96,4.0
2025-07-18,12.57,0.96,4.0
2025-07-21,12.29,0.97,4.0
2025-07-22,12.24,0.97,4.0
2025-07-23,12.31,0.97,4.0
2025-07-24,12.56,0.97,4.0
2025-07-25,12.69,0.95,4.0
2025-07-28,12.83,0.95,4.0
2025-07-29,13.13,0.96,4.0
2025-07-30,13.08,0.96,4.0
2025-07-31,13.29,0.95,4.0
2025-08-01,13.33,0.97,4.0
2025-08-04,13.16,0.96,4.0
2025-08-05,12.91,0.95,4.0
2025-08-06,12.85,0.95,4.0
2025-08-07,12.91,0.96,4.0
2025-08-08,12.85,0.97,4.0
2025-08-11,12.84,0.95,4.0
2025-08-12,13.05,0.95,4.0
2025-08-13,13.02,0.94,4.0
2025-08-14,13.23,0.95,4.0
2025-08-15,13.28,0.94,4.0
2025-08-18,13.37,0.94,4.0
2025-08-19,13.29,0.95,4.0
2025-08-20,13.24,0.95,4.0
2025-08-21,13.19,0.95,4.0
2025-08-22,13.14,0.95,4.0
2025-08-25,13.19,0.97,4.0
2025-08-26,13.31,0.98,4.0
2025-08-27,13.56,0.97,4.0
2025-08-28,13.42,0.98,4.0
2025-08-29,13.37,0.97,4.0
2025-09-01,13.44,0.97,4.0
2025-09-02,13.4,0.97,4.0
2025-09-03,13.19,0.97,4.0
2025-09-04,13.25,0.97,4.0
2025-09-05,13.1,0.98,4.0
2025-09-08,13.1,0.98,4.0
2025-09-09,13.28,0.98,4.0
2025-09-10,13.32,0.98,4.0
2025-09-11,13.35,0.98,4.0
2025-09-12,13.49,0.97,4.0
2025-09-15,13.43,0.99,4.0
2025-09-16,13.42,0.99,4.0
2025-09-17,13.35,0.99,4.0
2025-09-18,13.4,0.99,4.0
2025-09-19,13.18,0.99,4.0
2025-09-22,13.04,1.0,4.0
2025-09-23,13.02,1.01,4.0
2025-09-24,13.06,1.01,4.0
2025-09-25,13.27,1.03,4.0
2025-09-26,13.11,1.03,4.0
2025-09-29,13.08,1.02,4.0
2025-09-30,13.08,1.02,4.0
2025-10-01,12.91,1.02,4.0
2025-10-02,12.79,1.03,4.0
2025-10-03,12.55,1.04,4.0
2025-10-06,12.62,1.03,4.0
2025-10-07,12.51,1.04,4.0
2025-10-08,12.66,1.02,4.0
2025-10-09,12.7,1.02,4.0
2025-10-10,12.67,1.02,4.0
2025-10-13,12.57,1.01,4.0
2025-10-14,12.61,1.01,4.0
2025-10-15,12.58,1.0,4.0
2025-10-16,12.64,1.0,4.0
2025-10-17,12.78,1.01,4.0
2025-10-20,12.67,1.0,4.0
2025-10-21,12.61,0.99,4.0
2025-10-22,12.76,0.99,4.0
2025-10-23,12.92,0.99,4.0
2025-10-24,12.78,0.99,4.0
2025-10-27,12.67,0.98,4.0
2025-10-28,12.55,0.98,4.0
2025-10-29,12.58,0.97,4.0
2025-10-30,12.41,0.97,4.0
2025-10-31,12.42,0.98,4.0
2025-11-03,12.42,0.97,4.0
2025-11-04,12.35,0.97,4.0
2025-11-05,12.37,0.98,4.0
2025-11-06,12.39,0.99,4.0
2025-11-07,12.35,0.98,4.0
2025-11-10,12.57,0.98,4.0
2025-11-11,12.52,0.98,4.0
2025-11-12,12.53,0.99,4.0
2025-11-13,12.45,0.99,4.0
2025-11-14,12.58,0.99,4.0
2025-11-17,12.44,1.0,4.0
2025-11-18,12.47,1.0,4.0
2025-11-19,12.36,0.98,4.0
2025-11-20,12.15,0.98,4.0
2025-11-21,12.09,0.99,4.0
2025-11-24,12.04,0.99,4.0
2025-11-25,12.13,0.99,4.0
2025-11-26,12.05,0.99,4.0
2025-11-27,11.82,0.98,4.0
2025-11-28,11.6,0.98,4.0
2025-12-01,11.68,0.99,4.0
2025-12-02,11.78,0.98,4.0
2025-12-03,11.85,0.98,4.0
2025-12-04,11.83,1.0,4.0
2025-12-05,11.91,1.0,4.0
2025-12-08,11.72,1.0,4.0
2025-12-09,11.51,1.0,4.0
2025-12-10,11.38,1.01,4.0
2025-12-11,11.42,0.99,4.0
2025-12-12,11.58,1.0,4.0
2025-12-15,11.51,0.99,4.0
2025-12-16,11.45,1.01,4.0
2025-12-17,11.59,1.01,4.0
2025-12-18,11.59,1.01,4.0
2025-12-19,11.66,1.01,4.0
2025-12-22,11.73,1.01,4.0
2025-12-23,11.62,1.02,4.0
2025-12-24,11.89,1.01,4.0
2025-12-25,11.82,1.01,4.0
2025-12-26,12.1,1.0,4.0
2025-12-29,12.2,1.0,4.0
2025-12-30,12.26,1.0,4.0
2025-12-31,12.09,1.01,4.0
2026-01-01,12.16,1.01,4.0
2026-01-02,12.17,1.01,4.0
2026-01-05,12.18,1.0,4.0
2026-01-06,12.04,1.0,4.0
2026-01-07,12.18,1.01,4.0
2026-01-08,12.32,1.0,4.0
2026-01-09,12.12,0.99,4.0
2026-01-12,12.08,0.99,4.0
2026-01-13,12.07,0.99,4.0
2026-01-14,12.15,0.98,4.0
2026-01-15,12.19,0.96,4.0
2026-01-16,12.21,0.97,4.0
2026-01-19,12.3,0.96,4.0
2026-01-20,12.55,0.97,4.0
2026-01-21,12.52,0.99,4.0
2026-01-22,12.66,0.98,4.0
2026-01-23,12.89,0.98,4.0
2026-01-26,13.08,0.99,4.0
2026-01-27,13.14,0.97,4.0
2026-01-28,13.21,0.96,4.0
2026-01-29,13.24,0.95,4.0
2026-01-30,13.43,0.95,4.0
2026-02-02,13.35,0.97,4.0
2026-02-03,13.27,0.97,4.0
2026-02-04,13.16,0.97,4.0
2026-02-05,13.45,0.96,4.0
2026-02-06,13.61,0.96,4.0
2026-02-09,13.49,0.94,4.0
2026-02-10,13.3,0.94,4.0
2026-02-11,13.25,0.94,4.0
2026-02-12,13.23,0.94,4.0
2026-02-13,13.24,0.94,4.0
2026-02-16,13.03,0.95,4.0
2026-02-17,12.92,0.95,4.0
2026-02-18,13.07,0.95,4.0
2026-02-19,13.13,0.94,4.0
2026-02-20,13.02,0.95,4.0
2026-02-23,13.14,0.96,4.0
2026-02-24,13.25,0.96,4.0
2026-02-25,13.51,0.96,4.0
2026-02-26,13.44,0.96,4.0
2026-02-27,13.32,0.96,4.0
2026-03-02,13.29,0.97,4.0
2026-03-03,13.38,0.97,4.0
2026-03-04,13.2,0.97,4.0
2026-03-05,13.18,0.98,4.0
2026-03-06,13.16,0.97,4.0
2026-03-09,13.32,0.98,4.0
2026-03-10,13.23,0.97,4.0
2026-03-11,13.19,0.96,4.0
2026-03-12,13.24,0.96,4.0
2026-03-13,13.14,0.98,4.0
2026-03-16,13.03,0.98,4.0
2026-03-17,13.26,0.98,4.0
2026-03-18,13.31,0.99,4.0
2026-03-19,13.44,0.98,4.0
2026-03-20,13.5,0.98,4.0
2026-03-23,13.46,0.99,4.0
2026-03-24,13.35,0.99,4.0
2026-03-25,13.25,0.99,4.0
2026-03-26,13.14,0.98,4.0
2026-03-27,13.03,0.98,4.0
2026-03-30,12.93,0.98,4.0
2026-03-31,13.03,0.96,4.0
2026-04-01,12.89,0.97,4.0
2026-04-02,13.07,0.98,4.0
2026-04-03,13.16,0.99,4.0
2026-04-06,13.24,1.0,4.0
2026-04-07,13.25,1.0,4.0
2026-04-08,13.28,1.01,4.0
2026-04-09,13.21,1.01,4.0
2026-04-10,13.09,1.0,4.0
2026-04-13,13.02,1.01,4.0
2026-04-14,12.85,1.0,4.0
2026-04-15,12.91,0.99,4.0
2026-04-16,12.78,1.01,4.0
2026-04-17,12.87,1.01,4.0
2026-04-20,12.97,1.01,4.0
2026-04-21,13.0,0.99,4.0
2026-04-22,12.93,0.99,4.0
2026-04-23,12.82,0.98,4.0
2026-04-24,12.73,0.98,4.0
2026-04-27,12.62,0.97,4.0
2026-04-28,12.64,0.97,4.0
2026-04-29,12.64,0.97,4.0
2026-04-30,12.9,0.97,4.0
2026-05-01,13.14,0.96,4.0
2026-05-04,13.33,0.95,4.0
2026-05-05,13.29,0.96,4.0
2026-05-06,13.09,0.95,4.0
2026-05-07,13.11,0.96,4.0
2026-05-08,13.07,0.96,4.0
2026-05-11,13.07,0.97,4.0
2026-05-12,13.12,0.96,4.0
2026-05-13,13.2,0.94,4.0
2026-05-14,12.96,0.94,4.0
2026-05-15,13.13,0.94,4.0
2026-05-18,13.25,0.96,4.0
2026-05-19,13.16,0.98,4.0
2026-05-20,13.27,0.98,4.0
2026-05-21,13.22,0.98,4.0
2026-05-22,13.22,0.98,4.0
2026-05-25,13.19,0.98,4.0
2026-05-26,13.09,0.98,4.0
2026-05-27,12.92,0.99,4.0
2026-05-28,13.28,0.98,4.0
2026-05-29,13.35,0.99,4.0
2026-06-01,13.35,0.99,4.0
2026-06-02,13.57,0.97,4.0
2026-06-03,13.32,0.97,4.0
2026-06-04,13.28,0.97,4.0
2026-06-05,13.18,0.98,4.0
2026-06-08,13.12,0.98,4.0
2026-06-09,13.11,0.99,4.0
2026-06-10,13.05,0.98,4.0
2026-06-11,12.82,0.98,4.0
2026-06-12,12.7,0.97,4.0
2026-06-15,12.6,0.98,4.0
2026-06-16,12.57,0.98,4.0
2026-06-17,12.46,1.0,4.0
2026-06-18,12.47,1.0,4.0
2026-06-19,12.48,0.99,4.0
2026-06-22,12.22,0.99,4.0
2026-06-23,12.12,0.99,4.0
2026-06-24,12.19,0.99,4.0
2026-06-25,12.22,0.99,4.0
2026-06-26,12.03,1.0,4.0
2026-06-29,12.18,0.99,4.0
2026-06-30,12.3,1.0,4.0
