date,price,dividend,earnings,cpi,gs10,real_price,real_earnings,cape,ecy
1871-01-01,4.44,0.26,0.4,12.46406116,5.32,112.14427080041709,10.103087459497035,,
1871-02-01,4.5,0.26,0.4,12.84464132,5.323333333333333,110.29205407193112,9.80373813972721,,
1871-03-01,4.61,0.26,0.4,13.0349719,5.326666666666667,111.33828278525102,9.660588528004427,,
1871-04-01,4.74,0.26,0.4,12.55922645,5.33,118.81441750737767,10.026533122985457,,
1871-05-01,4.86,0.26,0.4,12.27381157,5.333333333333334,124.65523169181265,10.259689851177995,,
1871-06-01,4.82,0.26,0.4,12.08348099,5.336666666666667,125.57658478179977,10.421293342887946,,
1871-07-01,4.73,0.26,0.4,12.08348099,5.34,123.23179377964999,10.421293342887946,,
1871-08-01,4.79,0.26,0.4,11.8932314,5.343333333333334,126.79126570260802,10.587997135917162,,
1871-09-01,4.84,0.26,0.4,12.17864628,5.346666666666668,125.1123084592946,10.339860203247486,,
1871-10-01,4.59,0.26,0.4,12.36889587,5.3500000000000005,116.82490722593502,10.180819801824402,,
1871-11-01,4.64,0.26,0.4,12.36889587,5.3533333333333335,118.09750970116306,10.180819801824402,,
1871-12-01,4.74,0.26,0.4,12.65439174,5.3566666666666665,117.92089305115829,9.951130215287618,,
1872-01-01,4.86,0.2633,0.4025,12.65439174,5.36,120.90623211574456,10.013324779133166,,
1872-02-01,4.88,0.2667,0.405,12.65439174,5.378333333333333,121.40378862650894,10.075519342978714,,
1872-03-01,5.04,0.27,0.4075,12.84464132,5.3966666666666665,123.52710056056286,9.987558229847096,,
1872-04-01,5.18,0.2733,0.41,13.13013719,5.415000000000001,124.19788166737355,9.830334263247714,,
1872-05-01,5.18,0.2767,0.4125,13.13013719,5.433333333333334,124.19788166737355,9.890275325828494,,
1872-06-01,5.13,0.28,0.415,13.0349719,5.451666666666666,123.89704787165675,10.022860597804591,,
1872-07-01,5.1,0.2833,0.4175,12.84464132,5.470000000000001,124.99766128152193,10.232651683340276,,
1872-08-01,5.04,0.2867,0.42,12.93980661,5.488333333333333,122.61862544172912,10.21821878681076,,
1872-09-01,4.95,0.29,0.4225,13.0349719,5.506666666666667,119.54978303405477,10.203996632704674,,
1872-10-01,4.97,0.2933,0.425,12.74947603,5.5249999999999995,122.72067760419175,10.494222933960058,,
1872-11-01,4.95,0.2967,0.4275,13.13013719,5.543333333333333,118.68330390994191,10.249921701313166,,
1872-12-01,5.07,0.3,0.43,12.93980661,5.5616666666666665,123.34849821221563,10.461509710306254,,
1873-01-01,5.11,0.3025,0.4325,12.93980661,5.58,124.32166190619759,10.52233244118013,,
1873-02-01,5.15,0.305,0.435,13.22522149,5.570833333333334,122.59082494201773,10.354758999956838,,
1873-03-01,5.11,0.3075,0.4375,13.22522149,5.561666666666666,121.63866319489526,10.414269109151991,,
1873-04-01,5.04,0.31,0.44,13.22522149,5.552499999999999,119.97238013743093,10.473779218347147,,
1873-05-01,5.05,0.3125,0.4425,12.93980661,5.543333333333333,122.86191636522463,10.765623364675623,,
1873-06-01,4.98,0.315,0.445,12.55922645,5.534166666666667,124.83033738116895,11.15451809932132,,
1873-07-01,4.97,0.3175,0.4475,12.55922645,5.525,124.5796740530943,11.21718393133998,,
1873-08-01,4.97,0.32,0.45,12.55922645,5.515833333333333,124.5796740530943,11.279849763358639,,
1873-09-01,4.59,0.3225,0.4525,12.55922645,5.506666666666667,115.05446758625811,11.342515595377296,,
1873-10-01,4.19,0.325,0.455,12.27381157,5.4975000000000005,107.4702511910895,11.670397205714972,,
1873-11-01,4.04,0.3275,0.4575,11.8932314,5.488333333333332,106.93877107276334,12.110021724205254,,
1873-12-01,4.42,0.33,0.46,12.17864628,5.479166666666666,114.25545524588472,11.890839233734612,,
1874-01-01,4.66,0.33,0.46,12.36889587,5.47,118.60655069125428,11.707942772098063,,
1874-02-01,4.8,0.33,0.46,12.36889587,5.4366666666666665,122.16983762189282,11.707942772098063,,
1874-03-01,4.73,0.33,0.46,12.36889587,5.403333333333332,120.38819415657356,11.707942772098063,,
1874-04-01,4.6,0.33,0.46,12.17864628,5.37,118.90839233734609,11.890839233734612,,
1874-05-01,4.48,0.33,0.46,12.08348099,5.336666666666667,116.71848544034502,11.98448734432114,,
1874-06-01,4.46,0.33,0.46,11.79806612,5.303333333333334,119.00842991715668,12.274412054235892,,
1874-07-01,4.46,0.33,0.46,11.8932314,5.27,118.05616806547636,12.176196706304738,,
1874-08-01,4.47,0.33,0.46,11.79806612,5.236666666666666,119.27526496181397,12.274412054235892,,
1874-09-01,4.54,0.33,0.46,11.79806612,5.203333333333333,121.1431102744151,12.274412054235892,,
1874-10-01,4.53,0.33,0.46,11.60773554,5.17,122.85826831475183,12.475674045206588,,
1874-11-01,4.57,0.33,0.46,11.51265124,5.136666666666667,124.96676981765329,12.578712060420244,,
1874-12-01,4.54,0.33,0.46,11.51265124,5.1033333333333335,124.14641903110413,12.578712060420244,,
1875-01-01,4.54,0.3275,0.4517,11.51265124,5.07,124.14641903110413,12.351748342808312,,
1875-02-01,4.53,0.325,0.4433,11.51265124,5.03,123.87296876892108,12.122050122574553,,
1875-03-01,4.59,0.3225,0.435,11.51265124,4.99,125.51367034201938,11.89508640496262,,
1875-04-01,4.65,0.32,0.4267,11.60773554,4.95,126.11279197871876,11.572543728455763,,
1875-05-01,4.47,0.3175,0.4183,11.32232066,4.91,124.28701718999012,11.630706776414515,,
1875-06-01,4.38,0.315,0.41,11.13207107,4.87,123.86592003674664,11.594755071932903,,
1875-07-01,4.39,0.3125,0.4017,11.13207107,4.83,124.14871894094011,11.360031981452313,,
1875-08-01,4.41,0.31,0.3933,11.22715537,4.79,123.65809430318774,11.028283104182252,,
1875-09-01,4.37,0.3075,0.385,11.13207107,4.75,123.58312113255315,10.887757811449191,,
1875-10-01,4.3,0.305,0.3767,11.13207107,4.710000000000001,121.60352880319874,10.653034720968597,,
1875-11-01,4.37,0.3025,0.3683,11.03690579,4.67,124.6487116657721,10.505290733753744,,
1875-12-01,4.37,0.3,0.36,10.9417405,4.63,125.73283816226501,10.357853944717483,,
1876-01-01,4.46,0.3,0.3533,10.84657521,4.59,129.44817122602154,10.2542688103483,,
1876-02-01,4.52,0.3,0.3467,10.84657521,4.578333333333333,131.18962644430883,10.062708736336699,,
1876-03-01,4.51,0.3,0.34,10.84657521,4.566666666666666,130.89938390792761,9.868246236961285,,
1876-04-01,4.34,0.3,0.3333,10.75149091,4.555000000000001,127.07927546394593,9.759336984362484,,
1876-05-01,4.18,0.3,0.3267,10.37091074,4.543333333333333,126.88581629813551,9.917128273827961,,
1876-06-01,4.15,0.3,0.32,10.08541488,4.531666666666666,129.54123137669086,9.988721455552065,,
1876-07-01,4.1,0.3,0.3133,10.08541488,4.52,127.98049364926081,9.779582600076443,,
1876-08-01,3.93,0.3,0.3067,10.18058017,4.508333333333334,121.52726237997892,9.48407414044263,,
1876-09-01,3.69,0.3,0.3,10.27574545,4.496666666666667,113.0489990387997,9.190975531609732,,
1876-10-01,3.67,0.3,0.2933,10.46599504,4.485,110.39241448943021,8.822369256062638,,
1876-11-01,3.6,0.3,0.2867,10.56116033,4.473333333333334,107.31107800538433,8.546135017817692,,
1876-12-01,3.58,0.3,0.28,10.75149091,4.461666666666667,104.8257617882319,8.198662933157802,,
1877-01-01,3.55,0.2908,0.2817,10.9417405,4.45,102.13994862151962,8.10502071174143,,
1877-02-01,3.34,0.2817,0.2833,10.65632562,4.440833333333333,98.67171504468351,8.369370321005642,,
1877-03-01,3.17,0.2725,0.285,10.18058017,4.431666666666667,98.02580705967766,8.813045745112975,,
1877-04-01,2.94,0.2633,0.2867,10.46599504,4.4225,88.43425029943455,8.623843388043499,,
1877-05-01,2.94,0.2542,0.2883,10.65632562,4.413333333333333,86.85474318304477,8.517082469276124,,
1877-06-01,2.73,0.245,0.29,10.08541488,4.404166666666667,85.21627991767855,9.052278819094058,,
1877-07-01,2.85,0.2358,0.2917,10.18058017,4.395,88.13045745112976,9.020229627541948,,
1877-08-01,3.05,0.2267,0.2933,9.8,4.385833333333333,97.97774872448983,9.421925803571433,,
1877-09-01,3.24,0.2175,0.295,9.704834711,4.376666666666667,105.10189821614165,9.569462954864749,,
1877-10-01,3.31,0.2083,0.2967,9.704834711,4.367500000000001,107.37261823932988,9.62460901257075,,
1877-11-01,3.26,0.1992,0.2983,9.514585124,4.358333333333333,107.86522077680877,9.86999857598836,,
1877-12-01,3.25,0.19,0.3,9.514585124,4.349166666666666,107.53434586645047,9.926247310749273,,
1878-01-01,3.25,0.1892,0.3008,9.229089256,4.34,110.86085085100194,10.260598134148118,,
1878-02-01,3.18,0.1883,0.3017,9.134004959,4.33,109.60227517870788,10.398429692269236,,
1878-03-01,3.24,0.1875,0.3025,8.94367438,4.32,114.04670012147743,10.647878637884853,,
1878-04-01,3.33,0.1867,0.3033,8.848509091,4.3100000000000005,118.47530207843468,10.790858594711484,,
1878-05-01,3.34,0.1858,0.3042,8.563094215,4.3,122.79182017618388,11.183614280717109,,
1878-06-01,3.41,0.185,0.305,8.372844628,4.29,128.21387893787158,11.467810286231916,,
1878-07-01,3.48,0.1842,0.3058,8.467928926,4.279999999999999,129.37659958814828,11.368782802889582,,
1878-08-01,3.45,0.1833,0.3067,8.563094215,4.27,126.83586215803426,11.27552432575916,,
1878-09-01,3.52,0.1825,0.3075,8.563094215,4.26,129.40934341921178,11.304935540172618,,
1878-10-01,3.48,0.1817,0.3083,8.467928926,4.25,129.37659958814828,11.461725762363825,,
1878-11-01,3.47,0.1808,0.3092,8.372844628,4.239999999999999,130.46984161713033,11.625727673780027,,
1878-12-01,3.45,0.18,0.31,8.18251405,4.2299999999999995,132.73517538292532,11.926928802523724,,
1879-01-01,3.58,0.1817,0.3158,8.277679339,4.22,136.15328389081495,12.010393031485856,,
1879-02-01,3.71,0.1833,0.3217,8.372844628,4.203333333333333,139.49369233416527,12.095719898625598,,
1879-03-01,3.65,0.185,0.3275,8.277679339,4.186666666666666,138.81549893895937,12.455363260961423,,
1879-04-01,3.77,0.1867,0.3333,8.18251405,4.17,145.0468438242401,12.823372160906958,,
1879-05-01,3.94,0.1883,0.3392,8.18251405,4.153333333333332,151.5874176836886,13.050368547793699,,
1879-06-01,3.96,0.19,0.345,8.087381157,4.136666666666667,154.14909051503736,13.429655613052498,,
1879-07-01,4.04,0.1917,0.3508,8.18251405,4.119999999999999,155.4348140715995,13.496666528791362,,
1879-08-01,4.07,0.1933,0.3567,8.18251405,4.103333333333333,156.58903298797276,13.723662915678105,,
1879-09-01,4.22,0.195,0.3625,8.467928926,4.086666666666666,156.88771559252461,13.476729123765443,,
1879-10-01,4.68,0.1967,0.3683,8.94367438,4.069999999999999,164.73412239768962,12.964012239117327,,
1879-11-01,4.93,0.1983,0.3742,9.419419835,4.053333333333333,164.76936103145897,12.506428985389848,,
1879-12-01,4.92,0.2,0.38,9.704834711,4.036666666666667,159.59917877265954,12.32676584016476,,
1880-01-01,5.11,0.205,0.3892,9.990330579,4.02,161.02552861279054,12.264410124481032,,
1880-02-01,5.2,0.21,0.3983,9.990330579,3.993333333333333,163.86159467446396,12.551167915161344,,
1880-03-01,5.3,0.215,0.4075,10.08541488,3.9666666666666663,165.43819910758106,12.720012478554581,,
1880-04-01,5.18,0.22,0.4167,9.704834711,3.9399999999999995,168.03328171593014,13.517271909464885,,
1880-05-01,4.77,0.225,0.4258,9.419419835,3.913333333333333,159.4218766977808,14.230992683001062,,
1880-06-01,4.79,0.23,0.435,9.229089256,3.8866666666666667,163.39183863886132,14.838298498518721,,
1880-07-01,5.01,0.235,0.4442,9.229089256,3.8600000000000003,170.89626546569838,15.152119984004635,,
1880-08-01,5.19,0.24,0.4533,9.229089256,3.8333333333333335,177.03625105129234,15.46253036638744,,
1880-09-01,5.18,0.245,0.4625,9.324254545,3.8066666666666666,174.8917532366659,15.6153351104166,,
1880-10-01,5.33,0.25,0.4717,9.324254545,3.7800000000000002,179.9561862454497,15.925953668288672,,
1880-11-01,5.61,0.255,0.4808,9.419419835,3.7533333333333334,187.49616944959126,16.06919042270294,,
1880-12-01,5.84,0.26,0.49,9.514585124,3.726666666666667,193.23094764925253,16.212870607557146,,
1881-01-01,6.19,0.265,0.4858,9.419419835,3.7,206.88080015917467,16.23629930813038,18.473952301404932,-0.010488744813437062
1881-02-01,6.17,0.27,0.4817,9.514585124,3.693333333333334,204.14981969107671,15.93824443195975,18.14725816499023,-0.011392839551264043
1881-03-01,6.24,0.275,0.4775,9.514585124,3.686666666666667,206.46594406358489,15.799276969609261,18.270119140204987,-0.013123118077292328
1881-04-01,6.22,0.28,0.4733,9.609669421,3.68,203.7678341692875,15.505356256000608,17.95010827822289,-0.007503501721981755
1881-05-01,6.5,0.285,0.4692,9.514585124,3.673333333333334,215.06869173290093,15.524650794011862,18.869718693152592,-0.00888108998627421
1881-06-01,6.58,0.29,0.465,9.514585124,3.666666666666667,217.7156910157674,15.385683331661374,19.028710731115776,-0.007732465433510194
1881-07-01,6.35,0.295,0.4608,9.609669421,3.66,208.0266474236295,15.095854981544644,18.116367187389738,-0.004047872140695685
1881-08-01,6.2,0.3,0.4567,9.8,3.6533333333333333,199.1678826530613,14.670963227040822,17.28624355397345,0.0021436052233798214
1881-09-01,6.25,0.305,0.4525,10.18058017,3.646666666666667,193.26854704195122,13.992642805837267,16.7248366487729,0.005564050621919732
1881-10-01,6.15,0.31,0.4483,10.27574545,3.64,188.41499839799954,13.734381102735476,16.26198941118135,0.006724035747653748
1881-11-01,6.19,0.315,0.4442,10.18058017,3.6333333333333337,191.41316899034848,13.735982175365557,16.478642316644866,0.00506930736565845
1881-12-01,6.01,0.32,0.44,10.18058017,3.626666666666667,185.84703483554028,13.606105711753367,15.958754206105073,0.004877507108947132
1882-01-01,5.92,0.32,0.4392,10.18058017,3.62,183.06396775813622,13.581367337731995,15.678764160028742,0.006063178135554369
1882-02-01,5.79,0.32,0.4383,10.27574545,3.6208333333333336,177.38582776006783,13.42801525168182,15.153861528363036,0.009174922369645393
1882-03-01,5.78,0.32,0.4375,10.27574545,3.621666666666667,177.07946190901419,13.403505983597526,15.091670299486742,0.007978128065748581
1882-04-01,5.78,0.32,0.4367,10.37091074,3.6225,175.45454980938356,13.256228702726263,14.916997168375298,0.0074981727357587916
1882-05-01,5.71,0.32,0.4358,10.46599504,3.6233333333333335,171.75495551352762,13.10872322465768,14.567103202191756,0.009991834775673065
1882-06-01,5.68,0.32,0.435,10.56116033,3.6241666666666665,169.31303418627306,12.966755258983941,14.327404890131668,0.01272927625318327
1882-07-01,6.0,0.32,0.4342,10.46599504,3.625,180.47806183558072,13.060595741501523,15.240559761217824,0.009093141918662721
1882-08-01,6.18,0.32,0.4333,10.56116033,3.6258333333333335,184.21735057590976,12.916080583259175,15.525429331463025,0.008044514050340776
1882-09-01,6.24,0.32,0.4325,10.27574545,3.626666666666667,191.17229105748243,13.250323058070698,16.081106624462308,0.0024137828797116054
1882-10-01,6.07,0.32,0.4317,10.18058017,3.6275,187.70241288714303,13.349445081281655,15.755581030526546,0.0049450109153501565
1882-11-01,5.81,0.32,0.4308,10.08541488,3.6283333333333334,181.35772392736715,13.447316259536967,15.192670313165333,0.0035008618493167776
1882-12-01,5.84,0.32,0.43,9.990330579,3.629166666666667,184.0291755574749,13.55009340577298,15.382128332081965,0.003181514310111655
1883-01-01,5.81,0.3208,0.4275,9.990330579,3.63,183.08382020358374,13.471313792948719,15.270259119098565,0.0036494449665530893
1883-02-01,5.68,0.3217,0.425,10.08541488,3.629166666666667,177.29980583604913,13.266270683155083,14.757590146176218,0.004730537555653128
1883-03-01,5.75,0.3225,0.4225,9.990330579,3.6283333333333334,181.19310949580148,13.313754567300196,15.051254121401632,0.0024952795648935794
1883-04-01,5.87,0.3233,0.42,9.895165289,3.6275,186.75349612949765,13.362260370424023,15.48206722203667,-0.0002753950050816828
1883-05-01,5.77,0.3242,0.4175,9.8,3.626666666666667,185.35462627551027,13.41170822704082,15.335497637337062,0.0015315856185122434
1883-06-01,5.82,0.325,0.415,9.514585124,3.6258333333333335,192.56919782853592,13.731308779869828,15.903388388583789,-0.0007597696898063722
1883-07-01,5.73,0.3258,0.4125,9.324254545,3.625,193.4613409355397,13.927190774155347,15.948783127017018,-0.0028937843102308514
1883-08-01,5.47,0.3267,0.41,9.324254545,3.6241666666666665,184.68299038698117,13.842783557342281,15.19681087662984,0.0002171205541036253
1883-09-01,5.53,0.3275,0.4075,9.229089256,3.6233333333333335,188.6340016018587,13.900245145164089,15.494692425793444,-0.0020348484115956522
1883-10-01,5.38,0.3283,0.405,9.229089256,3.6225,183.51734694719704,13.814967567586397,15.048056270223828,0.0021206134844089924
1883-11-01,5.46,0.3292,0.4025,9.134004959,3.621666666666667,188.18503851438524,13.872615018688656,15.408218142448861,0.002632588189127087
1883-12-01,5.34,0.33,0.4,9.229089256,3.6208333333333336,182.15290570595394,13.644412412431008,14.896403941887154,0.003570600132425966
1884-01-01,5.18,0.3283,0.3925,9.229089256,3.62,176.69514074098154,13.388579679697926,14.432821721970717,0.004228642188966028
1884-02-01,5.32,0.3267,0.385,9.229089256,3.611666666666667,181.4706850853324,13.132746946964845,14.805960228816703,0.002565822726183359
1884-03-01,5.3,0.325,0.3775,9.229089256,3.6033333333333335,180.78846446471087,12.876914214231764,14.736023454014468,0.00296970084624662
1884-04-01,5.06,0.3233,0.37,9.038839669,3.5949999999999998,176.23474177369002,12.886730129696701,14.353453682579469,0.004344405478574301
1884-05-01,4.65,0.3217,0.3625,8.848509091,3.586666666666667,165.43848488430066,12.897086187216987,13.465050313804896,0.007721079526165353
1884-06-01,4.46,0.32,0.355,8.848509091,3.5783333333333336,158.67863281375935,12.630249921274567,12.906876483666855,0.013335959139286327
1884-07-01,4.46,0.3183,0.3475,8.753424793,3.57,160.40228347227207,12.497711548568283,13.043931585991663,0.010776582875225468
1884-08-01,4.74,0.3167,0.34,8.753424793,3.5616666666666665,170.47238198622637,12.22797676694451,13.859813341769316,0.007126400706920291
1884-09-01,4.59,0.315,0.3325,8.658259504,3.5533333333333337,166.89210017699656,12.089678280795503,13.569154744335714,0.00769484394003879
1884-10-01,4.44,0.3133,0.325,8.563094215,3.545,163.23223999468757,11.948305855466995,13.27325131913415,0.009926540077895493
1884-11-01,4.35,0.3117,0.3175,8.372844628,3.536666666666667,163.55729424625846,11.937802511077487,13.304437602119721,0.008452660831066078
1884-12-01,4.34,0.31,0.31,8.277679339,3.5283333333333333,165.05733298495443,11.789809498925317,13.432292746944755,0.006713915407826301
1885-01-01,4.24,0.3042,0.3067,8.277679339,3.52,161.2541686304624,11.664305075227078,13.129817425635956,0.008512315822483671
1885-02-01,4.37,0.2983,0.3033,8.372844628,3.5075,164.3092818060114,11.403891343652921,13.384817593597962,0.00829295096336731
1885-03-01,4.38,0.2925,0.3,8.18251405,3.495,168.5159617904965,11.542189163732635,13.734194093452512,0.004292613198831882
1885-04-01,4.37,0.2867,0.2967,8.277679339,3.4825,166.19828229130204,11.283988639777876,13.548548541030053,0.005737937472184762
1885-05-01,4.32,0.2808,0.2933,8.087381157,3.4699999999999998,168.1626441982226,11.417153597995066,13.71137187256194,0.005144821410869277
1885-06-01,4.3,0.275,0.29,7.897091074,3.4575,171.41743868914642,11.560710981361037,13.978784368698348,0.0032111125845226407
1885-07-01,4.46,0.2692,0.2867,7.992232066,3.445,175.6792487261594,11.293103275737645,14.326658777089325,0.002756914179160838
1885-08-01,4.71,0.2633,0.2833,7.992232066,3.4325,185.52674024668403,11.15917739105851,15.130410796707155,-0.0016484217982207783
1885-09-01,4.65,0.2575,0.28,7.897091074,3.42,185.37002090803045,11.16206577510721,15.116285028724242,-0.0017970460660680782
1885-10-01,4.92,0.2517,0.2767,7.897091074,3.4075,196.13344147688383,11.030512857043446,15.991023962168981,-0.0052907838125080126
1885-11-01,5.24,0.2458,0.2733,7.992232066,3.3950000000000005,206.40342227019624,10.765277730237525,16.824034498619017,-0.006273332459197527
1885-12-01,5.2,0.24,0.27,8.18251405,3.3825000000000003,200.0646121713657,10.387970247359373,16.304475952278523,-0.001132552627127907
1886-01-01,5.2,0.2383,0.275,7.992232066,3.37,204.82782362691228,10.832240672577091,16.69231747079765,-0.0038685591279262396
1886-02-01,5.3,0.2367,0.28,7.992232066,3.3825000000000003,208.76682023512214,11.029190502987586,17.006648259461,-0.005100824088171994
1886-03-01,5.19,0.235,0.285,7.897091074,3.3950000000000005,206.8968620457372,11.361388378234123,16.84326610157013,-0.00581629727496967
1886-04-01,5.12,0.2333,0.29,7.801941983,3.4075,206.5955378176517,11.701700384202926,16.801716131246305,-0.006115746325158274
1886-05-01,5.02,0.2317,0.295,7.611651901,3.42,207.6244480902202,12.201038284186248,16.863195515097825,-0.0053582071231189285
1886-06-01,5.25,0.23,0.3,7.51650281,3.4325,219.8857938696095,12.564902506834828,17.83149405537688,-0.007215438082054146
1886-07-01,5.33,0.2283,0.305,7.611651901,3.445,220.4458781515685,12.614632802294256,17.845845041532208,-0.006163286740313308
1886-08-01,5.37,0.2267,0.31,7.706792893,3.4575,219.3584102974286,12.663148452924183,17.723912799619267,-0.0056081304491679
1886-09-01,5.51,0.225,0.315,7.706792893,3.4699999999999998,225.07725153423306,12.867392782810057,18.147143925800027,-0.00795345627047924
1886-10-01,5.65,0.2233,0.32,7.706792893,3.4825,230.79609277103756,13.071637112695932,18.56238134286657,-0.011092002599045275
1886-11-01,5.79,0.2217,0.325,7.706792893,3.495,236.51493400784202,13.275881442581804,18.968312634942837,-0.013247391881082073
1886-12-01,5.64,0.22,0.33,7.801941983,3.5075,227.5778971272569,13.31572802340333,18.19405755688644,-0.011670475276021268
1887-01-01,5.58,0.2225,0.3325,7.992232066,3.52,219.79601073810974,13.097163722297756,17.512222096304956,-0.009020288675654763
1887-02-01,5.54,0.225,0.335,8.087381157,3.5324999999999998,215.65302056901692,13.04039023296402,17.125366596972313,-0.004139971811610792
1887-03-01,5.67,0.2275,0.3375,8.087381157,3.5450000000000004,220.71347051016716,13.13770657798614,17.473213711513758,-0.0009743604392796201
1887-04-01,5.8,0.23,0.34,8.087381157,3.5575,225.77392045131734,13.23502292300826,17.822983639100713,-0.004920784000872515
1887-05-01,5.9,0.2325,0.3425,8.087381157,3.5700000000000003,229.66657425220217,13.33233926803038,18.07544542745825,-0.007584211150465758
1887-06-01,5.73,0.235,0.345,7.992232066,3.5825,225.7045056504245,13.589538298323987,17.707695663272986,-0.0023459262036217773
1887-07-01,5.59,0.2375,0.3475,7.897091074,3.5949999999999998,222.84267029589034,13.852920917320555,17.431460535613073,-0.003661378497069996
1887-08-01,5.45,0.24,0.35,7.992232066,3.6075,214.67531514743692,13.786488128734481,16.739849614820706,0.0034779576235530463
1887-09-01,5.38,0.2425,0.3525,7.897091074,3.62,214.47112096455996,14.052243520447467,16.676629667380144,0.003362178487072695
1887-10-01,5.2,0.245,0.355,7.992232066,3.6325,204.82782362691228,13.983437959144974,15.880666812517312,0.007416502541443132
1887-11-01,5.3,0.2475,0.3575,8.087381157,3.6450000000000005,206.31065144689344,13.916237338163096,15.950712201066777,0.010122384862189311
1887-12-01,5.27,0.25,0.36,8.277679339,3.6574999999999998,200.42676148173035,13.691391676171335,15.455513454469944,0.014297028255089134
1888-01-01,5.31,0.2483,0.3517,8.372844628,3.67,199.65269711439828,13.223701238254968,15.358662514259905,0.018720415575164698
1888-02-01,5.28,0.2467,0.3433,8.277679339,3.6516666666666664,200.8070779171796,13.056263228971165,15.418178318820535,0.018545973596228928
1888-03-01,5.08,0.245,0.335,8.277679339,3.6333333333333337,193.2007492081955,12.740600587548327,14.808972366946566,0.023484775724689676
1888-04-01,5.1,0.2433,0.3267,8.18251405,3.615,196.2172157834548,12.569443999304841,15.02010868184446,0.022632996042627557
1888-05-01,5.17,0.2417,0.3183,8.087381157,3.5966666666666667,201.25020150574323,12.390317048216263,15.387916957229132,0.023320027160848557
1888-06-01,5.01,0.24,0.31,7.992232066,3.578333333333333,197.34373007131356,12.21088948545054,15.07762881843469,0.025898537334721236
1888-07-01,5.14,0.2383,0.3017,8.087381157,3.5600000000000005,200.0824053654778,11.744136517269387,15.279642515498173,0.025259012921316812
1888-08-01,5.25,0.2367,0.2933,8.087381157,3.541666666666667,204.36432454645106,11.417153597995066,15.602911670088806,0.022974575191211162
1888-09-01,5.38,0.235,0.285,8.087381157,3.5233333333333334,209.42477448760127,11.094063332521628,15.98782882176142,0.021614886504528343
1888-10-01,5.35,0.2333,0.2767,8.18251405,3.505,205.835706753232,10.645745805349401,15.715941874329701,0.02515687714099092
1888-11-01,5.24,0.2317,0.2683,8.277679339,3.486666666666667,199.28581217538277,10.203889963102135,15.223749016946279,0.029677725599002683
1888-12-01,5.14,0.23,0.26,8.277679339,3.4683333333333333,195.48264782089075,9.888227321679299,14.946748301089226,0.033377840719047064
1889-01-01,5.24,0.2292,0.2633,7.992232066,3.45,206.40342227019624,10.371378069416538,15.802286071028162,0.02527887555976946
1889-02-01,5.3,0.2283,0.2667,7.897091074,3.4475000000000002,211.28195931452933,10.631867650789617,16.192720447848995,0.021448301616429702
1889-03-01,5.19,0.2275,0.27,7.801941983,3.445,209.4200861862524,10.894686564602726,16.06504536076929,0.021895429954547865
1889-04-01,5.18,0.2267,0.2733,7.801941983,3.4425,209.01657927645226,11.027843844836758,16.05010453396748,0.02312853676069848
1889-05-01,5.32,0.2258,0.2767,7.611651901,3.4400000000000004,220.03228363346048,11.444160316048594,16.915421076068377,0.0175118181723821
1889-06-01,5.41,0.225,0.28,7.611651901,3.4375,223.75463429643256,11.580646507024237,17.21930294394769,0.01765522513178451
1889-07-01,5.3,0.2242,0.2833,7.611651901,3.4350000000000005,219.20509459724448,11.71713269799988,16.88921449110752,0.0176535496029279
1889-08-01,5.37,0.2233,0.2867,7.611651901,3.4325,222.10025622400056,11.857754834156603,17.13185397534573,0.01683996350396516
1889-09-01,5.5,0.2225,0.29,7.706792893,3.4299999999999997,224.66876287446132,11.846171133380688,17.350788026348603,0.013960101329211376
1889-10-01,5.4,0.2217,0.2933,7.706792893,3.4275,220.58387627674387,11.980972391105364,17.05321440295549,0.009590759257984208
1889-11-01,5.35,0.2208,0.2967,7.706792893,3.4250000000000003,218.5414329778851,12.11985853542776,16.906021170249375,0.005033391836815337
1889-12-01,5.32,0.22,0.3,7.801941983,3.4225,214.6656760136537,12.105207294003028,16.61033807660339,0.004389764903388396
1890-01-01,5.38,0.22,0.2992,7.611651901,3.42,222.51385074210853,12.374747981791614,17.220071982181903,-0.0029555589998916665
1890-02-01,5.32,0.22,0.2983,7.611651901,3.4366666666666665,220.03228363346048,12.337524475161892,17.02681498267141,-0.002463102080041246
1890-03-01,5.28,0.22,0.2975,7.611651901,3.4533333333333336,218.37790556102848,12.30443691371325,16.901122288589907,-0.003114404003578833
1890-04-01,5.39,0.22,0.2967,7.611651901,3.4699999999999998,222.92744526021653,12.271349352264611,17.257854542603198,-0.000757033008033002
1890-05-01,5.62,0.22,0.2958,7.706792893,3.4866666666666664,229.57062679172228,12.083094556048302,17.786430487858617,0.0014888374225166603
1890-06-01,5.58,0.22,0.295,7.706792893,3.5033333333333334,227.9366721526353,12.05041546326656,17.68436084445016,0.003649474647291602
1890-07-01,5.54,0.22,0.2942,7.706792893,3.5199999999999996,226.30271751354832,12.017736370484823,17.58929544086486,0.0037884300307326063
1890-08-01,5.41,0.22,0.2933,7.992232066,3.536666666666667,213.09971650415298,11.553077051879495,16.596791133979103,0.010599942338932952
1890-09-01,5.32,0.22,0.2925,8.087381157,3.5533333333333337,207.0891822070704,11.386012367587988,16.1697020006153,0.01218010758330635
1890-10-01,5.08,0.22,0.2917,8.087381157,3.57,197.74681308494692,11.35487113718091,15.482849163344435,0.01475697776515969
1890-11-01,4.71,0.22,0.2908,7.897091074,3.586666666666667,187.76189214555342,11.592602597861344,14.745043493292805,0.014479293188767395
1890-12-01,4.6,0.22,0.29,7.897091074,3.6033333333333335,183.3767948767613,11.560710981361037,14.44299123133844,0.014743783055440995
1891-01-01,4.84,0.22,0.2942,7.801941983,3.62,195.29734434324885,11.87117328631897,15.428980086469096,0.00994938082518878
1891-02-01,4.9,0.22,0.2983,7.897091074,3.618333333333333,195.33615106437617,11.891586502551716,15.476522332432538,0.009970047115819267
1891-03-01,4.81,0.22,0.3025,7.992232066,3.616666666666667,189.46573685489383,11.915464739834801,15.051623357657384,0.012986888034787765
1891-04-01,4.97,0.22,0.3067,8.087381157,3.6149999999999998,193.46489390397366,11.938769207313626,15.408945125474125,0.011648752704439304
1891-05-01,4.95,0.22,0.3108,7.992232066,3.6133333333333333,194.98033210638766,12.24240145831622,15.566495230713253,0.010822741109611199
1891-06-01,4.85,0.22,0.315,7.801941983,3.611666666666667,195.70085125304894,12.710467658703179,15.65821139563815,0.008097887936257743
1891-07-01,4.77,0.22,0.3192,7.706792893,3.61,194.8490907111237,13.03895801991419,15.61791923864599,0.006103937149086601
1891-08-01,4.93,0.22,0.3233,7.706792893,3.6083333333333334,201.38490926747167,13.206438370420608,16.163998509963037,0.002040896709183511
1891-09-01,5.33,0.22,0.3275,7.611651901,3.6066666666666665,220.4458781515685,13.545220468037277,17.711261413256526,-0.008266833211186153
1891-10-01,5.33,0.22,0.3317,7.611651901,3.6049999999999995,220.4458781515685,13.71893016564264,17.716568589826363,-0.009170423000387888
1891-11-01,5.25,0.22,0.3358,7.51650281,3.6033333333333335,219.8857938696095,14.064314205983784,17.671739174763996,-0.009328328165197339
1891-12-01,5.41,0.22,0.34,7.51650281,3.601666666666667,226.58707520658808,14.240222841079474,18.206303000209935,-0.010973154464467422
1892-01-01,5.51,0.2217,0.3425,7.326212727,3.6,236.76950521887306,14.717523691009806,19.016388404225275,-0.01578071542309089
1892-02-01,5.52,0.2233,0.345,7.326212727,3.6125000000000003,237.19921393977845,14.824950871236153,19.03642504097844,-0.016860961424131314
1892-03-01,5.58,0.225,0.3475,7.135922645,3.625,246.17149209582007,15.3305723124189,19.73805484932302,-0.021394100412433795
1892-04-01,5.57,0.2267,0.35,7.040773554,3.6374999999999997,249.05112684724767,15.649532207636748,19.94326524163865,-0.024221072749668886
1892-05-01,5.57,0.2283,0.3525,7.040773554,3.65,249.05112684724767,15.761314580548436,19.91146521348981,-0.025143580225281487
1892-06-01,5.54,0.23,0.355,7.040773554,3.6625,247.70973837230736,15.873096953460129,19.769284397136744,-0.025776978828835735
1892-07-01,5.54,0.2317,0.3575,7.231071736,3.675,241.19082740074768,15.564209529921895,19.21188643450556,-0.020998101755070615
1892-08-01,5.62,0.2333,0.36,7.326212727,3.6875,241.49630114883243,15.469513952594248,19.204303803173822,-0.02071509094524407
1892-09-01,5.48,0.235,0.3625,7.326212727,3.7,235.4803790561569,15.576941132820597,18.6942718095882,-0.016774511432559924
1892-10-01,5.59,0.2367,0.365,7.326212727,3.7125,240.20717498611623,15.684368313046946,19.040214915324704,-0.016971520676857074
1892-11-01,5.57,0.2383,0.3675,7.51650281,3.725,233.28835654356666,15.392005570872666,18.463312690799995,-0.01205952689253064
1892-12-01,5.51,0.24,0.37,7.611651901,3.7375,227.89057947751266,15.302997169996313,18.01300925127574,-0.008686892998924355
1893-01-01,5.61,0.2408,0.3608,7.897091074,3.75,223.63996070839804,14.383119041638148,17.656643708098773,-0.004102154836255777
1893-02-01,5.51,0.2417,0.3517,7.992232066,3.7458333333333336,217.03871311236284,13.853451071074048,17.125193854872453,-0.0020583817590019773
1893-03-01,5.31,0.2425,0.3425,7.801941983,3.7416666666666667,214.26216910385358,13.820111660653456,16.899589031582323,-0.0026649839599117986
1893-04-01,5.31,0.2433,0.3333,7.706792893,3.7375000000000003,216.9074783387981,13.614927030192355,17.102541578254918,-0.003588799163466584
1893-05-01,4.84,0.2442,0.3242,7.611651901,3.7333333333333334,200.1797467642761,13.408734277061633,15.780987310776254,0.0010804606415404164
1893-06-01,4.61,0.245,0.315,7.421361818,3.729166666666667,195.5559401483423,13.362282244409505,15.416503863597692,0.003033680296041702
1893-07-01,4.18,0.2458,0.3058,7.231071736,3.7250000000000005,181.98152681139445,13.313385382517806,14.349854182760948,0.007334390771946087
1893-08-01,4.08,0.2467,0.2967,6.945632562,3.7208333333333337,184.92773531200805,13.448053692910001,14.58805653580781,0.0023197397456332786
1893-09-01,4.37,0.2475,0.2875,7.231071736,3.716666666666667,190.25341439373057,12.516671999587537,15.01206907913876,0.005344300356698847
1893-10-01,4.5,0.2483,0.2783,7.326212727,3.7125000000000004,193.3689244074281,11.958793702797163,15.271794153520183,0.005529562016369921
1893-11-01,4.57,0.2492,0.2692,7.135922645,3.7083333333333335,201.61356969137952,11.876230407203362,15.942411400571672,0.0012583784971808218
1893-12-01,4.41,0.25,0.26,7.040773554,3.704166666666667,197.18410581622302,11.62536678281587,15.612694335464932,0.0003074989231914016
1894-01-01,4.32,0.2467,0.2517,6.850483471,3.7,198.52546258336935,11.566865493572697,15.739869351948222,-0.002831422459346658
1894-02-01,4.38,0.2433,0.2433,6.755342479,3.6800000000000006,204.11758978711592,11.338312692969247,16.202736596449927,-0.005802921443880428
1894-03-01,4.51,0.24,0.235,6.565052397,3.66,216.26788738941434,11.26894756907148,17.187622088121927,-0.011905071655421179
1894-04-01,4.57,0.2367,0.2267,6.565052397,3.64,219.14506549215602,10.870937931525551,17.43484907805245,-0.010514783387849988
1894-05-01,4.4,0.2333,0.2183,6.565052397,3.62,210.9930608677213,10.46813299714172,16.808751920918006,-0.006114954823300642
1894-06-01,4.34,0.23,0.21,6.565052397,3.6000000000000005,208.11588276497966,10.07012335959579,16.606319695292527,-0.005189733127550035
1894-07-01,4.25,0.2267,0.2017,6.565052397,3.58,203.80011561086718,9.67211372204986,16.28967971491695,-0.0027700206733354965
1894-08-01,4.41,0.2233,0.1933,6.755342479,3.5599999999999996,205.5156554705893,9.008203220513586,16.457777072998365,-0.0004167757893686966
1894-09-01,4.48,0.22,0.185,6.850483471,3.54,205.8782574938645,8.501669115260029,16.52231544487721,0.001976862353027374
1894-10-01,4.34,0.2167,0.1767,6.660193388,3.5200000000000005,205.1429433658362,8.352248408466187,16.502904205708422,0.0005772497776944455
1894-11-01,4.34,0.2133,0.1683,6.660193388,3.5,205.1429433658362,7.955197550338763,16.54278444744455,0.002824663668923262
1894-12-01,4.3,0.21,0.16,6.565052397,3.4800000000000004,206.19776402981856,7.6724749406444115,16.672466333767723,0.002265509077856505
1895-01-01,4.25,0.2083,0.1675,6.565052397,3.46,203.80011561086718,8.032122203487118,16.52444393516271,0.003002789151904252
1895-02-01,4.19,0.2067,0.175,6.565052397,3.4716666666666667,200.92293750812553,8.391769466329825,16.3312376932114,0.002485787819288432
1895-03-01,4.19,0.205,0.1825,6.565052397,3.4833333333333334,200.92293750812553,8.751416729172531,16.36462542717479,0.004490944019723511
1895-04-01,4.37,0.2033,0.19,6.850483471,3.495,200.82321099289905,8.731443956213003,16.387543823686293,0.007325555809035177
1895-05-01,4.61,0.2017,0.1975,6.945632562,3.506666666666667,208.95021073244052,8.951771501010196,17.080369553382383,0.008376111407965653
1895-06-01,4.7,0.2,0.205,7.040773554,3.518333333333333,210.15086107397917,9.166154578758665,17.20741353978338,0.011519126998025986
1895-07-01,4.72,0.1983,0.2125,6.945632562,3.53,213.93600751781324,9.631652880833753,17.546014648740545,0.00775533805806361
1895-08-01,4.79,0.1967,0.22,6.850483471,3.541666666666667,220.12429763294884,10.110093001930846,18.074072547241787,0.004614326252766927
1895-09-01,4.82,0.195,0.2275,6.850483471,3.5533333333333332,221.50294667866672,10.454755263360306,18.20033594660546,0.005293774765856456
1895-10-01,4.75,0.1933,0.235,6.850483471,3.5649999999999995,218.28609890532508,10.799417524789767,17.94470662246647,0.005959807326270571
1895-11-01,4.59,0.1917,0.2425,6.850483471,3.5766666666666667,210.9333039948299,11.144079786219228,17.342998991921686,0.0065966071475565755
1895-12-01,4.32,0.19,0.25,6.755342479,3.588333333333334,201.3214584201691,11.650547362278305,16.548415156667954,0.005561347625954227
1896-01-01,4.27,0.1892,0.2467,6.660193388,3.6,201.83418621477432,11.66100555952806,16.576224828568183,0.006260411634968668
1896-02-01,4.45,0.1883,0.2433,6.565052397,3.5833333333333335,213.39070928667272,11.666957206617408,17.515403352637268,0.0017805233819332827
1896-03-01,4.38,0.1875,0.24,6.565052397,3.5666666666666664,210.03400150014076,11.508712410966616,17.232362712298606,0.004059869954454745
1896-04-01,4.42,0.1867,0.2367,6.469903306,3.55,215.06917633677546,11.517392316496549,17.643699378129998,0.002630457406601651
1896-05-01,4.4,0.1858,0.2333,6.374754215,3.533333333333333,217.29159325713715,11.521392887929567,17.828266894232822,0.0031802127213657674
1896-06-01,4.32,0.185,0.23,6.279613223,3.5166666666666666,216.57311552546247,11.530513095105642,17.777578616430464,0.0032653672633128003
1896-07-01,4.04,0.1842,0.2267,6.279613223,3.5,202.53596914881211,11.36507529852369,16.637100103394584,0.006053299737138175
1896-08-01,3.81,0.1833,0.2233,6.279613223,3.4833333333333334,191.00545605370647,11.19462423537865,15.703370546226877,0.008576166713634752
1896-09-01,4.01,0.1825,0.22,6.279613223,3.466666666666667,201.03198917988524,11.0291864387967,16.54433994303202,0.005505869389791779
1896-10-01,4.1,0.1817,0.2167,6.469903306,3.4499999999999997,199.49855723547043,10.544228622664988,16.43886680472589,0.008989479904527226
1896-11-01,4.38,0.1808,0.2133,6.660193388,3.4333333333333336,207.03366173787157,10.082255718878539,17.089425242371124,0.00969302008022032
1896-12-01,4.22,0.18,0.21,6.660193388,3.4166666666666665,199.47078824973013,9.926271453185622,16.501404180590093,0.010736338168094939
1897-01-01,4.22,0.18,0.2183,6.469903306,3.4,205.33753939845985,10.622081718171513,17.026521282380564,0.0038227047514217613
1897-02-01,4.18,0.18,0.2267,6.469903306,3.3958333333333335,203.39121201079672,11.03081046958077,16.8940258832541,0.0031669328023881463
1897-03-01,4.19,0.18,0.235,6.469903306,3.3916666666666666,203.8777938577125,11.434673402520868,16.95803071672104,0.0029851886508370645
1897-04-01,4.06,0.18,0.2433,6.374754215,3.3874999999999997,200.50087923272199,12.015237418059424,16.696857434734664,0.0025014578482111943
1897-05-01,4.08,0.18,0.2517,6.279613223,3.3833333333333333,204.54127577404785,12.618391939296039,17.04775512922939,-0.000156886830770267
1897-06-01,4.27,0.18,0.26,6.279613223,3.3791666666666664,214.06648224391773,13.034493064032462,17.850497280690615,-0.0015985160058095763
1897-07-01,4.46,0.18,0.2683,6.279613223,3.375,223.59168871378762,13.450594188768882,18.6519757558203,-0.002794348769244469
1897-08-01,4.75,0.18,0.2767,6.565052397,3.3708333333333336,227.77659980038098,13.268586350476928,19.006396010519445,-0.0005732139020454413
1897-09-01,4.98,0.18,0.285,6.755342479,3.3666666666666667,232.07890345658384,13.281623992997265,19.372370293397807,0.0024584612230910755
1897-10-01,4.82,0.18,0.2933,6.660193388,3.3625000000000003,227.8315638302605,13.863692462949253,19.028031223902435,0.0008620890733763015
1897-11-01,4.65,0.18,0.3017,6.660193388,3.3583333333333334,219.79601074911022,14.260743321076678,18.358448098050225,0.0016591271266084215
1897-12-01,4.75,0.18,0.31,6.660193388,3.3541666666666665,224.52280667919862,14.653067383274013,18.74875766252551,-0.001711571829162692
1898-01-01,4.88,0.1817,0.3133,6.660193388,3.35,230.66764138831348,14.809051648966932,19.249000021813757,-0.004173901424534929
1898-02-01,4.87,0.1833,0.3167,6.755342479,3.3291666666666666,226.95266261718137,14.758913398534157,18.918131888002144,-0.0005501052134227052
1898-03-01,4.65,0.185,0.32,6.755342479,3.308333333333333,216.70018093837646,14.91270062371623,18.042174923468682,0.0022245766228676245
1898-04-01,4.57,0.1867,0.3233,6.755342479,3.2875,212.9720057824474,15.066487848898303,17.70508942641178,0.004621868235449404
1898-05-01,4.87,0.1883,0.3267,7.231071736,3.2666666666666666,212.02153961040455,14.223293016574777,17.595635274512816,0.013036233662140274
1898-06-01,5.06,0.19,0.33,6.755342479,3.2458333333333336,235.80707861251287,15.378722518207363,19.544817480547998,0.002033044597252967
1898-07-01,5.08,0.1917,0.3333,6.660193388,3.225,240.12123324849028,15.75441083498461,19.85894301416731,-0.0011232274275904328
1898-08-01,5.27,0.1933,0.3367,6.660193388,3.2041666666666666,249.1021455156582,15.915121896607616,20.544915179153282,-0.002596197184883353
1898-09-01,5.26,0.195,0.34,6.660193388,3.1833333333333336,248.6294659226494,16.071106162300534,20.442732862691308,-0.002144569269449677
1898-10-01,5.15,0.1967,0.3433,6.660193388,3.1625,243.42999039955217,16.22709042799345,19.947199825773662,-0.0018673158147902158
1898-11-01,5.32,0.1983,0.3467,6.660193388,3.1416666666666666,251.46554348070242,16.387801489616454,20.527416324811295,-0.004208102351561181
1898-12-01,5.65,0.2,0.35,6.755342479,3.1208333333333336,263.3023703874897,16.310766307189628,21.403631985448182,-0.004605071180203105
1899-01-01,6.08,0.2008,0.3608,6.755342479,3.1,283.34131185060835,16.81406995324005,22.93280741648719,-0.004067429276464869
1899-02-01,6.31,0.2017,0.3717,6.945632562,3.104166666666667,286.0034337791105,16.847460592027794,23.0481175499802,-0.00041025988703934785
1899-03-01,6.4,0.2025,0.3825,6.945632562,3.1083333333333334,290.0827220580519,17.33697518550076,23.279682245508734,0.0003139376814579181
1899-04-01,6.48,0.2033,0.3933,7.040773554,3.1125000000000003,289.7399105871032,17.585602906467233,23.152421525686496,0.0018540732642901292
1899-05-01,6.21,0.2042,0.4042,7.040773554,3.116666666666667,277.6674143126406,18.07297405236221,22.091269360834193,0.006334179078361563
1899-06-01,6.07,0.205,0.415,7.135922645,3.1208333333333336,267.7887019752021,18.308453265190916,21.212091925046842,0.00950150406462328
1899-07-01,6.28,0.2058,0.4258,7.231071736,3.125,273.40765272142517,18.53773543451956,21.561425634523125,0.01001295900582612
1899-08-01,6.44,0.2067,0.4367,7.326212727,3.129166666666667,276.73241626307487,18.765379841938636,21.726237373055454,0.010920774676827769
1899-09-01,6.37,0.2075,0.4475,7.611651901,3.1333333333333337,263.4597080348014,18.50835468533338,20.591140514113782,0.015989821882392674
1899-10-01,6.34,0.2083,0.4583,7.706792893,3.1374999999999997,258.98181029528814,18.7210352773392,20.15371346068661,0.018243647300443026
1899-11-01,6.46,0.2092,0.4692,7.801941983,3.1416666666666666,260.6654637308652,18.932544207820733,20.196457520802294,0.019324774289488672
1899-12-01,6.02,0.21,0.48,7.897091074,3.145833333333333,239.984414164805,19.134969900183787,18.512649643600195,0.023771700547836942
1900-01-01,6.1,0.2175,0.48,7.897091074,3.15,243.1735758148356,19.134969900183787,18.674275362444774,0.02573781156703523
1900-02-01,6.21,0.225,0.48,7.992232066,3.145833333333333,244.6116893698318,18.907183719407286,18.703797417251433,0.026897652963089276
1900-03-01,6.26,0.2325,0.48,7.992232066,3.1416666666666666,246.5811876739367,18.907183719407286,18.77579342123837,0.026734307147491407
1900-04-01,6.34,0.24,0.48,7.992232066,3.1374999999999997,249.7323849605046,18.907183719407286,18.93640203332273,0.02632424991793155
1900-05-01,6.04,0.2475,0.48,7.801941983,3.1333333333333337,243.71817351926097,19.368331670404842,18.403197016950404,0.024232858651637684
1900-06-01,5.86,0.255,0.48,7.706792893,3.129166666666667,239.37435462624424,19.607455669043897,17.992711584303972,0.024286393111291132
1900-07-01,5.86,0.2625,0.48,7.801941983,3.125,236.45504914285914,19.368331670404842,17.68954546895279,0.026508372245072777
1900-08-01,5.94,0.27,0.48,7.706792893,3.1208333333333336,242.64226390441823,19.607455669043897,18.069614666784183,0.020503000596817977
1900-09-01,5.8,0.2775,0.48,7.801941983,3.116666666666667,234.0340076840585,19.368331670404842,17.341874151224705,0.02291044665160244
1900-10-01,6.01,0.285,0.48,7.706792893,3.1125000000000003,245.50168452282043,19.607455669043897,18.102398784556044,0.019307613480088838
1900-11-01,6.48,0.2925,0.48,7.706792893,3.1083333333333334,264.70065153209265,19.607455669043897,19.419584603760754,0.017974812589310545
1900-12-01,6.87,0.3,0.48,7.611651901,3.104166666666667,284.1394339402018,19.852536869184405,20.74405116087084,0.013490267445614545
1901-01-01,7.07,0.3017,0.4817,7.706792893,3.1,288.80148245862574,19.676898741205093,20.97858183453618,0.015441362892157369
1901-02-01,7.25,0.3033,0.4833,7.611651901,3.106666666666667,299.85602562830616,19.989023060160047,21.679149848206176,0.011385946036258712
1901-03-01,7.51,0.305,0.485,7.611651901,3.1133333333333333,310.6094830991143,20.059334128238408,22.347583950683838,0.008747130120826417
1901-04-01,8.14,0.3067,0.4867,7.51650281,3.12,340.92768801878503,20.384460166921706,24.4097169948272,0.002473621989021131
1901-05-01,7.73,0.3083,0.4883,7.51650281,3.126666666666667,323.75565459277743,20.45147298029149,23.064012684863552,0.0059728054263651145
1901-06-01,8.5,0.31,0.49,7.51650281,3.1333333333333333,356.00557102698684,20.52267409449689,25.238466205960336,0.00456849336210282
1901-07-01,7.93,0.3117,0.4917,7.611651901,3.14,327.98045285965065,20.336442455370776,23.14484855370809,0.010564738337857406
1901-08-01,8.04,0.3133,0.4933,7.706792893,3.146666666666667,328.42488245648525,20.150745586540324,23.077177713844367,0.011866188520390453
1901-09-01,8.0,0.315,0.495,7.801941983,3.1533333333333333,322.80552784008074,19.973592035104993,22.59046831686023,0.015205420693573564
1901-10-01,7.91,0.3167,0.4967,7.801941983,3.16,319.1739656518798,20.042188209771012,22.252901618408917,0.0158102566507971
1901-11-01,8.08,0.3183,0.4983,7.897091074,3.1666666666666665,322.10532665309375,19.864490627628292,22.375074777652788,0.017977489621420525
1901-12-01,7.95,0.32,0.5,7.992232066,3.173333333333334,313.1502303526832,19.69498304104926,21.68021514102967,0.02054744964153324
1902-01-01,8.12,0.3208,0.5108,7.897091074,3.18,323.6999074781091,20.362797135445582,22.34029079603356,0.0204939743032923
1902-02-01,8.19,0.3217,0.5217,7.897091074,3.1900000000000004,326.49042392188585,20.797320410262255,22.45995745246039,0.02015548143014379
1902-03-01,8.2,0.3225,0.5325,7.897091074,3.1999999999999997,326.8890691281397,21.227857233016387,22.41065228821733,0.022808465227320183
1902-04-01,8.48,0.3233,0.5433,7.992232066,3.21,334.0269123761954,21.400568572404122,22.823108698497837,0.02447111494513509
1902-05-01,8.46,0.3242,0.5542,8.087381157,3.2199999999999998,329.3185115548526,21.573087364503465,22.42795449332979,0.026342382656398586
1902-06-01,8.41,0.325,0.565,8.18251405,3.2300000000000004,323.5660362233049,21.737789591696465,21.963742295514614,0.02837121208353239
1902-07-01,8.6,0.3258,0.5758,8.18251405,3.2399999999999998,330.8760893603355,22.153308401590838,22.385686589401356,0.02470933589638781
1902-08-01,8.83,0.3267,0.5867,8.087381157,3.25,343.7213306181263,22.838199849791017,23.168671834092855,0.02059537247477844
1902-09-01,8.85,0.3275,0.5975,8.18251405,3.26,340.49458033011274,22.9881934177675,22.856566381954494,0.022266499788554092
1902-10-01,8.57,0.3283,0.6083,8.753424793,3.27,308.21694380210124,21.877289021565716,20.604425401859803,0.03379123549893957
1902-11-01,8.24,0.3292,0.6192,8.467928926,3.2800000000000002,306.3399944271097,23.02011220258086,20.408541255072176,0.028188898983770694
1902-12-01,8.05,0.33,0.63,8.563094215,3.29,295.95034503541325,23.16133135059756,19.633232126823838,0.029881822071487332
1903-01-01,8.46,0.3317,0.6217,8.658259504,3.3,307.6050473850525,22.60497138998666,20.318132053828496,0.025461515467494582
1903-02-01,8.41,0.3333,0.6133,8.658259504,3.308333333333333,305.7870506510983,22.299547938682352,20.107051517552808,0.024686947627897797
1903-03-01,8.08,0.335,0.605,8.372844628,3.3166666666666664,303.80297414017673,22.747623682525607,19.88456038487284,0.024210704457160573
1903-04-01,7.75,0.3367,0.5967,8.372844628,3.325,291.39517940425367,22.435548845228148,18.98002260182627,0.027760581705718157
1903-05-01,7.6,0.3383,0.5883,8.18251405,3.333333333333333,292.40212548122673,22.6342329500797,18.954858723039873,0.026681724642753743
1903-06-01,7.18,0.34,0.58,8.18251405,3.341666666666667,276.2430606520011,22.314899049883095,17.818551722968518,0.032516124608077894
1903-07-01,6.85,0.3417,0.5717,8.18251405,3.3499999999999996,263.54665257189515,21.995565149686495,16.91817841476666,0.03804595244435378
1903-08-01,6.63,0.3433,0.5633,8.18251405,3.3583333333333334,255.08238051849128,21.67238385310198,16.299118790903503,0.044293346247704896
1903-09-01,6.47,0.345,0.555,8.277679339,3.3666666666666663,246.06473373563483,21.10756216743081,15.65435911519692,0.04382261855560593
1903-10-01,6.26,0.3467,0.5467,8.18251405,3.3749999999999996,240.847013883221,21.033716052708773,15.252943825778843,0.04292651107252159
1903-11-01,6.28,0.3483,0.5383,8.087381157,3.3833333333333333,244.4586586955643,20.954155410162784,15.4078775342979,0.043663530682750314
1903-12-01,6.57,0.35,0.53,8.087381157,3.3916666666666666,255.7473547181302,20.631065144689344,16.042894140050148,0.04237139504346583
1904-01-01,6.68,0.3467,0.5267,8.277679339,3.4,254.05137888006809,20.03126665510956,15.861833914033646,0.048148955439236446
1904-02-01,6.5,0.3433,0.5233,8.467928926,3.4066666666666667,241.65169463303556,19.454820277148844,15.021498380331442,0.055357023109160554
1904-03-01,6.48,0.34,0.52,8.372844628,3.4133333333333336,243.6439693599437,19.551676553575728,15.081930176258869,0.056792722066092094
1904-04-01,6.64,0.3367,0.5167,8.277679339,3.42,252.5301131382713,19.650950219660363,15.565490611691493,0.05349564824196263
1904-05-01,6.5,0.3333,0.5133,8.087381157,3.4266666666666667,253.02249705751083,19.980991959941587,15.525820896254642,0.05121558713443852
1904-06-01,6.51,0.33,0.51,8.087381157,3.4333333333333336,253.41176243759932,19.85253438451239,15.474433638652657,0.051362808313555254
1904-07-01,6.78,0.3267,0.5067,8.087381157,3.44,263.92192769998826,19.724076809083193,16.036401629624113,0.049031550047606155
1904-08-01,7.01,0.3233,0.5033,8.18251405,3.4466666666666663,269.7024867925526,19.36394602035545,16.304651978851037,0.04621695794790068
1904-09-01,7.32,0.32,0.5,8.277679339,3.453333333333333,278.39163074881714,19.01582177246019,16.742600049163695,0.04429908922806981
1904-10-01,7.75,0.3167,0.4967,8.277679339,3.46,294.74523747313293,18.89031734876195,17.63319737082141,0.04409069249065876
1904-11-01,8.17,0.3133,0.4933,8.467928926,3.466666666666667,303.73759156183087,18.339504763457917,18.076200223770073,0.04495909013171529
1904-12-01,8.25,0.31,0.49,8.467928926,3.473333333333333,306.71176626500664,18.216820056951914,18.15967911870321,0.046112947895593545
1905-01-01,8.43,0.3117,0.505,8.467928926,3.48,313.40365934715226,18.77447781379738,18.459852032455856,0.0451508440653342
1905-02-01,8.8,0.3133,0.52,8.467928926,3.475833333333333,327.15921734934045,19.332135570642844,19.16899637582984,0.043188467656359635
1905-03-01,9.05,0.315,0.535,8.372844628,3.4716666666666667,340.274370788193,20.115667223390414,19.83150607421842,0.04032969182358466
1905-04-01,8.94,0.3167,0.55,8.372844628,3.4675,336.1384392095519,20.679657893205096,19.482927524711286,0.03692213921951104
1905-05-01,8.5,0.3183,0.565,8.277679339,3.463333333333333,323.2689701318232,21.487878602880013,18.629487509845134,0.036744785710864244
1905-06-01,8.6,0.32,0.58,8.277679339,3.4591666666666665,327.07213448631524,22.058353256053817,18.73586238618355,0.03509804968754169
1905-07-01,8.87,0.3217,0.595,8.277679339,3.455,337.34067824344373,22.628827909227624,19.20588330954806,0.03521715586649453
1905-08-01,9.2,0.3233,0.61,8.372844628,3.4508333333333336,345.91427748633976,22.935620572463833,19.573308430803724,0.03685180048885769
1905-09-01,9.23,0.325,0.625,8.277679339,3.4466666666666663,351.0320699196151,23.76977721557524,19.743492419697777,0.035287476611482196
1905-10-01,9.36,0.3267,0.64,8.277679339,3.4425000000000003,355.97618358045474,24.340251868749043,19.897394814329534,0.03493737868538207
1905-11-01,9.31,0.3283,0.655,8.372844628,3.438333333333334,350.0502090649809,24.62759258190789,19.443525693264988,0.03731781877907994
1905-12-01,9.54,0.33,0.67,8.467928926,3.434166666666667,354.6703333537167,24.90871313909751,19.57796080909612,0.03958861062069838
1906-01-01,9.87,0.3358,0.6775,8.467928926,3.43,366.93880400431703,25.187542017520244,20.1324022608079,0.03967556692417592
1906-02-01,9.8,0.3417,0.685,8.467928926,3.45,364.33640113903823,25.466370895942976,19.866752563675895,0.04161458175295273
1906-03-01,9.56,0.3475,0.6925,8.467928926,3.4700000000000006,355.4138770295108,25.745199774365712,19.259453020854124,0.043001783462784916
1906-04-01,9.43,0.3533,0.7,8.467928926,3.49,350.58084313685004,26.024028652788445,18.876204996115888,0.04535464148475208
1906-05-01,9.18,0.3592,0.7075,8.563094215,3.51,337.4936853944216,26.010542746901226,18.054044460926402,0.050240640291034366
1906-06-01,9.3,0.365,0.715,8.563094215,3.5300000000000002,341.9053675564402,26.28627288202739,18.17266637649751,0.051229005412075077
1906-07-01,9.06,0.3708,0.7225,8.277679339,3.55,344.5666905169786,27.47786246120497,18.195200143513752,0.04747009624297459
1906-08-01,9.73,0.3767,0.73,8.467928926,3.5700000000000003,361.7339982737594,27.139344166479376,18.967251477549308,0.047371634291944034
1906-09-01,10.03,0.3825,0.7375,8.563094215,3.59,368.74310070871985,27.113463287405875,19.20099368200136,0.04768194519702299
1906-10-01,9.73,0.3883,0.745,8.753424793,3.61,349.935923359912,26.793654974628407,18.095380908869103,0.049852624506333064
1906-11-01,9.93,0.3942,0.7525,8.848509091,3.6300000000000003,353.2912161077647,26.77257201622285,18.14185165400797,0.04763862542710334
1906-12-01,9.84,0.4,0.76,8.94367438,3.6499999999999995,346.36405222078326,26.751695090223098,17.660003667768663,0.05004375945682995
1907-01-01,9.56,0.4033,0.7517,8.848509091,3.67,340.1272936546053,26.744109481188993,17.218913853705985,0.053179729321433264
1907-02-01,9.26,0.4067,0.7433,9.038839669,3.6866666666666665,322.51654324592283,25.888395960550156,16.21707128876616,0.05879901160575098
1907-03-01,8.35,0.41,0.735,8.94367438,3.7033333333333336,293.91665000442487,25.871705120149972,14.687545255978655,0.06395998613068168
1907-04-01,8.39,0.4133,0.7267,8.94367438,3.7199999999999998,295.3246339565419,25.579548450085696,14.669709905602746,0.06540754954524769
1907-05-01,8.1,0.4167,0.7183,9.134004959,3.736666666666667,279.1756065872748,24.757017063165367,13.790107153424248,0.07332950822119558
1907-06-01,7.84,0.42,0.71,9.229089256,3.753333333333333,267.4304832836478,24.218832032065038,13.144269952673211,0.0778015755574023
1907-07-01,8.14,0.4233,0.7017,9.229089256,3.7699999999999996,277.66379259297105,23.935710474507097,13.585007357961848,0.07516669062085515
1907-08-01,7.53,0.4267,0.6933,9.229089256,3.7866666666666666,256.85606366401373,23.64917781384605,12.513471604446613,0.07669387939475067
1907-09-01,7.45,0.43,0.685,9.229089256,3.8033333333333337,254.12718118152756,23.3660562562881,12.328569657736631,0.07477365329913241
1907-10-01,6.64,0.4333,0.6767,9.324254545,3.82,224.18556785549453,22.84734544695981,10.831840153050605,0.08833993148156215
1907-11-01,6.25,0.4367,0.6683,8.94367438,3.836666666666667,219.9974925182821,23.523891879994867,10.591177559189784,0.08597017044490046
1907-12-01,6.57,0.44,0.66,8.753424793,3.853333333333333,236.2876687024277,23.736660782892283,11.333306235811172,0.07740870289309015
1908-01-01,6.85,0.4367,0.6533,8.658259504,3.87,249.0655525517269,23.75394532584572,11.902968628266978,0.07189638260406483
1908-02-01,6.6,0.4333,0.6467,8.563094215,3.8608333333333333,242.64251891102205,23.775290451478483,11.554846295144795,0.07193161672945622
1908-03-01,6.87,0.43,0.64,8.563094215,3.8516666666666666,252.56880377556388,23.528971530765777,11.984662664464295,0.06891948886036453
1908-04-01,7.24,0.4267,0.6333,8.658259504,3.8425,263.2459270765697,23.026746632264036,12.448889158370367,0.06703198777698424
1908-05-01,7.63,0.4233,0.6267,8.658259504,3.833333333333333,277.42630160141255,22.786771063382083,13.078451355438338,0.05630417127224624
1908-06-01,7.64,0.42,0.62,8.658259504,3.8241666666666663,277.78990094820347,22.543159501032218,13.051684129229992,0.06350533344627629
1908-07-01,7.92,0.4167,0.6133,8.753424793,3.8149999999999995,284.8399293947073,22.0571122093149,13.345487104834396,0.0644882284368703
1908-08-01,8.26,0.4133,0.6067,8.753424793,3.805833333333333,297.0679061616519,21.81974560148598,13.884232895208612,0.06167234257339618
1908-09-01,8.17,0.41,0.6,8.753424793,3.7966666666666664,293.8310887821666,21.578782529902075,13.701442268825108,0.0627248816999166
1908-10-01,8.27,0.4067,0.5933,8.848509091,3.7874999999999996,294.2314559125089,21.108527544485074,13.690810359178704,0.06398415573784294
1908-11-01,8.83,0.4033,0.5867,8.94367438,3.778333333333333,310.8124574298289,20.651604617676174,14.435014091256257,0.061411293814185995
1908-12-01,9.03,0.4,0.58,9.038839669,3.769166666666667,314.50587316530056,20.200820203308343,14.582482908962435,0.060431599334800114
1909-01-01,9.06,0.4033,0.595,8.94367438,3.76,318.9083651545017,20.943761287740454,14.764418456441351,0.05858911263235583
1909-02-01,8.8,0.4067,0.61,9.038839669,3.7725,306.4952030846783,21.24569021382429,14.167157516701357,0.05955257646841431
1909-03-01,8.92,0.41,0.625,9.038839669,3.7849999999999997,310.6746831267421,21.76812521908227,14.336058380586211,0.05859596707282837
1909-04-01,9.32,0.4133,0.64,9.229089256,3.7975,317.9148092096425,21.831059859889614,14.645198603086113,0.05774055990348482
1909-05-01,9.63,0.4167,0.655,9.324254545,3.8099999999999996,325.1365991639176,22.11469080502243,14.95350978658278,0.05726227688797467
1909-06-01,9.8,0.42,0.67,9.419419835,3.8225,327.5334154377887,22.392590647277387,15.040444676080995,0.056414579208054955
1909-07-01,9.94,0.4233,0.685,9.419419835,3.835,332.212464229757,22.893917303559718,15.231503240497679,0.05409462646479069
1909-08-01,10.18,0.4267,0.7,9.514585124,3.8474999999999997,336.83065874475864,23.16124372508164,15.417580706254755,0.05286729833582768
1909-09-01,10.19,0.43,0.715,9.609669421,3.8600000000000003,333.82543893650154,23.42347289888112,15.254446436821175,0.0505373940589074
1909-10-01,10.23,0.4333,0.73,9.8,3.8724999999999996,328.6270063775512,23.450411989795928,14.988845296121767,0.05231030423914049
1909-11-01,10.18,0.4367,0.745,9.895165289,3.885,323.8757394545632,23.702104704680703,14.745631176824585,0.05301875245129045
1909-12-01,10.3,0.44,0.76,9.990330579,3.8975000000000004,324.57200483595744,23.9490022985755,14.750638489265032,0.052609590345711825
1910-01-01,10.08,0.4425,0.7575,9.895165289,3.91,320.69424889017654,24.099791025229038,14.547885040564147,0.052449986402138195
1910-02-01,9.72,0.445,0.755,9.895165289,3.9158333333333335,309.2408828583845,24.020253761119374,14.002037903032699,0.05384716903319013
1910-03-01,9.96,0.4475,0.7525,10.08541488,3.921666666666667,310.898955304058,23.489102797821648,14.050006965077824,0.05549236938822475
1910-04-01,9.72,0.45,0.75,10.18058017,3.9274999999999998,300.57124435964255,23.192225645034146,13.559883620820083,0.05896836351106257
1910-05-01,9.56,0.4525,0.7475,9.990330579,3.9333333333333336,301.253239439976,23.555104234454195,13.568792287251453,0.05939787927567449
1910-06-01,9.1,0.455,0.745,9.895165289,3.9391666666666665,289.51564135918716,23.702104704680703,13.019657302315938,0.06272466456279638
1910-07-01,8.64,0.4575,0.7425,9.895165289,3.9450000000000003,274.8807847630085,23.62256744057104,12.342581259985222,0.065622385013548
1910-08-01,8.85,0.46,0.74,9.8,3.9508333333333336,284.29609056122456,23.771650510204093,12.745055150886254,0.06327249337475833
1910-09-01,8.91,0.4625,0.7375,9.704834711,3.956666666666667,289.03022009438956,23.923657387161875,12.937161101070851,0.059795105936958415
1910-10-01,9.32,0.465,0.735,9.419419835,3.9625,311.4909624367541,24.565006157834148,13.918866656445818,0.05248976494758451
1910-11-01,9.31,0.4675,0.7325,9.229089256,3.9683333333333333,317.57369889933176,24.986330230264286,14.164523175780362,0.04910485347643043
1910-12-01,9.05,0.47,0.73,9.229089256,3.9741666666666666,308.70483083125157,24.901052652686587,13.741478417781552,0.052485548384874396
1911-01-01,9.27,0.47,0.7183,9.229089256,3.98,316.20925765808863,24.501953589622982,14.049215181401209,0.049567622703641526
1911-02-01,9.43,0.47,0.7067,8.94367438,3.9825,331.932216711584,24.875556474027192,14.721488469928307,0.04436027884105166
1911-03-01,9.32,0.47,0.695,9.038839669,3.985,324.6062832669548,24.206155243619477,14.370623221979539,0.047069976401038285
1911-04-01,9.28,0.47,0.6833,8.753424793,3.9875,333.7518364624854,24.574636837803478,14.752935420329358,0.0432591607083098
1911-05-01,9.48,0.47,0.6717,8.753424793,3.99,340.94476397245273,24.157447042225368,15.047660591685043,0.041906552892054874
1911-06-01,9.67,0.47,0.66,8.753424793,3.9924999999999997,347.77804510692175,23.736660782892283,15.328355684719288,0.04066460981532013
1911-07-01,9.63,0.47,0.6483,8.848509091,3.995,342.6177654700679,23.065326828062823,15.083110578700271,0.04152012374329099
1911-08-01,9.17,0.47,0.6367,9.134004959,3.9975,316.05435955621107,21.944581322730603,13.89979066565445,0.049103896459398826
1911-09-01,8.67,0.47,0.625,9.229089256,4.0,295.7426390394421,21.31939439442345,12.99795398325244,0.05387584785592083
1911-10-01,8.72,0.47,0.6133,9.229089256,4.0024999999999995,297.44819059099603,20.920295331359842,13.066472850619197,0.05344740984881332
1911-11-01,9.07,0.47,0.6017,9.134004959,4.005,312.6077471292077,20.738266973279412,13.7279975864131,0.04745119494291518
1911-12-01,9.11,0.47,0.59,9.038839669,4.0075,317.29219319334305,20.549110206813655,13.92925841957824,0.04409843542917355
1912-01-01,9.12,0.4708,0.5992,9.134004959,4.01,314.33105334270937,20.652101662604327,13.79495263184583,0.047047640823835585
1912-02-01,9.04,0.4717,0.6083,9.229089256,4.046666666666667,308.3637205209408,20.749740176204455,13.531634369686602,0.04914293070284783
1912-03-01,9.3,0.4725,0.6175,9.419419835,4.083333333333333,310.82252689504435,20.637947350289235,13.639769173944174,0.05026588130344868
1912-04-01,9.59,0.4733,0.6267,9.704834711,4.12,311.0886431767896,20.32943197902962,13.65439269055324,0.05164162062953902
1912-05-01,9.58,0.4742,0.6358,9.704834711,4.156666666666666,310.7642546020484,20.624625582044093,13.645500685612374,0.05011670072525536
1912-06-01,9.58,0.475,0.645,9.609669421,4.193333333333333,313.8417767430505,21.13026576192772,13.785417404502534,0.04681405774368823
1912-07-01,9.59,0.4758,0.6542,9.609669421,4.23,314.1693777626153,21.43165869992731,13.802876645015788,0.04635563479227682
1912-08-01,9.81,0.4767,0.6633,9.704834711,4.266666666666667,318.22519182109556,21.516694162582333,13.984761763426283,0.04723887375824063
1912-09-01,9.86,0.4775,0.6725,9.8,4.303333333333334,316.74118112244906,21.603290497448988,13.926285001315875,0.04697529258614504
1912-10-01,9.84,0.4783,0.6817,9.8,4.34,316.0987040816328,21.898829936224498,13.90509270117847,0.03987384801686796
1912-11-01,9.73,0.4792,0.6908,9.8,4.376666666666667,312.565080357143,22.191156989795928,13.74954101860654,0.043679918829743154
1912-12-01,9.38,0.48,0.7,9.704834711,4.413333333333333,304.2764831072249,22.707200231882453,13.388999452579634,0.04314976142510908
1913-01-01,9.3,0.48,0.6942,9.8,4.45,298.75182397959196,22.300378086734703,13.14808879176156,0.04402058279252275
1913-02-01,8.97,0.48,0.6883,9.8,4.425833333333333,288.1509528061226,22.110847359693885,12.682960516236756,0.04705151250289678
1913-03-01,8.8,0.48,0.6825,9.8,4.401666666666667,282.6898979591838,21.924529017857154,12.443453515183657,0.05221025365417398
1913-04-01,8.79,0.48,0.6767,9.8,4.3775,282.3686594387756,21.738210676020415,12.433067081795162,0.05251905504882284
1913-05-01,8.55,0.48,0.6708,9.7,4.3533333333333335,277.49047036082493,21.770831288659803,12.22140106115412,0.05544852918046627
1913-06-01,8.12,0.48,0.665,9.8,4.3291666666666675,260.84567857142866,21.362361607142866,11.491962852761224,0.061927636746905254
1913-07-01,8.23,0.48,0.6592,9.9,4.305,261.7088042929294,20.96214383838385,11.534022795459855,0.06288622755167772
1913-08-01,8.45,0.48,0.6533,9.9,4.280833333333334,268.7046654040405,20.774527563131322,11.846840543564628,0.060838566129037694
1913-09-01,8.53,0.48,0.6475,10.0,4.256666666666667,268.5361287500001,20.384190312500007,11.843316826625973,0.06095116122182327
1913-10-01,8.26,0.48,0.6417,10.0,4.2325,260.0361575000001,20.20159833750001,11.471490240312294,0.06510872196035132
1913-11-01,8.05,0.48,0.6358,10.1,4.208333333333334,250.9159096534655,19.8176814108911,11.072537845038008,0.07070201574018925
1913-12-01,8.04,0.48,0.63,10.0,4.184166666666667,253.1102550000001,19.83326625000001,11.174040870036796,0.06910640285813463
1914-01-01,8.37,0.475,0.6208,10.0,4.16,263.4991087500001,19.543637600000007,11.636092105046137,0.06342152742930658
1914-02-01,8.48,0.47,0.6117,9.9,4.166666666666667,269.65864646464655,19.451673825757585,11.910233879798241,0.05804232722367725
1914-03-01,8.32,0.465,0.6025,9.9,4.173333333333334,264.5707474747476,19.159119633838394,11.685526018836828,0.06073786169466488
1914-04-01,8.12,0.46,0.5933,9.8,4.18,260.84567857142866,19.059081415816337,11.522662536200233,0.06201077619782013
1914-05-01,8.17,0.455,0.5842,9.9,4.1866666666666665,259.8008421717173,18.577191186868696,11.479008694164484,0.0656777188335126
1914-06-01,8.13,0.45,0.575,9.9,4.193333333333333,258.52886742424255,18.2846369949495,11.42871516883189,0.06599441524600615
1914-07-01,7.68,0.445,0.5658,10.0,4.2,241.7769600000001,17.812161975000006,10.694345183040141,0.0729622912812101
1914-08-01,7.68,0.44,0.5567,10.2,4.206666666666667,237.03623529411777,17.182040649509812,10.492046265076441,0.07552710247656476
1914-09-01,7.68,0.435,0.5475,10.2,4.213333333333333,237.03623529411777,16.89809099264707,10.500497301802133,0.07420232310027498
1914-10-01,7.68,0.43,0.5383,10.1,4.220000000000001,239.38312871287138,16.778637784653473,10.612759466126224,0.07212274741887859
1914-11-01,7.68,0.425,0.5292,10.2,4.226666666666667,237.03623529411777,16.333278088235303,10.516917642992127,0.07160265201032101
1914-12-01,7.35,0.42,0.52,10.1,4.233333333333333,229.0971349009902,16.208232673267336,10.172217991997865,0.07375482593558741
1915-01-01,7.48,0.4208,0.55,10.1,4.24,233.14919306930707,17.14332301980199,10.359834197757273,0.07190782363139467
1915-02-01,7.38,0.4217,0.58,10.0,4.224166666666667,232.3325475000001,18.259197500000006,10.329786209660694,0.07133471798685695
1915-03-01,7.57,0.4225,0.61,9.9,4.208333333333334,240.72122095959608,19.397614898989907,10.707013188682819,0.0682086390079309
1915-04-01,8.14,0.4233,0.64,10.0,4.1925,256.2583925000001,20.14808000000001,11.401123789000188,0.06370342372985316
1915-05-01,7.95,0.4242,0.67,10.1,4.176666666666667,247.79894183168327,20.883684405940606,11.02692987647132,0.06901695385902695
1915-06-01,8.04,0.425,0.7,10.1,4.160833333333333,250.60421287128725,21.818774752475257,11.154262189096348,0.06814004213571452
1915-07-01,8.01,0.4258,0.73,10.1,4.145,249.66912252475257,22.75386509900991,11.113629393949603,0.06862615357373836
1915-08-01,8.35,0.4267,0.76,10.1,4.129166666666666,260.266813118812,23.688955445544565,11.584831641604605,0.06395924085947771
1915-09-01,8.66,0.4275,0.79,10.1,4.113333333333333,269.92941336633675,24.624045792079222,12.011570757825893,0.06221627196136811
1915-10-01,9.14,0.4283,0.82,10.2,4.0975,282.09781127451,25.30855637254903,12.54907613322016,0.059814212715783195
1915-11-01,9.46,0.4292,0.85,10.3,4.081666666666667,289.13961893203896,25.9797754854369,12.857714453559314,0.05788871956874937
1915-12-01,9.48,0.43,0.88,10.3,4.065833333333333,289.7509077669904,26.89670873786409,12.878444602185992,0.05676964871216051
1916-01-01,9.33,0.4408,0.9342,10.4,4.05,282.42425841346164,28.278750504807704,12.543563692516177,0.05998679158531078
1916-02-01,9.2,0.4517,0.9883,10.4,4.0649999999999995,278.4890865384616,29.916387415865398,12.3546523264588,0.061055799767671406
1916-03-01,9.17,0.4625,1.042,10.5,4.08,274.9373416666668,31.241516904761923,12.177052795748482,0.06306359144997693
1916-04-01,9.07,0.4733,1.097,10.6,4.095,269.37365212264166,32.58025318396228,11.906481776593187,0.06574872264458739
1916-05-01,9.27,0.4842,1.151,10.7,4.109999999999999,272.74051051401887,33.86454450934581,12.026256671905164,0.064579620295515
1916-06-01,9.36,0.495,1.205,10.8,4.125,272.8385833333334,35.12505266203706,11.995961222946583,0.06559125517043002
1916-07-01,9.23,0.5058,1.259,10.8,4.140000000000001,269.04915856481495,36.699121412037044,11.791165275254553,0.07036450096274424
1916-08-01,9.3,0.5167,1.313,10.9,4.155,268.6025573394497,37.92205997706424,11.732082638874164,0.06925546337440298
1916-09-01,9.68,0.5275,1.368,11.1,4.17,274.54027927927945,38.79866756756759,11.944552417504475,0.06830811376991235
1916-10-01,9.98,0.5383,1.422,11.3,4.1850000000000005,278.03904646017713,39.616385176991166,12.045741763370799,0.06703148891235844
1916-11-01,10.21,0.5492,1.476,11.5,4.2,279.49985978260884,40.405660434782625,12.053230403230504,0.067521613279591
1916-12-01,9.8,0.56,1.53,11.6,4.215,265.96334051724153,41.52284806034485,11.413559188849495,0.07181205034640309
1917-01-01,9.57,0.5708,1.509,11.7,4.23,257.50150320512836,40.602901602564124,10.992361427383429,0.07700006175641581
1917-02-01,9.03,0.5817,1.488,12.0,4.258333333333333,236.89734687500007,39.03690500000002,10.06318773873573,0.08553166973413767
1917-03-01,9.31,0.5925,1.468,12.0,4.286666666666667,244.24300104166682,38.512215416666685,10.327157080107881,0.0837977454129413
1917-04-01,9.17,0.6033,1.447,12.6,4.315000000000001,229.11445138888897,36.15361081349208,9.644531197281236,0.09540489143548553
1917-05-01,8.86,0.6142,1.426,12.8,4.343333333333334,217.9101425781251,35.07221933593751,9.138988813373583,0.10030784408299674
1917-06-01,9.04,0.625,1.405,13.0,4.371666666666667,218.91663846153855,34.0241014423077,9.148220259539587,0.10044670647542243
1917-07-01,8.79,0.6358,1.384,12.8,4.4,216.18850488281257,34.03923671875001,9.003472377228807,0.10031754123277206
1917-08-01,8.53,0.6467,1.363,13.0,4.428333333333334,206.56625288461544,33.00701086538463,8.572680466753782,0.10721879004303456
1917-09-01,8.12,0.6575,1.343,13.3,4.456666666666667,192.2020789473685,31.789087687969936,7.950823264217068,0.11842264421516818
1917-10-01,7.68,0.6683,1.322,13.5,4.485,179.0940444444445,30.828427962962976,7.387133711108149,0.12822085584760262
1917-11-01,7.04,0.6792,1.301,13.5,4.513333333333334,164.1695407407408,30.3387176851852,6.75301360477431,0.14498243667172825
1917-12-01,6.8,0.69,1.28,13.7,4.541666666666667,156.25791970802925,29.413255474452573,6.412593898119822,0.15633999923668368
1918-01-01,7.21,0.68,1.256,14.0,4.57,162.12908125000007,28.243290714285727,6.640646028655353,0.15411544909528263
1918-02-01,7.43,0.67,1.232,14.1,4.564166666666667,165.89121719858164,27.507130496453915,6.784343551630284,0.15289235664348766
1918-03-01,7.28,0.66,1.208,14.0,4.558333333333334,163.70315000000008,27.163929285714296,6.686355760455896,0.15436291759318094
1918-04-01,7.21,0.65,1.183,14.2,4.5525,159.84557306338036,26.227089172535226,6.520727730547162,0.15854915404352543
1918-05-01,7.44,0.64,1.159,14.5,4.546666666666667,161.53202068965524,25.163388706896562,6.582363231621082,0.15937049095408246
1918-06-01,7.45,0.63,1.135,14.7,4.5408333333333335,159.54846513605452,24.307048044217698,6.496291318641058,0.16288504851967148
1918-07-01,7.51,0.62,1.111,15.1,4.535,156.5729312913908,23.162786506622528,6.371324093848991,0.1676420933086085
1918-08-01,7.58,0.61,1.087,15.4,4.529166666666667,154.95378084415592,22.22094456168832,6.303073760914595,0.17147949792457626
1918-09-01,7.54,0.6,1.063,15.7,4.523333333333333,151.19080732484082,21.31509657643313,6.1491705624316815,0.17755205758811698
1918-10-01,7.86,0.59,1.038,16.0,4.5175,154.65225468750006,20.423542031250008,6.290515321191323,0.17481795180631343
1918-11-01,8.06,0.58,1.014,16.3,4.511666666666667,155.66863957055222,19.58411917177915,6.333327495354157,0.17463797411724724
1918-12-01,7.9,0.57,0.99,16.5,4.505833333333333,150.72900757575766,18.888825000000008,6.1345804112834355,0.17998283511502514
1919-01-01,7.85,0.5667,0.985,16.5,4.5,149.77502651515158,18.7934268939394,6.098467639950108,0.1821311332968037
1919-02-01,7.88,0.5633,0.98,16.2,4.539166666666667,153.13162654320996,19.044288580246924,6.2396927713649815,0.1749565206825105
1919-03-01,8.12,0.56,0.975,16.4,4.578333333333333,155.8711981707318,18.716061356707325,6.356074004869147,0.17293190745470638
1919-04-01,8.39,0.5567,0.97,16.7,4.6175,158.16091991017973,18.285589071856297,6.456139555819278,0.16981497465453693
1919-05-01,8.97,0.5533,0.965,16.9,4.656666666666666,167.09345192307703,17.976051405325453,6.829002261482033,0.1611409583644895
1919-06-01,9.21,0.55,0.96,16.9,4.695833333333333,171.5641797337279,17.88291124260356,7.021615214784133,0.15565526932897691
1919-07-01,9.51,0.5467,0.955,17.4,4.734999999999999,172.0619978448277,17.27857076149426,7.052837165446314,0.15772882117381554
1919-08-01,8.87,0.5433,0.95,17.7,4.774166666666666,157.7625967514125,16.896783192090403,6.4791311017052795,0.17064096355555283
1919-09-01,9.01,0.54,0.945,17.8,4.813333333333333,159.35235323033714,16.713426615168547,6.558481672061264,0.16792341432674898
1919-10-01,9.47,0.5367,0.94,18.1,4.852499999999999,164.71194544198903,16.34944337016575,6.7947041999493045,0.1619225775045902
1919-11-01,9.19,0.5333,0.935,18.5,4.891666666666667,156.3858574324325,15.910857094594604,6.467022574133134,0.17028557703903735
1919-12-01,8.92,0.53,0.93,18.9,4.930833333333333,148.57876455026462,15.490835317460325,6.1607170337991795,0.17884105892950647
1920-01-01,8.83,0.5283,0.9192,19.3,4.97,144.03136852331613,14.993616528497414,5.989667771139442,0.1863420961521562
1920-02-01,8.1,0.5267,0.9083,19.5,4.9799999999999995,130.76878846153852,14.663863032051287,5.455347649907774,0.20369703325046368
1920-03-01,8.67,0.525,0.8975,19.7,4.99,138.55001078680212,14.342403077411173,5.798822727557162,0.19179383998495117
1920-04-01,8.6,0.5233,0.8867,20.3,5.0,133.3693719211823,13.751002567733998,5.599858725506185,0.20002702354681728
1920-05-01,8.06,0.5217,0.8758,20.6,5.01,123.17470024271849,13.384169041262142,5.1889504620474955,0.21766737891949164
1920-06-01,7.92,0.52,0.865,20.9,5.02,119.29784210526321,13.029372906698573,5.043639680451621,0.22570609227300795
1920-07-01,7.91,0.5183,0.8542,20.8,5.029999999999999,119.7200366586539,12.928553137019234,5.080592919540797,0.22364726750461536
1920-08-01,7.6,0.5167,0.8433,20.3,5.039999999999999,117.86130541871925,13.0779524815271,5.020701077922857,0.22431643473371804
1920-09-01,7.87,0.515,0.8325,20.0,5.05,123.87921062500007,13.104122343750007,5.297162770108061,0.2132697127200523
1920-10-01,7.88,0.5133,0.8217,19.9,5.0600000000000005,124.6599170854272,12.99911851130654,5.351177393424158,0.21393756305947337
1920-11-01,7.48,0.5117,0.8108,19.8,5.069999999999999,118.92963888888895,12.891464065656569,5.126407930947925,0.2236893806301511
1920-12-01,6.81,0.51,0.8,19.4,5.079999999999999,110.50936275773202,12.982010309278357,4.784241045083249,0.2353400608539373
1921-01-01,7.11,0.5058,0.7575,19.0,5.09,117.80661907894742,12.5511271381579,5.122184146887373,0.2192079629022203
1921-02-01,7.06,0.5017,0.715,18.4,5.024166666666666,120.79266711956528,12.233251698369571,5.274857191205047,0.21414317843259148
1921-03-01,6.88,0.4975,0.6725,18.3,4.958333333333333,118.35620765027326,11.568975239071042,5.192348158684176,0.2160920578171753
1921-04-01,6.91,0.4933,0.63,18.1,4.8925,120.18580179558015,10.957605662983429,5.297085922739674,0.21520858180944383
1921-05-01,7.12,0.4892,0.5875,17.7,4.826666666666666,126.6369435028249,10.449326447740118,5.609469225330776,0.2029534231978358
1921-06-01,6.55,0.485,0.545,17.6,4.760833333333333,117.16079900568187,9.748493963068187,5.216110960989321,0.21644775043781012
1921-07-01,6.53,0.4808,0.5025,17.7,4.695,116.14315183615827,8.937509004237292,5.1977793619054715,0.21723137134873216
1921-08-01,6.45,0.4767,0.46,17.7,4.629166666666666,114.72026483050854,8.181600282485881,5.161294823215732,0.21585157871859106
1921-09-01,6.61,0.4725,0.4175,17.5,4.5633333333333335,118.90965071428576,7.51055660714286,5.377524425458259,0.2064012363362298
1921-10-01,6.7,0.4683,0.375,17.5,4.4975,120.52869285714291,6.746008928571432,5.479257678053348,0.20360686991963534
1921-11-01,7.06,0.4642,0.3325,17.4,4.431666666666667,127.73477442528741,6.015837464080463,5.838196993200892,0.19353770826111436
1921-12-01,7.31,0.46,0.29,17.3,4.365833333333333,133.02245736994223,5.277224710982661,6.114158849417271,0.186967523203809
1922-01-01,7.3,0.4642,0.3233,16.9,4.3,135.98463757396456,6.022442921597636,6.287087290347127,0.1795195618216014
1922-02-01,7.46,0.4683,0.3567,16.9,4.305,138.96512278106516,6.644619208579885,6.461305872696981,0.17408010681528904
1922-03-01,7.74,0.4725,0.39,16.7,4.3100000000000005,145.90769011976053,7.3519378742515,6.821387249036038,0.16243257308781903
1922-04-01,8.21,0.4767,0.4233,16.7,4.3149999999999995,154.76771781437137,7.9796802619760525,7.273253390209858,0.1501186001936366
1922-05-01,8.53,0.4808,0.4567,16.7,4.32,160.80007709580843,8.609307761976053,7.5934672589193735,0.14427069252660313
1922-06-01,8.45,0.485,0.49,16.7,4.325,159.29198727544917,9.237050149700604,7.557987351755123,0.14587981797708555
1922-07-01,8.51,0.4892,0.5233,16.8,4.33,159.46815550595244,9.806073534226194,7.602095045774027,0.14569327464091728
1922-08-01,8.83,0.4933,0.5567,16.6,4.335,167.45815737951813,10.557639435240967,8.020030689895771,0.1364824357940443
1922-09-01,9.06,0.4975,0.59,16.6,4.34,171.8200346385543,11.189163403614462,8.265083002284298,0.1317064249886381
1922-10-01,9.26,0.5017,0.6233,16.7,4.345,174.5613967065869,11.749904812874256,8.432151998761892,0.12989248661951514
1922-11-01,8.8,0.5058,0.6567,16.8,4.35,164.90244047619055,12.305844620535717,7.998253772269832,0.13690598043210206
1922-12-01,8.78,0.51,0.69,16.9,4.3549999999999995,163.55412573964506,12.853342455621307,7.9646798649399955,0.13904051336828627
1923-01-01,8.9,0.5117,0.7142,16.8,4.36,166.7763318452382,13.3833321577381,8.15420048306915,0.1344148698878522
1923-02-01,9.28,0.5133,0.7383,16.8,4.335,173.8971190476191,13.834939977678577,8.533360579065961,0.12921581550482814
1923-03-01,9.43,0.515,0.7625,16.8,4.31,176.70795610119055,14.2884216889881,8.70073750097853,0.12721147552406917
1923-04-01,9.1,0.5167,0.7867,16.9,4.285,169.51509615384623,14.654673202662728,8.37280966846381,0.13258943586124283
1923-05-01,8.67,0.5183,0.8108,16.9,4.26,161.5050421597634,15.103608786982255,8.000497867598208,0.13948108359684208
1923-06-01,8.34,0.52,0.835,17.0,4.234999999999999,154.44392205882357,15.462910661764711,7.671825282673073,0.14462548934004046
1923-07-01,8.06,0.5217,0.8592,17.2,4.21,147.52318750000006,15.726045000000008,7.345985119490643,0.15082031447916555
1923-08-01,8.1,0.5233,0.8833,17.1,4.185,149.122302631579,16.261695051169596,7.441783174217365,0.14870190194385638
1923-09-01,8.15,0.525,0.9075,17.2,4.16,149.17046875000008,16.610085937500006,7.458183867189789,0.14821085527765082
1923-10-01,8.03,0.5267,0.9317,17.3,4.135,146.12453251445092,16.954449183526016,7.317400395621474,0.15165270760296173
1923-11-01,8.27,0.5283,0.9558,17.3,4.109999999999999,150.49189089595382,17.393004754335266,7.5463279119162285,0.14670636211495347
1923-12-01,8.55,0.53,0.98,17.3,4.085,155.58714234104053,17.833380057803478,7.809739144938738,0.14353740233689574
1924-01-01,8.83,0.5317,0.9758,17.3,4.06,160.68239378612722,17.756951286127173,8.072249446037373,0.1396233589293564
1924-02-01,8.87,0.5333,0.9717,17.2,4.043333333333333,162.34871875000007,17.785146562500007,8.16206622085035,0.13887619650281122
1924-03-01,8.7,0.535,0.9675,17.1,4.026666666666666,160.16839912280705,17.81183059210527,8.058077044116086,0.14000792613364058
1924-04-01,8.5,0.5367,0.9633,17.0,4.01,157.40687500000007,17.838828551470595,7.923620348327977,0.14273334858362088
1924-05-01,8.47,0.5383,0.9592,17.0,3.993333333333333,156.85132132352948,17.76290288235295,7.89969833066529,0.14221000739146017
1924-06-01,8.63,0.54,0.955,17.0,3.9766666666666666,159.81427426470597,17.685125367647068,8.051676946396647,0.13998729179276165
1924-07-01,9.03,0.5417,0.9508,17.1,3.96,166.2437521929825,17.504380906432758,8.377712139971832,0.13487887811364768
1924-08-01,9.34,0.5433,0.9467,17.0,3.943333333333333,172.96237794117656,17.531422183823537,8.71741830854833,0.1276893074227261
1924-09-01,9.25,0.545,0.9425,17.1,3.9266666666666667,170.29398757309949,17.35157657163743,8.581670375209052,0.13028797514421842
1924-10-01,9.13,0.5467,0.9383,17.2,3.91,167.1075312500001,17.173822187500008,8.419491035872424,0.1343520172347442
1924-11-01,9.64,0.5483,0.9342,17.2,3.8933333333333335,176.4421250000001,17.098779375000007,8.88832736125097,0.12721517587619613
1924-12-01,10.16,0.55,0.93,17.3,3.876666666666667,184.88483815028908,16.923513728323705,9.310639680416374,0.12392891919221902
1925-01-01,10.58,0.5542,0.9567,17.3,3.86,192.52771531791916,17.4093823482659,9.692618852254997,0.11986287085323862
1925-02-01,10.67,0.5583,0.9833,17.2,3.845,195.29434375000008,17.997462812500007,9.830804722819575,0.11900102849113872
1925-03-01,10.39,0.5625,1.01,17.3,3.83,189.07022326589603,18.37929985549134,9.518537538810032,0.12416250134532483
1925-04-01,10.28,0.5667,1.037,17.2,3.815,188.1561250000001,18.98034062500001,9.47656678790307,0.12310340370448428
1925-05-01,10.61,0.5708,1.063,17.3,3.8,193.073635115607,19.343758164739892,9.729007694021329,0.12007698527266283
1925-06-01,10.8,0.575,1.09,17.5,3.785,194.28505714285726,19.608399285714295,9.796386180450613,0.12073372793126158
1925-07-01,11.1,0.5792,1.117,17.7,3.77,197.4255720338984,19.86705981638419,9.963993891787801,0.12036790116256753
1925-08-01,11.25,0.5833,1.143,17.7,3.7550000000000003,200.09348516949163,20.32949809322035,10.110918458488946,0.11905952231040798
1925-09-01,11.51,0.5875,1.17,17.7,3.74,204.71786793785319,20.809722457627128,10.359247611348504,0.11683864606599487
1925-10-01,11.89,0.5917,1.197,17.7,3.725,211.4765812146894,21.28994682203391,10.718495997022934,0.11271163979524512
1925-11-01,12.26,0.5958,1.223,18.0,3.71,214.42314305555567,21.389845347222234,10.88631744030794,0.11216870688545677
1925-12-01,12.46,0.6,1.25,17.9,3.6950000000000003,219.13850977653644,21.984200418994426,11.147365239137258,0.10957865215542231
1926-01-01,12.65,0.6075,1.249,17.9,3.68,222.4801082402236,21.96661305865923,11.340966188506242,0.10717666605596014
1926-02-01,12.67,0.615,1.248,17.9,3.651666666666667,222.8318554469275,21.949025698324036,11.38943567274802,0.10708475333291052
1926-03-01,11.81,0.6225,1.248,17.8,3.6233333333333335,208.873617275281,22.072334831460683,10.71235206273249,0.11131698916246477
1926-04-01,11.48,0.63,1.247,17.9,3.595,201.90289664804482,21.93143833798884,10.395587685954736,0.11403621939591527
1926-05-01,11.56,0.6375,1.246,17.8,3.566666666666667,204.4520758426967,22.03696250000001,10.575158463806101,0.11110746549615287
1926-06-01,12.11,0.645,1.245,17.7,3.5383333333333336,215.38952048022608,22.143679025423744,11.197979740229965,0.10456095641367756
1926-07-01,12.62,0.6525,1.244,17.5,3.51,227.0256871428572,22.378760285714296,11.86969405848128,0.09859739029953635
1926-08-01,13.12,0.66,1.243,17.4,3.4816666666666665,237.37680459770127,22.48928110632185,12.488808219521882,0.09313677086725099
1926-09-01,13.32,0.6675,1.242,17.5,3.453333333333333,239.61823714285725,22.34278157142858,12.692614823344723,0.09083041184019533
1926-10-01,13.02,0.675,1.242,17.6,3.425,232.89062642045465,22.215833948863644,12.426517521583351,0.09152901878758923
1926-11-01,13.19,0.6825,1.241,17.7,3.3966666666666665,234.59849505649728,22.072534675141256,12.615251212344486,0.08936747716515259
1926-12-01,13.49,0.69,1.24,17.7,3.3683333333333327,239.93432132768373,22.054748587570632,13.009052728993126,0.0863476605032291
1927-01-01,13.4,0.6967,1.229,17.5,3.34,241.05738571428583,22.10891992857144,13.185930628677792,0.0835210825431001
1927-02-01,13.66,0.7033,1.218,17.4,3.339166666666666,247.14688649425304,22.036962500000012,13.633966132216212,0.07780984486131418
1927-03-01,13.87,0.71,1.208,17.3,3.3383333333333334,252.39691979768793,21.98237052023122,14.03325750760449,0.07513322496269459
1927-04-01,14.21,0.7167,1.197,17.3,3.3375,258.58401083815045,21.782199927745676,14.488222209157055,0.06785537727855778
1927-05-01,14.7,0.7233,1.186,17.4,3.336666666666667,265.96334051724153,21.457994683908055,15.002347055737111,0.06446825650369492
1927-06-01,14.89,0.73,1.175,17.6,3.3358333333333334,266.33958735795466,21.01739524147728,15.120333481747522,0.06353629006855144
1927-07-01,15.22,0.7367,1.164,17.3,3.335,276.96331069364174,21.181688150289023,15.820802594477742,0.06044243496922631
1927-08-01,16.03,0.7433,1.153,17.2,3.3341666666666665,293.39909375000013,21.10350312500001,16.8628618527638,0.05435182187608266
1927-09-01,16.94,0.75,1.143,17.3,3.3333333333333335,308.2627124277458,20.799544291907523,17.818723713516416,0.04943039914607563
1927-10-01,16.68,0.7567,1.132,17.4,3.3325,301.78697413793117,20.480986494252882,17.53723785226108,0.04939933865737849
1927-11-01,17.06,0.7633,1.121,17.3,3.3316666666666666,310.4463916184972,20.399203106936426,18.131301434952416,0.04694837409275169
1927-12-01,17.46,0.77,1.11,17.3,3.3308333333333335,317.7253222543354,20.199032514450877,18.64662402140252,0.04392604268999952
1928-01-01,17.53,0.7767,1.133,17.3,3.33,318.9991351156071,20.617571026011568,18.80612857170076,0.04126463782849276
1928-02-01,17.32,0.7833,1.155,17.1,3.3525,318.8639853801171,21.263735745614042,18.86885051958403,0.03895002692749828
1928-03-01,18.25,0.79,1.177,17.1,3.375,335.98543494152057,21.66875928362574,19.943417799064537,0.036595352942590614
1928-04-01,19.4,0.7967,1.2,17.1,3.3975,357.15711988304105,22.092192982456147,21.257909249487486,0.031823715303227126
1928-05-01,20.0,0.8033,1.222,17.2,3.42,366.0625000000002,22.366418750000012,21.83273217874002,0.028825490853708988
1928-06-01,19.02,0.81,1.245,17.1,3.4425,350.16125877192997,22.920650219298256,20.913421576866696,0.028629212973394998
1928-07-01,19.16,0.8167,1.268,17.1,3.465,352.7386812865498,23.34408391812866,21.08190543529678,0.02530009282300691
1928-08-01,19.78,0.8233,1.29,17.1,3.4875,364.1529809941522,23.749107456140358,21.76213150257923,0.021602490360549106
1928-09-01,21.17,0.83,1.312,17.3,3.51,385.2374039017343,23.874892485549147,23.004649446159224,0.01812129456162786
1928-10-01,21.6,0.8367,1.335,17.2,3.5324999999999998,395.3475000000002,24.43467187500001,23.57834423958502,0.014345079847843771
1928-11-01,23.06,0.8433,1.357,17.2,3.555,422.0700625000002,24.83734062500001,25.12198457110958,0.009644668141462531
1928-12-01,23.15,0.85,1.38,17.1,3.5775,426.1952229532165,25.40602192982457,25.301591027426127,0.0073264009939586205
1929-01-01,24.86,0.86,1.399,17.1,3.6,457.6765979532165,25.755814985380127,27.083199620832755,0.004501453984911384
1929-02-01,24.99,0.87,1.418,17.1,3.5741666666666667,460.0699188596493,26.105608040935678,27.13167279824737,0.006536990647710156
1929-03-01,25.43,0.88,1.438,17.0,3.5483333333333333,470.9243330882355,26.62953955882354,27.675748437861863,0.004249048378068415
1929-04-01,25.28,0.89,1.457,16.9,3.5225,470.9166627218938,27.14104341715978,27.56845447289828,0.002239541981342019
1929-05-01,25.66,0.9,1.476,17.0,3.4966666666666666,475.1835779411767,27.333240882352953,27.698586875008115,0.0017264044494609554
1929-06-01,26.15,0.91,1.495,17.1,3.470833333333333,481.4257054093569,27.52319042397662,27.935467830288662,0.0022656304519138235
1929-07-01,28.48,0.92,1.514,17.3,3.4450000000000003,518.2598612716765,27.550752456647412,29.93328940684218,-0.0016185829941180382
1929-08-01,30.1,0.93,1.533,17.3,3.4191666666666665,547.7395303468211,27.89650166184972,31.480313247172983,-0.004708985320823859
1929-09-01,31.3,0.94,1.552,17.3,3.3933333333333335,569.5763222543355,28.242250867052036,32.56378859877668,-0.006069516310864949
1929-10-01,27.99,0.95,1.572,17.3,3.3674999999999997,509.3431712427747,28.606197398843943,28.961067164354763,-0.0036562270419569567
1929-11-01,20.58,0.96,1.591,17.3,3.341666666666667,374.500981213873,28.951946604046253,21.17103600009703,0.007133692272285094
1929-12-01,21.4,0.97,1.61,17.2,3.315833333333333,391.68687500000016,29.468031250000017,22.007373176418323,0.0029000080484937116
1930-01-01,21.71,0.9708,1.557,17.1,3.29,399.68459137426913,28.66462039473685,22.310724294336833,-0.00010822635497037547
1930-02-01,23.07,0.9717,1.503,17.0,3.2941666666666665,427.22077720588254,27.83323919117648,23.69711774933587,-0.004368862214401054
1930-03-01,23.94,0.9725,1.45,16.9,3.2983333333333333,445.9550991124263,27.010647189349125,24.586607792668843,-0.0075243722051967915
1930-04-01,25.46,0.9733,1.397,17.0,3.3024999999999998,471.4798867647061,25.87028286764707,25.843436862018308,-0.011914769695241925
1930-05-01,23.94,0.9742,1.343,16.9,3.3066666666666666,445.9550991124263,25.017447707100605,24.309760633908166,-0.011533983314308063
1930-06-01,21.52,0.975,1.29,16.8,3.310833333333333,403.2614226190478,24.173198660714295,21.866899333389473,-0.008977438069471877
1930-07-01,21.06,0.9758,1.237,16.6,3.3150000000000004,399.3962394578314,23.459313780120493,21.548797592546634,-0.00904626453973733
1930-08-01,20.79,0.9767,1.183,16.5,3.319166666666667,396.66532500000017,22.571191893939407,21.30060224111815,-0.006757379401212932
1930-09-01,20.78,0.9775,1.13,16.6,3.3233333333333333,394.08612801204833,21.430092620481936,21.072581788447305,-0.004238740822291476
1930-10-01,17.92,0.9783,1.077,16.5,3.3275,341.9068121212123,20.548752045454556,18.214870154658623,0.0030636907081038056
1930-11-01,16.62,0.9792,1.023,16.4,3.3316666666666666,319.036861280488,19.637467454268304,16.93971137777516,0.0070525206827530065
1930-12-01,15.51,0.98,0.97,16.1,3.3358333333333325,303.27709704968953,18.9670395962733,16.05500185653132,0.010454922060588373
1931-01-01,15.98,0.9667,0.94,15.9,3.34,316.3977185534593,18.611630503144664,16.705478731547608,0.008806309954358063
1931-02-01,17.2,0.9533,0.91,15.7,3.3683333333333327,344.89149681528676,18.247166401273894,18.161492436976083,0.005634474734884688
1931-03-01,17.53,0.94,0.88,15.6,3.3966666666666665,353.7618613782053,17.75872435897437,18.579561032791275,0.004019637285697063
1931-04-01,15.86,0.9267,0.85,15.5,3.425,322.1255532258066,17.263979838709684,16.87231533160966,0.009631114351787123
1931-05-01,14.33,0.9133,0.82,15.3,3.453333333333333,294.85496977124194,16.872370915032686,15.401539999110108,0.01592970353870063
1931-06-01,13.87,0.9,0.79,15.1,3.4816666666666665,289.169980960265,16.47038824503312,15.062476074643243,0.016369824995931773
1931-07-01,14.33,0.8867,0.76,15.1,3.51,298.76033360927164,15.844930463576166,15.516750095516317,0.01358502783875732
1931-08-01,13.9,0.8733,0.73,15.1,3.5383333333333336,289.795438741722,15.219472682119212,15.006276602886542,0.015493991974094165
1931-09-01,11.83,0.86,0.7,15.0,3.566666666666667,248.28311083333344,14.69130833333334,12.81774526110688,0.02705331082436041
1931-10-01,10.25,0.8467,0.67,14.9,3.595,216.5665058724833,14.156054530201349,11.145926407660927,0.037813566467066746
1931-11-01,10.39,0.8333,0.64,14.7,3.6233333333333335,222.51121513605455,13.706176870748306,11.415600295644673,0.034645190862895074
1931-12-01,8.44,0.82,0.61,14.6,3.651666666666667,181.98822260273982,13.153177226027402,9.306032867968318,0.05411516489418414
1932-01-01,8.3,0.7933,0.5933,14.3,3.68,182.72406468531477,13.061468382867139,9.312406455177843,0.05401698211852567
1932-02-01,8.23,0.7667,0.5767,14.1,3.649166666666667,183.75299024822704,12.876105647163126,9.336932251008403,0.0526590801126532
1932-03-01,8.26,0.74,0.56,14.0,3.6183333333333336,185.7401125000001,12.592550000000006,9.41306502801221,0.0525714392926687
1932-04-01,6.28,0.7133,0.5433,13.9,3.5875000000000004,142.2323992805756,12.30491441546763,7.192233196115486,0.08497925765276125
1932-05-01,5.51,0.6867,0.5267,13.7,3.5566666666666666,126.61487317518255,12.103095045620442,6.390857289881444,0.10130033260620133
1932-06-01,4.77,0.66,0.51,13.6,3.525833333333334,110.41629319852944,11.805515625000005,5.565059371528965,0.12410976098602769
1932-07-01,5.01,0.6333,0.4933,13.6,3.495,115.97182996323535,11.418942858455889,5.838763671851199,0.11540991841757048
1932-08-01,7.53,0.6067,0.4767,13.5,3.464166666666667,175.59611388888896,11.116423305555562,8.83465320518121,0.05808985339692299
1932-09-01,8.26,0.58,0.46,13.4,3.4333333333333336,194.05683395522396,10.807039179104484,9.76116856406371,0.04692628702632496
1932-10-01,7.12,0.5533,0.4433,13.3,3.4025,168.5318721804512,10.493002659774442,8.47860660768908,0.06141159533027668
1932-11-01,7.05,0.5267,0.4267,13.2,3.3716666666666666,168.13916193181828,10.176592964015159,8.463309567122897,0.06061268616557149
1932-12-01,6.82,0.5,0.41,13.1,3.3408333333333338,163.8954026717558,9.85294942748092,8.25707399910068,0.06255143145346911
1933-01-01,7.09,0.495,0.4125,12.9,3.31,173.02554166666673,10.066718750000005,8.728046162813529,0.055403850574037315
1933-02-01,6.25,0.49,0.415,12.7,3.2941666666666674,154.92802657480323,10.287220964566934,7.826051751316598,0.06724674762850746
1933-03-01,6.23,0.485,0.4175,12.6,3.2783333333333333,155.6579097222223,10.43132862103175,7.87468132294317,0.06584759037932625
1933-04-01,6.89,0.48,0.42,12.6,3.2624999999999997,172.14815376984134,10.493791666666672,8.723101646068113,0.053078308378454654
1933-05-01,8.87,0.475,0.4225,12.6,3.2466666666666666,221.61888591269852,10.556254712301593,11.249651251932443,0.027490163162586824
1933-06-01,10.39,0.47,0.425,12.7,3.2308333333333334,257.5523513779529,10.535105807086618,13.09887551726952,0.01529404546720984
1933-07-01,11.23,0.465,0.4275,13.1,3.215,269.87468797709937,10.27350214694657,13.75430449387453,0.01369218345650454
1933-08-01,10.67,0.46,0.43,13.2,3.1991666666666667,254.4744479166668,10.255296401515157,12.999527050367734,0.01938021980086091
1933-09-01,10.58,0.455,0.4325,13.2,3.1833333333333336,252.32799053030317,10.314920217803037,12.922920614885992,0.019426539845217056
1933-10-01,9.55,0.45,0.435,13.2,3.1675000000000004,227.76297821969712,10.374544034090915,11.696253568143693,0.02713604235410374
1933-11-01,9.78,0.445,0.4375,13.2,3.151666666666667,233.24836931818194,10.434167850378792,12.011766193389935,0.02504861695483329
1933-12-01,9.97,0.44,0.44,13.2,3.1358333333333333,237.77977935606074,10.493791666666672,12.281801622601114,0.02337652587398356
1934-01-01,10.54,0.4408,0.4442,13.2,3.12,251.37400946969706,10.59395967803031,13.025119828332375,0.01888830546946975
1934-02-01,11.32,0.4417,0.4483,13.3,3.0925,267.94674060150385,10.611353693609027,13.92692290427429,0.01549163814069758
1934-03-01,10.74,0.4425,0.4525,13.3,3.065,254.21802067669185,10.71076856203008,13.254537629740081,0.019977583686114617
1934-04-01,10.92,0.4433,0.4567,13.3,3.0375000000000005,258.47865789473695,10.810183430451133,13.51838928449009,0.019352156359813792
1934-05-01,9.81,0.4442,0.4608,13.3,3.0100000000000002,232.20472838345873,10.907231278195493,12.18158323502402,0.027744981955740045
1934-06-01,9.94,0.445,0.465,13.4,2.9825,233.52602052238814,10.924506996268661,12.287726483952426,0.02804204524269345
1934-07-01,9.47,0.4458,0.4692,13.4,2.955,222.48404570895534,11.023179962686571,11.741524229318244,0.03153029135162574
1934-08-01,9.1,0.4467,0.4733,13.4,2.9275,213.79142723880605,11.1195035727612,11.31502598182905,0.035588081455892685
1934-09-01,8.88,0.4475,0.4775,13.6,2.9000000000000004,205.55486029411776,11.053203354779418,10.909954083288845,0.04001878164181146
1934-10-01,8.95,0.4483,0.4817,13.5,2.8724999999999996,208.70985648148158,11.233020990740746,11.108352605351728,0.037366377272122275
1934-11-01,9.2,0.4492,0.4858,13.5,2.8449999999999998,214.53974074074083,11.328631092592596,11.4488086902057,0.03496436017184488
1934-12-01,9.26,0.45,0.49,13.4,2.8175,217.55039738805976,11.511846082089559,11.639337566475884,0.0325188803998998
1935-01-01,9.26,0.45,0.57,13.6,2.79,214.3511268382354,13.194399816176475,11.495907968201598,0.035311025162538555
1935-02-01,8.98,0.45,0.65,13.7,2.7783333333333333,206.3523704379563,14.936418795620446,11.087812159055563,0.03991129006012655
1935-03-01,8.41,0.45,0.73,13.7,2.7666666666666666,193.25428010948914,16.77474726277373,10.398272404790033,0.04544215282497625
1935-04-01,9.04,0.446667,0.756667,13.8,2.755,206.2258188405798,17.26153447617754,11.104210207149524,0.040722612186610864
1935-05-01,9.75,0.443333,0.783333,13.8,2.743333333333333,222.422758152174,17.869855016576093,11.9855766834801,0.03365004319948612
1935-06-01,10.12,0.44,0.81,13.7,2.731666666666667,232.5485510948906,18.61307572992702,12.53951932444389,0.02824791923225721
1935-07-01,10.65,0.44,0.793333,13.7,2.72,244.72747718978115,18.230082972901467,13.202137936511011,0.023253755404173
1935-08-01,11.37,0.44,0.776667,13.7,2.708333333333333,261.2724333941607,17.847113194981763,14.105056846668953,0.018521673753049445
1935-09-01,11.61,0.44,0.76,13.7,2.6966666666666668,266.78741879562057,17.46412043795621,14.418891702707429,0.01709523905249684
1935-10-01,11.92,0.45,0.76,13.7,2.685,273.9109416058395,17.46412043795621,14.826232627114086,0.015306465382436366
1935-11-01,13.04,0.46,0.76,13.8,2.6733333333333333,297.4761811594204,17.337568840579717,16.12960516325114,0.009044033083028327
1935-12-01,13.04,0.47,0.76,13.8,2.6616666666666666,297.4761811594204,17.337568840579717,16.15919271461532,0.009589829641508854
1936-01-01,13.76,0.48,0.77,13.8,2.65,313.9012463768117,17.56569474637682,17.08735984599723,0.006345008355202561
1936-02-01,14.55,0.49,0.78,13.8,2.6525,331.9231929347827,17.79382065217392,18.104536459517778,0.0030319918323534825
1936-03-01,14.86,0.5,0.79,13.7,2.6550000000000002,341.46951277372284,18.153493613138696,18.660478203926015,0.0011986641291622108
1936-04-01,14.88,0.516667,0.82,13.7,2.6574999999999998,341.9290948905111,18.842866788321174,18.718999665151483,0.00046053132009863523
1936-05-01,14.09,0.533333,0.85,13.7,2.66,323.7756012773724,19.532239963503656,17.750192519328625,0.0038968865356358504
1936-06-01,14.69,0.55,0.88,13.8,2.6625,335.1169556159421,20.075079710144937,18.39300106583133,0.003161094169974704
1936-07-01,15.56,0.57,0.9,13.9,2.665,352.410212230216,20.383624100719434,19.360464512319123,0.0022336429359787816
1936-08-01,15.87,0.59,0.92,14.0,2.6675000000000004,356.8638723214287,20.687760714285726,19.623060162983744,0.002778801820281812
1936-09-01,16.05,0.61,0.94,14.0,2.67,360.91147767857166,21.137494642857153,19.862024243287635,0.0015801041292270862
1936-10-01,16.89,0.646667,0.966667,14.0,2.6725000000000003,379.80030267857165,21.737147376517868,20.91309185253312,-0.0015323636777370836
1936-11-01,17.36,0.683333,0.993333,14.0,2.675,390.3690500000002,22.336777623482156,21.49976534102416,-0.0034157639075073076
1936-12-01,17.06,0.72,1.02,14.0,2.6774999999999998,383.6230410714287,22.936430357142864,21.12566354815544,-0.002617108202557873
1937-01-01,17.59,0.73,1.05,14.1,2.68,392.7357349290782,23.443577127659587,21.61874158295351,-0.0019147817965586636
1937-02-01,18.11,0.74,1.08,14.1,2.67,404.3458874113477,24.11339361702129,22.244221552805158,-0.002554466582997489
1937-03-01,18.09,0.75,1.11,14.2,2.66,401.0549815140847,24.60868045774649,22.042197016050572,-0.0007852409874235314
1937-04-01,17.01,0.78,1.13,14.3,2.6500000000000004,374.474257867133,24.876890734265743,20.556579457432854,0.0032817335242659243
1937-05-01,16.25,0.81,1.15,14.4,2.64,355.25857204861126,25.141375868055565,19.4741746865721,0.0062037965103382275
1937-06-01,15.64,0.84,1.17,14.4,2.63,341.9227118055557,25.57861718750001,18.71165996036496,0.0072755469322765415
1937-07-01,16.57,0.816667,1.18667,14.5,2.62,359.7561267241381,25.764140187068975,19.646723279607624,0.00719823778265994
1937-08-01,16.74,0.793333,1.20333,14.5,2.6100000000000003,363.44704655172427,26.125850330172426,19.806982577380957,0.007456142262218093
1937-09-01,14.37,0.77,1.22,14.6,2.6,309.85435530821934,26.306354452054805,16.847882862705806,0.016529295513579928
1937-10-01,12.28,0.78,1.19,14.6,2.59,264.7885513698631,25.659476883561656,14.361659574753356,0.0263379831975706
1937-11-01,11.2,0.79,1.16,14.5,2.58,243.1664827586208,25.18510000000001,13.158119166486062,0.03269786862229945
1937-12-01,11.02,0.8,1.13,14.4,2.57,240.919967013889,24.704134548611123,13.008483033706135,0.03299238138244402
1938-01-01,11.31,0.793333,1.07667,14.2,2.56,250.74250088028182,23.86975494454227,13.511461918562413,0.028858466812653652
1938-02-01,11.04,0.786667,1.02333,14.1,2.5433333333333334,246.49246808510648,22.848110268617035,13.263076236460863,0.030858458141780926
1938-03-01,10.31,0.78,0.97,14.1,2.5266666666666664,230.1936001773051,21.657399822695044,12.377286234697689,0.03642098978419209
1938-04-01,9.89,0.766667,0.903333,14.2,2.51,219.2611258802818,20.02687670625001,11.789517720684183,0.04130907317683165
1938-05-01,9.98,0.753333,0.836667,14.1,2.493333333333333,222.82561879432635,18.680445090159584,11.992275930545691,0.03877639074427319
1938-06-01,10.21,0.74,0.77,14.1,2.4766666666666666,227.96087854609942,17.191956560283696,12.288966307788128,0.03750164444043317
1938-07-01,12.24,0.713333,0.72,14.1,2.46,273.2851276595746,16.07559574468086,14.770328017492064,0.02399780533605339
1938-08-01,12.31,0.686667,0.67,14.1,2.4433333333333334,274.8480328014186,14.959234929078022,14.903588512604363,0.02355910264939684
1938-09-01,11.75,0.66,0.62,14.1,2.4266666666666667,262.3447916666668,13.842874113475185,14.282330508639975,0.02550449467270409
1938-10-01,13.06,0.61,0.626667,14.0,2.4099999999999997,293.676255357143,14.091670590803577,16.06114764333344,0.017787274932387652
1938-11-01,13.07,0.56,0.633333,14.0,2.393333333333333,293.9011223214287,14.241566909196436,16.14957180071551,0.017613036620319072
1938-12-01,12.69,0.51,0.64,14.0,2.3766666666666665,285.35617767857156,14.391485714285722,15.756484438994002,0.0198958690071016
1939-01-01,12.5,0.513333,0.663333,14.0,2.36,281.083705357143,14.916167802053577,15.59963441091928,0.020700668161540883
1939-02-01,12.4,0.516667,0.686667,13.9,2.3474999999999997,280.84104316546774,15.55195778929857,15.664696928954765,0.019857014083435154
1939-03-01,12.39,0.52,0.71,13.9,2.335,280.6145584532376,16.08041456834533,15.729223743214225,0.02029478244770487
1939-04-01,10.83,0.523333,0.726667,13.8,2.3225,247.060355978261,16.577156758786238,13.9169945798124,0.02856903646779821
1939-05-01,11.23,0.526667,0.743333,13.8,2.31,256.18539221014504,16.95735139338769,14.502929499657768,0.025213062237963713
1939-06-01,11.43,0.53,0.76,13.8,2.2975000000000003,260.7479103260871,17.337568840579717,14.833828921489788,0.023225714827656528
1939-07-01,11.71,0.54,0.776667,13.8,2.285,267.13543568840595,17.717786287771744,15.270952598570254,0.020283560367290836
1939-08-01,11.54,0.55,0.793333,13.8,2.2725,263.25729528985516,18.097980922373193,15.120082343333985,0.02106196670056716
1939-09-01,12.77,0.56,0.81,14.1,2.26,285.1185523049647,18.085045212765966,16.452835577060966,0.017934373511527414
1939-10-01,12.9,0.58,0.84,14.0,2.2475,290.07838392857155,18.888825000000008,16.821204806265637,0.016031261671560368
1939-11-01,12.67,0.6,0.87,14.0,2.2350000000000003,284.90644375000016,19.56342589285715,16.599238509946645,0.016951215255656606
1939-12-01,12.37,0.62,0.9,14.0,2.2225,278.1604348214287,20.238026785714293,16.28041290128384,0.018823727111642062
1940-01-01,12.3,0.623333,0.93,13.9,2.21,278.5761960431656,21.063078237410082,16.37848034261367,0.018449926158429525
1940-02-01,12.22,0.626667,0.96,14.0,2.1883333333333335,274.787430357143,21.58722857142858,16.216119847731058,0.020555367211535183
1940-03-01,12.15,0.63,0.99,14.0,2.166666666666667,273.213361607143,22.26182946428572,16.1729063053079,0.021515605176069624
1940-04-01,12.27,0.636667,1.00667,14.0,2.145,275.91176517857156,22.636682693750007,16.370988707128785,0.02040533302472749
1940-05-01,10.58,0.643333,1.02333,14.0,2.1233333333333335,237.9092482142858,23.011311056250012,14.138747694800726,0.030844754648737413
1940-06-01,9.67,0.65,1.04,14.1,2.1016666666666666,215.90418173758874,23.220304964539018,12.843765598268806,0.0394743005712911
1940-07-01,9.99,0.656667,1.05333,14.0,2.08,224.64209732142868,23.685911949107155,13.369884763210054,0.03710469109993486
1940-08-01,10.2,0.663333,1.06667,14.0,2.0583333333333336,229.36430357142868,23.985884479464296,13.649399392391638,0.03638389967306203
1940-09-01,10.63,0.67,1.08,14.0,2.0366666666666666,239.0335830357144,24.285632142857157,14.214842598620638,0.03309206681458914
1940-10-01,10.73,0.67,1.07,14.0,2.015,241.28225267857152,24.06076517857144,14.328290323104957,0.03334593345226504
1940-11-01,10.98,0.67,1.06,14.0,1.9933333333333334,246.90392678571442,23.835898214285724,14.636689248763608,0.03269024417405583
1940-12-01,10.53,0.67,1.05,14.1,1.9716666666666665,235.10558776595755,23.443577127659587,13.908426122353838,0.03900533222390959
1941-01-01,10.55,0.673333,1.05333,14.1,1.95,235.55213209219872,23.517926757978735,13.904158267950828,0.04047838438753476
1941-02-01,9.89,0.676667,1.05667,14.1,1.9925,220.81616932624124,23.592499660461005,13.002943303402446,0.04628963306826692
1941-03-01,9.95,0.68,1.06,14.2,2.035,220.59132482394375,23.50018133802818,12.955719822063328,0.047477159338851195
1941-04-01,9.64,0.683333,1.07,14.3,2.0775,212.2240944055945,23.55599388111889,12.42937038922078,0.05165392853546111
1941-05-01,9.43,0.686667,1.08,14.4,2.12,206.15928211805564,23.61103125000001,12.037206512481573,0.0558316308743399
1941-06-01,9.76,0.69,1.09,14.7,2.1625,209.01919727891166,23.343332482993212,12.164306590628437,0.05790160303011874
1941-07-01,10.26,0.693333,1.12333,14.7,2.205,219.72714795918378,24.057124475340146,12.74499627791958,0.05373104057833636
1941-08-01,10.21,0.696667,1.15667,14.9,2.2474999999999996,215.7213682885907,24.438632229026858,12.463173720387804,0.05642892003608932
1941-09-01,10.24,0.7,1.19,15.1,2.29,213.4895894039736,24.80982533112584,12.279729272093077,0.05919969516273364
1941-10-01,9.83,0.703333,1.18,15.3,2.3325,202.2626903594772,24.279753267973863,11.577814956574075,0.06569975715858947
1941-11-01,9.37,0.706667,1.17,15.4,2.3750000000000004,191.54576866883124,23.91766801948053,10.911668685916963,0.07255785021929936
1941-12-01,8.76,0.71,1.16,15.5,2.4175,177.92054516129042,23.56025483870969,10.086593309917905,0.08096627743906741
1942-01-01,8.93,0.703333,1.12,15.7,2.46,179.06285270700644,22.458050955414027,10.101686431929252,0.08377724425041956
1942-02-01,8.65,0.696667,1.08,15.8,2.4608333333333334,172.35056566455702,21.518914556962034,9.680255591749361,0.09014327718468035
1942-03-01,8.18,0.69,1.04,16.0,2.461666666666667,160.94852968750007,20.46289375000001,9.00342661776097,0.09989484720160219
1942-04-01,7.84,0.68,1.02,16.1,2.4625,153.30060869565224,19.944722049689446,8.544255707588261,0.10721421232122588
1942-05-01,7.93,0.67,1.0,16.3,2.4633333333333334,153.15785506134975,19.31372699386504,8.506116259696048,0.1104579168774196
1942-06-01,8.33,0.66,0.98,16.3,2.4641666666666664,160.88334585889578,18.92745245398774,8.905456928518051,0.10592353761816536
1942-07-01,8.64,0.646667,0.966667,16.4,2.465,165.8530975609757,18.55610141897867,9.150488900994741,0.10353127198083714
1942-08-01,8.59,0.633333,0.953333,16.5,2.4658333333333338,163.89394621212128,18.18923252901516,9.012823047564291,0.10656446054631466
1942-09-01,8.68,0.62,0.94,16.5,2.466666666666667,165.6111121212122,17.934843939393946,9.0778298393715,0.10652043750087256
1942-10-01,9.32,0.61,0.97,16.7,2.4675000000000002,175.6924640718564,18.285589071856297,9.599176749352985,0.10252615661656954
1942-11-01,9.47,0.6,1.0,16.8,2.4683333333333337,177.4575126488096,18.7389136904762,9.661334152171653,0.10323139333544554
1942-12-01,9.52,0.59,1.03,16.9,2.4691666666666667,177.3388698224853,19.18687352071007,9.617514103283172,0.10508258054935478
1943-01-01,10.09,0.59,1.04333,16.9,2.47,187.95684837278114,19.43518519452664,10.15053422043208,0.101193652358146
1943-02-01,10.69,0.59,1.05667,16.9,2.470833333333333,199.13366789940838,19.68368314866865,10.708982995221266,0.09765444905290487
1943-03-01,11.07,0.59,1.07,17.2,2.4716666666666667,202.6155937500001,19.58434375000001,10.850541744036802,0.09905521660067995
1943-04-01,11.44,0.59,1.08,17.4,2.4725,206.98099425287367,19.54016379310346,11.03922714293969,0.09866495426069262
1943-05-01,11.89,0.59,1.09,17.5,2.4733333333333336,213.89345642857154,19.608399285714295,11.362215800613692,0.0966736074485306
1943-06-01,12.1,0.59,1.1,17.5,2.474166666666667,217.67122142857153,19.788292857142867,11.51674478645123,0.09466776785756378
1943-07-01,12.35,0.593333,1.09333,17.4,2.475,223.44539152298861,19.78134007399426,11.774213341781653,0.08897387762529993
1943-08-01,11.74,0.596667,1.08667,17.3,2.475833333333333,213.6366141618498,19.774488885115613,11.210545904158964,0.09186150004782788
1943-09-01,11.99,0.6,1.08,17.4,2.4766666666666666,216.93200359195416,19.54016379310346,11.336281939610286,0.09145613260539234
1943-10-01,11.88,0.603333,1.03333,17.4,2.4775,214.94180172413806,18.695775418821853,11.18733550332603,0.09262224462976595
1943-11-01,11.33,0.606667,0.986667,17.4,2.4783333333333335,204.99079238505757,17.851513693750007,10.631033673001417,0.09729135245136993
1943-12-01,11.48,0.61,0.94,17.4,2.479166666666667,207.70470402298864,17.00717959770116,10.73736031604107,0.09635154866849567
1944-01-01,11.85,0.613333,0.936667,17.4,2.48,214.39901939655184,16.946876481106333,11.052412763977472,0.09368843717874287
1944-02-01,11.77,0.616667,0.933333,17.4,2.470833333333333,212.95159985632193,16.88655527176725,10.947918887724722,0.09386811511961995
1944-03-01,12.1,0.62,0.93,17.4,2.461666666666667,218.92220545977023,16.826252155172423,11.224693196180683,0.09170751556267559
1944-04-01,11.89,0.623333,0.926667,17.5,2.4525,213.89345642857154,16.670143615500006,10.9382751882394,0.094720823089111
1944-05-01,12.1,0.626667,0.923333,17.5,2.4433333333333334,217.67122142857153,16.61016709878572,11.103736936792625,0.09345016828904618
1944-06-01,12.67,0.63,0.92,17.6,2.4341666666666666,226.63012571022736,16.456173295454555,11.532785272532509,0.09000715082036123
1944-07-01,13.0,0.633333,0.913333,17.7,2.425,231.2191384180792,16.244620719138428,11.73877475018072,0.08915965960239092
1944-08-01,12.81,0.636667,0.906667,17.7,2.4158333333333335,227.83978177966114,16.126058659392665,11.541711674209227,0.09070582138511657
1944-09-01,12.6,0.64,0.9,17.7,2.4066666666666667,224.1047033898306,16.00747881355933,11.328560584696474,0.09090550278436416
1944-10-01,12.91,0.64,0.91,17.7,2.3975,229.6183905367233,16.185339689265547,11.583105186279127,0.08981533233906124
1944-11-01,12.82,0.64,0.92,17.7,2.3883333333333336,228.01764265536735,16.363200564971763,11.47845919805548,0.09069407014654805
1944-12-01,13.1,0.64,0.93,17.8,2.3791666666666664,231.68877106741581,16.44813412921349,11.63868359335513,0.0909300412662582
1945-01-01,13.49,0.643333,0.94,17.8,2.37,238.58637570224727,16.624995786516862,11.96046343980699,0.08718708882936277
1945-02-01,13.94,0.646667,0.95,17.8,2.355,246.54515028089895,16.80185744382023,12.341753548186313,0.08400173904196744
1945-03-01,13.93,0.65,0.96,17.8,2.3400000000000003,246.3682886235956,16.978719101123602,12.323310311389324,0.08427300332071189
1945-04-01,14.28,0.65,0.973333,17.8,2.325,252.5584466292136,17.214528748806188,12.63186723656308,0.08169453955308408
1945-05-01,14.82,0.65,0.986667,17.9,2.31,260.6446801675979,17.352868059846376,13.03656062878536,0.0799618571963016
1945-06-01,15.09,0.65,1.0,18.1,2.295,262.46074516574595,17.39302486187846,13.130223361406053,0.08145325936582432
1945-07-01,14.78,0.653333,0.996667,18.1,2.2800000000000002,257.0689074585636,17.33505391001382,12.86702844300916,0.08316111469724172
1945-08-01,14.83,0.656667,0.993333,18.1,2.265,257.93855870165754,17.277065565124317,12.915378562256741,0.08302016885970824
1945-09-01,15.84,0.66,0.99,18.1,2.25,275.5055138121548,17.219094613259674,13.798264951719784,0.07821597266288066
1945-10-01,16.5,0.66,0.98,18.1,2.2350000000000003,286.98491022099455,17.045164364640893,14.374662675391336,0.07545994251796664
1945-11-01,17.04,0.66,0.97,18.1,2.2199999999999998,296.3771436464089,16.871234116022105,14.847702661876777,0.07264603473680933
1945-12-01,17.33,0.66,0.96,18.2,2.205,299.7649608516484,16.605560439560445,15.02034747473996,0.07258817469802945
1946-01-01,18.02,0.666667,0.94,18.2,2.19,311.7002074175826,16.25961126373627,15.623163177761667,0.07016934325454083
1946-02-01,18.07,0.673333,0.92,18.1,2.195,314.2919592541438,16.001582872928186,15.761666525801907,0.06899061579392486
1946-03-01,17.53,0.68,0.9,18.3,2.2,301.5674883879783,15.482643442622956,15.13487341514253,0.07344623369946217
1946-04-01,18.66,0.68,0.88,18.4,2.205,319.26220516304363,15.056309782608706,16.040842386215907,0.07022564907240907
1946-05-01,18.7,0.68,0.86,18.5,2.21,318.217141891892,14.634585135135142,16.01372317083217,0.07083960614331006
1946-06-01,18.58,0.68,0.84,18.7,2.215,312.7935548128344,14.141366310160436,15.773186880128735,0.07210057268285239
1946-07-01,18.05,0.683333,0.856667,19.8,2.2199999999999998,286.98930239899,13.620734887436875,14.508136111909064,0.08273944558974866
1946-08-01,17.7,0.686667,0.873333,20.2,2.225,275.85165222772287,13.610754293502481,13.984939309942757,0.08659838147711225
1946-09-01,15.09,0.69,0.89,20.4,2.23,232.86958272058834,13.734521446078437,11.841267540149632,0.10051583018992168
1946-10-01,14.75,0.696667,0.946667,20.8,2.235,223.24532752403854,14.328066743810103,11.387602961765047,0.1058484706903061
1946-11-01,14.69,0.703333,1.00333,21.3,2.24,217.1180275821597,14.829205623826297,11.110043656743292,0.11046659850288858
1946-12-01,15.13,0.71,1.06,21.5,2.245,221.5410250000001,15.521050000000006,11.372779425862705,0.10931230061839765
1947-01-01,15.21,0.713333,1.13,21.5,2.25,222.71242500000008,16.546025000000007,11.469296334735574,0.1077796741638497
1947-02-01,15.8,0.716667,1.2,21.5,2.265833333333333,231.35150000000013,17.57100000000001,11.949565314209435,0.10411708620482772
1947-03-01,15.16,0.72,1.27,21.9,2.2816666666666667,217.92586529680378,18.256322488584484,11.287903096501282,0.1100504200164461
1947-04-01,14.6,0.733333,1.32667,21.9,2.2975,209.87583333333342,19.070956973173526,10.900825126392672,0.11230527663572899
1947-05-01,14.34,0.746667,1.38333,21.9,2.3133333333333335,206.1383184931508,19.88544770719179,10.733674273688537,0.11284855290399029
1947-06-01,14.84,0.76,1.44,22.0,2.3291666666666666,212.35618409090918,20.60599090909092,11.082715855052093,0.11023126451262738
1947-07-01,15.77,0.77,1.47667,22.2,2.3449999999999998,223.6312088963965,20.940361270833343,11.696446553354361,0.1055605736406073
1947-08-01,15.46,0.78,1.51333,22.5,2.360833333333333,216.31202555555566,21.174092990555565,11.337472355329831,0.10951092237802158
1947-09-01,15.06,0.79,1.55,23.0,2.376666666666667,206.13456847826095,21.215709239130444,10.827463017228832,0.11508689211783996
1947-10-01,15.45,0.806667,1.57,23.0,2.3925,211.47271467391312,21.489460326086967,11.132662042754784,0.11239659547338418
1947-11-01,15.27,0.823333,1.59,23.1,2.408333333333333,208.1041542207793,21.668998376623385,10.97540732483907,0.11469919212401683
1947-12-01,15.03,0.84,1.61,23.4,2.424166666666667,202.20729326923086,21.660262286324798,10.680912531969192,0.11913197089243799
1948-01-01,14.83,0.843333,1.64333,23.7,2.44,196.99105116033766,21.82881349314347,10.41934265732033,0.12413325641961873
1948-02-01,14.1,0.846667,1.67667,23.5,2.4291666666666667,188.88825000000008,22.461224264361714,9.999761169144184,0.12812050084785856
1948-03-01,14.3,0.85,1.71,23.4,2.418333333333333,192.38618055555568,23.005620192307706,10.186680609489677,0.12594515689644092
1948-04-01,15.4,0.85,1.76,23.8,2.4075,203.70301470588245,23.28034453781514,10.779484482024625,0.12169500310549984
1948-05-01,16.15,0.85,1.81,23.9,2.3966666666666665,212.72979341004194,23.84154341004185,11.241032697984442,0.11918067168503868
1948-06-01,16.82,0.85,1.86,24.1,2.3858333333333333,219.71648443983412,24.29682883817428,11.583895756523846,0.11753481139368552
1948-07-01,16.42,0.856667,1.93,24.4,2.375,211.85417110655752,24.901251536885255,11.134621739180938,0.12243242819353192
1948-08-01,15.94,0.863333,2.0,24.5,2.3641666666666667,204.821680612245,25.699081632653073,10.723556662478133,0.12641558155058846
1948-09-01,15.76,0.87,2.07,24.5,2.3533333333333335,202.50876326530621,26.59854948979593,10.553013689399162,0.1280309330149222
1948-10-01,16.19,0.89,2.14333,24.4,2.3425,208.88666444672143,27.653678474897557,10.825409809169495,0.12607485528211437
1948-11-01,15.29,0.91,2.21667,24.2,2.3316666666666666,198.9050511363637,28.836289058367786,10.24809620563557,0.13051732404994576
1948-12-01,15.19,0.93,2.29,24.1,2.3208333333333333,198.4241021784233,29.91383765560167,10.15965293890092,0.13103783423521187
1949-01-01,15.36,0.946667,2.32,24.0,2.31,201.48080000000007,30.431995833333346,10.24828575803898,0.1298559844076208
1949-02-01,14.77,0.963333,2.35,23.8,2.3108333333333335,195.36970955882362,31.08455094537816,9.87251714057006,0.1334350341276561
1949-03-01,14.91,0.98,2.38,23.8,2.3116666666666665,197.2215551470589,31.48137500000001,9.901332491240925,0.13313191783925857
1949-04-01,14.89,0.993333,2.38667,23.9,2.3125,196.1329178870294,31.437511828974912,9.783639867544062,0.13554358543720768
1949-05-01,14.78,1.00667,2.39333,23.8,2.3133333333333335,195.50198424369754,31.65769715493699,9.692295086395813,0.13605567445491157
1949-06-01,13.97,1.02,2.4,23.9,2.314166666666667,184.014564330544,31.61309623430964,9.067718943419532,0.14359678892669803
1949-07-01,14.76,1.02667,2.39667,23.7,2.315,196.06122151898742,31.835640093354442,9.605038093363923,0.1365317543033211
1949-08-01,15.29,1.03333,2.39333,23.8,2.3158333333333334,202.24799317226896,31.65769715493699,9.85134863807923,0.1343648813716756
1949-09-01,15.49,1.04,2.39,23.9,2.3166666666666664,204.0361919456068,31.481375000000018,9.884048361738287,0.1321939924064729
1949-10-01,15.89,1.07333,2.36667,23.7,2.3175,211.071328586498,31.43714167563293,10.169850844772146,0.12920684542664873
1949-11-01,16.11,1.10667,2.34333,23.8,2.3183333333333334,213.09451733193285,30.996323730567237,10.215861011650645,0.12919955980889689
1949-12-01,16.54,1.14,2.32,23.6,2.3191666666666664,220.6364163135594,30.947792372881366,10.529330904131148,0.12538752170992376
1950-01-01,16.88,1.15,2.33667,23.5,2.32,226.13004680851074,31.302801923936183,10.74573329974791,0.12377451331835168
1950-02-01,17.21,1.16,2.35333,23.5,2.3408333333333333,230.55083563829797,31.525984778191503,10.91156406673168,0.12139665169662328
1950-03-01,17.35,1.17,2.37,23.6,2.361666666666667,231.44146451271197,31.614770656779672,10.910946522976253,0.12164080233493055
1950-04-01,17.84,1.18,2.42667,23.6,2.3825,237.97785169491536,32.370723843750014,11.178021600956097,0.11924266123305866
1950-05-01,18.44,1.19,2.48333,23.7,2.4033333333333333,244.94369409282714,32.986769189346006,11.461543104586227,0.11726693985923528
1950-06-01,18.74,1.2,2.54,23.8,2.4241666666666664,247.8827594537816,33.59776995798321,11.554126144044288,0.11605312575784082
1950-07-01,17.38,1.24333,2.6,24.1,2.445,227.03165871369302,33.96330912863072,10.539745658930993,0.1262465583106329
1950-08-01,18.43,1.28667,2.66,24.3,2.4658333333333333,238.76614866255153,34.46109362139919,11.04061167026154,0.12260690914540667
1950-09-01,19.08,1.33,2.72,24.4,2.4866666666666664,246.174030737705,35.09399180327871,11.3373911022773,0.1204616466375262
1950-10-01,19.87,1.37667,2.76,24.6,2.5075,254.28248831300823,35.32056707317074,11.66244403910526,0.118658235816299
1950-11-01,19.83,1.42333,2.8,24.7,2.5283333333333333,252.7431847165993,35.68738866396763,11.542173388716297,0.11977266934561014
1950-12-01,19.75,1.47,2.84,25.0,2.549166666666667,248.70286250000012,35.76284200000001,11.306665788890761,0.12189353128627989
1951-01-01,21.21,1.48667,2.83667,25.4,2.57,262.88187549212614,35.15837481151576,11.895759839437064,0.11898759156334363
1951-02-01,22.0,1.50333,2.83333,25.7,2.5791666666666666,269.4903696498056,34.70705222908562,12.141507370682689,0.11844055145727525
1951-03-01,21.63,1.52,2.83,25.8,2.5883333333333334,263.9310625000001,34.531895833333344,11.841626487283095,0.120096636801555
1951-04-01,21.92,1.53333,2.79333,25.8,2.5975,267.4696666666668,34.084445437500015,11.951097197083953,0.11848676067127081
1951-05-01,21.93,1.54667,2.75667,25.9,2.6066666666666665,266.5585149613901,33.50724402364867,11.863875406269173,0.11868144406708801
1951-06-01,21.55,1.56,2.72,25.9,2.6158333333333332,261.9396259652511,33.061521235521255,11.615664857025173,0.11820658882878612
1951-07-01,21.93,1.54667,2.65,25.9,2.625,266.5585149613901,32.210673262548276,11.778190092457802,0.11692697213559163
1951-08-01,22.89,1.53333,2.58,25.9,2.6341666666666668,278.2272871621623,31.359825289575305,12.256989084145138,0.112089566213211
1951-09-01,23.48,1.52,2.51,26.1,2.6433333333333335,283.2117567049809,30.27519204980844,12.444953157150032,0.11016963472607766
1951-10-01,23.36,1.48333,2.48667,26.2,2.6525000000000003,280.6889007633589,29.87930945467559,12.309457904118688,0.10997701425032115
1951-11-01,22.71,1.44667,2.46333,26.4,2.6616666666666666,270.8113735795456,29.374627075284106,11.852030617771039,0.1131357503596432
1951-12-01,23.41,1.41,2.44,26.5,2.6708333333333334,278.10527877358504,28.9866245283019,12.147072568106777,0.11071067066355054
1952-01-01,24.19,1.41333,2.42667,26.5,2.68,287.3714948113209,28.828267272169825,12.527059748172292,0.10676999643852501
1952-02-01,23.75,1.41667,2.41333,26.3,2.6925,284.2899833650191,28.88781244439165,12.364119350461088,0.10623068016404313
1952-03-01,23.81,1.42,2.4,26.3,2.705,285.0081896387834,28.728250950570356,12.36233908739036,0.10479452379456076
1952-04-01,23.74,1.43,2.38,26.4,2.7175000000000002,283.0938797348486,28.380936553030317,12.242728683266877,0.10520389396216315
1952-05-01,23.73,1.44,2.36,26.4,2.7300000000000004,282.9746321022729,28.1424412878788,12.200478761945831,0.10406537969125473
1952-06-01,24.38,1.45,2.34,26.5,2.7425,289.6286500000001,27.79864811320756,12.447881581789362,0.10270816211925105
1952-07-01,25.08,1.45,2.34667,26.7,2.755,295.7126910112361,27.66906302294009,12.669112889622474,0.10132758807191541
1952-08-01,25.18,1.45,2.35333,26.7,2.7675,296.8917687265919,27.747589598782785,12.678378236328617,0.10050683182892765
1952-09-01,24.78,1.45,2.36,26.7,2.7800000000000002,292.1754578651687,27.826234082397015,12.434678020425501,0.10192764735731114
1952-10-01,24.26,1.43667,2.37333,26.7,2.7925,286.0442537453185,27.983405141853947,12.131183558686866,0.1025510984460209
1952-11-01,25.03,1.42333,2.38667,26.7,2.805,295.1231521535582,28.14069410908241,12.473469765515302,0.09953855242085684
1952-12-01,26.04,1.41,2.4,26.7,2.8175,307.03183707865185,28.29786516853934,12.933964306161371,0.09593778273966827
1953-01-01,26.18,1.41,2.41,26.6,2.83,309.84300657894744,28.522599154135353,13.010773447995179,0.09496362744553179
1953-02-01,25.86,1.41,2.42,26.5,2.8008333333333333,307.2107009433964,28.749029245283033,12.8593468806879,0.09576630755228764
1953-03-01,25.99,1.41,2.43,26.6,2.7716666666666665,307.5943369360904,28.759301221804524,12.834819340092494,0.0947610263844257
1953-04-01,24.71,1.41333,2.45667,26.6,2.83,292.44540460526326,29.07494342904136,12.163901454006801,0.09726819747629625
1953-05-01,24.84,1.41667,2.48333,26.7,3.05,292.88290449438216,29.28039062874533,12.141970791867784,0.09501029523636663
1953-06-01,23.95,1.42,2.51,26.8,3.11,281.33542210820906,29.484422108208964,11.624407885470085,0.09846726592393613
1953-07-01,24.29,1.42,2.52333,26.8,2.93,285.32932789179114,29.64100670848882,11.750201645310003,0.0999444923265426
1953-08-01,24.39,1.42,2.53667,26.9,2.95,285.4389354089221,29.686936625000012,11.715076201734005,0.10099082396456589
1953-09-01,23.27,1.42,2.55,26.9,2.87,272.3314484200745,29.842939126394064,11.139349357262924,0.10560037156783561
1953-10-01,23.97,1.43,2.53667,27.0,2.66,279.484651388889,29.57698500787038,11.391934765421414,0.10609757559259153
1953-11-01,24.5,1.44,2.52333,26.9,2.68,286.726277881041,29.530817092472134,11.644070268505772,0.1036091437660994
1953-12-01,24.83,1.45,2.51,26.9,2.59,290.5883052973979,29.374814591078078,11.754449184027294,0.10370269083937064
1954-01-01,25.46,1.45667,2.52333,26.9,2.48,297.9612667286247,29.530817092472134,12.002650554927826,0.10304345229837096
1954-02-01,26.02,1.46333,2.53667,26.9,2.47,304.5150102230485,29.686936625000012,12.215052485432839,0.10169472728013383
1954-03-01,26.57,1.47,2.55,26.9,2.37,310.9517225836433,29.842939126394064,12.420105295189977,0.10134313684560126
1954-04-01,27.63,1.46333,2.57333,26.8,2.29,324.563578824627,30.22834579430971,12.907868184060922,0.0981135056027298
1954-05-01,28.73,1.45667,2.59667,26.9,2.37,336.23044749070647,30.389123427973995,13.312042238025862,0.09535006165318284
1954-06-01,28.96,1.45,2.62,26.9,2.38,338.9221635687734,30.662157063197043,13.357885903659001,0.09439758919551676
1954-07-01,30.13,1.45667,2.62333,26.9,2.3,352.61480622676595,30.7011284307621,13.833009564245332,0.09203533309436351
1954-08-01,30.73,1.46333,2.62667,26.9,2.36,359.6366742565057,30.74021682946098,14.042112347320579,0.09035884137731519
1954-09-01,31.45,1.47,2.63,26.8,2.38,369.4362849813434,30.894035914179117,14.35647414329698,0.08821118277091214
1954-10-01,32.18,1.49333,2.67667,26.8,2.43,378.0114356343285,31.442258216884344,14.619231935730564,0.08645924352171837
1954-11-01,33.44,1.51667,2.72333,26.8,2.48,392.8123805970151,31.9903630517724,15.11731169743439,0.08370552449297154
1954-12-01,34.97,1.54,2.77,26.7,2.51,412.3234770599253,32.660452715355824,15.789062002327087,0.07961472867057669
1955-01-01,35.6,1.54667,2.83333,26.7,2.61,419.7516666666669,33.40716263249065,15.990781062969837,0.0778157762263657
1955-02-01,36.79,1.55333,2.89667,26.7,2.65,433.78269147940097,34.15399045739702,16.437728215987118,0.0757154012596608
1955-03-01,36.5,1.56,2.96,26.7,2.68,430.3633661048691,34.90070037453185,16.219282945537792,0.07623475077402161
1955-04-01,37.76,1.56333,3.04667,26.7,2.75,445.21974531835224,35.92260703043073,16.685266628063502,0.07381285877512958
1955-05-01,37.6,1.56667,3.13333,26.7,2.76,443.33322097378294,36.94439577855807,16.5180578272578,0.07373630484653115
1955-06-01,39.78,1.57,3.22,26.7,2.78,469.0371151685395,37.96630243445695,17.37009196340531,0.06941090871914066
1955-07-01,42.69,1.58667,3.29333,26.8,2.9,501.4701114738808,38.686028630130615,18.45403190663288,0.06521811352416776
1955-08-01,42.43,1.60333,3.36667,26.8,2.97,498.41594822761215,39.5475376012127,18.222326463047757,0.0652071483085897
1955-09-01,44.34,1.62,3.44,26.9,2.97,518.9160473977698,40.25871003717474,18.843960654261316,0.06378423418526824
1955-10-01,42.11,1.62667,3.5,26.9,2.88,492.81810455390354,40.96089684014872,17.772325789386095,0.06788408978308572
1955-11-01,44.95,1.63333,3.56,26.9,2.89,526.0549465613386,41.6630836431227,18.8355592882739,0.06460790423634752
1955-12-01,45.37,1.64,3.62,26.8,2.96,532.9514864738808,42.52334981343285,18.942369035813577,0.0626482580860027
1956-01-01,44.15,1.67,3.64333,26.8,2.9,518.620412779851,42.79740223087689,18.292585385418892,0.06512350904143849
1956-02-01,44.43,1.7,3.66667,26.8,2.84,521.909511660448,43.07157211613808,18.266116815127784,0.06637558693981145
1956-03-01,47.49,1.73,3.69,26.8,2.96,557.8546637126868,43.345624533582104,19.37121009929996,0.06091014132159605
1956-04-01,48.05,1.75333,3.66,26.9,3.18,562.3345980483274,42.83339498141266,19.3705936345785,0.05853257027214733
1956-05-01,46.54,1.77667,3.63,27.0,3.07,542.6456268518521,42.32495972222224,18.544506591754434,0.06175470056837125
1956-06-01,46.27,1.8,3.6,27.2,3.0,535.5305960477943,41.66652573529414,18.1581638469587,0.06325181869849279
1956-07-01,48.78,1.81333,3.55333,27.4,3.11,560.4603914233579,40.82617307618615,18.85679759689679,0.05495081588539032
1956-08-01,48.49,1.82667,3.50667,27.3,3.33,559.1691845238098,40.4376532129121,18.670937110186422,0.05083779386334243
1956-09-01,46.84,1.84,3.46,27.4,3.38,538.1706587591244,39.75385310218981,17.836640796312025,0.052204639380191556
1956-10-01,46.24,1.80667,3.44333,27.5,3.34,529.3450109090911,39.41845926500002,17.41895294863613,0.052325543255801035
1956-11-01,45.76,1.77333,3.42667,27.5,3.49,523.8500800000003,39.227739371363654,17.12033973662826,0.049387093462700496
1956-12-01,46.44,1.74,3.41,27.6,3.59,529.7083532608697,38.89546693840581,17.197522725560926,0.047538713978886975
1957-01-01,45.43,1.73667,3.40667,27.6,3.46,518.1879950181162,38.8574839750906,16.717780078533014,0.05050735850161369
1957-02-01,43.47,1.73333,3.40333,27.7,3.34,494.04165027075834,38.6792447576715,15.843733142229743,0.05537812004104427
1957-03-01,44.03,1.73,3.4,27.8,3.41,498.6060939748204,38.5024010791367,15.90041710886917,0.05293317537541741
1957-04-01,45.05,1.73,3.40667,27.9,3.48,508.32829525089625,38.4396615667563,16.123704360211757,0.05173003200934926
1957-05-01,46.78,1.73,3.41333,28.0,3.6,525.9638294642859,38.377257760267874,16.598110789114266,0.04912398212751333
1957-06-01,47.55,1.73,3.42,28.1,3.8,532.718641014235,38.31541014234877,16.729918872472865,0.04654777995475149
1957-07-01,48.51,1.74,3.43667,28.3,3.93,539.6330393109542,38.230069618816266,16.8688823839798,0.04455478603235058
1957-08-01,45.84,1.75,3.45333,28.3,3.93,509.9315300353359,38.415398137367504,15.868942729452243,0.04691584125337615
1957-09-01,43.98,1.76,3.47,28.3,3.92,489.24059098939944,38.60083789752652,15.15727448896221,0.04772818123155337
1957-10-01,41.24,1.77,3.43667,28.3,3.97,458.76039045936415,38.230069618816266,14.149451489483535,0.05192737707581739
1957-11-01,40.35,1.78,3.40333,28.4,3.72,447.27939480633825,37.725883091109175,13.736242235298482,0.05647057113726219
1957-12-01,40.33,1.79,3.37,28.4,3.21,447.0576949823946,37.356420334507064,13.673246057951383,0.06058955909049749
1958-01-01,41.12,1.78333,3.29333,28.6,3.09,452.62732167832183,36.251243611451066,13.788431552307628,0.060595434959735614
1958-02-01,41.26,1.77667,3.21667,28.6,3.05,454.16836800699315,35.40741067176575,13.784906390337676,0.06187788720846589
1958-03-01,42.11,1.77,3.14,28.8,2.98,460.30579904513905,34.323443576388904,13.925589923892938,0.06299125007704467
1958-04-01,42.34,1.75667,3.07,28.9,2.88,461.2184835640141,33.442152681660914,13.913501765262778,0.06267794257358467
1958-05-01,43.7,1.74333,3.0,28.9,2.92,476.0332482698965,32.67962802768168,14.32382496840923,0.059791646042329574
1958-06-01,44.75,1.73,2.93,28.9,2.97,487.47111807958504,31.91710337370244,14.635555551956264,0.05695567923070746
1958-07-01,45.98,1.73,2.91333,29.0,3.2,499.14262844827607,31.6260807685345,14.95745710190113,0.05227756453464144
1958-08-01,47.7,1.73,2.89667,28.9,3.54,519.6060856401386,31.554032706314896,15.54456689116592,0.045585163707002926
1958-09-01,48.96,1.73,2.88,28.9,3.76,533.331529411765,31.37244290657441,15.93192318409284,0.04182106633622133
1958-10-01,50.95,1.73667,2.88333,28.9,3.8,555.0090160034605,31.408717293685136,16.559803310351565,0.0394570906866444
1958-11-01,52.5,1.74333,2.88667,29.0,3.74,569.9214439655175,31.33666923146553,16.98888357938633,0.03972103343144633
1958-12-01,53.49,1.75,2.89,28.9,3.86,582.6777677335643,31.481375000000014,17.358357365369958,0.037338063210747896
1959-01-01,55.62,1.75667,2.96333,29.0,4.02,603.7910612068968,32.1688630961207,17.98033934299339,0.0345207004870247
1959-02-01,54.77,1.76333,3.03667,28.9,3.96,596.6210756920419,33.079082014273375,17.759169263611422,0.03631425020967783
1959-03-01,56.16,1.77,3.11,28.9,3.99,611.762636678201,33.87788105536334,18.200871845485636,0.034647733018719255
1959-04-01,57.1,1.77667,3.20667,29.0,4.12,619.8574181034485,34.81047612801726,18.430753048783412,0.03258714311802922
1959-05-01,57.96,1.78333,3.30333,29.0,4.31,629.1932741379313,35.85978292370691,18.69272143959418,0.030354324726054635
1959-06-01,57.46,1.79,3.4,29.1,4.34,621.6219269759453,36.78236254295534,18.44859139706648,0.0306856984249297
1959-07-01,59.74,1.79667,3.41,29.2,4.4,644.074432363014,36.76420847602741,19.09053397579651,0.029470635773643346
1959-08-01,59.4,1.80333,3.42,29.2,4.43,640.4087928082195,36.87202140410961,18.958803640750205,0.02910475620080244
1959-09-01,57.05,1.81,3.43,29.3,4.68,612.9735302901025,36.853623293515376,18.12329055675862,0.028957426532419804
1959-10-01,57.0,1.81667,3.41667,29.4,4.53,610.3531887755105,36.58553385076532,18.021962441515427,0.03197373647861372
1959-11-01,57.23,1.82333,3.40333,29.4,4.53,612.8160174319731,36.442689788690494,18.071789130570217,0.03139061226480767
1959-12-01,59.06,1.83,3.39,29.4,4.69,632.411567176871,36.29995280612247,18.6247289779001,0.029010076868157736
1960-01-01,58.03,1.86667,3.39,29.3,4.72,623.5031369453928,36.42384343003415,18.338284994375563,0.02963452794942402
1960-02-01,55.78,1.90333,3.39,29.4,4.49,597.2894889455786,36.29995280612247,17.545275108945976,0.034747577618196336
1960-03-01,55.02,1.94,3.39,29.4,4.25,589.1514464285718,36.29995280612247,17.286020720522153,0.03756823452125082
1960-04-01,55.73,1.94333,3.34667,29.5,4.28,594.7311961864409,35.71449941398306,17.429766947597205,0.0371382962148633
1960-05-01,55.22,1.94667,3.30333,29.5,4.35,589.2886533898308,35.251989992796624,17.256170578727914,0.03658318385692866
1960-06-01,57.26,1.95,3.26,29.6,4.15,608.9944366554057,34.67205489864866,17.82336381726475,0.03665456176024943
1960-07-01,55.84,1.95,3.26333,29.6,3.9,593.8918851351355,34.707471445523666,17.376806472898117,0.03931696060144467
1960-08-01,56.51,1.95,3.26667,29.6,3.8,601.0177369087841,34.742994348395285,17.582113039577674,0.03880170512478679
1960-09-01,54.81,1.95,3.27,29.6,3.8,582.9372174831084,34.778410895270284,17.052015467817668,0.04015103884406264
1960-10-01,53.73,1.95,3.27,29.8,3.89,567.6155297818794,34.544998741610755,16.605104536251034,0.04068368452938363
1960-11-01,55.47,1.95,3.27,29.8,3.93,585.9972722315439,34.544998741610755,17.146088452419004,0.0379701285161348
1960-12-01,56.8,1.95,3.27,29.8,3.84,600.0476845637586,34.544998741610755,17.562090833957132,0.03625922615954216
1961-01-01,59.72,1.94667,3.21,29.8,3.84,630.8952063758392,33.91114555369129,18.470416986477176,0.031844848651755873
1961-02-01,62.17,1.94333,3.15,29.8,3.78,656.7775448825506,33.27729236577183,19.234014498298354,0.029103054689369384
1961-03-01,64.12,1.94,3.09,29.8,3.74,677.3777734899331,32.643439177852365,19.84422527272557,0.027510257772652917
1961-04-01,65.83,1.94,3.07,29.8,3.78,695.4425893456379,32.432154781879206,20.382842975754777,0.02577863345904219
1961-05-01,66.5,1.94,3.05,29.8,3.71,702.5206166107386,32.22087038590605,20.59860684329734,0.025572348486320985
1961-06-01,65.62,1.94,3.03,29.8,3.88,693.2241031879198,32.0095859899329,20.332414551592297,0.024507926215313496
1961-07-01,65.44,1.94667,3.03667,30.0,3.92,686.713726666667,31.86618234041668,20.146643736827315,0.025240009310458382
1961-08-01,67.79,1.95333,3.04333,29.9,4.04,713.7533147993315,32.04288059489968,20.941688475215177,0.021816815188407744
1961-09-01,67.26,1.96,3.05,30.0,3.98,705.8124275000004,32.00606458333335,20.70524304414725,0.02252057380943194
1961-10-01,68.0,1.98,3.09667,30.0,3.92,713.5778333333336,32.49580984041668,20.92419014101078,0.022227504665063444
1961-11-01,71.08,2.0,3.14333,30.0,3.94,745.8987116666669,32.98545015958335,21.85795772195966,0.019215321648647525
1961-12-01,71.74,2.02,3.19,30.0,4.06,752.824614166667,33.475195416666686,22.04148019838225,0.017251533180928626
1962-01-01,69.07,2.02667,3.25,30.0,4.08,724.8061904166668,34.104822916666684,21.19793140001521,0.018856943716482624
1962-02-01,70.22,2.03333,3.31,30.1,4.04,734.4259642857145,34.61905357142858,21.45168775487336,0.019803478924056123
1962-03-01,70.29,2.04,3.37,30.1,3.93,735.1580892857146,35.2465892857143,21.443158568526222,0.020922020958310854
1962-04-01,68.05,2.04667,3.40333,30.2,3.84,709.3733671357619,35.47732052276491,20.658336447649017,0.02354522793297935
1962-05-01,62.99,2.05333,3.43667,30.2,3.87,656.6264275662255,35.82486656332783,19.089367498116637,0.02722380214925576
1962-06-01,55.63,2.06,3.47,30.2,3.91,579.9036063741726,36.17230836092717,16.827571244792452,0.033481783573162546
1962-07-01,56.97,2.06667,3.49,30.3,4.01,591.9121893564359,36.26072566006602,17.141325661322778,0.030967289321607895
1962-08-01,58.52,2.07333,3.51,30.3,3.98,608.0165231023105,36.4685235148515,17.571262631045524,0.029839850791958528
1962-09-01,58.0,2.08,3.53,30.4,3.98,600.6314967105267,36.55567557565791,17.321461147465474,0.030994332976254563
1962-10-01,56.17,2.09667,3.57667,30.4,3.93,581.6805374177635,37.03897681620068,16.739820967901323,0.033500278187629
1962-11-01,60.04,2.11333,3.62333,30.4,3.92,621.7571562500003,37.522174499588836,17.85438648949714,0.02987112809180921
1962-12-01,62.64,2.13,3.67,30.4,3.86,648.6820164473687,38.0054757401316,18.585836118439858,0.028266895655685027
1963-01-01,65.06,2.13667,3.68333,30.4,3.83,673.7428478618424,38.14351742722041,19.259231693254048,0.027065841820962083
1963-02-01,65.92,2.14333,3.69667,30.4,3.92,682.648763157895,38.281662671463835,19.469191309671405,0.02598767561103328
1963-03-01,65.67,2.15,3.71,30.5,3.93,677.8301299180331,38.29373811475411,19.288064606604834,0.026321100952038344
1963-04-01,68.76,2.16667,3.75333,30.5,3.97,709.7243754098364,38.74098007500002,20.150077238226977,0.023703168769710035
1963-05-01,70.14,2.18333,3.79667,30.5,3.93,723.9684073770495,39.18832525286887,20.507585864952603,0.022857678405550974
1963-06-01,70.11,2.2,3.84,30.6,3.99,721.2938566176473,39.506039215686286,20.38414999384099,0.02250583709266986
1963-07-01,69.07,2.20333,3.88,30.7,4.02,708.2796649022804,39.787535830618914,19.96923188594963,0.023555825629666592
1963-08-01,70.98,2.20667,3.92,30.7,4.0,727.8657972312708,40.197716612377874,20.47263790052767,0.02214700661309802
1963-09-01,72.85,2.21,3.96,30.7,4.08,747.0417487785019,40.60789739413683,20.960360090705105,0.02021042671458871
1963-10-01,73.03,2.23333,3.98,30.8,4.11,746.4561091720782,40.680478084415604,20.891344595411486,0.02002157262287567
1963-11-01,72.62,2.25667,4.0,30.8,4.12,742.2654066558446,40.884902597402615,20.720399335339696,0.020692523571010417
1963-12-01,74.17,2.28,4.02,30.9,4.13,755.6548814724923,40.95635194174759,21.038599376737046,0.020191207824954024
1964-01-01,76.45,2.29667,4.07333,30.9,4.17,778.8838572006476,41.49968583454695,21.62721619698093,0.018497562501543725
1964-02-01,77.39,2.31333,4.12667,30.9,4.15,788.4607156148871,42.043121608818794,21.832670826710327,0.01826244310498494
1964-03-01,78.8,2.33,4.18,30.9,4.22,802.8260032362463,42.58645550161814,22.16724558598263,0.016871130342640477
1964-04-01,79.94,2.34667,4.23,30.9,4.23,814.440491100324,43.095862864077695,22.422192169737176,0.01663590814192991
1964-05-01,80.72,2.36333,4.28,30.9,4.2,822.3872459546928,43.605270226537236,22.57433076956383,0.016257628241597932
1964-06-01,80.24,2.38,4.33,31.0,4.17,814.859848387097,43.97237217741937,22.30028803608279,0.017429662017281425
1964-07-01,83.22,2.4,4.37667,31.1,4.19,842.4051535369779,44.303404990755645,22.984351845738406,0.016221768966826144
1964-08-01,82.0,2.42,4.42333,31.0,4.19,832.7331451612907,44.92016467056454,22.6504072929388,0.01653650837495961
1964-09-01,83.41,2.44,4.47,31.1,4.2,844.3284529742768,45.248149919614164,22.892221984231696,0.016674819662362957
1964-10-01,84.85,2.46,4.49667,31.1,4.19,858.90503818328,45.518120424839246,23.21215468067535,0.016172738247145615
1964-11-01,85.44,2.48,4.52333,31.2,4.15,862.1053461538465,45.64123332652245,23.225019793095836,0.01687476698418111
1964-12-01,83.96,2.5,4.55,31.2,4.18,847.1718733974362,45.91033854166669,22.75298477278728,0.017847660253903143
1965-01-01,86.12,2.51667,4.59333,31.2,4.19,868.9666714743594,46.34754622716348,23.269335081922478,0.016772396482347497
1965-02-01,86.75,2.53333,4.63667,31.2,4.21,875.3234875801287,46.78485481450323,23.37206827275135,0.01638349748297066
1965-03-01,86.83,2.55,4.68,31.3,4.21,873.331562699681,47.07119329073485,23.25352820003485,0.016926684744402717
1965-04-01,87.97,2.57,4.73333,31.4,4.2,881.9797957802551,47.4559671110669,23.4205519547713,0.017044142006345735
1965-05-01,89.28,2.59,4.78667,31.4,4.21,895.1137452229304,47.9907494494427,23.708808308861954,0.01642501689402636
1965-06-01,85.04,2.61,4.84,31.6,4.21,847.2076360759497,48.21830854430382,22.385342986457793,0.019564194009378984
1965-07-01,84.91,2.62667,4.88667,31.6,4.2,845.9125162183548,48.683256573180394,22.300781712174434,0.019453470620649997
1965-08-01,86.49,2.64333,4.93333,31.6,4.25,861.6532037183547,49.14810497745255,22.665971845964393,0.018230992658695766
1965-09-01,89.38,2.66,4.98,31.6,4.29,890.4447143987344,49.61305300632914,23.374146831648623,0.0161157469856558
1965-10-01,91.39,2.68,5.05,31.7,4.35,907.5971171135651,50.1517172712934,23.77574552331269,0.015114242163623913
1965-11-01,92.15,2.7,5.12,31.7,4.45,915.1447022870667,50.84688958990539,23.925461156673716,0.013851050159745644
1965-12-01,91.73,2.72,5.19,31.8,4.62,908.1089713050319,51.37997995283022,23.694111549106328,0.013258172151926241
1966-01-01,93.32,2.74,5.24,31.8,4.61,923.8496588050318,51.874970125786184,24.05848338842174,0.012718973089050019
1966-02-01,92.69,2.76,5.29,32.0,4.83,911.8777027343754,52.04264804687502,23.700027145579398,0.011785616374618876
1966-03-01,88.88,2.78,5.34,32.1,4.87,871.6712180685362,52.37088551401871,22.611112582289994,0.013735257908352588
1966-04-01,91.6,2.79667,5.38,32.3,4.75,892.7845046439633,52.43646981424151,23.113696462615827,0.014226847363845711
1966-05-01,86.78,2.81333,5.42,32.3,4.78,845.8061060371521,52.82633204334368,21.852177976763095,0.016046646835389033
1966-06-01,86.06,2.83,5.46,32.4,4.81,836.199732253087,53.05194675925929,21.55525338322625,0.015940466672773573
1966-07-01,85.84,2.85,5.47667,32.5,5.02,831.4957630769235,53.05018523730772,21.38170200743341,0.013785189143865242
1966-08-01,80.65,2.87,5.49333,32.7,5.22,776.4443100152909,52.886110620412865,19.913903864009804,0.01622887312490657
1966-09-01,77.81,2.89,5.51,32.7,5.18,749.1026876911318,53.04659824159023,19.161676250615006,0.01822798109081223
1966-10-01,77.13,2.88333,5.52333,32.9,5.01,738.0420832066873,52.851678716945315,18.82540937131568,0.021110043424481036
1966-11-01,80.99,2.87667,5.53667,32.9,5.16,774.9776781914898,52.97932660220367,19.711251211928968,0.017222795263778012
1966-12-01,81.33,2.87,5.55,32.9,4.84,778.2310725683894,53.10687879939212,19.736473752791966,0.01998848480356606
1967-01-01,84.45,2.88,5.51667,32.9,4.58,808.0857503799397,52.78795046238604,20.43224212538428,0.020863127305986433
1967-02-01,87.36,2.89,5.48333,32.9,4.63,835.9309787234047,52.46892643731005,21.07444316367844,0.018503704565098984
1967-03-01,89.42,2.9,5.45,33.0,4.54,853.0498643939399,51.99196780303033,21.443898602019104,0.0185283217665798
1967-04-01,90.96,2.9,5.41,33.1,4.59,865.1195981873115,51.45445279456195,21.68602556674624,0.017450185317673512
1967-05-01,92.59,2.9,5.37,33.2,4.85,877.9700335090365,50.920175828313276,21.948477389658404,0.014241698664414562
1967-06-01,91.43,2.9,5.33,33.3,5.02,864.3670018768773,50.38910773273276,21.552097609793485,0.013322936774481063
1967-07-01,93.01,2.90667,5.32,33.4,5.16,876.6714636976052,50.14398652694613,21.804196245666365,0.010970175118491618
1967-08-01,94.49,2.91333,5.31,33.5,5.28,887.962723507463,49.9003287313433,22.03062704912602,0.009602792002189713
1967-09-01,95.81,2.92,5.3,33.6,5.3,897.6876603422623,49.65812127976193,22.219145488664797,0.009320847323886917
1967-10-01,95.66,2.92,5.31,33.7,5.48,893.6226505934721,49.604184347181025,22.068199194183894,0.008131057033560166
1967-11-01,92.66,2.92,5.32,33.8,5.75,863.0367477810655,49.550566568047365,21.26310296833628,0.0070893778261975696
1967-12-01,95.3,2.92,5.33,33.9,5.7,885.0073856932158,49.497265117994125,21.751597808723638,0.006833840588637903
1968-01-01,95.04,2.93,5.36667,34.1,5.53,877.4163870967745,49.545498759897384,21.51153589633218,0.008931350539988094
1968-02-01,90.75,2.94,5.40333,34.2,5.56,835.361047149123,49.7380871282895,20.42499237621422,0.011402357531354164
1968-03-01,89.09,2.95,5.44,34.3,5.74,817.6897080903796,49.92964431486884,19.934711308295707,0.010394369323284205
1968-04-01,95.67,2.96333,5.48333,34.4,5.64,875.5299843750005,50.18103720312502,21.277356015671742,0.008172456938925599
1968-05-01,97.87,2.97667,5.52667,34.5,5.87,893.0672960144932,50.43106399166669,21.630227142779873,0.005401156083205308
1968-06-01,100.5,2.99,5.57,34.7,5.72,911.7804574927958,50.533503962536045,22.00462343134653,0.006703087049696972
1968-07-01,100.3,3.00333,5.6,34.9,5.5,904.751264326648,50.5145272206304,21.75353741567094,0.009661176933087323
1968-08-01,98.11,3.01667,5.63,35.0,5.42,882.4679146428575,50.64004035714288,21.13776679361785,0.012443883796378674
1968-09-01,101.3,3.03,5.66,35.1,5.46,908.5650391737895,50.76483831908834,21.68027563329292,0.011150936161089052
1968-10-01,103.8,3.04333,5.69333,35.3,5.58,925.7129532577908,50.77446366253543,22.00460692795688,0.009850589489287957
1968-11-01,105.4,3.05667,5.72667,35.4,5.7,937.3268149717519,50.927527054025454,22.195529227158147,0.008195879324794077
1968-12-01,106.5,3.07,5.76,35.5,6.03,944.4412500000004,51.07963943661974,22.277872995434873,0.005369700890587435
1969-01-01,102.0,3.08,5.78,35.6,6.04,901.9944522471914,51.113018960674175,21.19496807284714,0.007497662174861058
1969-02-01,101.5,3.09,5.8,35.8,6.19,892.5585370111736,51.00334497206706,20.89572990198723,0.007598149574642721
1969-03-01,99.3,3.1,5.82,36.1,6.3,865.9558275623272,50.75390650969531,20.202287616481645,0.008993739535940563
1969-04-01,101.3,3.11,5.82667,36.3,6.17,878.5298312672181,50.53211660365017,20.428608081932154,0.009957099691437217
1969-05-01,104.6,3.12,5.83333,36.4,6.32,904.6570947802203,50.450892645261014,20.972258271972095,0.007469564387868277
1969-06-01,99.14,3.13,5.84,36.6,6.57,852.7495949453555,50.23257650273226,19.71334158375762,0.00822301040327398
1969-07-01,94.71,3.13667,5.85667,36.8,6.72,810.2176701766308,50.10218057642666,18.681708207192752,0.009730850256854641
1969-08-01,94.18,3.14333,5.87333,37.0,6.69,801.3286209459463,49.97310925101353,18.42951559020774,0.01131818197256785
1969-09-01,94.51,3.15,5.89,37.1,7.16,801.9689356469007,49.97986489218331,18.39804634467697,0.006637296580913346
1969-10-01,95.52,3.15333,5.85333,37.3,7.1,806.193281501341,49.40237982004024,18.448662031815353,0.007289815133966038
1969-11-01,96.21,3.15667,5.81667,37.5,7.14,807.6861570000003,48.83113853900002,18.437760084691035,0.007469652335525358
1969-12-01,91.11,3.16,5.78,37.7,7.65,760.8138133289127,48.26587466843503,17.326929913742678,0.006391921886656243
1970-01-01,90.31,3.16333,5.73,37.8,7.79,752.1383535052914,47.72176686507939,17.090541395140207,0.006411243374265206
1970-02-01,87.16,3.16667,5.68,38.0,7.24,722.0833276315792,47.0563710526316,16.37258678715985,0.014668881693785982
1970-03-01,88.65,3.17,5.63,38.2,7.07,730.5821711387438,46.397942735602115,16.531690813943616,0.01631977933280259
1970-04-01,85.95,3.17333,5.59333,38.5,7.39,702.811475649351,45.73655044902599,15.873067819354056,0.016084252196537197
1970-05-01,76.06,3.17667,5.55667,38.6,7.91,620.3298918393784,45.31907047182644,13.983836060789187,0.01966203214030364
1970-06-01,75.59,3.18,5.52,38.8,7.84,613.3188495489694,44.78793556701033,13.799691797725176,0.021499547604048097
1970-07-01,75.72,3.18333,5.46667,39.0,7.46,611.2230038461541,44.12776622339745,13.726499744359765,0.026214326254140607
1970-08-01,77.92,3.18667,5.41333,39.0,7.53,628.9817282051285,43.69719787916669,14.100456516815447,0.02358223149317086
1970-09-01,82.58,3.19,5.36,39.2,7.39,663.1969253826533,43.0459617346939,14.842661145242218,0.021961852727596334
1970-10-01,84.37,3.17333,5.28333,39.4,7.33,674.1328956218279,42.21484593369292,15.064185404089633,0.02140193461165009
1970-11-01,84.28,3.15667,5.20667,39.6,6.84,670.0126982323235,41.392204740214666,14.950761908791726,0.027326345228659843
1970-12-01,90.05,3.14,5.13,39.8,6.39,712.2858841080406,40.57775219849248,15.873840687205737,0.02845528742112456
1971-01-01,93.49,3.13,5.16,39.8,6.24,739.4959167713571,40.815048994974894,16.461793943491934,0.027705281704982744
1971-02-01,97.11,3.12,5.19,39.9,6.11,766.2045930451131,40.94945770676694,17.03453478150212,0.02722117594317809
1971-03-01,99.6,3.11,5.22,40.0,5.7,783.8862375000003,41.08319437500002,17.40290260718887,0.03033633937147419
1971-04-01,103.0,3.10667,5.25333,40.1,5.83,808.6238466334167,41.242406914900265,17.924110447959603,0.027622614301182645
1971-05-01,101.6,3.10333,5.28667,40.3,6.39,793.6743672456579,41.29817388864766,17.564153279699376,0.023678614175411623
1971-06-01,99.72,3.1,5.32,40.6,6.52,773.2321958128082,41.251456896551744,17.083166880070696,0.024746298795041734
1971-07-01,99.0,3.09667,5.35667,40.7,6.73,765.7631756756759,41.43374373986488,16.88941470869335,0.022881739151916693
1971-08-01,97.24,3.09333,5.39333,40.8,6.58,750.306104166667,41.61505985998777,16.519449443051556,0.02630516570842717
1971-09-01,99.4,3.09,5.43,40.8,6.14,766.9727144607847,41.89800643382355,16.85679254783599,0.029149353637379985
1971-10-01,97.29,3.08333,5.52,40.9,5.93,748.8564727995114,42.48831051344745,16.42886270915946,0.03304704610417144
1971-11-01,92.78,3.07667,5.61,40.9,5.81,714.1422915647926,43.181054706601486,15.638712654326635,0.0373224423099071
1971-12-01,99.17,3.07,5.7,41.1,5.93,759.6126420316305,43.66030109489053,16.60355721292532,0.0329099016947902
1972-01-01,103.3,3.07,5.73667,41.1,5.95,791.2472110705598,43.94118236526766,17.26299679703516,0.03040921394543241
1972-02-01,105.2,3.07,5.77333,41.3,6.08,801.8984624697342,44.0078369803269,17.46414760548616,0.02859956379876675
1972-03-01,107.7,3.07,5.81,41.4,6.07,818.9720018115946,44.180383756038665,17.805643849614928,0.0278510060760885
1972-04-01,108.8,3.07,5.86333,41.5,6.19,825.3430361445786,44.47847963343376,17.915161678498286,0.02621433526043418
1972-05-01,107.7,3.07,5.91667,41.6,6.13,815.0346364182695,44.775218033954346,17.662646200372546,0.027860827719040665
1972-06-01,108.0,3.07,5.97,41.7,6.11,815.3449640287773,45.070457733812965,17.64085731574025,0.02837869672445418
1972-07-01,107.2,3.07333,6.02667,41.9,6.11,805.4423389021483,45.28111175924823,17.398690031138166,0.029320452728723537
1972-08-01,111.0,3.07667,6.08333,42.0,6.21,832.0077678571431,45.59799832827383,17.943404688029798,0.0268219065251014
1972-09-01,109.4,3.08,6.14,42.1,6.55,818.0670843230407,45.913454275534455,17.61385455291211,0.02436989751616077
1972-10-01,109.6,3.10333,6.23333,42.3,6.48,815.6876359338065,46.3909690848109,17.533183854158548,0.025820850137224793
1972-11-01,115.1,3.12667,6.32667,42.4,6.28,854.6005336084909,46.974592163030685,18.338894714968053,0.025559143714735638
1972-12-01,117.5,3.15,6.42,42.5,6.36,870.3674264705885,47.55539470588237,18.64571944207367,0.024105412407063556
1973-01-01,118.4,3.15667,6.54667,42.6,6.46,874.9753051643197,48.37985288057514,18.712530467302425,0.02315698089417311
1973-02-01,114.2,3.16333,6.67333,42.9,6.64,838.0356701631705,48.97100331672496,17.889889599193744,0.024540442446005332
1973-03-01,112.4,3.17,6.8,43.3,6.71,817.2070554272523,49.43957274826792,17.41214205829033,0.025995009873511922
1973-04-01,110.3,3.18667,6.94333,43.6,6.67,796.4210235091746,50.13430630246561,16.935740066050815,0.028725870505722985
1973-05-01,107.2,3.20333,7.08667,43.9,6.85,768.7479271070619,50.819616348804125,16.314338759668562,0.029885823859599002
1973-06-01,104.8,3.22,7.23,44.2,6.9,746.4362217194573,51.495552319004545,15.808323047681974,0.03171476630981053
1973-07-01,105.8,3.23667,7.38333,44.3,7.13,751.8576693002261,52.46893464531605,15.889518573988775,0.02898749194774483
1973-08-01,103.8,3.25333,7.53667,45.1,7.4,724.5602494456765,52.608588585643034,15.278501094706119,0.030662641868366577
1973-09-01,105.6,3.27,7.69,45.2,7.09,735.4940707964605,53.560126935840735,15.47530860180556,0.03316045613107642
1973-10-01,109.8,3.30667,7.84667,45.6,6.79,758.0383717105266,54.171921221765366,15.913516308933383,0.03495899613495182
1973-11-01,102.0,3.34333,8.00333,45.9,6.73,699.5861111111114,54.892338339596975,14.651845159710566,0.04165232876025114
1973-12-01,94.78,3.38,8.16,46.2,6.74,645.8451780303033,55.60346753246755,13.493329686205888,0.04775292805378348
1974-01-01,96.11,3.4,8.22667,46.6,6.99,649.2864702253222,55.57658439297213,13.53072189251395,0.04594596555731903
1974-02-01,93.45,3.42,8.29333,47.2,6.96,623.2912063029663,55.31471011202333,12.957321280205386,0.05085036792270416
1974-03-01,97.44,3.44,8.36,47.8,7.21,641.7458535564857,55.05947594142262,13.310364239140162,0.04762201639786083
1974-04-01,92.46,3.46,8.48667,48.0,7.51,606.4099859375002,55.66084182734377,12.550411048540907,0.0496075047546469
1974-05-01,89.67,3.48,8.61333,48.6,7.58,580.8508016975311,55.79412998533953,11.99543694732966,0.05389286865137603
1974-06-01,89.79,3.5,8.74,49.0,7.54,576.8801349489798,56.15249336734696,11.888498820078999,0.055562453619213095
1974-07-01,79.31,3.53,8.86333,49.4,7.81,505.42264195344154,56.48376831553646,10.394141805327052,0.06546966047561874
1974-08-01,76.03,3.56,8.98667,50.0,8.04,478.7057882500002,56.582545654250026,9.824195723141198,0.0703541005574878
1974-09-01,68.12,3.59,9.11,50.6,8.04,423.81645553359704,56.67891823122532,8.680421305646336,0.08468021082031656
1974-10-01,69.44,3.59333,9.03667,51.1,7.9,427.8016986301372,55.67256301785717,8.74498383380959,0.08626254316371847
1974-11-01,71.74,3.59667,8.96333,51.5,7.68,438.5386101941749,54.79183552985439,8.94898451275561,0.08633796362510351
1974-12-01,67.07,3.6,8.89,51.9,7.43,406.8315647880541,53.92474446050099,8.289060055923084,0.09854815767561229
1975-01-01,72.56,3.62333,8.74333,52.1,7.5,438.4431036468332,52.83148761588294,8.920995508404253,0.08970710376206047
1975-02-01,80.1,3.64667,8.59667,52.5,7.39,480.31583571428587,51.54952228976193,9.762246716166473,0.08195279568678353
1975-03-01,83.78,3.67,8.45,52.7,7.73,500.47620445920325,50.477726518026586,10.163796767444042,0.07456923635728152
1975-04-01,84.72,3.68333,8.28667,52.9,8.23,504.1780888468811,49.314889559782635,10.233076136605924,0.06896614211146761
1975-05-01,90.1,3.69667,8.12333,53.2,8.06,533.1714074248122,48.07022518397558,10.818139119335813,0.06597710953850153
1975-06-01,92.4,3.71,7.96,53.6,7.86,542.7013152985077,46.7521912313433,11.011354609247666,0.06647544885536487
1975-07-01,92.49,3.71,7.89333,54.2,8.06,537.2163051199265,45.84739515290592,10.902767048238584,0.066554175378377
1975-08-01,85.71,3.71,7.82667,54.3,8.4,496.91872030386764,45.3764886319061,10.089769593328025,0.07073919893749685
1975-09-01,84.67,3.71,7.76,54.6,8.43,488.191945283883,44.742760073260094,9.918905356559426,0.0727282599801489
1975-10-01,88.57,3.7,7.82667,54.9,8.14,507.88804804189454,44.88057072336068,10.32759977750112,0.07188366226841948
1975-11-01,90.07,3.69,7.89333,55.3,8.05,512.7536069168176,44.93542165076855,10.435859457947906,0.07254640613399563
1975-12-01,88.7,3.68,7.96,55.5,8.0,503.1347680180183,45.15166576576579,10.250368416256848,0.07482911727993842
1976-01-01,96.86,3.68333,8.19333,55.6,7.74,548.4327306654678,46.39159968142987,11.18505136262216,0.06946703647215656
1976-02-01,100.6,3.68667,8.42667,55.8,7.79,567.5674417562726,47.54178463642475,11.586092994449698,0.06558911531161621
1976-03-01,101.1,3.69,8.66,55.9,7.73,569.3679807692309,48.77078846153848,11.63175440356652,0.06570974195020649
1976-04-01,101.9,3.71333,8.85667,56.1,7.56,571.8274710338684,49.700561411987536,11.68916413220638,0.06670850773515273
1976-05-01,101.2,3.73667,9.05333,56.5,7.9,563.8787876106197,50.44447375730091,11.532053585609436,0.06522509142016966
1976-06-01,101.8,3.76,9.25,56.8,7.86,564.22605193662,51.268084286971856,11.543841631417115,0.065769695495819
1976-07-01,104.2,3.79,9.35,57.1,7.83,574.4937434325748,51.55006239054293,11.757490488689921,0.06472684483001659
1976-08-01,103.3,3.82,9.45,57.4,7.77,566.5550587979096,51.8290929878049,11.59798600250926,0.06640188451102237
1976-09-01,105.5,3.85,9.55,57.6,7.59,576.6119900173613,52.195682508680584,11.805990949539797,0.06705079919510808
1976-10-01,101.9,3.91667,9.67,57.9,7.41,554.0504512089814,52.57770228842835,11.345696136316706,0.07219165911208188
1976-11-01,101.2,3.98333,9.79,58.0,7.29,549.2957155172417,53.13838987068968,11.24885586050797,0.07433305353541307
1976-12-01,104.7,4.05,9.91,58.2,6.87,566.3401997422683,53.60488423539521,11.597589726582948,0.07622431423336455
1977-01-01,103.8,4.09667,9.96667,58.5,7.21,558.5926025641028,53.63495312329063,11.437961346787555,0.07457212881987167
1977-02-01,101.0,4.14333,10.0233,59.1,7.39,538.0065778341797,53.39209239213201,11.014841854222782,0.07721197981701307
1977-03-01,100.6,4.19,10.08,59.5,7.46,532.2733319327733,53.33315294117649,10.895746511662743,0.07789782266979077
1977-04-01,99.05,4.24667,10.1933,60.0,7.37,519.7050322916668,53.48318329791669,10.63603740914136,0.08160570988688848
1977-05-01,98.76,4.30333,10.3067,60.3,7.46,515.6054054726371,53.809135607379794,10.548486693557,0.08169525484681459
1977-06-01,99.29,4.36,10.42,60.7,7.28,514.9564619028009,54.04216268533775,10.530023959090762,0.08404411175243037
1977-07-01,100.2,4.40667,10.5167,61.0,7.33,517.1202909836068,54.27543876434429,10.567692447775407,0.08341074274420106
1977-08-01,97.75,4.45333,10.6133,61.2,7.4,502.82751736111135,54.59497994893793,10.268385666711,0.08549913740550603
1977-09-01,96.23,4.5,10.71,61.4,7.34,493.3962078583064,54.912952157980484,10.067742820070702,0.08806992975670311
1977-10-01,93.74,4.55667,10.77,61.6,7.52,479.06884618506507,55.04130012175327,9.766666299556544,0.08936165065528148
1977-11-01,94.28,4.61333,10.83,61.9,7.58,479.4933820678516,55.07969163974155,9.766299983660199,0.08896682840305302
1977-12-01,93.82,4.67,10.89,62.1,7.69,475.6171662640903,55.206469202898575,9.67826658253592,0.08882704743246743
1978-01-01,90.25,4.71333,10.9,62.5,7.96,454.5910550000002,54.90351800000003,9.24146226093469,0.09106792359776855
1978-02-01,88.98,4.75667,10.91,62.9,8.03,445.3438390302069,54.60441991255964,9.045263570704739,0.09308179269215709
1978-03-01,88.82,4.8,10.92,63.4,8.04,441.03718099369104,54.22344085173504,8.950420077633892,0.09468462655343846
1978-04-01,92.71,4.83667,11.0233,63.9,8.15,456.7509039514869,54.308081539514895,9.262588720866843,0.09034509111540295
1978-05-01,97.41,4.87333,11.1267,64.5,8.35,475.4419750000002,54.30756825000002,9.634910728598445,0.08485883777505829
1978-06-01,97.66,4.91,11.23,65.2,8.46,471.5446445552149,54.2232885352761,9.549678981041735,0.08521906255430683
1978-07-01,97.19,4.94667,11.3433,65.7,8.64,465.70393245814324,54.35352831621007,9.425524047787356,0.08499996751231313
1978-08-01,103.9,4.98333,11.4567,66.0,8.41,495.59316098484874,54.6473740852273,10.023970854003748,0.08114647573711715
1978-09-01,103.9,5.02,11.57,66.5,8.42,491.8668966165416,54.772858458646645,9.941887473004407,0.08237040403865369
1978-10-01,100.6,5.03667,11.8233,67.1,8.64,471.9860394932938,55.47149642883759,9.533608358208829,0.08482982227045281
1978-11-01,94.71,5.05333,12.0767,67.4,8.81,442.3740395029675,56.40817825853118,8.928418902293146,0.09041370978257524
1978-12-01,96.11,5.07,12.33,67.7,9.01,446.9239218980799,57.33609361152144,9.011941819133828,0.0875484924436704
1979-01-01,99.71,5.11333,12.6533,68.3,9.1,459.5912007686679,58.32258891471452,9.25763691913997,0.08434488113791978
1979-02-01,98.23,5.15667,12.9767,69.1,9.1,447.5275638567296,59.12074659370481,9.003740371045629,0.08803605660113667
1979-03-01,100.1,5.2,13.3,69.8,9.12,451.4735870343842,59.9860010744986,9.070785029660762,0.08720038013463213
1979-04-01,102.1,5.24667,13.5267,70.6,9.18,455.27597556657247,60.31715512924932,9.133063566217412,0.08647595026293252
1979-05-01,99.73,5.29333,13.7533,71.5,9.25,439.1101438811191,60.555635634615406,8.794383289814954,0.09105296552439984
1979-06-01,101.7,5.34,13.98,72.3,8.91,442.82929979253134,60.87270020746891,8.85393776469395,0.09429245649469736
1979-07-01,102.7,5.39667,14.1967,73.1,8.95,442.28963235294145,61.139758750000034,8.827498045542361,0.09482550142401516
1979-08-01,107.4,5.45333,14.4133,73.8,9.03,458.1435873983743,61.48380789803525,9.127165797215033,0.09074647769688393
1979-09-01,108.6,5.51,14.63,74.6,9.33,458.2945475871316,61.73894319705098,9.112758990740957,0.08878609127487593
1979-10-01,104.5,5.55667,14.7067,75.2,10.3,437.4738946143618,61.56743852559843,8.681843306899308,0.08481528736369673
1979-11-01,103.7,5.60333,14.7833,75.9,10.65,430.1210260210805,61.317340057641665,8.518784302983555,0.08394033968829684
1979-12-01,107.8,5.65,14.86,76.7,10.39,442.46313233376816,60.99259876140811,8.745204404669291,0.08405555037918037
1980-01-01,110.9,5.7,15.0033,77.8,10.8,448.75121947300795,60.71009171433165,8.850934180729107,0.07983469845349192
1980-02-01,115.3,5.75,15.1467,78.9,12.41,460.0510186945502,60.4358609268061,9.054476092192514,0.06213716522876532
1980-03-01,104.7,5.8,15.29,80.1,12.75,411.4981226591763,60.09366089263423,8.081150900785497,0.07309897274157998
1980-04-01,103.0,5.84667,15.1733,81.0,11.47,400.31871913580267,58.97238855401237,7.844024504719215,0.09000066928921117
1980-05-01,107.7,5.89333,15.0567,81.8,10.18,414.491942237164,57.94689718367973,8.104225807176492,0.09958705186387133
1980-06-01,114.6,5.94,14.94,82.7,9.78,436.2473488512698,56.872036577992766,8.512077962306739,0.09829741883754907
1980-07-01,119.8,5.98333,14.84,82.7,10.25,456.04216747279344,56.49136698911731,8.880865527295843,0.08816451154968644
1980-08-01,123.5,6.02667,14.74,83.3,11.1,466.7406737695081,55.706538715486225,9.071005981618383,0.07808383787866595
1980-09-01,126.5,6.07,14.64,84.0,11.51,474.0945163690478,54.86753928571431,9.196040131743239,0.07283595962550317
1980-10-01,130.2,6.1,14.7,84.8,11.75,483.3579038915096,54.57266656839625,9.35784104675711,0.0690295926857678
1980-11-01,135.7,6.13,14.76,85.5,12.68,499.65176461988324,54.34679473684213,9.654043663233388,0.05679183757499566
1980-12-01,133.5,6.16,14.82,86.3,12.84,486.9946190614139,54.06187456546932,9.389902084921742,0.05856753108409246
1981-01-01,133.0,6.2,14.74,87.0,12.57,481.266997126437,53.33741005747129,9.259404530877953,0.06364166621778888
1981-02-01,128.4,6.24,14.66,87.9,13.19,459.8644539249149,52.50477332195678,8.829899353831307,0.06353679324489458
1981-03-01,133.2,6.28,14.58,88.5,13.12,473.8213728813561,51.864231355932226,9.081096883854626,0.06156947349846027
1981-04-01,134.4,6.31667,14.7233,89.1,13.68,474.87057239057265,52.021293887485996,9.085561230788743,0.056376661531375466
1981-05-01,131.7,6.35333,14.8667,89.8,14.1,461.7034618596884,52.11850308602452,8.818483466548068,0.05581888284693014
1981-06-01,132.3,6.39,15.01,90.6,13.47,459.7114693708612,52.15622944260488,8.76534074430493,0.06296378958832873
1981-07-01,129.1,6.43333,15.0967,91.6,14.28,443.69492494541504,51.88481156795854,8.445319467875512,0.06011015664206901
1981-08-01,129.6,6.47667,15.1833,92.3,14.94,442.03534127844006,51.78669133667391,8.399806316566442,0.05471136340610766
1981-09-01,118.3,6.52,15.27,93.2,15.32,399.5972813841203,51.57946311695281,7.581163051923158,0.06482029013725304
1981-10-01,119.8,6.55667,15.3,93.4,15.15,403.79750802997876,51.5701324946467,7.6491417133192146,0.06531497355094398
1981-11-01,122.9,6.59333,15.33,93.7,13.39,412.9200627001069,51.505814167556046,7.810752565716111,0.08055833329807843
1981-12-01,123.8,6.63,15.36,94.0,13.72,414.6164069148938,51.44190638297874,7.832562137141897,0.07671917675410608
1982-01-01,117.3,6.66,15.1767,94.3,14.59,391.5975914634148,50.666318553817625,7.388659973375996,0.07603574951320219
1982-02-01,114.5,6.69,14.9933,94.6,14.43,381.03778409090927,49.89531710227275,7.181823450546734,0.08135128973041261
1982-03-01,110.8,6.72,14.81,94.5,13.86,369.1149576719578,49.33747764550267,6.950673793536033,0.09130425630141711
1982-04-01,116.3,6.75,14.5967,94.9,13.87,385.8044164910433,48.421937456533215,7.259072625426147,0.08528868981483442
1982-05-01,116.4,6.78,14.3833,95.8,13.62,382.50856471816303,47.265768375521944,7.1926124844646235,0.08982571898672997
1982-06-01,109.7,6.81,14.17,97.0,14.3,356.03163273195895,45.98877152061858,6.692133988197588,0.0945160315266276
1982-07-01,109.4,6.82333,13.9667,97.5,13.95,353.2371717948719,45.09650463717951,6.638653100208758,0.09925864350563968
1982-08-01,109.7,6.83667,13.7633,97.7,13.06,353.4807407881271,44.348782859518955,6.64342275216609,0.10801408722100167
1982-09-01,122.4,6.85,13.56,97.9,12.34,393.59757916241074,43.60443769152198,7.398838200323304,0.09980937687561041
1982-10-01,132.7,6.85667,13.2533,98.2,10.91,425.4153220468433,42.48799463212833,7.999840994534584,0.10377276401638619
1982-11-01,138.1,6.86333,12.9467,98.0,10.55,443.63039668367367,41.58978752168369,8.347476938155427,0.10168839765063205
1982-12-01,139.4,6.87,12.64,97.6,10.54,449.64176997950847,40.77096106557379,8.467738401400474,0.09938633373179823
1983-01-01,144.3,6.88333,12.5667,97.8,10.46,464.49513420245427,40.45163550230063,8.756783224134741,0.09625529562626897
1983-02-01,146.8,6.89667,12.4933,97.9,10.72,472.059841675179,40.17428623978551,8.910493436624119,0.09103401885507217
1983-03-01,151.9,6.91,12.42,97.9,10.51,488.45974080694606,39.93857788559756,9.232829705190523,0.08820851061293215
1983-04-01,157.7,6.92,12.4767,98.6,10.4,503.51042976673455,39.83607215644018,9.531581284160408,0.08593763163921263
1983-05-01,164.1,6.93,12.5333,99.2,10.38,520.7755682963711,39.77474972656252,9.874456504668395,0.08240888324541372
1983-06-01,166.4,6.94,12.59,99.5,10.85,526.4824924623118,39.83422223618092,10.000117903130018,0.07602510331623161
1983-07-01,167.0,6.96,12.8267,99.9,11.38,526.265227727728,40.42063590715718,10.014475995571022,0.07077177393272027
1983-08-01,162.4,6.98,13.0633,100.2,11.85,510.2370558882238,41.0429786464571,9.728056935665204,0.06739685291074514
1983-09-01,167.2,7.0,13.3,100.7,11.65,522.7096226415096,41.57917452830191,9.984202458028772,0.06705890471981762
1983-10-01,167.7,7.03,13.5433,101.0,11.54,522.7155037128715,42.2140303007426,10.003391799449622,0.06733469414075641
1983-11-01,165.2,7.06,13.7867,101.2,11.69,513.9054496047432,42.88777398344863,9.853581649364276,0.06685883741509797
1983-12-01,164.4,7.09,14.03,101.3,11.83,510.9119496544919,43.601548988154015,9.815010903608668,0.06525964409105088
1984-01-01,166.4,7.12,14.44,101.9,11.67,514.0825122669286,44.611487242394524,9.894931809202532,0.06574306761357714
1984-02-01,157.3,7.15,14.85,102.4,11.84,483.5957312011721,45.65414245605471,9.324529645727981,0.06937144418105559
1984-03-01,157.4,7.18,15.26,102.6,12.32,482.95988547758316,46.82317568226123,9.326747066508243,0.06339250293545597
1984-04-01,157.6,7.22333,15.5733,103.1,12.63,481.22838991270635,47.55275434408344,9.305643404594822,0.06060971379474149
1984-05-01,156.6,7.26667,15.8867,103.4,13.41,476.7875556092845,48.368971007011616,9.231831816896044,0.0526420893537802
1984-06-01,153.1,7.31,16.2,103.7,13.56,464.78288452266173,49.18016152362586,9.010185512291006,0.0532353611982679
1984-07-01,151.1,7.33333,16.32,104.1,13.36,456.94868035542765,49.354086455331434,8.8683022140433,0.056549760285445436
1984-08-01,164.4,7.35667,16.44,104.5,12.72,495.26679904306246,49.52667990430625,9.62306325737317,0.053218487566763395
1984-09-01,166.1,7.38,16.56,105.0,12.52,498.00537023809545,49.65062571428573,9.68734131362808,0.05375897811906945
1984-10-01,164.8,7.43,16.5867,105.3,12.16,492.6999620132956,49.588995509259284,9.595070703048503,0.0576010785184676
1984-11-01,166.3,7.48,16.6133,105.3,11.57,497.184488366572,49.66852110992404,9.691973221783087,0.061621192533612035
1984-12-01,164.5,7.53,16.64,105.3,11.5,491.8030567426403,49.748345679012374,9.59505480113346,0.0625326407926833
1985-01-01,171.6,7.57333,16.5567,105.5,11.38,512.0572464454979,49.40546743720381,9.997001177730453,0.059333156928087424
1985-02-01,180.9,7.61667,16.4733,106.0,11.51,537.2623337264154,48.92472969693398,10.494935172607077,0.052973907673109014
1985-03-01,179.4,7.66,16.39,106.4,11.86,530.8043867481205,48.49433611372182,10.373217214924729,0.05058811726454483
1985-04-01,180.6,7.68667,16.13,106.9,11.43,531.8555963517308,47.501831501403196,10.397118719816815,0.05476309593341076
1985-05-01,184.9,7.71333,15.87,107.3,10.85,542.4889317334579,46.561921831314095,10.608120467860095,0.05844401151764894
1985-06-01,188.9,7.74,15.61,107.6,10.16,552.6795295074352,45.67139997676582,10.810049845861212,0.06307921955481517
1985-07-01,192.5,7.77333,15.4833,107.8,10.31,562.167410714286,45.216658027597425,10.997563956793378,0.05900797514012891
1985-08-01,188.3,7.80667,15.3567,108.0,10.33,548.8836030092596,44.76389180208335,10.73879980887728,0.061000120961805016
1985-09-01,184.1,7.84,15.23,108.3,10.37,535.1543063250233,44.27159198984305,10.47123466169755,0.06268656154794
1985-10-01,186.2,7.86,15.0233,108.7,10.24,539.2669756209754,43.51004057382707,10.55251698294375,0.06305898669861094
1985-11-01,197.5,7.88,14.8167,109.0,9.78,570.41940940367,42.79358614334864,11.164611128667467,0.061981515915447774
1985-12-01,207.3,7.9,14.61,109.3,9.26,597.0804242909427,42.08077664684357,11.690521474467596,0.06305996751515094
1986-01-01,208.2,7.94,14.58,109.6,9.19,598.0312294708032,41.87942039233579,11.715007584487987,0.0636818590232278
1986-02-01,219.4,7.98,14.55,109.3,8.7,631.9317177493141,41.907960315645035,12.388219099418126,0.06326570656270633
1986-03-01,232.3,8.02,14.52,108.8,7.78,672.1620783547797,42.01374678308826,13.18902298153272,0.06688280325039592
1986-04-01,238.0,8.04667,14.5833,108.6,7.3,689.923319521179,42.274616578038696,13.552504172869483,0.06907103381145843
1986-05-01,238.5,8.07333,14.6467,108.9,7.71,689.4681301652895,42.34143757690543,13.560046199232337,0.06446579679293478
1986-06-01,245.3,8.1,14.71,109.5,7.8,705.2403002283108,42.29141792237445,13.888688626457121,0.061842005395503996
1986-07-01,240.2,8.14333,14.7567,109.5,7.3,690.5777420091326,42.42568095547947,13.619995534083811,0.06770006219295124
1986-08-01,245.0,8.18667,14.8033,109.7,7.17,703.0936075660896,42.48206367707386,13.887667550866059,0.06722047828635411
1986-09-01,238.3,8.23,14.85,110.2,7.45,680.7633087568062,42.42272402450092,13.467314312977136,0.0667820885001379
1986-10-01,237.4,8.24667,14.7267,110.3,7.43,677.5773730734364,42.03234498753402,13.425918860857365,0.06675361068841355
1986-11-01,245.1,8.26333,14.6033,110.4,7.25,698.9207438858698,41.64238800158517,13.872985596138609,0.06606595685814569
1986-12-01,248.6,8.28,14.48,110.5,7.11,708.2597126696835,41.25342171945703,14.085139814743314,0.0661097020691038
1987-01-01,264.5,8.3,14.6867,111.2,7.08,748.8150798111513,41.5789127888939,14.922208103718953,0.06255222587187362
1987-02-01,280.9,8.32,14.8933,111.6,7.25,792.3941073028677,42.012684792786764,15.822318142836458,0.0563348893561844
1987-03-01,292.5,8.34,15.1,112.1,7.25,821.4364128010708,42.40577720785016,16.433343976069928,0.053742497442263136
1987-04-01,289.3,8.4,14.8733,112.7,8.02,808.1243822094058,41.546755526841196,16.19653445322088,0.04660943150618278
1987-05-01,289.1,8.46,14.6467,113.1,8.61,804.7095943855,40.76907649977897,16.16031195265575,0.040693975709329554
1987-06-01,301.4,8.52,14.42,113.5,8.4,835.9899933920709,39.99660154185023,16.825207307878728,0.040020549424348566
1987-07-01,310.1,8.56667,14.9,113.8,8.45,857.8536368629178,41.21902350615117,17.306004390512225,0.03762551726106221
1987-08-01,329.4,8.61333,15.38,114.4,8.76,906.4654654720283,42.32373666958044,18.32690724585635,0.03151800196062854
1987-09-01,318.7,8.66,15.86,115.0,9.42,872.4447141304352,43.41692239130436,17.67562044993823,0.027138089806860194
1987-10-01,280.2,8.71,16.4067,115.3,9.52,765.0547506504774,44.79665873482223,15.530055563627322,0.033885399558438334
1987-11-01,245.0,8.76,16.9533,115.4,8.86,668.3654137781632,46.24897701798095,13.590885143189091,0.04924797924525394
1987-12-01,241.0,8.81,17.5,115.4,8.99,657.4533253899483,47.740386698440226,13.38902851442697,0.04871401448491444
1988-01-01,250.5,8.85667,17.8633,115.7,8.67,681.5976177614523,48.60512066011238,13.898336683569141,0.048770254494573964
1988-02-01,258.1,8.90333,18.2267,116.0,8.21,700.4605937500004,49.46565325107761,14.298270962469529,0.050954722160582014
1988-03-01,265.7,8.95,18.59,116.5,8.37,717.9915311158802,50.235086802575125,14.668946811103467,0.0472029970596288
1988-04-01,262.6,9.04333,19.6167,117.1,8.72,705.9785717335615,52.73788974914606,14.433316420838949,0.044527058308336545
1988-05-01,256.1,9.13667,20.6433,117.5,9.09,686.160011702128,55.308890939361724,14.031891348027775,0.04217868506100304
1988-06-01,270.7,9.23,21.67,118.0,8.92,722.204085805085,57.81367764830512,14.766468647879622,0.039638410850633035
1988-07-01,269.1,9.30667,22.0233,118.5,9.06,714.9061613924054,58.508334686708885,14.6083157175221,0.038609675495086246
1988-08-01,263.7,9.38333,22.3767,119.0,9.26,697.6166880252104,59.19741882037818,14.244946310675656,0.038319223452196405
1988-09-01,268.0,9.46,22.73,119.8,8.98,704.2578046744577,59.73052201585979,14.369428776140165,0.04042123697308583
1988-10-01,277.4,9.55,23.0733,120.2,8.8,726.5335628119802,60.43088267782865,14.811450153277727,0.03954542721848531
1988-11-01,271.0,9.64,23.4167,120.3,8.96,709.1814318370743,61.27929459372405,14.445530680872892,0.039271002237617855
1988-12-01,276.5,9.75,23.75,120.5,9.11,722.3734595435689,62.04835321576766,14.702086748571999,0.036268450358792836
1989-01-01,285.4,9.81333,24.16,121.1,9.09,741.9310012386461,62.80677291494636,15.088072442713285,0.034319933499708785
1989-02-01,294.0,9.89667,24.56,121.6,9.17,761.1450863486846,63.58409292763161,15.46706046273475,0.03109942441740994
1989-03-01,292.7,10.01,24.96,122.3,9.36,753.4422291496325,64.24980539656585,15.298969108882359,0.0294507277065168
1989-04-01,302.3,10.0867,25.0467,123.1,9.18,773.0966419577583,64.05398498883025,15.686742656144583,0.02911932630234805
1989-05-01,313.9,10.1933,25.1333,123.8,8.86,798.2232320274641,63.912022801898246,16.18635353854456,0.029612224452634325
1989-06-01,323.7,10.37,25.22,124.1,8.28,821.1539957695411,63.977459911361834,16.64190423580859,0.03280169858994814
1989-07-01,331.9,10.4233,24.71,124.4,8.02,839.9251095257237,62.53253828376209,17.01340765049913,0.03318332447187322
1989-08-01,346.6,10.5467,24.2,124.6,8.11,875.7178631621193,61.14360152487964,17.734251436577328,0.02905887737212179
1989-09-01,347.3,10.73,23.69,125.0,8.19,874.6785230000004,59.663501900000036,17.714220678979082,0.02752453713081881
1989-10-01,347.4,10.7967,23.4267,125.6,8.01,870.7507703025481,58.71852927647296,17.64085385279795,0.029220080548534887
1989-11-01,340.2,10.9233,23.1633,125.9,7.87,850.6722617156476,57.91997883538525,17.242369266947428,0.031206213805868223
1989-12-01,348.6,11.06,22.87,126.1,7.84,870.2939988104683,57.095879956383854,17.650212904947328,0.029230540597029106
1990-01-01,339.97,11.14,22.49,127.4,8.21,840.0881521781794,55.57426403061226,17.048843606878272,0.027110461834883477
1990-02-01,330.45,11.23,22.08,128.0,8.47,812.7359663085941,54.30537187500002,16.50809351649029,0.025450909551060004
1990-03-01,338.46,11.32,21.67,128.7,8.59,827.9087942890447,53.00710149572653,16.833748233480954,0.022067655369177056
1990-04-01,338.18,11.4367,21.5333,128.9,8.79,825.9403721877428,52.590992419511274,16.813913898735766,0.01912944548877816
1990-05-01,350.25,11.5533,21.3967,129.2,8.76,853.4327858939633,52.13603223393965,17.392413588645006,0.016665497777807625
1990-06-01,360.39,11.66,21.26,129.9,8.48,873.4082168013861,51.52379003079294,17.81708282165301,0.017515428083203013
1990-07-01,360.03,11.7267,21.42,130.4,8.47,869.1901412001537,51.712504026073645,17.74717158707024,0.018238518796174517
1990-08-01,330.75,11.7833,21.58,131.6,8.75,791.220728058511,51.62371371580549,16.168334756508973,0.021142960868162967
1990-09-01,315.41,11.83,21.74,132.7,8.89,748.269818293143,51.57536492087417,15.301285443522625,0.023243018638749585
1990-10-01,307.12,11.9267,21.6067,133.5,8.72,724.2366958801501,50.951956944756574,14.8181479655008,0.02671086383460876
1990-11-01,315.29,12.0133,21.4733,133.8,8.39,741.8357790545593,50.523842286061296,15.187607599503187,0.02774402753676211
1990-12-01,328.75,12.09,21.34,133.8,8.08,773.505383501495,50.21020497010465,15.846314974728763,0.027133502870889864
1991-01-01,325.49,12.1067,21.1833,134.6,8.09,761.2832651374447,49.545275708581,15.606190118802363,0.02778329380891667
1991-02-01,362.26,12.1133,21.0267,134.8,7.85,846.0269219213653,49.10604063149112,17.35466474520511,0.022807981407616203
1991-03-01,372.28,12.11,20.94,135.0,8.11,868.1397248148152,48.83111055555558,17.818620083397377,0.01815254351121663
1991-04-01,379.68,12.13,20.3633,135.2,8.04,884.0864245562135,47.416026888868366,18.155345895198018,0.017261417915378857
1991-05-01,377.99,12.14,19.8567,135.6,8.07,877.5549363016229,46.10001614767701,18.035430911004052,0.01681987585994043
1991-06-01,378.29,12.15,19.41,136.0,8.28,875.6683344669121,44.930403584558846,18.015227044688327,0.014164945242447352
1991-07-01,380.23,12.1933,18.84,136.2,8.27,878.8666091226142,43.5469240088106,18.103452345519745,0.013004730493853922
1991-08-01,389.4,12.2367,18.33,136.6,7.9,897.4266050512449,42.24404127013179,18.51225845533772,0.014998050819334113
1991-09-01,387.2,12.28,17.82,137.2,7.65,888.4539650145776,40.88907452623909,18.35728259177432,0.017400877305726405
1991-10-01,386.88,12.2533,17.2033,137.4,7.53,886.4275371179043,39.41656030112811,18.349187992001983,0.018553506314309735
1991-11-01,385.92,12.2267,16.5867,137.8,7.42,881.6612656023225,37.89347770047171,18.28886816930134,0.01980208495197431
1991-12-01,388.51,12.2,15.97,137.9,7.09,886.9346628897755,36.45812608774476,18.441652313512726,0.02239228924109246
1992-01-01,416.08,12.24,16.0467,138.1,7.03,948.498950760319,36.580172354272285,19.773068211462643,0.01916056976382935
1992-02-01,412.56,12.28,16.1233,138.6,7.34,937.081967532468,36.622197224927866,19.58298297038674,0.01659694975380576
1992-03-01,407.36,12.32,16.19,139.3,7.54,920.6211715721469,36.58890604809765,19.283561861298555,0.016023313388901006
1992-04-01,407.41,12.32,16.4833,139.5,7.48,919.4141210573481,37.198347565412206,19.301229507881043,0.016285934688981207
1992-05-01,414.81,12.32,16.7667,139.7,7.39,934.7737411417328,37.783734446134595,19.66227979564169,0.015402822169063309
1992-06-01,408.27,12.32,17.05,140.2,7.26,916.7547055099861,38.285124375891606,19.315365967644595,0.016695001272217146
1992-07-01,415.05,12.3433,17.38,140.5,6.84,929.9889461743777,38.94279697508898,19.620740694824406,0.019777611352638634
1992-08-01,417.93,12.3667,17.71,140.9,6.59,933.7836092086591,39.56956360894253,19.72213749835153,0.02209791082609224
1992-09-01,418.48,12.4,18.04,141.3,6.42,932.3655916489741,40.19278167020525,19.708766424745303,0.02391424738681245
1992-10-01,412.5,12.3867,18.39,141.8,6.59,915.8016352256703,40.82810199224261,19.370271076906977,0.023149941896531717
1992-11-01,422.84,12.3833,18.74,142.0,6.87,937.4355355633807,41.54654700704227,19.833656038801234,0.01950157027850366
1992-12-01,435.64,12.39,19.09,141.9,6.77,966.4937424242428,42.35232196969699,20.448606721242967,0.019336711772753895
1993-01-01,435.23,12.4133,19.34,142.6,6.6,960.8442385168307,42.696338884993004,20.323410802995713,0.021636349599385964
1993-02-01,441.7,12.4467,19.59,143.1,6.26,971.7207084206854,43.09714439203356,20.545336792900454,0.024762232417321617
1993-03-01,450.16,12.48,19.84,143.6,5.98,986.8841065459615,43.49515877437328,20.855200148690916,0.02720141370641855
1993-04-01,443.08,12.4933,19.67,144.0,5.97,968.6644190972225,43.002683767361134,20.457362016642186,0.027782730536251424
1993-05-01,445.25,12.5067,19.5,144.2,6.04,972.0584062933432,42.57190100554787,20.517605633764873,0.02645337354691056
1993-06-01,448.06,12.52,19.33,144.4,5.96,976.8382882617732,42.14231154778395,20.608357012960198,0.02686917161722037
1993-07-01,447.29,12.52,19.69,144.4,5.81,975.1595722818564,42.927165772160684,20.564596413297142,0.028056084282618188
1993-08-01,454.13,12.52,20.05,144.8,5.68,987.336797565608,43.59126856008289,20.812227546627383,0.028753403914616532
1993-09-01,459.24,12.52,20.41,145.1,5.36,996.382264300483,44.28220976912476,20.99350100522913,0.031236860631154592
1993-10-01,463.9,12.54,20.9,145.7,5.33,1002.3479658544961,45.15859557309542,21.109178247475118,0.03139530553090226
1993-11-01,462.89,12.56,21.39,145.8,5.72,999.4796758401924,46.18563863168726,21.03790118960638,0.027521778620273878
1993-12-01,465.95,12.58,21.89,145.8,5.77,1006.0868780006862,47.26524682784638,21.164732079814648,0.026634499475645633
1994-01-01,472.99,12.6233,22.1567,146.2,5.75,1018.4935404411771,47.710217610294144,21.41197491382654,0.02596065591222762
1994-02-01,471.58,12.6667,22.4333,146.7,5.97,1011.9963750852085,48.1411813079414,21.263840187313026,0.02393251705830031
1994-03-01,463.81,12.71,22.71,147.2,6.48,991.9413409476906,48.56943113111416,20.83337588946041,0.019954678488364873
1994-04-01,447.23,12.7533,23.54,147.4,6.97,955.1842158242881,50.27622574626868,20.055250085063847,0.016553849274837044
1994-05-01,450.9,12.7967,24.37,147.5,7.18,962.3696262711868,52.01363449152545,20.196492421281448,0.013874324550450678
1994-06-01,454.83,12.84,25.2,148.0,7.1,967.4779588682437,53.60342229729732,20.29076369067031,0.014494740216395303
1994-07-01,451.4,12.87,25.91,148.4,7.3,957.593846024259,54.96512306266849,20.06795181614215,0.012922687944643282
1994-08-01,464.24,12.9,26.62,149.0,7.24,980.8666798657723,56.243906208053716,20.53554940475564,0.012408744966443189
1994-09-01,466.96,12.92,27.33,149.4,7.46,983.9720796519414,57.58942294176709,20.576450100818867,0.009895185318056443
1994-10-01,463.81,13.0133,28.42,149.5,7.74,976.6807049331107,59.84619916387963,20.395759282410253,0.007299527790082701
1994-11-01,461.01,13.0967,29.51,149.7,7.96,969.487554358718,62.05847536740151,20.20947302039405,0.005689940976984123
1994-12-01,455.19,13.17,30.6,149.7,7.81,957.2483023547098,64.35070641282569,19.911484108090328,0.007930468977323094
1995-01-01,465.25,13.18,31.25,150.3,7.78,974.4983179474389,65.45528734198273,20.219119422457307,0.007684132200324496
1995-02-01,481.92,13.18,31.9,150.9,7.47,1005.4012087475153,66.55108432736914,20.802571764332683,0.009319888648623077
1995-03-01,493.15,13.17,32.55,151.4,7.2,1025.4319736624839,67.68287689894322,21.152737302036996,0.011176616601861769
1995-04-01,507.91,13.2433,33.1767,151.9,7.06,1052.6468187129694,68.75892916145492,21.642739261879658,0.01136218162535653
1995-05-01,523.81,13.3067,33.8033,152.2,6.63,1083.4598579993435,69.91947198012488,22.19542669801996,0.014329172732935436
1995-06-01,539.35,13.36,34.43,152.5,6.17,1113.4084987704923,71.07565516393446,22.718356759520614,0.017806905868943387
1995-07-01,557.37,13.44,34.68,152.5,6.28,1150.6081300819678,71.59174327868857,23.376412691512137,0.015275527417729667
1995-08-01,559.11,13.51,34.93,152.9,6.49,1151.1806132276004,71.91919089274037,23.284070256230542,0.013424483051002765
1995-09-01,578.77,13.58,35.18,153.2,6.2,1189.326071067233,72.29208697780682,23.946007075299867,0.015053027578776024
1995-10-01,582.92,13.65,34.7733,153.7,6.04,1193.9572618737807,71.2238970258621,23.92676276408328,0.01664228054438833
1995-11-01,595.53,13.72,34.3667,153.6,5.93,1220.5796389160162,70.43691212320968,24.347586881114815,0.016667268345671435
1995-12-01,614.57,13.79,33.96,153.5,5.71,1260.4240152280138,69.64869674267105,25.027380664939113,0.01739989463142528
1996-01-01,614.42,13.8933,33.9867,154.4,5.65,1252.7711416774616,69.2971533492552,24.76246519464403,0.01874864227476239
1996-02-01,649.54,13.9967,34.0133,154.9,5.81,1320.1040876371858,69.12753081262107,25.976065550593386,0.01588034021383869
1996-03-01,647.07,14.1,34.04,155.7,6.27,1308.3271240366096,68.826333012203,25.629930395216107,0.01280892448964742
1996-04-01,647.17,14.1567,34.33,156.3,6.51,1303.5061713851571,69.14623184580937,25.424203848381527,0.01131416555710011
1996-05-01,661.23,14.2133,34.62,156.6,6.74,1329.2739202586213,69.59675622605367,25.81404382769902,0.008332947503943235
1996-06-01,668.5,14.27,34.91,156.7,6.91,1343.031218091896,70.13495859923424,25.966673558333845,0.005901787420619441
1996-07-01,644.07,14.4,35.2733,157.0,6.87,1291.4782927547776,70.72942578264335,24.85841133234839,0.008216982433031643
1996-08-01,662.68,14.53,35.6367,157.3,6.64,1326.2604949141771,71.32182558566436,25.41252912145496,0.009648545943907363
1996-09-01,674.88,14.66,36.0,157.8,6.83,1346.3973612167304,71.82062737642589,25.68011551287676,0.007196087253397383
1996-10-01,701.46,14.74,36.91,158.3,6.53,1395.004757264688,73.40350923878714,26.483467720897202,0.00924878619917694
1996-11-01,735.67,14.82,37.82,158.6,6.2,1460.2713206967221,75.0709711538462,27.58561204901281,0.011142512391144284
1996-12-01,743.25,14.9,38.73,158.6,6.3,1475.3172741960914,76.87727955548553,27.723946163893963,0.009867757351768869
1997-01-01,766.22,14.9533,39.2333,159.1,6.58,1516.13193918919,77.63156692567571,28.33287012995037,0.005964224553904274
1997-02-01,798.39,15.0067,39.7367,159.6,6.42,1574.8380317199255,78.3813254362469,29.265634883575956,0.006392356901558718
1997-03-01,792.16,15.06,40.24,160.0,6.69,1558.6428762500007,79.17565812500004,28.802458591871666,0.004037985849536886
1997-04-01,763.93,15.0933,40.3433,160.2,6.89,1501.2213984862678,79.27980998985646,27.58516033813655,0.003146492909421754
1997-05-01,833.09,15.1267,40.4467,160.1,6.71,1638.1523234697072,79.53265023188636,29.928362224688787,0.0016766740896874202
1997-06-01,876.29,15.16,40.55,160.3,6.49,1720.949101606364,79.63629171865256,31.256560616381275,0.002220591564326878
1997-07-01,925.29,15.2167,40.58,160.5,6.22,1814.915979672898,79.59590015576327,32.766637689669935,0.003301992473765728
1997-08-01,927.24,15.2733,40.61,160.8,6.3,1815.3476464552245,79.50613425062191,32.58628348671318,0.0023199860163869747
1997-09-01,937.02,15.33,40.64,161.2,6.21,1829.9428041253109,79.3674367245658,32.66658134170863,0.002860421720956026
1997-10-01,951.16,15.3867,40.3333,161.6,6.03,1852.9594458539614,78.5734989039295,32.901498179798125,0.004428715221784476
1997-11-01,938.92,15.4433,40.0267,161.5,5.88,1830.2472207430349,78.0244924280186,32.33660053281268,0.006305989145573475
1997-12-01,962.37,15.5,39.72,161.3,5.81,1878.2846161655307,77.52264197148173,33.03078904290543,0.00622791943366665
1998-01-01,963.36,15.55,39.66,161.6,5.54,1876.7263254950503,77.26183988242578,32.85996841505224,0.00900897850325932
1998-02-01,1023.74,15.6,39.6,161.9,5.57,1990.6573713712178,77.0020043236566,34.709677782269985,0.007011243337318767
1998-03-01,1076.83,15.64,39.54,162.2,5.65,2090.0178200524056,76.74312993218253,36.29692773642509,0.004698121735641533
1998-04-01,1112.2,15.75,39.35,162.5,5.64,2154.682170769232,76.23336038461542,37.27693404302876,0.0037338961830540793
1998-05-01,1108.42,15.85,39.16,162.8,5.65,2143.402068642507,75.72546959459461,36.956598518969,0.00370465979656482
1998-06-01,1108.39,15.95,38.97,163.0,5.5,2140.7141862730073,75.26559409509206,36.80229346009202,0.005006299559090401
1998-07-01,1156.58,16.0167,38.6767,163.2,5.46,2231.049552542893,74.60757944010419,38.25964508524854,0.004061260065924097
1998-08-01,1074.62,16.0833,38.3833,163.4,5.34,2070.410967105264,73.95098292763161,35.42340102487832,0.007045741988492241
1998-09-01,1020.64,16.14,38.09,163.6,4.81,1964.0067591687052,73.29618421454772,33.532356980834905,0.013372572807667796
1998-10-01,1032.47,16.1667,37.9633,164.0,4.53,1981.9253198932938,72.87420021570125,33.773102879048146,0.015868041795129757
1998-11-01,1144.43,16.1833,37.8367,164.0,4.83,2196.8432921493913,72.63117935746955,37.36939188392095,0.00993276786939495
1998-12-01,1190.05,16.2,37.71,163.9,4.65,2285.809049344113,72.43213247406959,38.82027478009815,0.010498406616905268
1999-01-01,1248.77,16.28333333,37.93333333,164.3,4.72,2392.756948189289,72.68371829347105,40.57695767720812,0.008422395904421735
1999-02-01,1246.58,16.36666667,38.15666667,164.5,5.0,2385.6566837386026,73.02275575612595,40.40015922925995,0.005430915654810308
1999-03-01,1281.66,16.45,38.38,165.0,5.23,2445.3587322727285,73.22758621212125,41.356103632713,0.0022799872986621443
1999-04-01,1334.76,16.45,39.26,166.2,5.18,2528.2840009025285,74.36575105294828,42.70450951689215,0.0020913431991284766
1999-05-01,1332.07,16.45,40.14,166.2,5.54,2523.1886399669083,76.03263492779787,42.55667670951803,-0.002011459255785702
1999-06-01,1322.55,16.45,41.02,166.2,5.9,2505.1559871389904,77.69951880264746,42.180675911746924,-0.0056512336740967735
1999-07-01,1380.99,16.513333333333335,42.0,166.7,5.79,2608.006242426516,79.3172015596881,43.82803599280541,-0.005381635771489278
1999-08-01,1327.49,16.576666666666668,42.98,167.1,5.94,2500.970107645124,80.97363839018556,41.93071215994045,-0.005767841559380461
1999-09-01,1318.17,16.64,43.96,167.9,5.92,2471.5785636539617,82.42532727814178,41.32345133471502,-0.005055583707553275
1999-10-01,1300.01,16.656666666666666,45.36333333333334,168.2,6.11,2433.1808747770524,84.90488156460567,40.552854399539875,-0.006805021431552205
1999-11-01,1391.0,16.673333333333332,46.76666666666667,168.3,6.03,2601.9365790255506,87.47943974054272,43.208290714613916,-0.0077049171202844685
1999-12-01,1428.68,16.69,48.17,168.3,6.28,2672.4189444444455,90.10444644979206,44.19793976104056,-0.010886526695300772
2000-01-01,1425.59,16.713333333333335,49.09666666666667,168.8,6.66,2658.740129517181,91.5657923331359,43.77257814693801,-0.01521674216525139
2000-02-01,1388.87,16.736666666666668,50.02333333333333,169.8,6.52,2575.002196481155,92.74460043678842,42.18563588791732,-0.012833071579527889
2000-03-01,1442.21,16.76,50.95,171.2,6.26,2652.030013945679,93.69019020151875,43.22074843996588,-0.010517110844577914
2000-04-01,1461.36,16.740000000000002,51.27333333333333,171.3,5.99,2685.675549912435,94.22971594668228,43.52857428850774,-0.008080416559942308
2000-05-01,1418.48,16.72,51.59666666666667,171.5,6.44,2603.8309510204094,94.71335347424689,41.966050503324325,-0.011844161384851976
2000-06-01,1461.96,16.7,51.92,172.4,6.1,2669.6352085266835,94.8093381670534,42.78197156707145,-0.008916024776085097
2000-07-01,1473.0,16.583333333333332,52.51333333333334,172.8,6.05,2683.568598090279,95.67082981288586,42.75809361826959,-0.008559758370781049
2000-08-01,1485.46,16.46666666666667,53.10666666666666,172.8,5.83,2706.2687099247696,96.75178751929016,42.8695654944195,-0.007362332577598857
2000-09-01,1468.05,16.35,53.7,173.7,5.8,2660.6927212867026,97.32583981001734,41.898007924884745,-0.00684292129846658
2000-10-01,1390.14,16.323333333333334,52.46666666666667,174.0,5.74,2515.144749568967,94.92659818007668,39.36969904420139,-0.005150249632164684
2000-11-01,1378.04,16.296666666666667,51.23333333333333,174.1,5.72,2491.820448305573,92.64191724104923,38.78214245678479,-0.00473691335664321
2000-12-01,1330.93,16.27,50.0,174.0,5.24,2408.0176108477026,90.46372126436786,37.27423800449722,0.0010472183525711172
2001-01-01,1335.63,16.169999999999998,48.48,175.1,5.16,2401.3403136065117,87.16259623072534,36.97886799702983,0.0020964838742171636
2001-02-01,1305.75,16.07,46.96,175.8,5.1,2338.271069752561,84.0935932878271,35.8346626514313,0.0038171588679032885
2001-03-01,1185.85,15.97,45.44,176.2,4.89,2118.739417919978,81.18692849035192,32.325837236178764,0.009027368740900033
2001-04-01,1189.84,15.876666666666665,42.556666666666665,176.9,5.14,2117.456146410402,75.73444782833995,32.1739011683607,0.0069286425381250225
2001-05-01,1270.37,15.783333333333331,39.67333333333333,177.7,5.39,2250.5905660523363,70.28537333520919,34.07464321714005,0.002854935513088328
2001-06-01,1238.71,15.69,36.79,178.0,5.28,2190.8030351825855,65.06740372191014,33.068534411112786,0.00471851585394752
2001-07-01,1204.45,15.706666666666667,33.96333333333333,177.5,5.24,2136.2108235915503,60.23732016431927,32.163038687444356,0.005530045551757217
2001-08-01,1178.5,15.723333333333333,31.136666666666667,177.5,4.97,2090.185940140846,55.22394814553993,31.404318760780146,0.008680128312688447
2001-09-01,1044.64,15.74,28.31,178.3,4.73,1844.4589781267537,49.985290311273154,27.6673925868625,0.015392721950809533
2001-10-01,1076.59,15.740000000000002,27.103333333333335,177.7,4.57,1907.2894491418128,48.016330918214244,28.5773731133601,0.015346369150707029
2001-11-01,1129.68,15.740000000000002,25.896666666666665,177.4,4.65,2004.7282812852322,45.95618233276965,30.005103811056813,0.012409781134990867
2001-12-01,1144.93,15.74,24.69,176.7,5.09,2039.839879951897,43.988406833616324,30.499953255020454,0.006989283639199616
2002-01-01,1140.21,15.736666666666668,24.69333333333333,177.1,5.04,2026.8423821993233,43.894979484283844,30.277204433095996,0.007813726902738849
2002-02-01,1100.67,15.733333333333334,24.69666666666667,177.8,4.91,1948.8529258295846,43.72806662448446,29.085704152008425,0.010500638782444602
2002-03-01,1153.79,15.73,24.7,178.8,5.28,2031.481860248882,43.48937150447429,30.29213064091867,0.005489876941598644
2002-04-01,1111.93,15.833333333333332,25.38,179.8,5.21,1946.890172622359,44.43811443270302,29.005883253118682,0.00807858081079272
2002-05-01,1079.25,15.936666666666667,26.06,179.8,5.16,1889.6704098303678,45.62873373192438,28.128107508688345,0.009507505473918258
2002-06-01,1014.02,16.04,26.74,179.9,4.93,1774.4715885214016,46.793327821011694,26.38767254118336,0.013843029904263136
2002-07-01,903.59,15.96,27.84,180.1,4.65,1579.4700519850091,48.66415769017215,23.46312046743144,0.021261397043573507
2002-08-01,912.55,15.879999999999999,28.939999999999998,180.7,4.26,1589.835570351412,50.41898132263422,23.588713528842373,0.024983992645496854
2002-09-01,867.81,15.8,30.04,181.0,3.87,1509.3840905386746,52.24864668508289,22.36503680122433,0.03108292521066376
2002-10-01,854.63,15.89,29.223333333333333,181.3,3.94,1484.00041457529,50.744110061592224,21.956233863659076,0.031023120090339106
2002-11-01,909.93,15.98,28.406666666666666,181.3,4.05,1580.0246858108114,49.32603010663726,23.34839650272513,0.02706302156563027
2002-12-01,899.18,16.07,27.59,180.9,4.03,1564.8105457435054,48.013882600884486,23.101442537685635,0.027566733863023954
2003-01-01,895.84,16.119999999999997,28.5,181.7,4.05,1552.1340110071556,49.37915176114477,22.89834857661322,0.02769858313672948
2003-02-01,837.03,16.169999999999998,29.41,183.1,3.9,1439.1510276488264,50.56620637629713,21.214102123415287,0.03309362657945211
2003-03-01,846.63,16.22,30.32,184.2,3.81,1446.963980252444,51.819505428881676,21.30971902699099,0.03403856122722466
2003-04-01,890.03,16.203333333333333,31.73,183.8,3.96,1524.4487590451583,54.34733562295977,22.427939577730896,0.02969093660099293
2003-05-01,935.96,16.186666666666667,33.13999999999999,183.5,3.57,1605.738841689374,56.855191689373314,23.591080453481485,0.031083031209145136
2003-06-01,988.0,16.17,34.55,183.7,3.33,1693.1735710397397,59.20966283342408,24.83222325953106,0.031333994639806295
2003-07-01,992.54,16.310000000000002,35.89333333333333,183.9,3.98,1699.1040751767273,61.44488780134133,24.86732910126878,0.024888615211161633
2003-08-01,989.53,16.450000000000003,37.236666666666665,184.6,4.45,1687.5278983613225,63.502788032683306,24.64225140993216,0.02066174419743618
2003-09-01,1019.44,16.59,38.58,185.2,4.27,1732.903505939526,65.58053172246224,25.243686752606262,0.021615329750958145
2003-10-01,1038.73,16.85666666666667,41.96666666666667,185.0,4.29,1767.6026299324333,71.41450653153156,25.68275607057969,0.02020466753441657
2003-11-01,1049.9,17.123333333333335,45.35333333333333,184.5,4.3,1791.4523367208683,77.38673681120149,25.946798218420128,0.019361050279535406
2003-12-01,1080.64,17.39,48.74,184.3,4.27,1845.9052132392846,83.25568190450356,26.635170511081533,0.018553955987951558
2004-01-01,1132.52,17.6,49.826666666666675,185.2,4.15,1925.1234781317505,84.69827096832259,27.658540355736573,0.018583060527543403
2004-02-01,1143.36,17.810000000000002,50.913333333333334,186.2,4.08,1933.1119720730408,86.08065194235594,27.650862036740214,0.019494926722588693
2004-03-01,1123.98,18.02,52.0,187.4,3.83,1888.1769409018152,87.3549359658485,26.88653038403587,0.023332519821487506
2004-04-01,1133.36,18.213333333333335,53.38333333333333,188.0,4.35,1897.8580409574474,89.3925923093972,26.90057750844488,0.018301491150888125
2004-05-01,1102.78,18.406666666666666,54.76666666666667,189.1,4.72,1835.908552221048,91.17556693989077,25.902814292943756,0.01656182715116778
2004-06-01,1132.76,18.6,56.15,189.7,4.73,1879.854630732737,93.18287855824991,26.401285366474912,0.01571076387671845
2004-07-01,1105.85,18.78666666666667,56.69,189.4,4.5,1838.103407800951,94.22804375659982,25.695888646268553,0.018611708650646742
2004-08-01,1088.94,18.973333333333333,57.23,189.5,4.28,1809.0410813984176,95.07541378627973,25.174462226477768,0.02125846103996002
2004-09-01,1117.66,19.16,57.77,189.9,4.13,1852.8422107688264,95.77035459452348,25.66840677635769,0.021935435271590704
2004-10-01,1117.21,19.253333333333334,58.03,190.9,4.1,1842.3942883053962,95.69744322943954,25.411655665489327,0.023098591273938776
2004-11-01,1168.94,19.346666666666668,58.29,191.0,4.19,1926.6931147905768,96.07588213350789,26.465310814818036,0.020548552436493533
2004-12-01,1199.21,19.44,58.55,190.3,4.23,1983.8560017735165,96.85940652916452,27.14480869474123,0.018826546160026027
2005-01-01,1181.41,19.703333333333333,59.10666666666666,190.7,4.22,1950.309975812796,97.57520389791998,26.587250697970365,0.019504478510848466
2005-02-01,1199.63,19.96666666666667,59.663333333333334,191.8,4.17,1969.0303384384783,97.92928938564481,26.744863128101176,0.019963856578660878
2005-03-01,1194.9,20.23,60.22,193.3,4.5,1946.0473351008804,98.07596495085363,26.339142131057923,0.01769901524712502
2005-04-01,1164.43,20.46333333333333,61.23333333333333,194.6,4.34,1883.754239015931,99.06009913497776,25.408922569114456,0.021038014357879546
2005-05-01,1178.28,20.696666666666665,62.24666666666667,194.4,4.14,1908.1211180555563,100.80301727537729,25.650230187182967,0.022360152666665627
2005-06-01,1202.25,20.93,63.26,194.5,4.0,1945.937434125965,102.39135128534708,26.068394871883985,0.022985694371145338
2005-07-01,1222.24,21.11,64.33,195.4,4.18,1969.180950870011,103.6436465583419,26.287871091254736,0.021338558472624565
2005-08-01,1224.27,21.29,65.39999999999999,196.4,4.26,1962.4085015911414,104.83105524439922,26.10438141093615,0.021060729884604702
2005-09-01,1225.92,21.47,66.47,198.8,4.2,1941.3303440643872,105.25990926810869,25.73012299016447,0.02326286796146739
2005-10-01,1191.96,21.72,67.58999999999999,199.2,4.46,1883.7620353915672,106.81858113704823,24.876538723647954,0.021868312584124666
2005-11-01,1237.37,21.97,68.71,197.6,4.54,1971.361790675608,109.46787835273282,25.93178330906902,0.018671943606583953
2005-12-01,1262.07,22.22,69.83,196.8,4.47,2018.8871415777446,111.70449269563014,26.4438031142924,0.018276088055812593
2006-01-01,1278.73,22.406666666666666,70.77666666666666,198.3,4.42,2030.0644807740807,112.36241979744497,26.46870262668573,0.018919623016402383
2006-02-01,1276.65,22.593333333333334,71.72333333333334,198.7,4.57,2022.6823046678421,113.6360922454287,26.249624763583306,0.01761005837150076
2006-03-01,1293.74,22.78,72.67,199.8,4.72,2038.4741788038045,114.50207814064068,26.3278377786677,0.016034756518481283
2006-04-01,1302.17,23.0,73.27666666666666,201.5,4.99,2034.4467535359813,114.48388198924734,26.147280943874538,0.01407146870183023
2006-05-01,1290.01,23.22,73.88333333333333,202.5,5.11,2005.495731543211,114.86167520576134,25.650640708757347,0.013923101060018109
2006-06-01,1253.17,23.44,74.49,202.9,5.11,1944.3821936298677,115.57652162395273,24.749582241646387,0.015479427109228158
2006-07-01,1260.24,23.66,75.85,203.5,5.09,1949.5866353808362,117.3396704545455,24.696786766853318,0.015872540365558498
2006-08-01,1287.15,23.88,77.21,203.9,4.88,1987.310045671899,119.20926747179995,25.05139356201098,0.01740499238847739
2006-09-01,1317.74,24.1,78.57,202.9,4.72,2044.567131222278,121.90693118531301,25.64415644079741,0.017252358568579665
2006-10-01,1363.38,24.36,79.55,201.8,4.73,2126.9116475470773,124.10026666253721,26.538040282101733,0.014957394479780714
2006-11-01,1388.64,24.619999999999997,80.53,201.5,4.6,2169.543254590572,125.81613542183628,26.928020270856507,0.015365317992929846
2006-12-01,1416.42,24.88,81.51,201.8,4.56,2209.6555588453925,127.15792250991085,27.28268978757171,0.015434945553057938
2007-01-01,1424.16,25.083333333333332,82.05666666666667,202.416,4.76,2214.968926369458,127.62117098368384,27.207536656807157,0.013525971882152772
2007-02-01,1444.8,25.286666666666665,82.60333333333334,203.499,4.72,2235.111258531984,127.78768018106565,27.31518141351663,0.014006346214000445
2007-03-01,1406.95,25.49,83.15,205.352,4.56,2156.916930745745,127.47264848893613,26.22760555465092,0.017796929020727534
2007-04-01,1463.64,25.71666666666667,83.74000000000001,206.686,4.69,2229.343047182684,127.54856848069058,26.976268314189113,0.015974721669373568
2007-05-01,1511.14,25.943333333333335,84.33000000000001,207.949,4.75,2287.7130939557305,127.66708922620458,27.548490451851286,0.015293949247564088
2007-06-01,1514.19,26.17,84.92,208.352,5.1,2287.896598604766,128.3116247984181,27.418262740410626,0.01203695087155783
2007-07-01,1520.71,26.440000000000005,82.81333333333333,208.299,5.0,2298.3327705005795,125.16035130589526,27.410088167204346,0.012893722157572597
2007-08-01,1454.62,26.71,80.70666666666666,207.917,4.67,2202.4864586589847,122.20053378671942,26.14860718931234,0.01757374924851377
2007-09-01,1497.12,26.98,78.6,208.49,4.52,2260.607038227254,118.68368147153345,26.725743047696938,0.01827536345043388
2007-10-01,1539.66,27.230000000000004,74.46000000000001,208.936,4.53,2319.878519379141,112.19240257782293,27.320648130462036,0.01732557871025582
2007-11-01,1463.39,27.480000000000004,70.32000000000001,210.177,4.15,2191.939620474649,105.32885567878508,25.7290535794984,0.024061140157559016
2007-12-01,1479.22,27.73,66.18,210.036,4.1,2217.137991939478,99.1942999057305,25.955510105240243,0.024280362312110365
2008-01-01,1378.76,27.92,64.25,211.08,3.74,2056.3416995925722,95.8252010493652,24.02231776083683,0.03129920745408553
2008-02-01,1354.87,28.11,62.32,211.693,3.74,2014.8597519166913,92.6775703495156,23.495263401811794,0.03234037497808535
2008-03-01,1316.94,28.3,60.39,213.528,3.51,1941.6227376503325,89.03564105175907,22.60681084224935,0.03700968168657172
2008-04-01,1370.47,28.436666666666667,57.383333333333326,214.823,3.68,2008.3640949176774,84.09277569983973,23.356040643201617,0.03432235534447029
2008-05-01,1403.22,28.573333333333334,54.376666666666665,216.632,3.88,2039.1860402664433,79.02120806636758,23.696432116623193,0.03238017878106298
2008-06-01,1341.25,28.71,51.37,218.815,4.1,1929.6846294244006,73.90710114708776,22.41681280228195,0.03349488625530589
2008-07-01,1257.33,28.756666666666668,49.56333333333333,219.964,4.01,1799.4979737025155,70.93532955013853,20.907206462661584,0.03802908246354677
2008-08-01,1281.47,28.803333333333335,47.75666666666667,219.086,3.89,1841.397333524279,68.6235328630462,21.401617360047936,0.03758600802202438
2008-09-01,1216.95,28.85,45.95,218.783,3.69,1751.1076868975204,66.11890234844576,20.36273394609752,0.041701440614025385
2008-10-01,968.8,28.696666666666665,35.593333333333334,216.573,3.81,1408.2621610265364,51.73900136058822,16.387356548789835,0.0511189777366728
2008-11-01,883.04,28.543333333333333,25.236666666666668,212.425,3.53,1308.6648643050494,37.40072811972855,15.259659405704584,0.05644210976560478
2008-12-01,877.56,28.39,14.88,210.228,2.42,1314.1349128089505,22.282610308807588,15.376080747423769,0.06604212911453507
2009-01-01,865.58,28.013333333333335,12.206666666666667,211.143,2.52,1290.5778819330983,18.200113232895884,15.174651936879677,0.06610078491430059
2009-02-01,805.23,27.63666666666667,9.533333333333333,212.193,2.87,1194.655223841032,14.14384271237349,14.122181801918902,0.06789599198129277
2009-03-01,757.13,27.26,6.86,212.709,2.82,1120.5681684249378,10.152942870306386,13.323667656863933,0.0725776409549966
2009-04-01,848.15,26.703333333333333,7.076666666666666,213.24,2.93,1252.1538269672676,10.447533159038333,14.981866453039256,0.06268316394846535
2009-05-01,902.41,26.14666666666667,7.293333333333333,213.856,3.29,1328.4222847967796,10.736390920370098,15.996355755263155,0.055145826881175114
2009-06-01,926.12,25.59,7.51,215.693,3.72,1351.7142890589873,10.961186790948249,16.384182816215347,0.050243597361463194
2009-07-01,935.82,25.026666666666664,9.186666666666667,215.351,3.56,1368.0410284837317,13.429651979017208,16.694620816995617,0.05023756481696085
2009-08-01,1009.73,24.46333333333333,10.863333333333333,215.834,3.59,1472.7841201455756,15.845171308351178,18.094069801576087,0.04528872133608226
2009-09-01,1044.55,23.9,12.54,215.969,3.4,1522.6199249082051,18.27931057235067,18.831902264840085,0.04459761953591001
2009-10-01,1067.66,23.403333333333332,25.349999999999998,216.177,3.39,1554.8094770720297,36.91664035720731,19.358008443486842,0.04317009778018653
2009-11-01,1088.07,22.906666666666666,38.16,216.33,3.4,1583.4114406809047,55.53225488836501,19.812761079966062,0.04189601470940184
2009-12-01,1110.38,22.41,50.97,215.949,3.59,1618.7289208331604,74.30484437297699,20.322376500216546,0.038549596504991
2010-01-01,1123.58,22.24,54.28999999999999,216.687,3.73,1632.3934210404875,78.87523703544747,20.527859801454422,0.03670267875025125
2010-02-01,1089.16,22.07,57.61,216.741,3.69,1581.9920732579446,83.67784654264771,19.920539306600453,0.03800794407364604
2010-03-01,1152.05,21.9,60.93,217.631,3.73,1666.4959527250262,88.1381870574505,21.00460120971537,0.034595708150527066
2010-04-01,1197.32,21.946666666666665,62.986666666666665,218.009,3.85,1728.9781575531294,90.955275852526,21.804845599625168,0.03176640457611751
2010-05-01,1125.06,21.993333333333332,65.04333333333332,218.178,3.42,1623.3733812529226,93.85243094705548,20.480068638423415,0.03899284791518765
2010-06-01,1083.36,22.04,67.1,217.965,3.2,1564.7311458261654,96.91465430229627,19.74203985373946,0.04238219488690161
2010-07-01,1079.8,22.143333333333334,68.68666666666667,218.011,3.01,1559.2602540697494,99.18539481188263,19.668660470717715,0.044255547690110725
2010-08-01,1087.28,22.246666666666666,70.27333333333333,218.312,2.7,1567.8968361794134,101.33667224736465,19.77029917435858,0.04723539354586324
2010-09-01,1122.08,22.35,71.86,218.439,2.65,1617.138938559507,103.56445540860382,20.381395233204035,0.04574669553427986
2010-10-01,1171.58,22.476666666666667,73.69,218.711,2.54,1686.378340481275,106.0697689530934,21.24012765175943,0.044813802887339056
2010-11-01,1198.89,22.603333333333335,75.52,218.803,2.76,1724.9628969324012,108.65817379103581,21.700723827760623,0.04159876370556091
2010-12-01,1241.53,22.73,77.35,219.179,3.29,1783.2489200037421,111.10025852157374,22.396379773044217,0.03510190044826376
2011-01-01,1282.62,22.963333333333335,78.67,220.223,3.39,1833.5342449471677,112.4605409630239,22.97829943055499,0.03281253944888058
2011-02-01,1321.12,23.196666666666665,79.99000000000001,221.309,3.58,1879.303333348396,113.78638854497564,23.48982870329854,0.03005994555365308
2011-03-01,1304.49,23.43,81.31,223.467,3.41,1837.7272202942722,114.54714124456859,22.899336430143645,0.03361841514661041
2011-04-01,1331.51,23.733333333333334,82.16333333333334,224.906,3.46,1863.7904558459988,115.00870176503375,23.143929447285956,0.032908223969483286
2011-05-01,1338.31,24.036666666666665,83.01666666666667,225.964,3.17,1864.5376686662485,115.65907908265628,23.059491506095355,0.035984982522714544
2011-06-01,1287.29,24.34,83.87,225.722,3.0,1795.3792374580244,116.97322021114474,22.100831286611005,0.03928355398486962
2011-07-01,1325.19,24.619999999999997,84.90666666666667,225.922,3.0,1846.6020722306823,118.31422408323823,22.610981701156636,0.03864150412461089
2011-08-01,1185.31,24.9,85.94333333333334,226.545,2.3,1647.142448575339,119.42944251326087,20.049852721660507,0.051573026527262526
2011-09-01,1173.88,25.18,86.98,226.889,1.98,1628.7857271617406,120.6867674281257,19.69811456887772,0.055358354551440586
2011-10-01,1207.22,25.596666666666664,86.97,226.421,2.15,1678.50797971478,120.92231655853483,20.155824786688765,0.052639316240052005
2011-11-01,1226.42,26.013333333333335,86.96000000000001,226.23,2.01,1706.643147571057,121.01049241921946,20.345246797645828,0.05366404882172458
2011-12-01,1243.32,26.43,86.95,225.672,1.98,1734.4386173295763,121.29575473474783,20.523575499431697,0.053689049554547064
2012-01-01,1300.58,26.736666666666668,87.48,226.665,1.97,1806.3682834800263,121.50048243001794,21.213008091803452,0.052423716122966424
2012-02-01,1352.49,27.043333333333337,88.01,227.663,1.97,1870.2312134053411,121.70075127491079,21.79743596371754,0.05120576009564927
2012-03-01,1389.24,27.35,88.54,229.392,2.17,1906.5697759730078,121.51081739990939,22.05394397290471,0.04887281930267469
2012-04-01,1386.43,27.673333333333332,88.33333333333334,230.085,2.05,1896.982538681358,120.86206365763383,21.7792469068249,0.05038222012284444
2012-05-01,1341.27,27.996666666666666,88.12666666666667,229.815,1.8,1837.348469257882,120.72095558746533,20.941467419743475,0.05459875443949011
2012-06-01,1323.48,28.32,87.92,229.478,1.62,1815.641158847472,120.6147208011226,20.54750408685609,0.057106964442697764
2012-07-01,1359.78,28.743333333333332,87.44666666666667,229.104,1.53,1868.485233671172,120.16120651901907,20.999341293380564,0.056678853537401985
2012-08-01,1403.45,29.166666666666664,86.97333333333333,230.379,1.68,1917.8195818086729,118.84937957308034,21.410428453442933,0.054492344264520584
2012-09-01,1443.42,29.59,86.5,231.407,1.72,1963.6763927841432,117.67746600146069,21.78369030172768,0.053578290187035284
2012-10-01,1437.82,30.14333333333333,86.50333333333333,231.317,1.75,1956.8190233532346,117.72778807509468,21.577109654528783,0.053508222372874684
2012-11-01,1394.51,30.696666666666665,86.50666666666667,230.221,1.65,1906.9108487605397,118.2928061876777,20.898162059573693,0.05552737765751056
2012-12-01,1422.29,31.25,86.51,229.601,1.72,1950.1502540820825,118.61680703699032,21.23826113984561,0.054011137971734804
2013-01-01,1480.4,31.536666666666665,86.90666666666667,230.28,1.91,2023.8417383185697,118.80933486769734,21.90047541382181,0.050537938236435126
2013-02-01,1512.31,31.82333333333333,87.30333333333334,232.166,1.98,2050.6705644345,118.38206177548255,22.052724336861942,0.04957197496696167
2013-03-01,1550.83,32.11,87.7,232.773,1.96,2097.419408232485,118.60982964089483,22.41920711460257,0.04868479759534903
2013-04-01,1570.7,32.49666666666667,88.78333333333333,232.531,1.76,2126.5033785817814,120.19994798184621,22.59565539610559,0.050452547188244726
2013-05-01,1639.84,32.88333333333334,89.86666666666667,232.945,1.93,2216.1633853484736,121.4503953007506,23.411841781842398,0.04755909548888482
2013-06-01,1618.77,33.27,90.95,233.504,2.3,2182.451067594132,122.62021448240722,22.925333173915323,0.04489945265677717
2013-07-01,1668.68,33.64666666666667,92.09,233.596,2.58,2248.8544681843878,124.1082819804278,23.49246017715964,0.04097532873190432
2013-08-01,1670.09,34.02333333333333,93.23,233.877,2.74,2248.050452748668,125.49368220261083,23.356649094916097,0.03935689013580906
2013-09-01,1687.17,34.4,94.37,234.149,2.81,2268.4030877240575,126.88063407274862,23.442287167960608,0.03828725169072639
2013-10-01,1720.03,34.596666666666664,96.31333333333333,233.546,2.62,2318.554350802413,129.8277925619222,23.834737887631437,0.039331513230855555
2013-11-01,1783.54,34.79333333333334,98.25666666666666,233.069,2.72,2409.0845014781044,132.71842113637314,24.642077092412055,0.037024686012149394
2013-12-01,1807.78,34.99,100.2,233.049,2.9,2442.0357992310637,135.3549586138538,24.861869296461936,0.03496817330504108
2014-01-01,1822.36,35.403333333333336,100.41666666666666,233.916,2.86,2452.6068565211453,135.14486993550398,24.85960909363271,0.035253275788467715
2014-02-01,1817.04,35.81666666666666,100.63333333333333,234.781,2.71,2436.437259829374,134.93748234170005,24.59093087789413,0.037019397023219054
2014-03-01,1863.52,36.23,100.85,236.293,2.72,2482.772318265883,134.36270514784616,24.95603915396538,0.03632398818406108
2014-04-01,1864.26,36.61333333333333,101.60666666666667,237.072,2.71,2475.596787368396,134.92599614603728,24.786315396962635,0.036708065945364896
2014-05-01,1889.77,36.99666666666667,102.36333333333334,237.9,2.56,2500.7380426124437,135.45769158960354,24.943274109902582,0.037713962344599714
2014-06-01,1947.09,37.38,103.12,238.343,2.6,2571.8007429943414,136.20535908333795,25.558007623511294,0.036215896801316864
2014-07-01,1973.1,37.75,104.06666666666666,238.25,2.54,2607.1731799580284,137.50941273172444,25.817545976158737,0.03654456762168656
2014-08-01,1961.53,38.120000000000005,105.01333333333334,237.852,2.42,2596.2220836381457,138.99248804578764,25.617606421799398,0.03782181591426469
2014-09-01,1993.23,38.49,105.96,238.031,2.53,2636.1953313328945,140.14000256269148,25.91843689260619,0.03612999738374492
2014-10-01,1937.27,38.806666666666665,104.74333333333334,237.433,2.3,2568.6371880172524,138.87977473294228,25.162748283083257,0.038794517149685924
2014-11-01,2044.57,39.123333333333335,103.52666666666667,236.151,2.33,2725.6236426587234,138.01177279932477,26.606817147143424,0.035730893913858884
2014-12-01,2054.27,39.44,102.31,234.812,2.21,2754.171176143043,137.16758412048793,26.794085482572555,0.03646245242106454
2015-01-01,2028.18,39.89666666666667,101.28999999999999,233.707,1.88,2732.048896588465,136.44214652321074,26.492295420383126,0.03949169066533733
2015-02-01,2082.2,40.35333333333333,100.27000000000001,234.722,1.98,2792.6874781656607,134.48409059440536,26.995513699383242,0.0376433553553971
2015-03-01,2079.99,40.81,99.25,236.119,2.04,2773.217961546933,132.3284644077775,26.72860545292848,0.03722388031674778
2015-04-01,2094.86,41.120000000000005,97.80333333333334,236.599,1.94,2787.377513535562,130.1350983274092,26.791371680192327,0.03765970126494354
2015-05-01,2111.94,41.43,96.35666666666667,237.805,2.2,2795.85269937554,127.55999062607323,26.806111379650826,0.03566268687821994
2015-06-01,2099.29,41.74,94.91,238.638,2.36,2769.4053639298863,125.20626644750632,26.495895292784844,0.03480382083528459
2015-07-01,2094.14,41.99666666666667,93.49333333333334,238.654,2.32,2762.42621713862,123.32911607040603,26.381136336399692,0.03490375080858251
2015-08-01,2039.87,42.25333333333333,92.07666666666667,238.316,2.17,2694.653838653302,121.63262525736144,25.693658417057698,0.03675283783365524
2015-09-01,1944.41,42.51,90.66,237.945,2.17,2572.556698554289,119.94794837042178,24.496752170486435,0.03725826904193179
2015-10-01,2024.81,42.803333333333335,89.28333333333333,237.838,2.07,2680.1353405994846,118.17968944898072,25.491441046066743,0.03641497018174111
2015-11-01,2080.62,43.096666666666664,87.90666666666667,237.336,2.26,2759.833251276672,116.60358050752244,26.225851890971928,0.03402242255350267
2015-12-01,2054.08,43.39,86.53,236.525,2.24,2733.971578480077,115.17105501532613,25.96542403712417,0.034669421198152715
2016-01-01,1918.6,43.553333333333335,86.5,236.916,2.09,2549.433810928769,114.94111573300248,24.206167203878472,0.03836347605895478
2016-02-01,1904.42,43.71666666666667,86.47,237.111,1.78,2528.510283263958,114.8067570146472,24.002606777289753,0.04169246065319604
2016-03-01,2021.95,43.88,86.44,238.132,1.89,2673.045461393262,114.27485827188286,25.3722986201879,0.038218811175538915
2016-04-01,2075.54,44.07333333333334,86.6,239.261,1.81,2730.9445779922357,113.94615399083014,25.92233754367387,0.03780169583592091
2016-05-01,2065.55,44.266666666666666,86.75999999999999,240.229,1.81,2706.8486373939045,113.69668503802626,25.694709923449963,0.03805057974861076
2016-06-01,2083.89,44.46,86.92,241.018,1.64,2721.942865211313,113.5334753006,25.840372927670497,0.03966401577475909
2016-07-01,2148.9,44.65,87.64333333333333,240.628,1.5,2811.4070988205876,114.66382311770317,26.694003256096288,0.03936142741185236
2016-08-01,2170.95,44.84,88.36666666666667,240.849,1.56,2837.648944203631,115.50407810841378,26.948872433723846,0.03830080605026439
2016-09-01,2157.69,45.03,89.09,241.428,1.63,2813.55302714474,116.17027431573808,26.72787334647852,0.03865194250332504
2016-10-01,2143.02,45.25333333333333,90.91,241.729,1.76,2790.944249655607,118.39588138990361,26.525143085070578,0.03831805394839782
2016-11-01,2164.99,45.47666666666667,92.73,241.353,2.14,2823.949238718807,120.95428288647753,26.85095353105624,0.034053579702832966
2016-12-01,2246.63,45.7,94.55,241.432,2.49,2929.4791707913632,123.28788256113529,27.865098223923514,0.029079989463697966
2017-01-01,2275.12,45.92666666666667,96.46333333333334,242.839,2.43,2949.4399948113783,125.05398104985889,28.06357374212445,0.02970751383138065
2017-02-01,2329.91,46.153333333333336,98.37666666666667,243.603,2.42,3010.9961874956393,127.13442505155251,28.655106525184117,0.028848426114245415
2017-03-01,2366.82,46.38,100.29,243.801,2.48,3056.2117455424727,129.50181085188336,29.086921742464632,0.026890511033075336
2017-04-01,2359.31,46.660000000000004,101.53333333333333,244.524,2.3,3037.506455450182,130.71964067603457,28.90424595627515,0.02855037084822961
2017-05-01,2395.35,46.94,102.77666666666667,244.733,2.3,3081.272717870088,132.20737638909893,29.313344980271424,0.02753501584195836
2017-06-01,2433.99,47.22,104.02,244.955,2.19,3128.139941468842,133.68547804698827,29.748503240632758,0.02803137227551727
2017-07-01,2454.1,47.53666666666667,105.03999999999999,244.786,2.32,3156.16262316881,135.08957334161272,30.00222074401857,0.026402816566006147
2017-08-01,2456.22,47.85333333333334,106.06,245.519,2.21,3149.4582049658084,135.99414434320772,29.914959397497487,0.028090568896086642
2017-09-01,2492.84,48.17,107.08,246.819,2.2,3179.5781870520523,136.57885474781122,30.1681144106789,0.028167211336622037
2017-10-01,2557.0,48.42333333333333,108.01333333333334,246.663,2.36,3263.475911466253,137.85643779839978,30.920393290333834,0.025479157179329286
2017-11-01,2593.61,48.67666666666666,108.94666666666666,246.669,2.35,3310.120404823875,139.04426045969842,31.29891333388026,0.024588565855586088
2017-12-01,2664.34,48.93,109.88,246.524,2.4,3402.3903014513817,140.31791975629153,32.086132007705984,0.023313129772496822
2018-01-01,2789.8,49.28666666666666,111.73333333333332,247.867,2.58,3543.301043503171,141.91154799415284,33.30734382803067,0.020418663333554896
2018-02-01,2705.16,49.64333333333333,113.58666666666666,248.991,2.86,3420.2905484535595,143.61420486416515,32.03538233925028,0.01897583759665545
2018-03-01,2702.77,50.0,115.44,249.554,2.84,3409.5592901235823,145.6281979050627,31.808409057643114,0.018751132383798632
2018-04-01,2653.63,50.33,117.78666666666666,250.546,2.87,3334.3147023400907,148.0002164605835,30.97017929332522,0.01909086006388139
2018-05-01,2701.49,50.66,120.13333333333333,251.588,2.976,3380.392536557786,150.3236448744244,31.243615074864604,0.01731826625532529
2018-06-01,2754.35,50.99,122.48,251.989,2.91,3441.051999541648,153.01615586394652,31.630556496454602,0.016730979295013715
2018-07-01,2793.64,51.44,125.11666666666667,252.006,2.89,3489.9021632421463,156.29963977378853,31.886366962158988,0.016153150850947935
2018-08-01,2857.82,51.89,127.75333333333333,252.146,2.89,3568.0955915422037,159.5048342692991,32.39027688030112,0.0161270836525876
2018-09-01,2901.5,52.34,130.39,252.439,3.0,3618.4270086040606,162.60785719520368,32.6228911205002,0.015065111583944905
2018-10-01,2785.46,52.81,131.05666666666667,252.885,3.15,3467.5884614548136,163.1510002405574,31.037961078006504,0.0163400871283167
2018-11-01,2723.23,53.28,131.72333333333333,252.038,3.12,3401.511868894771,164.53200124253755,30.195583406705246,0.019163540746558332
2018-12-01,2567.31,53.75,132.39,251.233,2.83,3217.031554423584,165.8945773942914,28.291857012072875,0.025024375553964872
2019-01-01,2607.39,54.14666666666667,133.05666666666664,251.712,2.71,3261.0373109446527,166.41267875919044,28.380164463547587,0.025866221302712572
2019-02-01,2754.86,54.54333333333334,133.7233333333333,252.776,2.68,3430.9736973644663,166.54248832629156,29.541548965131213,0.02470541220129036
2019-03-01,2803.98,54.94,134.39,254.202,2.57,3472.5590621828323,166.43385914548278,29.57619601478483,0.026091124483199838
2019-04-01,2903.8,55.319091580592705,134.68333333333334,255.548,2.53,3577.2385902061474,165.9185954465176,30.133517171387517,0.026149618052130185
2019-05-01,2854.71,55.69818316118541,134.97666666666666,256.092,2.4,3509.2933799669668,165.92673959293282,29.242030936939855,0.02838413893332275
2019-06-01,2890.17,56.07727474177812,135.27,256.143,2.06,3552.1769317822486,166.25422503250147,29.283796275306273,0.030885119389954162
2019-07-01,2996.1136363636365,56.45818316118542,134.48000000000002,256.571,1.63,3676.2446624512245,165.0075538544887,29.986685335042527,0.034716014055352365
2019-08-01,2897.498181818182,56.83909158059271,133.69,256.558,1.63,3555.423211267487,164.04653231433056,28.70539737183308,0.03597141238067919
2019-09-01,2982.156,57.22,132.9,256.759,1.7,3656.4393592629676,162.94948716500696,29.229520233035277,0.03466280741681185
2019-10-01,2977.68,57.56,135.09,257.346,1.71,3642.623577207341,165.2568506504862,28.841122881953407,0.03515794146479674
2019-11-01,3104.9044999999996,57.900000000000006,137.28,257.208,1.81,3800.2963711738175,168.02600074647762,29.836867659083435,0.03287424163086297
2019-12-01,3176.7495238095235,58.24,139.47,256.974,1.86,3891.772826827581,170.861930438488,30.331822322243298,0.03191408326495829
2020-01-01,3278.2028571428577,58.686867862126704,131.75666666666666,257.971,1.76,4000.540117756871,160.78865578236835,30.9852203002307,0.032265730188327416
2020-02-01,3277.3142105263164,59.13373572425341,124.04333333333332,258.678,1.5,3988.5246389104586,150.96199494803068,30.729689264735747,0.035387275516498735
2020-03-01,2652.3936363636367,59.58060358638012,116.33,258.115,0.87,3235.0308472571264,141.88359272998474,24.817168629099427,0.04880147089472059
2020-04-01,2761.975238095238,59.61373572425342,110.63,256.389,0.66,3391.361494104291,135.83985725791675,25.927358825280162,0.04831743654444488
2020-05-01,2919.615,59.64686786212671,104.93,256.394,0.67,3584.8535718708326,128.83845482928623,27.32848099769846,0.04616322986985427
2020-06-01,3104.6609090909087,59.68,99.23,257.797,0.73,3791.3162033278836,121.17661730935586,28.838315955122848,0.04430152323591065
2020-07-01,3207.6190909090906,59.403333333333336,98.89333333333335,259.101,0.62,3897.3319075599175,120.15770343096585,29.599194927667003,0.04500188596956496
2020-08-01,3391.71,59.126666666666665,98.55666666666667,259.918,0.65,4108.0530937160975,119.37223978652247,31.15820896535523,0.04319140417954554
2020-09-01,3365.5166666666664,58.85,98.22,260.28,0.68,4070.6582239159134,118.79901077685577,30.839426043811255,0.04330560842791706
2020-10-01,3418.701363636364,58.659615378670054,96.85666666666667,260.388,0.79,4133.271104722483,117.10144263880575,31.283694032592848,0.04166069749022171
2020-11-01,3548.992500000001,58.469230757340114,95.49333333333334,260.229,0.87,4293.417096660541,115.52369016007702,32.47320409661257,0.03958483715040775
2020-12-01,3695.3099999999995,58.27884613601017,94.13,260.474,0.93,4466.220807115107,113.76727921980702,33.76559141811711,0.037727217459252026
2021-01-01,3793.748421052632,58.06369311230766,105.48666666666665,261.582,1.08,4565.773512658206,126.95312792292033,34.512432294106915,0.03553473761967501
2021-02-01,3883.4321052631576,57.84854008860516,116.84333333333332,263.014,1.26,4648.261400261164,139.855246979882,35.10390717196983,0.033301489166802964
2021-03-01,3910.5082608695648,57.63338706490265,128.2,264.877,1.61,4647.74884195429,152.3692987688626,35.04254511219208,0.029582246986088724
2021-04-01,4141.176190476191,57.71060542140715,138.38666666666666,267.054,1.64,4881.781235010614,163.13564104388385,36.71981410913301,0.02815845825375853
2021-05-01,4167.849500000001,57.787823777911655,148.57333333333332,269.195,1.62,4874.148221663203,173.7511031656111,36.55213398979907,0.02881834542561662
2021-06-01,4238.489545454546,57.86504213441615,158.76,271.696,1.52,4911.131515150541,183.9549752296685,36.696258013088375,0.030761593765331392
2021-07-01,4363.7128571428575,58.32818900579217,164.31666666666666,273.003,1.32,5032.020924606536,189.48196913892284,37.44338318461541,0.032616581086394966
2021-08-01,4454.206363636363,58.79133587716819,169.87333333333333,273.567,1.28,5125.78420865904,195.48578992227385,37.973500614070495,0.032573428847369475
2021-09-01,4445.543333333333,59.254482748544206,175.43,274.31,1.37,5101.95824998785,201.33344086070514,37.6203466866512,0.032042416075777444
2021-10-01,4460.707142857143,59.63536092649366,182.91,276.589,1.58,5077.179292360302,208.18826132818015,37.25302500032532,0.03125872881410065
2021-11-01,4667.386666666667,60.01623910444312,190.39,277.948,1.56,5286.447462235145,215.64245780685604,38.58262749771922,0.031119985899904258
2021-12-01,4674.772727272726,60.397117282392585,197.87,278.802,1.47,5278.594603591275,223.42808413318423,38.304849873467454,0.03277335207679537
2022-01-01,4573.8155,60.921402962953294,197.88333333333333,281.148,1.76,5121.501875749162,221.5786497829139,36.93675807029746,0.031247786313865843
2022-02-01,4435.980526315789,61.44568864351402,197.89666666666665,283.716,1.93,4922.202711219838,219.5878686638517,35.28714922569488,0.03129367892287957
2022-03-01,4391.265217391306,61.969974324074734,197.91,287.504,2.13,4808.387606195123,216.709295392412,34.270798693291745,0.030716673054595862
2022-04-01,4391.295999999999,62.65331621604982,196.02666666666664,289.109,2.75,4781.727172519709,213.45544425574215,33.88916475591386,0.025106179878196175
2022-05-01,4040.3599999999997,63.336658108024906,194.14333333333332,292.296,2.9,4351.619190649207,209.09964831597657,30.673155079545147,0.027942547874479147
2022-06-01,3898.9466666666676,64.02,192.26,296.311,3.14,4142.411254335258,204.2654223940388,29.04772139510385,0.02891581365997036
2022-07-01,3911.729499999999,64.4527684478357,190.58333333333331,296.276,2.9,4156.4832550750825,202.50797855434354,29.00461831720894,0.03152220124246078
2022-08-01,4158.5630434782615,64.8855368956714,188.90666666666664,296.171,2.9,4420.3275348660245,200.79756672102724,30.698763365175314,0.029013917428899784
2022-09-01,3850.520476190475,65.31830534350709,187.23,296.808,3.52,4084.1109086052593,198.58824025127362,28.229884655821984,0.025426554002999147
2022-10-01,3726.050952380952,65.85220356233806,182.40333333333334,298.012,3.98,3936.123622572646,192.68713132077465,27.08076692540071,0.022784690077350275
2022-11-01,3917.488571428571,66.38610178116903,177.57666666666665,297.711,3.89,4142.538460969101,187.77800063092513,28.37894901627334,0.022379046474016194
2022-12-01,3912.380952380953,66.92,172.75,296.797,3.62,4149.877926824124,183.23660721806493,28.3169012845273,0.025117462709333203
2023-01-01,3960.6565,67.35,173.55666666666667,299.17,3.53,4167.761223474531,182.63203219184197,28.3348134237557,0.02650935914969725
2023-02-01,4079.684736842105,67.78,174.36333333333332,300.84,3.75,4269.182458526217,182.462354837012,28.919762943866655,0.023329672948302592
2023-03-01,3968.5591304347827,68.21,175.17,301.836,3.66,4139.191421662471,182.70161474277427,27.93813125399791,0.025515858811858187
2023-04-01,4121.467368421053,68.37666666666667,177.11666666666665,303.363,3.46,4277.036414313096,183.8021183230432,28.764841267615378,0.027112004406285133
2023-05-01,4146.1731818181825,68.54333333333332,179.06333333333333,304.127,3.57,4291.8659886087535,185.35545825976217,28.762051343131237,0.0260910083259151
2023-06-01,4345.372857142857,68.71,181.01,305.109,3.75,4483.588239958041,186.76747289493272,29.9400316459875,0.02300799778799184
2023-07-01,4508.075500000001,68.91104536354072,182.09,305.691,3.9,4642.610196041513,187.52411990375913,30.89165981365993,0.02063438397232751
2023-08-01,4457.358695652174,69.11209072708144,183.17,307.026,4.17,4570.4201144963945,187.8161282350681,30.3047482453652,0.018885514103789205
2023-09-01,4409.094999999999,69.31313609062215,184.25,307.789,4.38,4509.724944868889,188.45518662947677,29.799681861350244,0.017480411780019335
2023-10-01,4269.4009090909085,69.64332137499402,186.97666666666666,307.671,4.8,4368.517378772515,191.31743191861878,28.769054954983982,0.014708202841239325
2023-11-01,4460.063333333332,69.97350665936588,189.70333333333332,307.051,4.5,4572.821007598629,194.49934295659904,30.01322481738149,0.01627008812331098
2023-12-01,4685.0515000000005,70.30369194373775,192.42999999999998,306.746,4.02,4808.2733977236085,197.49111614332386,31.452310923844585,0.019452275096519325
2024-01-01,4815.6139130434785,70.47740320664859,192.08333333333331,308.417,4.06,4915.492578286515,196.06725465576378,32.04512301259603,0.018640848094390764
2024-02-01,5011.9615,70.65111446955943,191.73666666666665,310.326,4.21,5084.441505612246,194.50944827643622,33.03719268559906,0.016458700663730938
2024-03-01,5170.572499999999,70.82482573247027,191.39,312.332,4.21,5211.657205703787,192.91076038478295,33.75492017640602,0.015817560669086517
2024-04-01,5112.492727272728,71.20848368988366,193.17999999999998,313.548,4.54,5133.131154784772,193.95984099723174,33.14159303076982,0.01312693824255418
2024-05-01,5235.225454545454,71.59214164729707,194.96999999999997,314.069,4.48,5247.639714333187,195.43233123135366,33.77363454011199,0.012974480037317871
2024-06-01,5415.140526315788,71.97579960471046,196.76,314.175,4.31,5426.150062437965,197.16003326171727,34.81054878004301,0.013635937085514947
2024-07-01,5538.004545454546,,,314.54,4.25,5542.824373598244,,35.44355307890725,0.01388238291797797
2024-08-01,5478.214545454546,,,314.7225000000001,3.87,5479.802887810981,,35.0050583685286,0.018267372140844427
2024-09-01,5520.07,,,314.81375000000014,3.84,5520.07,,35.22881369214806,0.018338376254098888
