date,open,high,low,close
1996-01-02,865.1,869.4,860.8,865.1
1996-01-03,867.3,871.7,863.0,867.3
1996-01-04,865.0,869.4,860.7,865.0
1996-01-05,860.9,865.2,856.6,860.9
1996-01-08,863.2,867.6,858.9,863.2
1996-01-09,856.2,860.5,851.9,856.2
1996-01-10,856.5,860.8,852.2,856.5
1996-01-11,841.1,845.3,836.9,841.1
1996-01-12,843.2,847.4,839.0,843.2
1996-01-15,842.0,846.2,837.8,842.0
1996-01-16,841.4,845.6,837.1,841.4
1996-01-17,855.5,859.8,851.3,855.5
1996-01-18,867.2,871.5,862.8,867.2
1996-01-19,873.2,877.6,868.8,873.2
1996-01-22,876.8,881.2,872.5,876.8
1996-01-23,875.3,879.7,871.0,875.3
1996-01-24,875.6,879.9,871.2,875.6
1996-01-25,876.8,881.2,872.4,876.8
1996-01-26,879.3,883.7,874.9,879.3
1996-01-29,875.4,879.7,871.0,875.4
1996-01-30,877.3,881.7,872.9,877.3
1996-01-31,875.0,879.4,870.7,875.0
1996-02-01,876.4,880.8,872.0,876.4
1996-02-02,881.3,885.7,876.8,881.3
1996-02-05,870.8,875.2,866.5,870.8
1996-02-06,869.2,873.6,864.9,869.2
1996-02-07,867.2,871.6,862.9,867.2
1996-02-08,856.1,860.4,851.9,856.1
1996-02-09,865.6,870.0,861.3,865.6
1996-02-12,854.4,858.6,850.1,854.4
1996-02-13,864.1,868.4,859.8,864.1
1996-02-14,850.3,854.5,846.0,850.3
1996-02-15,835.9,840.0,831.7,835.9
1996-02-16,831.7,835.9,827.6,831.7
1996-02-19,832.1,836.2,827.9,832.1
1996-02-20,834.0,838.1,829.8,834.0
1996-02-21,843.1,847.3,838.9,843.1
1996-02-22,834.8,839.0,830.7,834.8
1996-02-23,840.8,845.0,836.6,840.8
1996-02-26,823.6,827.7,819.4,823.6
1996-02-27,814.5,818.5,810.4,814.5
1996-02-28,811.5,815.6,807.5,811.5
1996-02-29,801.9,805.9,797.9,801.9
1996-03-01,804.9,809.0,800.9,804.9
1996-03-04,797.5,801.5,793.5,797.5
1996-03-05,805.4,809.4,801.3,805.4
1996-03-06,811.7,815.8,807.7,811.7
1996-03-07,805.2,809.3,801.2,805.2
1996-03-08,801.6,805.7,797.6,801.6
1996-03-11,798.6,802.6,794.6,798.6
1996-03-12,808.9,813.0,804.9,808.9
1996-03-13,800.2,804.2,796.2,800.2
1996-03-14,780.4,784.3,776.5,780.4
1996-03-15,777.3,781.2,773.4,777.3
1996-03-18,768.6,772.5,764.8,768.6
1996-03-19,757.1,760.9,753.3,757.1
1996-03-20,758.0,761.8,754.2,758.0
1996-03-21,749.8,753.5,746.0,749.8
1996-03-22,753.9,757.7,750.2,753.9
1996-03-25,744.1,747.8,740.3,744.1
1996-03-26,769.0,772.9,765.2,769.0
1996-03-27,777.7,781.6,773.8,777.7
1996-03-28,771.7,775.6,767.9,771.7
1996-03-29,765.7,769.6,761.9,765.7
1996-04-01,763.4,767.2,759.6,763.4
1996-04-02,769.6,773.4,765.7,769.6
1996-04-03,766.1,769.9,762.2,766.1
1996-04-04,757.1,760.9,753.3,757.1
1996-04-05,746.3,750.0,742.5,746.3
1996-04-08,745.6,749.4,741.9,745.6
1996-04-09,741.0,744.7,737.2,741.0
1996-04-10,744.3,748.1,740.6,744.3
1996-04-11,728.7,732.4,725.1,728.7
1996-04-12,734.1,737.8,730.5,734.1
1996-04-15,731.5,735.2,727.8,731.5
1996-04-16,719.3,722.9,715.7,719.3
1996-04-17,724.1,727.7,720.5,724.1
1996-04-18,729.7,733.3,726.0,729.7
1996-04-19,724.8,728.5,721.2,724.8
1996-04-22,729.9,733.5,726.2,729.9
1996-04-23,720.6,724.2,717.0,720.6
1996-04-24,704.6,708.1,701.1,704.6
1996-04-25,705.7,709.3,702.2,705.7
1996-04-26,701.2,704.8,697.7,701.2
1996-04-29,692.8,696.2,689.3,692.8
1996-04-30,699.9,703.4,696.4,699.9
1996-05-01,703.7,707.2,700.1,703.7
1996-05-02,718.3,721.9,714.7,718.3
1996-05-03,722.9,726.5,719.3,722.9
1996-05-06,726.6,730.3,723.0,726.6
1996-05-07,720.8,724.4,717.2,720.8
1996-05-08,705.7,709.2,702.2,705.7
1996-05-09,722.4,726.0,718.8,722.4
1996-05-10,727.0,730.7,723.4,727.0
1996-05-13,738.2,741.9,734.5,738.2
1996-05-14,729.2,732.9,725.6,729.2
1996-05-15,737.1,740.8,733.5,737.1
1996-05-16,739.2,742.9,735.5,739.2
1996-05-17,746.9,750.7,743.2,746.9
1996-05-20,749.0,752.8,745.3,749.0
1996-05-21,746.4,750.1,742.7,746.4
1996-05-22,747.7,751.4,744.0,747.7
1996-05-23,744.2,747.9,740.4,744.2
1996-05-24,749.6,753.4,745.9,749.6
1996-05-27,741.1,744.8,737.4,741.1
1996-05-28,735.1,738.8,731.4,735.1
1996-05-29,733.4,737.1,729.7,733.4
1996-05-30,737.5,741.2,733.8,737.5
1996-05-31,737.2,740.9,733.5,737.2
1996-06-03,732.9,736.6,729.3,732.9
1996-06-04,740.1,743.8,736.4,740.1
1996-06-05,743.4,747.1,739.7,743.4
1996-06-06,738.8,742.5,735.1,738.8
1996-06-07,730.2,733.8,726.5,730.2
1996-06-10,726.7,730.4,723.1,726.7
1996-06-11,721.6,725.2,718.0,721.6
1996-06-12,715.7,719.2,712.1,715.7
1996-06-13,721.1,724.7,717.5,721.1
1996-06-14,728.9,732.5,725.2,728.9
1996-06-17,726.1,729.7,722.5,726.1
1996-06-18,725.3,728.9,721.6,725.3
1996-06-19,719.1,722.7,715.5,719.1
1996-06-20,710.9,714.5,707.4,710.9
1996-06-21,716.5,720.1,713.0,716.5
1996-06-24,705.4,709.0,701.9,705.4
1996-06-25,701.0,704.5,697.5,701.0
1996-06-26,696.5,700.0,693.0,696.5
1996-06-27,699.9,703.4,696.4,699.9
1996-06-28,698.7,702.1,695.2,698.7
1996-07-01,693.0,696.4,689.5,693.0
1996-07-02,703.0,706.6,699.5,703.0
1996-07-03,714.5,718.0,710.9,714.5
1996-07-04,716.4,720.0,712.8,716.4
1996-07-05,716.5,720.1,712.9,716.5
1996-07-08,710.4,714.0,706.9,710.4
1996-07-09,709.5,713.0,705.9,709.5
1996-07-10,700.2,703.7,696.7,700.2
1996-07-11,706.8,710.3,703.3,706.8
1996-07-12,705.1,708.7,701.6,705.1
1996-07-15,698.1,701.6,694.7,698.1
1996-07-16,695.4,698.9,691.9,695.4
1996-07-17,700.0,703.5,696.5,700.0
1996-07-18,697.6,701.1,694.1,697.6
1996-07-19,691.6,695.0,688.1,691.6
1996-07-22,675.3,678.6,671.9,675.3
1996-07-23,675.2,678.6,671.8,675.2
1996-07-24,678.3,681.7,674.9,678.3
1996-07-25,675.1,678.5,671.7,675.1
1996-07-26,669.9,673.3,666.6,669.9
1996-07-29,661.3,664.6,658.0,661.3
1996-07-30,659.6,662.9,656.3,659.6
1996-07-31,652.9,656.2,649.6,652.9
1996-08-01,646.8,650.1,643.6,646.8
1996-08-02,645.1,648.3,641.9,645.1
1996-08-05,658.3,661.6,655.1,658.3
1996-08-06,675.3,678.6,671.9,675.3
1996-08-07,683.3,686.7,679.9,683.3
1996-08-08,687.2,690.7,683.8,687.2
1996-08-09,673.2,676.6,669.8,673.2
1996-08-12,690.1,693.5,686.6,690.1
1996-08-13,691.7,695.2,688.3,691.7
1996-08-14,683.1,686.5,679.6,683.1
1996-08-15,700.6,704.1,697.1,700.6
1996-08-16,698.3,701.8,694.8,698.3
1996-08-19,700.9,704.4,697.4,700.9
1996-08-20,697.0,700.4,693.5,697.0
1996-08-21,699.1,702.6,695.6,699.1
1996-08-22,702.0,705.5,698.5,702.0
1996-08-23,705.8,709.3,702.3,705.8
1996-08-26,710.8,714.3,707.2,710.8
1996-08-27,709.2,712.8,705.7,709.2
1996-08-28,708.1,711.6,704.6,708.1
1996-08-29,705.3,708.8,701.7,705.3
1996-08-30,695.9,699.3,692.4,695.9
1996-09-02,686.8,690.2,683.4,686.8
1996-09-03,683.2,686.6,679.7,683.2
1996-09-04,690.2,693.6,686.7,690.2
1996-09-05,691.5,694.9,688.0,691.5
1996-09-06,688.9,692.4,685.5,688.9
1996-09-09,683.9,687.3,680.5,683.9
1996-09-10,674.5,677.8,671.1,674.5
1996-09-11,667.3,670.6,663.9,667.3
1996-09-12,667.4,670.7,664.1,667.4
1996-09-13,666.5,669.8,663.2,666.5
1996-09-16,669.3,672.7,666.0,669.3
1996-09-17,666.7,670.0,663.4,666.7
1996-09-18,669.4,672.7,666.0,669.4
1996-09-19,658.0,661.3,654.7,658.0
1996-09-20,651.1,654.3,647.8,651.1
1996-09-23,651.1,654.3,647.8,651.1
1996-09-24,650.7,653.9,647.4,650.7
1996-09-25,655.0,658.3,651.7,655.0
1996-09-26,661.9,665.2,658.6,661.9
1996-09-27,668.7,672.1,665.4,668.7
1996-09-30,676.1,679.5,672.7,676.1
1996-10-01,685.6,689.0,682.2,685.6
1996-10-02,680.7,684.2,677.3,680.7
1996-10-03,693.3,696.8,689.8,693.3
1996-10-04,709.0,712.6,705.5,709.0
1996-10-07,695.3,698.8,691.8,695.3
1996-10-08,688.3,691.7,684.8,688.3
1996-10-09,687.7,691.1,684.2,687.7
1996-10-10,686.2,689.7,682.8,686.2
1996-10-11,672.5,675.9,669.2,672.5
1996-10-14,662.8,666.1,659.5,662.8
1996-10-15,662.4,665.7,659.1,662.4
1996-10-16,659.2,662.5,655.9,659.2
1996-10-17,661.4,664.7,658.1,661.4
1996-10-18,672.0,675.4,668.7,672.0
1996-10-21,660.3,663.6,657.0,660.3
1996-10-22,673.1,676.4,669.7,673.1
1996-10-23,682.4,685.8,679.0,682.4
1996-10-24,668.3,671.7,665.0,668.3
1996-10-25,658.3,661.6,655.0,658.3
1996-10-28,652.4,655.7,649.2,652.4
1996-10-29,644.7,647.9,641.5,644.7
1996-10-30,646.9,650.2,643.7,646.9
1996-10-31,649.4,652.6,646.2,649.4
1996-11-01,649.0,652.2,645.7,649.0
1996-11-04,648.3,651.5,645.0,648.3
1996-11-05,645.7,648.9,642.4,645.7
1996-11-06,646.5,649.7,643.2,646.5
1996-11-07,656.7,660.0,653.4,656.7
1996-11-08,639.5,642.7,636.3,639.5
1996-11-11,636.8,640.0,633.7,636.8
1996-11-12,638.3,641.5,635.1,638.3
1996-11-13,636.2,639.4,633.0,636.2
1996-11-14,636.7,639.9,633.5,636.7
1996-11-15,642.6,645.8,639.4,642.6
1996-11-18,636.3,639.4,633.1,636.3
1996-11-19,648.3,651.5,645.0,648.3
1996-11-20,636.9,640.1,633.7,636.9
1996-11-21,639.0,642.2,635.8,639.0
1996-11-22,637.1,640.3,633.9,637.1
1996-11-25,635.6,638.7,632.4,635.6
1996-11-26,638.4,641.6,635.2,638.4
1996-11-27,632.7,635.8,629.5,632.7
1996-11-28,637.7,640.9,634.5,637.7
1996-11-29,647.8,651.0,644.5,647.8
1996-12-02,641.8,645.0,638.6,641.8
1996-12-03,636.3,639.5,633.1,636.3
1996-12-04,641.9,645.1,638.7,641.9
1996-12-05,645.4,648.6,642.2,645.4
1996-12-06,633.3,636.5,630.1,633.3
1996-12-09,633.3,636.4,630.1,633.3
1996-12-10,635.8,639.0,632.6,635.8
1996-12-11,633.2,636.3,630.0,633.2
1996-12-12,640.0,643.2,636.8,640.0
1996-12-13,627.8,630.9,624.6,627.8
1996-12-16,611.6,614.6,608.5,611.6
1996-12-17,616.7,619.8,613.6,616.7
1996-12-18,610.3,613.3,607.2,610.3
1996-12-19,608.8,611.9,605.8,608.8
1996-12-20,600.9,603.9,597.9,600.9
1996-12-23,603.8,606.9,600.8,603.8
1996-12-24,604.8,607.8,601.8,604.8
1996-12-25,602.8,605.9,599.8,602.8
1996-12-26,594.4,597.4,591.5,594.4
1996-12-27,592.8,595.7,589.8,592.8
1996-12-30,592.9,595.8,589.9,592.9
1996-12-31,589.0,591.9,586.0,589.0
1997-01-01,585.8,588.8,582.9,585.8
1997-01-02,585.5,588.4,582.5,585.5
1997-01-03,589.0,591.9,586.1,589.0
1997-01-06,589.6,592.5,586.7,589.6
1997-01-07,595.7,598.7,592.7,595.7
1997-01-08,594.1,597.1,591.1,594.1
1997-01-09,598.9,601.9,596.0,598.9
1997-01-10,590.8,593.7,587.8,590.8
1997-01-13,590.9,593.9,588.0,590.9
1997-01-14,591.9,594.8,588.9,591.9
1997-01-15,604.4,607.5,601.4,604.4
1997-01-16,598.7,601.7,595.8,598.7
1997-01-17,590.2,593.2,587.3,590.2
1997-01-20,583.4,586.3,580.5,583.4
1997-01-21,578.9,581.8,576.0,578.9
1997-01-22,580.6,583.5,577.7,580.6
1997-01-23,572.5,575.4,569.6,572.5
1997-01-24,574.1,576.9,571.2,574.1
1997-01-27,572.5,575.4,569.7,572.5
1997-01-28,577.2,580.1,574.3,577.2
1997-01-29,580.0,582.9,577.1,580.0
1997-01-30,583.7,586.6,580.8,583.7
1997-01-31,585.3,588.3,582.4,585.3
1997-02-03,589.8,592.7,586.8,589.8
1997-02-04,579.7,582.6,576.8,579.7
1997-02-05,570.3,573.1,567.4,570.3
1997-02-06,569.5,572.3,566.6,569.5
1997-02-07,569.3,572.1,566.4,569.3
1997-02-10,561.6,564.4,558.8,561.6
1997-02-11,564.4,567.2,561.6,564.4
1997-02-12,556.5,559.3,553.7,556.5
1997-02-13,554.8,557.6,552.0,554.8
1997-02-14,554.5,557.3,551.8,554.5
1997-02-17,556.5,559.2,553.7,556.5
1997-02-18,553.3,556.1,550.5,553.3
1997-02-19,559.9,562.7,557.1,559.9
1997-02-20,568.7,571.6,565.9,568.7
1997-02-21,576.3,579.2,573.4,576.3
1997-02-24,583.7,586.6,580.8,583.7
1997-02-25,587.7,590.7,584.8,587.7
1997-02-26,589.0,591.9,586.0,589.0
1997-02-27,582.6,585.5,579.7,582.6
1997-02-28,577.5,580.4,574.6,577.5
1997-03-03,578.3,581.2,575.4,578.3
1997-03-04,566.6,569.4,563.7,566.6
1997-03-05,572.5,575.4,569.6,572.5
1997-03-06,567.5,570.3,564.6,567.5
1997-03-07,563.1,565.9,560.3,563.1
1997-03-10,564.9,567.7,562.1,564.9
1997-03-11,565.0,567.8,562.1,565.0
1997-03-12,561.2,564.0,558.4,561.2
1997-03-13,554.9,557.7,552.1,554.9
1997-03-14,545.7,548.4,543.0,545.7
1997-03-17,532.2,534.9,529.6,532.2
1997-03-18,540.2,542.9,537.5,540.2
1997-03-19,538.6,541.3,535.9,538.6
1997-03-20,533.4,536.1,530.7,533.4
1997-03-21,537.4,540.0,534.7,537.4
1997-03-24,531.7,534.3,529.0,531.7
1997-03-25,527.4,530.1,524.8,527.4
1997-03-26,533.9,536.5,531.2,533.9
1997-03-27,537.5,540.2,534.9,537.5
1997-03-28,538.0,540.7,535.3,538.0
1997-03-31,533.3,536.0,530.6,533.3
1997-04-01,534.4,537.1,531.8,534.4
1997-04-02,537.0,539.7,534.4,537.0
1997-04-03,537.8,540.5,535.1,537.8
1997-04-04,543.5,546.2,540.8,543.5
1997-04-07,536.0,538.7,533.3,536.0
1997-04-08,533.9,536.5,531.2,533.9
1997-04-09,536.2,538.8,533.5,536.2
1997-04-10,532.3,535.0,529.7,532.3
1997-04-11,536.7,539.4,534.0,536.7
1997-04-14,541.8,544.5,539.1,541.8
1997-04-15,540.9,543.6,538.2,540.9
1997-04-16,541.7,544.4,539.0,541.7
1997-04-17,539.3,542.0,536.6,539.3
1997-04-18,536.5,539.2,533.9,536.5
1997-04-21,541.1,543.8,538.4,541.1
1997-04-22,535.3,538.0,532.6,535.3
1997-04-23,538.5,541.2,535.8,538.5
1997-04-24,534.6,537.3,531.9,534.6
1997-04-25,529.0,531.7,526.4,529.0
1997-04-28,532.3,534.9,529.6,532.3
1997-04-29,534.7,537.4,532.1,534.7
1997-04-30,530.1,532.7,527.4,530.1
1997-05-01,527.9,530.5,525.2,527.9
1997-05-02,526.2,528.8,523.6,526.2
1997-05-05,525.4,528.0,522.7,525.4
1997-05-06,521.8,524.5,519.2,521.8
1997-05-07,530.0,532.6,527.3,530.0
1997-05-08,523.0,525.6,520.4,523.0
1997-05-09,514.2,516.8,511.7,514.2
1997-05-12,512.0,514.6,509.5,512.0
1997-05-13,501.3,503.8,498.8,501.3
1997-05-14,497.4,499.9,494.9,497.4
1997-05-15,494.3,496.8,491.9,494.3
1997-05-16,494.7,497.2,492.3,494.7
1997-05-19,493.0,495.4,490.5,493.0
1997-05-20,494.4,496.9,492.0,494.4
1997-05-21,490.7,493.1,488.2,490.7
1997-05-22,489.1,491.5,486.6,489.1
1997-05-23,492.4,494.9,490.0,492.4
1997-05-26,480.1,482.5,477.7,480.1
1997-05-27,483.0,485.4,480.6,483.0
1997-05-28,472.8,475.1,470.4,472.8
1997-05-29,473.9,476.3,471.5,473.9
1997-05-30,477.5,479.9,475.1,477.5
1997-06-02,479.1,481.5,476.7,479.1
1997-06-03,476.6,479.0,474.2,476.6
1997-06-04,478.7,481.0,476.3,478.7
1997-06-05,474.5,476.9,472.2,474.5
1997-06-06,482.2,484.6,479.8,482.2
1997-06-09,485.7,488.2,483.3,485.7
1997-06-10,481.1,483.5,478.7,481.1
1997-06-11,488.3,490.7,485.8,488.3
1997-06-12,489.2,491.6,486.7,489.2
1997-06-13,483.4,485.9,481.0,483.4
1997-06-16,488.3,490.8,485.9,488.3
1997-06-17,496.2,498.7,493.8,496.2
1997-06-18,494.3,496.8,491.9,494.3
1997-06-19,495.6,498.1,493.1,495.6
1997-06-20,494.9,497.3,492.4,494.9
1997-06-23,496.0,498.5,493.6,496.0
1997-06-24,499.2,501.7,496.7,499.2
1997-06-25,503.0,505.5,500.5,503.0
1997-06-26,492.8,495.3,490.3,492.8
1997-06-27,489.6,492.0,487.1,489.6
1997-06-30,492.7,495.2,490.2,492.7
1997-07-01,488.3,490.7,485.8,488.3
1997-07-02,489.4,491.8,486.9,489.4
1997-07-03,484.2,486.7,481.8,484.2
1997-07-04,487.1,489.5,484.7,487.1
1997-07-07,485.6,488.1,483.2,485.6
1997-07-08,487.9,490.4,485.5,487.9
1997-07-09,489.1,491.5,486.6,489.1
1997-07-10,481.5,483.9,479.1,481.5
1997-07-11,491.1,493.5,488.6,491.1
1997-07-14,482.8,485.2,480.4,482.8
1997-07-15,494.0,496.5,491.6,494.0
1997-07-16,482.4,484.9,480.0,482.4
1997-07-17,482.1,484.5,479.7,482.1
1997-07-18,474.7,477.0,472.3,474.7
1997-07-21,481.0,483.4,478.6,481.0
1997-07-22,475.5,477.9,473.1,475.5
1997-07-23,469.8,472.1,467.4,469.8
1997-07-24,469.7,472.1,467.4,469.7
1997-07-25,476.3,478.7,473.9,476.3
1997-07-28,480.5,482.9,478.1,480.5
1997-07-29,478.6,481.0,476.2,478.6
1997-07-30,476.3,478.7,473.9,476.3
1997-07-31,478.0,480.4,475.6,478.0
1997-08-01,477.2,479.6,474.8,477.2
1997-08-04,475.8,478.2,473.4,475.8
1997-08-05,474.3,476.7,471.9,474.3
1997-08-06,476.4,478.8,474.0,476.4
1997-08-07,477.6,480.0,475.3,477.6
1997-08-08,483.8,486.2,481.4,483.8
1997-08-11,478.5,480.9,476.1,478.5
1997-08-12,474.4,476.8,472.0,474.4
1997-08-13,473.0,475.4,470.7,473.0
1997-08-14,471.2,473.6,468.8,471.2
1997-08-15,474.4,476.8,472.0,474.4
1997-08-18,467.5,469.9,465.2,467.5
1997-08-19,472.7,475.0,470.3,472.7
1997-08-20,470.3,472.7,468.0,470.3
1997-08-21,474.9,477.3,472.5,474.9
1997-08-22,485.4,487.8,482.9,485.4
1997-08-25,487.3,489.8,484.9,487.3
1997-08-26,488.3,490.7,485.9,488.3
1997-08-27,491.4,493.9,489.0,491.4
1997-08-28,487.9,490.4,485.5,487.9
1997-08-29,487.1,489.6,484.7,487.1
1997-09-01,481.3,483.8,478.9,481.3
1997-09-02,476.8,479.2,474.4,476.8
1997-09-03,476.7,479.1,474.3,476.7
1997-09-04,475.5,477.9,473.2,475.5
1997-09-05,476.0,478.4,473.6,476.0
1997-09-08,474.0,476.4,471.6,474.0
1997-09-09,471.2,473.5,468.8,471.2
1997-09-10,473.9,476.3,471.6,473.9
1997-09-11,469.6,471.9,467.2,469.6
1997-09-12,469.3,471.7,467.0,469.3
1997-09-15,472.1,474.4,469.7,472.1
1997-09-16,473.7,476.0,471.3,473.7
1997-09-17,471.8,474.2,469.4,471.8
1997-09-18,462.1,464.4,459.8,462.1
1997-09-19,459.4,461.7,457.1,459.4
1997-09-22,466.9,469.2,464.5,466.9
1997-09-23,464.3,466.6,461.9,464.3
1997-09-24,462.8,465.1,460.5,462.8
1997-09-25,462.2,464.5,459.9,462.2
1997-09-26,462.8,465.1,460.5,462.8
1997-09-29,457.5,459.8,455.2,457.5
1997-09-30,459.7,462.0,457.4,459.7
1997-10-01,459.9,462.2,457.6,459.9
1997-10-02,450.9,453.2,448.7,450.9
1997-10-03,438.8,441.0,436.6,438.8
1997-10-06,435.2,437.3,433.0,435.2
1997-10-07,429.6,431.7,427.5,429.6
1997-10-08,431.0,433.1,428.8,431.0
1997-10-09,429.3,431.4,427.1,429.3
1997-10-10,431.3,433.5,429.2,431.3
1997-10-13,432.4,434.6,430.2,432.4
1997-10-14,427.8,429.9,425.6,427.8
1997-10-15,426.1,428.3,424.0,426.1
1997-10-16,423.8,425.9,421.6,423.8
1997-10-17,427.9,430.1,425.8,427.9
1997-10-20,426.2,428.3,424.0,426.2
1997-10-21,431.5,433.6,429.3,431.5
1997-10-22,436.7,438.9,434.6,436.7
1997-10-23,435.5,437.7,433.3,435.5
1997-10-24,432.3,434.4,430.1,432.3
1997-10-27,427.1,429.2,425.0,427.1
1997-10-28,429.9,432.0,427.7,429.9
1997-10-29,429.0,431.1,426.8,429.0
1997-10-30,425.4,427.5,423.3,425.4
1997-10-31,429.0,431.1,426.8,429.0
1997-11-03,431.7,433.9,429.6,431.7
1997-11-04,427.0,429.1,424.9,427.0
1997-11-05,428.1,430.2,425.9,428.1
1997-11-06,430.1,432.2,427.9,430.1
1997-11-07,436.6,438.8,434.4,436.6
1997-11-10,434.0,436.2,431.8,434.0
1997-11-11,433.0,435.2,430.9,433.0
1997-11-12,434.9,437.1,432.7,434.9
1997-11-13,439.2,441.4,437.0,439.2
1997-11-14,439.6,441.8,437.4,439.6
1997-11-17,438.3,440.5,436.1,438.3
1997-11-18,434.6,436.8,432.5,434.6
1997-11-19,432.1,434.3,430.0,432.1
1997-11-20,430.4,432.6,428.3,430.4
1997-11-21,432.4,434.5,430.2,432.4
1997-11-24,432.2,434.4,430.1,432.2
1997-11-25,428.2,430.3,426.0,428.2
1997-11-26,430.7,432.9,428.6,430.7
1997-11-27,428.9,431.0,426.7,428.9
1997-11-28,427.2,429.3,425.0,427.2
1997-12-01,428.3,430.4,426.1,428.3
1997-12-02,430.8,433.0,428.7,430.8
1997-12-03,431.0,433.1,428.8,431.0
1997-12-04,437.4,439.6,435.2,437.4
1997-12-05,428.0,430.1,425.8,428.0
1997-12-08,429.9,432.0,427.7,429.9
1997-12-09,424.4,426.5,422.3,424.4
1997-12-10,423.2,425.3,421.1,423.2
1997-12-11,422.2,424.3,420.1,422.2
1997-12-12,421.0,423.1,418.9,421.0
1997-12-15,415.4,417.5,413.3,415.4
1997-12-16,409.1,411.2,407.1,409.1
1997-12-17,400.8,402.8,398.8,400.8
1997-12-18,399.9,401.9,397.9,399.9
1997-12-19,400.5,402.5,398.5,400.5
1997-12-22,402.0,404.0,400.0,402.0
1997-12-23,406.5,408.5,404.4,406.5
1997-12-24,409.4,411.5,407.4,409.4
1997-12-25,412.8,414.8,410.7,412.8
1997-12-26,407.9,409.9,405.9,407.9
1997-12-29,410.9,412.9,408.8,410.9
1997-12-30,411.6,413.6,409.5,411.6
1997-12-31,405.5,407.5,403.5,405.5
1998-01-01,409.5,411.5,407.4,409.5
1998-01-02,405.1,407.1,403.1,405.1
1998-01-05,399.5,401.5,397.5,399.5
1998-01-06,405.3,407.4,403.3,405.3
1998-01-07,405.6,407.6,403.6,405.6
1998-01-08,400.7,402.7,398.7,400.7
1998-01-09,398.1,400.1,396.1,398.1
1998-01-12,401.1,403.1,399.1,401.1
1998-01-13,395.7,397.7,393.7,395.7
1998-01-14,394.8,396.8,392.8,394.8
1998-01-15,393.9,395.9,391.9,393.9
1998-01-16,404.4,406.4,402.4,404.4
1998-01-19,396.9,398.9,395.0,396.9
1998-01-20,390.8,392.8,388.9,390.8
1998-01-21,388.4,390.3,386.4,388.4
1998-01-22,385.7,387.6,383.8,385.7
1998-01-23,385.8,387.7,383.9,385.8
1998-01-26,383.1,385.0,381.2,383.1
1998-01-27,386.4,388.4,384.5,386.4
1998-01-28,386.6,388.6,384.7,386.6
1998-01-29,382.7,384.6,380.8,382.7
1998-01-30,381.7,383.6,379.8,381.7
1998-02-02,380.1,382.0,378.2,380.1
1998-02-03,384.6,386.5,382.7,384.6
1998-02-04,387.8,389.7,385.8,387.8
1998-02-05,390.1,392.1,388.2,390.1
1998-02-06,386.8,388.7,384.9,386.8
1998-02-09,386.8,388.8,384.9,386.8
1998-02-10,382.0,383.9,380.1,382.0
1998-02-11,384.3,386.2,382.4,384.3
1998-02-12,388.6,390.6,386.7,388.6
1998-02-13,380.0,381.9,378.1,380.0
1998-02-16,378.7,380.6,376.8,378.7
1998-02-17,378.3,380.1,376.4,378.3
1998-02-18,381.6,383.5,379.7,381.6
1998-02-19,379.0,380.9,377.1,379.0
1998-02-20,376.5,378.4,374.6,376.5
1998-02-23,376.2,378.1,374.3,376.2
1998-02-24,378.4,380.3,376.5,378.4
1998-02-25,378.9,380.8,377.0,378.9
1998-02-26,381.9,383.8,380.0,381.9
1998-02-27,384.1,386.0,382.1,384.1
1998-03-02,379.7,381.6,377.8,379.7
1998-03-03,379.3,381.2,377.4,379.3
1998-03-04,380.9,382.8,379.0,380.9
1998-03-05,377.3,379.2,375.4,377.3
1998-03-06,374.3,376.2,372.5,374.3
1998-03-09,367.8,369.6,366.0,367.8
1998-03-10,372.2,374.0,370.3,372.2
1998-03-11,380.0,381.9,378.1,380.0
1998-03-12,376.8,378.7,374.9,376.8
1998-03-13,378.4,380.3,376.5,378.4
1998-03-16,381.6,383.5,379.7,381.6
1998-03-17,376.4,378.3,374.5,376.4
1998-03-18,377.1,379.0,375.2,377.1
1998-03-19,381.3,383.2,379.4,381.3
1998-03-20,379.5,381.4,377.6,379.5
1998-03-23,377.6,379.5,375.7,377.6
1998-03-24,381.9,383.8,380.0,381.9
1998-03-25,379.3,381.2,377.4,379.3
1998-03-26,376.3,378.2,374.5,376.3
1998-03-27,374.9,376.8,373.0,374.9
1998-03-30,380.1,382.0,378.2,380.1
1998-03-31,382.0,383.9,380.1,382.0
1998-04-01,383.1,385.0,381.2,383.1
1998-04-02,383.8,385.7,381.9,383.8
1998-04-03,378.5,380.4,376.6,378.5
1998-04-06,378.8,380.7,376.9,378.8
1998-04-07,376.3,378.1,374.4,376.3
1998-04-08,374.7,376.5,372.8,374.7
1998-04-09,372.9,374.8,371.1,372.9
1998-04-10,375.6,377.5,373.7,375.6
1998-04-13,380.5,382.4,378.6,380.5
1998-04-14,376.0,377.9,374.2,376.0
1998-04-15,378.9,380.8,377.0,378.9
1998-04-16,377.3,379.1,375.4,377.3
1998-04-17,379.0,380.9,377.1,379.0
1998-04-20,378.3,380.2,376.4,378.3
1998-04-21,375.0,376.9,373.1,375.0
1998-04-22,371.9,373.7,370.0,371.9
1998-04-23,370.3,372.2,368.5,370.3
1998-04-24,370.9,372.8,369.1,370.9
1998-04-27,371.1,373.0,369.3,371.1
1998-04-28,380.9,382.8,379.0,380.9
1998-04-29,381.5,383.4,379.6,381.5
1998-04-30,375.5,377.4,373.6,375.5
1998-05-01,378.7,380.6,376.8,378.7
1998-05-04,378.7,380.6,376.8,378.7
1998-05-05,376.8,378.7,375.0,376.8
1998-05-06,371.7,373.6,369.9,371.7
1998-05-07,369.7,371.6,367.9,369.7
1998-05-08,372.9,374.8,371.1,372.9
1998-05-11,372.8,374.7,370.9,372.8
1998-05-12,376.4,378.3,374.5,376.4
1998-05-13,379.6,381.5,377.7,379.6
1998-05-14,378.8,380.7,376.9,378.8
1998-05-15,366.3,368.1,364.5,366.3
1998-05-18,361.5,363.3,359.7,361.5
1998-05-19,355.5,357.2,353.7,355.5
1998-05-20,360.0,361.8,358.2,360.0
1998-05-21,361.1,362.9,359.3,361.1
1998-05-22,359.6,361.4,357.8,359.6
1998-05-25,356.4,358.1,354.6,356.4
1998-05-26,359.5,361.3,357.7,359.5
1998-05-27,355.7,357.4,353.9,355.7
1998-05-28,350.6,352.4,348.9,350.6
1998-05-29,345.6,347.3,343.9,345.6
1998-06-01,345.3,347.0,343.6,345.3
1998-06-02,342.4,344.1,340.7,342.4
1998-06-03,345.8,347.5,344.1,345.8
1998-06-04,345.5,347.3,343.8,345.5
1998-06-05,340.5,342.2,338.8,340.5
1998-06-08,339.0,340.6,337.3,339.0
1998-06-09,335.6,337.3,333.9,335.6
1998-06-10,335.3,337.0,333.6,335.3
1998-06-11,339.1,340.8,337.4,339.1
1998-06-12,338.5,340.1,336.8,338.5
1998-06-15,335.4,337.0,333.7,335.4
1998-06-16,336.8,338.5,335.2,336.8
1998-06-17,335.3,337.0,333.6,335.3
1998-06-18,337.0,338.7,335.3,337.0
1998-06-19,337.9,339.6,336.3,337.9
1998-06-22,333.5,335.1,331.8,333.5
1998-06-23,329.0,330.7,327.4,329.0
1998-06-24,327.9,329.5,326.3,327.9
1998-06-25,329.4,331.1,327.8,329.4
1998-06-26,335.3,337.0,333.6,335.3
1998-06-29,330.6,332.2,328.9,330.6
1998-06-30,327.1,328.8,325.5,327.1
1998-07-01,330.3,332.0,328.6,330.3
1998-07-02,330.8,332.5,329.2,330.8
1998-07-03,330.0,331.7,328.4,330.0
1998-07-06,331.4,333.0,329.7,331.4
1998-07-07,335.2,336.9,333.5,335.2
1998-07-08,338.1,339.8,336.4,338.1
1998-07-09,335.1,336.8,333.5,335.1
1998-07-10,336.0,337.7,334.4,336.0
1998-07-13,338.4,340.1,336.7,338.4
1998-07-14,336.7,338.4,335.0,336.7
1998-07-15,337.2,338.9,335.6,337.2
1998-07-16,334.6,336.3,332.9,334.6
1998-07-17,330.9,332.5,329.2,330.9
1998-07-20,331.1,332.7,329.4,331.1
1998-07-21,333.5,335.2,331.9,333.5
1998-07-22,335.4,337.1,333.7,335.4
1998-07-23,330.3,331.9,328.6,330.3
1998-07-24,334.0,335.7,332.4,334.0
1998-07-27,334.5,336.2,332.8,334.5
1998-07-28,337.3,339.0,335.6,337.3
1998-07-29,333.4,335.1,331.7,333.4
1998-07-30,335.4,337.0,333.7,335.4
1998-07-31,336.5,338.2,334.9,336.5
1998-08-03,331.1,332.7,329.4,331.1
1998-08-04,331.8,333.4,330.1,331.8
1998-08-05,327.7,329.4,326.1,327.7
1998-08-06,327.2,328.9,325.6,327.2
1998-08-07,334.1,335.8,332.4,334.1
1998-08-10,333.4,335.1,331.7,333.4
1998-08-11,332.1,333.8,330.5,332.1
1998-08-12,326.5,328.2,324.9,326.5
1998-08-13,326.8,328.5,325.2,326.8
1998-08-14,325.7,327.4,324.1,325.7
1998-08-17,318.1,319.7,316.5,318.1
1998-08-18,314.4,316.0,312.8,314.4
1998-08-19,317.1,318.7,315.5,317.1
1998-08-20,321.0,322.6,319.4,321.0
1998-08-21,320.7,322.3,319.1,320.7
1998-08-24,322.8,324.4,321.2,322.8
1998-08-25,322.3,323.9,320.7,322.3
1998-08-26,319.3,320.9,317.7,319.3
1998-08-27,325.7,327.3,324.1,325.7
1998-08-28,320.5,322.1,318.9,320.5
1998-08-31,320.6,322.2,319.0,320.6
1998-09-01,318.1,319.7,316.6,318.1
1998-09-02,317.0,318.6,315.4,317.0
1998-09-03,321.5,323.1,319.9,321.5
1998-09-04,320.9,322.5,319.3,320.9
1998-09-07,318.6,320.2,317.0,318.6
1998-09-08,316.3,317.8,314.7,316.3
1998-09-09,317.5,319.1,315.9,317.5
1998-09-10,314.0,315.5,312.4,314.0
1998-09-11,313.8,315.4,312.3,313.8
1998-09-14,312.3,313.9,310.8,312.3
1998-09-15,309.5,311.1,308.0,309.5
1998-09-16,304.9,306.4,303.3,304.9
1998-09-17,304.9,306.4,303.4,304.9
1998-09-18,303.7,305.2,302.2,303.7
1998-09-21,303.7,305.2,302.2,303.7
1998-09-22,297.0,298.5,295.5,297.0
1998-09-23,295.9,297.3,294.4,295.9
1998-09-24,298.7,300.2,297.2,298.7
1998-09-25,293.8,295.3,292.4,293.8
1998-09-28,299.2,300.7,297.7,299.2
1998-09-29,300.4,301.9,298.9,300.4
1998-09-30,299.9,301.4,298.4,299.9
1998-10-01,300.0,301.5,298.5,300.0
1998-10-02,297.4,298.9,295.9,297.4
1998-10-05,302.2,303.7,300.7,302.2
1998-10-06,303.7,305.2,302.2,303.7
1998-10-07,304.9,306.4,303.3,304.9
1998-10-08,308.8,310.4,307.3,308.8
1998-10-09,310.8,312.4,309.3,310.8
1998-10-12,311.2,312.8,309.7,311.2
1998-10-13,312.0,313.5,310.4,312.0
1998-10-14,314.6,316.2,313.0,314.6
1998-10-15,315.6,317.1,314.0,315.6
1998-10-16,312.2,313.7,310.6,312.2
1998-10-19,319.3,320.9,317.7,319.3
1998-10-20,320.6,322.2,319.0,320.6
1998-10-21,320.1,321.7,318.5,320.1
1998-10-22,323.0,324.6,321.4,323.0
1998-10-23,322.2,323.8,320.5,322.2
1998-10-26,319.9,321.5,318.3,319.9
1998-10-27,321.0,322.6,319.4,321.0
1998-10-28,324.2,325.8,322.5,324.2
1998-10-29,324.2,325.9,322.6,324.2
1998-10-30,324.5,326.1,322.9,324.5
1998-11-02,326.2,327.9,324.6,326.2
1998-11-03,326.9,328.6,325.3,326.9
1998-11-04,328.5,330.1,326.8,328.5
1998-11-05,332.1,333.8,330.5,332.1
1998-11-06,335.5,337.1,333.8,335.5
1998-11-09,344.9,346.6,343.2,344.9
1998-11-10,351.2,352.9,349.4,351.2
1998-11-11,348.6,350.3,346.8,348.6
1998-11-12,348.2,349.9,346.5,348.2
1998-11-13,351.1,352.9,349.3,351.1
1998-11-16,347.4,349.2,345.7,347.4
1998-11-17,349.2,350.9,347.4,349.2
1998-11-18,346.9,348.7,345.2,346.9
1998-11-19,347.6,349.3,345.8,347.6
1998-11-20,348.5,350.2,346.7,348.5
1998-11-23,345.2,346.9,343.4,345.2
1998-11-24,354.7,356.5,352.9,354.7
1998-11-25,353.6,355.3,351.8,353.6
1998-11-26,359.4,361.2,357.6,359.4
1998-11-27,354.3,356.1,352.6,354.3
1998-11-30,354.9,356.7,353.2,354.9
1998-12-01,359.2,361.0,357.4,359.2
1998-12-02,359.2,361.0,357.4,359.2
1998-12-03,362.9,364.7,361.1,362.9
1998-12-04,365.9,367.7,364.1,365.9
1998-12-07,365.7,367.5,363.9,365.7
1998-12-08,370.9,372.8,369.1,370.9
1998-12-09,373.6,375.5,371.8,373.6
1998-12-10,368.9,370.8,367.1,368.9
1998-12-11,370.2,372.0,368.3,370.2
1998-12-14,375.4,377.3,373.6,375.4
1998-12-15,375.8,377.7,373.9,375.8
1998-12-16,376.7,378.6,374.8,376.7
1998-12-17,379.3,381.2,377.4,379.3
1998-12-18,373.9,375.8,372.1,373.9
1998-12-21,376.3,378.2,374.4,376.3
1998-12-22,375.9,377.8,374.1,375.9
1998-12-23,379.9,381.8,378.0,379.9
1998-12-24,378.7,380.6,376.8,378.7
1998-12-25,387.2,389.1,385.2,387.2
1998-12-28,387.9,389.8,385.9,387.9
1998-12-29,384.4,386.4,382.5,384.4
1998-12-30,390.2,392.2,388.3,390.2
1998-12-31,393.4,395.3,391.4,393.4
1999-01-01,395.0,396.9,393.0,395.0
1999-01-04,397.0,398.9,395.0,397.0
1999-01-05,396.3,398.3,394.4,396.3
1999-01-06,399.0,401.0,397.0,399.0
1999-01-07,397.5,399.5,395.5,397.5
1999-01-08,405.4,407.4,403.4,405.4
1999-01-11,409.2,411.2,407.2,409.2
1999-01-12,408.7,410.7,406.6,408.7
1999-01-13,407.7,409.7,405.6,407.7
1999-01-14,403.6,405.6,401.6,403.6
1999-01-15,407.4,409.4,405.4,407.4
1999-01-18,407.4,409.4,405.3,407.4
1999-01-19,407.8,409.9,405.8,407.8
1999-01-20,419.1,421.2,417.0,419.1
1999-01-21,412.3,414.4,410.2,412.3
1999-01-22,412.8,414.9,410.7,412.8
1999-01-25,410.4,412.5,408.4,410.4
1999-01-26,409.4,411.5,407.4,409.4
1999-01-27,410.1,412.2,408.1,410.1
1999-01-28,406.1,408.1,404.0,406.1
1999-01-29,409.4,411.4,407.3,409.4
1999-02-01,418.7,420.8,416.6,418.7
1999-02-02,421.3,423.4,419.2,421.3
1999-02-03,425.9,428.1,423.8,425.9
1999-02-04,433.8,435.9,431.6,433.8
1999-02-05,437.0,439.2,434.8,437.0
1999-02-08,430.0,432.1,427.8,430.0
1999-02-09,431.8,434.0,429.7,431.8
1999-02-10,422.1,424.2,420.0,422.1
1999-02-11,420.6,422.7,418.5,420.6
1999-02-12,415.8,417.9,413.7,415.8
1999-02-15,421.3,423.5,419.2,421.3
1999-02-16,419.3,421.4,417.2,419.3
1999-02-17,422.7,424.8,420.6,422.7
1999-02-18,428.1,430.3,426.0,428.1
1999-02-19,425.7,427.8,423.6,425.7
1999-02-22,431.2,433.3,429.0,431.2
1999-02-23,421.4,423.5,419.3,421.4
1999-02-24,417.1,419.2,415.0,417.1
1999-02-25,425.5,427.6,423.4,425.5
1999-02-26,423.9,426.0,421.7,423.9
1999-03-01,429.3,431.4,427.2,429.3
1999-03-02,428.1,430.3,426.0,428.1
1999-03-03,422.9,425.0,420.7,422.9
1999-03-04,421.1,423.2,419.0,421.1
1999-03-05,424.2,426.4,422.1,424.2
1999-03-08,427.9,430.1,425.8,427.9
1999-03-09,436.0,438.2,433.8,436.0
1999-03-10,435.9,438.1,433.7,435.9
1999-03-11,438.7,440.9,436.5,438.7
1999-03-12,438.9,441.1,436.7,438.9
1999-03-15,448.7,450.9,446.4,448.7
1999-03-16,444.4,446.7,442.2,444.4
1999-03-17,449.6,451.8,447.3,449.6
1999-03-18,454.2,456.4,451.9,454.2
1999-03-19,452.7,455.0,450.5,452.7
1999-03-22,457.5,459.8,455.2,457.5
1999-03-23,462.0,464.3,459.7,462.0
1999-03-24,461.1,463.4,458.8,461.1
1999-03-25,460.2,462.5,457.9,460.2
1999-03-26,456.9,459.2,454.6,456.9
1999-03-29,472.4,474.8,470.1,472.4
1999-03-30,472.5,474.9,470.2,472.5
1999-03-31,468.9,471.3,466.6,468.9
1999-04-01,462.1,464.4,459.8,462.1
1999-04-02,461.1,463.5,458.8,461.1
1999-04-05,468.3,470.6,466.0,468.3
1999-04-06,470.1,472.4,467.7,470.1
1999-04-07,474.9,477.3,472.5,474.9
1999-04-08,481.4,483.8,479.0,481.4
1999-04-09,483.3,485.7,480.9,483.3
1999-04-12,488.0,490.4,485.6,488.0
1999-04-13,498.7,501.2,496.2,498.7
1999-04-14,504.7,507.2,502.1,504.7
1999-04-15,508.6,511.2,506.1,508.6
1999-04-16,508.7,511.3,506.2,508.7
1999-04-19,517.1,519.7,514.5,517.1
1999-04-20,520.7,523.3,518.1,520.7
1999-04-21,524.0,526.6,521.4,524.0
1999-04-22,529.4,532.0,526.7,529.4
1999-04-23,532.5,535.2,529.8,532.5
1999-04-26,528.7,531.4,526.1,528.7
1999-04-27,530.8,533.4,528.1,530.8
1999-04-28,526.5,529.1,523.9,526.5
1999-04-29,531.9,534.5,529.2,531.9
1999-04-30,525.2,527.9,522.6,525.2
1999-05-03,530.9,533.5,528.2,530.9
1999-05-04,533.4,536.1,530.7,533.4
1999-05-05,529.3,531.9,526.6,529.3
1999-05-06,531.3,533.9,528.6,531.3
1999-05-07,537.9,540.6,535.2,537.9
1999-05-10,540.0,542.7,537.3,540.0
1999-05-11,543.9,546.7,541.2,543.9
1999-05-12,549.0,551.7,546.2,549.0
1999-05-13,545.0,547.8,542.3,545.0
1999-05-14,547.6,550.3,544.8,547.6
1999-05-17,551.7,554.5,549.0,551.7
1999-05-18,554.0,556.7,551.2,554.0
1999-05-19,547.1,549.8,544.4,547.1
1999-05-20,541.8,544.5,539.0,541.8
1999-05-21,551.8,554.5,549.0,551.8
1999-05-24,561.9,564.7,559.1,561.9
1999-05-25,565.6,568.4,562.7,565.6
1999-05-26,573.1,576.0,570.2,573.1
1999-05-27,567.4,570.2,564.6,567.4
1999-05-28,568.4,571.3,565.6,568.4
1999-05-31,572.2,575.0,569.3,572.2
1999-06-01,569.2,572.1,566.4,569.2
1999-06-02,565.2,568.0,562.3,565.2
1999-06-03,575.9,578.8,573.0,575.9
1999-06-04,574.7,577.5,571.8,574.7
1999-06-07,583.3,586.2,580.4,583.3
1999-06-08,587.8,590.7,584.8,587.8
1999-06-09,596.5,599.4,593.5,596.5
1999-06-10,602.9,606.0,599.9,602.9
1999-06-11,602.9,605.9,599.9,602.9
1999-06-14,600.5,603.5,597.5,600.5
1999-06-15,608.2,611.3,605.2,608.2
1999-06-16,617.8,620.8,614.7,617.8
1999-06-17,634.6,637.8,631.4,634.6
1999-06-18,641.6,644.8,638.4,641.6
1999-06-21,641.9,645.1,638.7,641.9
1999-06-22,639.7,642.8,636.5,639.7
1999-06-23,627.7,630.9,624.6,627.7
1999-06-24,624.4,627.5,621.3,624.4
1999-06-25,618.4,621.5,615.3,618.4
1999-06-28,628.1,631.2,624.9,628.1
1999-06-29,636.4,639.6,633.2,636.4
1999-06-30,652.8,656.0,649.5,652.8
1999-07-01,674.6,678.0,671.3,674.6
1999-07-02,676.6,679.9,673.2,676.6
1999-07-05,676.9,680.3,673.5,676.9
1999-07-06,674.9,678.3,671.6,674.9
1999-07-07,671.2,674.5,667.8,671.2
1999-07-08,687.6,691.0,684.1,687.6
1999-07-09,669.7,673.0,666.3,669.7
1999-07-12,685.5,688.9,682.1,685.5
1999-07-13,680.1,683.5,676.7,680.1
1999-07-14,678.7,682.1,675.3,678.7
1999-07-15,662.7,666.0,659.4,662.7
1999-07-16,672.0,675.3,668.6,672.0
1999-07-19,683.0,686.4,679.6,683.0
1999-07-20,677.2,680.6,673.8,677.2
1999-07-21,686.7,690.1,683.2,686.7
1999-07-22,694.5,698.0,691.0,694.5
1999-07-23,692.2,695.7,688.8,692.2
1999-07-26,683.5,686.9,680.1,683.5
1999-07-27,684.3,687.7,680.8,684.3
1999-07-28,693.8,697.3,690.3,693.8
1999-07-29,689.4,692.8,685.9,689.4
1999-07-30,699.2,702.7,695.7,699.2
1999-08-02,697.9,701.4,694.4,697.9
1999-08-03,699.4,702.9,695.9,699.4
1999-08-04,696.5,699.9,693.0,696.5
1999-08-05,700.0,703.5,696.5,700.0
1999-08-06,708.3,711.8,704.7,708.3
1999-08-09,726.1,729.7,722.4,726.1
1999-08-10,729.1,732.8,725.5,729.1
1999-08-11,719.4,723.0,715.8,719.4
1999-08-12,726.1,729.7,722.4,726.1
1999-08-13,725.8,729.4,722.2,725.8
1999-08-16,729.5,733.2,725.9,729.5
1999-08-17,732.4,736.1,728.8,732.4
1999-08-18,738.6,742.3,734.9,738.6
1999-08-19,737.5,741.2,733.8,737.5
1999-08-20,743.8,747.5,740.1,743.8
1999-08-23,752.9,756.7,749.1,752.9
1999-08-24,759.0,762.8,755.2,759.0
1999-08-25,767.1,771.0,763.3,767.1
1999-08-26,751.8,755.6,748.1,751.8
1999-08-27,751.0,754.7,747.2,751.0
1999-08-30,756.3,760.1,752.5,756.3
1999-08-31,756.7,760.5,753.0,756.7
1999-09-01,751.3,755.1,747.6,751.3
1999-09-02,749.1,752.8,745.3,749.1
1999-09-03,756.0,759.8,752.2,756.0
1999-09-06,766.5,770.4,762.7,766.5
1999-09-07,769.3,773.2,765.5,769.3
1999-09-08,764.0,767.8,760.2,764.0
1999-09-09,773.6,777.5,769.7,773.6
1999-09-10,782.3,786.2,778.4,782.3
1999-09-13,797.7,801.7,793.7,797.7
1999-09-14,793.4,797.3,789.4,793.4
1999-09-15,824.3,828.4,820.2,824.3
1999-09-16,826.9,831.0,822.7,826.9
1999-09-17,821.6,825.7,817.5,821.6
1999-09-20,846.6,850.8,842.3,846.6
1999-09-21,852.9,857.2,848.6,852.9
1999-09-22,854.7,858.9,850.4,854.7
1999-09-23,857.4,861.7,853.2,857.4
1999-09-24,868.0,872.4,863.7,868.0
1999-09-27,874.7,879.1,870.4,874.7
1999-09-28,860.3,864.6,856.0,860.3
1999-09-29,860.7,865.0,856.4,860.7
1999-09-30,868.9,873.2,864.5,868.9
1999-10-01,869.9,874.3,865.6,869.9
1999-10-04,867.1,871.4,862.8,867.1
1999-10-05,867.8,872.2,863.5,867.8
1999-10-06,876.2,880.6,871.8,876.2
1999-10-07,887.8,892.2,883.4,887.8
1999-10-08,878.8,883.2,874.4,878.8
1999-10-11,874.6,879.0,870.2,874.6
1999-10-12,875.6,880.0,871.2,875.6
1999-10-13,871.2,875.6,866.8,871.2
1999-10-14,868.1,872.4,863.8,868.1
1999-10-15,867.9,872.3,863.6,867.9
1999-10-18,881.8,886.2,877.4,881.8
1999-10-19,876.5,880.8,872.1,876.5
1999-10-20,868.6,872.9,864.3,868.6
1999-10-21,865.0,869.3,860.7,865.0
1999-10-22,854.8,859.1,850.5,854.8
1999-10-25,863.9,868.2,859.6,863.9
1999-10-26,868.6,872.9,864.2,868.6
1999-10-27,881.2,885.7,876.8,881.2
1999-10-28,874.9,879.3,870.5,874.9
1999-10-29,879.6,884.0,875.2,879.6
1999-11-01,889.7,894.1,885.2,889.7
1999-11-02,878.9,883.3,874.5,878.9
1999-11-03,884.9,889.3,880.5,884.9
1999-11-04,891.0,895.5,886.6,891.0
1999-11-05,893.5,898.0,889.0,893.5
1999-11-08,890.4,894.8,885.9,890.4
1999-11-09,893.8,898.3,889.4,893.8
1999-11-10,879.8,884.2,875.4,879.8
1999-11-11,887.8,892.2,883.4,887.8
1999-11-12,899.4,903.9,894.9,899.4
1999-11-15,906.8,911.3,902.2,906.8
1999-11-16,923.2,927.8,918.6,923.2
1999-11-17,920.3,924.9,915.7,920.3
1999-11-18,917.3,921.9,912.7,917.3
1999-11-19,918.9,923.5,914.3,918.9
1999-11-22,950.1,954.9,945.4,950.1
1999-11-23,950.6,955.4,945.9,950.6
1999-11-24,974.7,979.5,969.8,974.7
1999-11-25,976.6,981.5,971.7,976.6
1999-11-26,971.2,976.0,966.3,971.2
1999-11-29,998.6,1003.6,993.6,998.6
1999-11-30,1002.3,1007.3,997.3,1002.3
1999-12-01,1002.5,1007.5,997.4,1002.5
1999-12-02,1013.0,1018.1,1007.9,1013.0
1999-12-03,1027.1,1032.2,1021.9,1027.1
1999-12-06,1028.2,1033.4,1023.1,1028.2
1999-12-07,1038.8,1044.0,1033.6,1038.8
1999-12-08,1037.7,1042.9,1032.5,1037.7
1999-12-09,1029.1,1034.3,1024.0,1029.1
1999-12-10,1023.9,1029.0,1018.8,1023.9
1999-12-13,1020.0,1025.1,1014.9,1020.0
1999-12-14,1023.8,1028.9,1018.7,1023.8
1999-12-15,1027.6,1032.7,1022.5,1027.6
1999-12-16,1042.2,1047.4,1037.0,1042.2
1999-12-17,1050.2,1055.4,1044.9,1050.2
1999-12-20,1041.2,1046.4,1036.0,1041.2
1999-12-21,1037.2,1042.4,1032.0,1037.2
1999-12-22,1028.7,1033.8,1023.5,1028.7
1999-12-23,1028.3,1033.4,1023.1,1028.3
1999-12-24,1024.5,1029.6,1019.3,1024.5
1999-12-27,1021.1,1026.2,1016.0,1021.1
1999-12-28,1034.5,1039.7,1029.3,1034.5
1999-12-29,1047.7,1052.9,1042.4,1047.7
1999-12-30,1038.4,1043.6,1033.2,1038.4
1999-12-31,1043.8,1049.0,1038.6,1043.8
2000-01-03,1045.8,1051.0,1040.5,1045.8
2000-01-04,1037.1,1042.3,1032.0,1037.1
2000-01-05,1048.6,1053.9,1043.4,1048.6
2000-01-06,1030.4,1035.6,1025.3,1030.4
2000-01-07,1038.7,1043.9,1033.5,1038.7
2000-01-10,1032.1,1037.3,1027.0,1032.1
2000-01-11,1018.6,1023.7,1013.5,1018.6
2000-01-12,1014.6,1019.7,1009.5,1014.6
2000-01-13,1031.3,1036.4,1026.1,1031.3
2000-01-14,1053.3,1058.6,1048.1,1053.3
2000-01-17,1039.0,1044.2,1033.8,1039.0
2000-01-18,1035.0,1040.2,1029.8,1035.0
2000-01-19,1029.7,1034.9,1024.6,1029.7
2000-01-20,1026.3,1031.5,1021.2,1026.3
2000-01-21,1039.3,1044.5,1034.1,1039.3
2000-01-24,1029.1,1034.3,1024.0,1029.1
2000-01-25,1017.9,1023.0,1012.9,1017.9
2000-01-26,1010.6,1015.7,1005.6,1010.6
2000-01-27,1006.1,1011.1,1001.1,1006.1
2000-01-28,1011.2,1016.2,1006.1,1011.2
2000-01-31,1007.2,1012.2,1002.2,1007.2
2000-02-01,1011.6,1016.6,1006.5,1011.6
2000-02-02,1018.9,1024.0,1013.8,1018.9
2000-02-03,1012.7,1017.7,1007.6,1012.7
2000-02-04,1008.8,1013.8,1003.8,1008.8
2000-02-07,1008.1,1013.1,1003.1,1008.1
2000-02-08,998.9,1003.9,993.9,998.9
2000-02-09,996.6,1001.6,991.6,996.6
2000-02-10,1004.1,1009.1,999.1,1004.1
2000-02-11,1002.1,1007.1,997.1,1002.1
2000-02-14,1008.8,1013.9,1003.8,1008.8
2000-02-15,996.5,1001.4,991.5,996.5
2000-02-16,996.6,1001.6,991.7,996.6
2000-02-17,999.0,1004.0,994.0,999.0
2000-02-18,998.8,1003.8,993.8,998.8
2000-02-21,990.3,995.2,985.3,990.3
2000-02-22,973.3,978.2,968.5,973.3
2000-02-23,981.7,986.6,976.8,981.7
2000-02-24,965.5,970.4,960.7,965.5
2000-02-25,950.9,955.6,946.1,950.9
2000-02-28,952.8,957.6,948.0,952.8
2000-02-29,947.7,952.5,943.0,947.7
2000-03-01,946.1,950.8,941.4,946.1
2000-03-02,932.6,937.3,928.0,932.6
2000-03-03,934.6,939.3,929.9,934.6
2000-03-06,939.2,943.9,934.5,939.2
2000-03-07,923.3,927.9,918.7,923.3
2000-03-08,925.1,929.7,920.5,925.1
2000-03-09,932.7,937.4,928.1,932.7
2000-03-10,919.2,923.7,914.6,919.2
2000-03-13,917.8,922.3,913.2,917.8
2000-03-14,917.6,922.2,913.0,917.6
2000-03-15,920.2,924.8,915.6,920.2
2000-03-16,916.8,921.4,912.2,916.8
2000-03-17,902.6,907.1,898.1,902.6
2000-03-20,896.7,901.2,892.2,896.7
2000-03-21,891.7,896.1,887.2,891.7
2000-03-22,891.3,895.8,886.9,891.3
2000-03-23,902.6,907.1,898.1,902.6
2000-03-24,888.6,893.0,884.1,888.6
2000-03-27,895.4,899.9,891.0,895.4
2000-03-28,911.3,915.8,906.7,911.3
2000-03-29,925.7,930.3,921.0,925.7
2000-03-30,940.0,944.7,935.3,940.0
2000-03-31,939.1,943.8,934.4,939.1
2000-04-03,935.4,940.1,930.7,935.4
2000-04-04,916.4,921.0,911.8,916.4
2000-04-05,912.7,917.3,908.1,912.7
2000-04-06,921.3,925.9,916.7,921.3
2000-04-07,906.4,910.9,901.9,906.4
2000-04-10,895.1,899.6,890.7,895.1
2000-04-11,895.1,899.6,890.7,895.1
2000-04-12,879.3,883.7,874.9,879.3
2000-04-13,895.3,899.8,890.9,895.3
2000-04-14,899.4,903.9,894.9,899.4
2000-04-17,898.9,903.4,894.4,898.9
2000-04-18,904.5,909.1,900.0,904.5
2000-04-19,899.7,904.2,895.2,899.7
2000-04-20,900.4,904.9,895.9,900.4
2000-04-21,890.0,894.5,885.6,890.0
2000-04-24,866.2,870.5,861.8,866.2
2000-04-25,865.6,870.0,861.3,865.6
2000-04-26,879.3,883.7,874.9,879.3
2000-04-27,893.0,897.5,888.5,893.0
2000-04-28,889.6,894.0,885.1,889.6
2000-05-01,882.9,887.3,878.5,882.9
2000-05-02,867.9,872.2,863.5,867.9
2000-05-03,876.4,880.7,872.0,876.4
2000-05-04,878.8,883.2,874.4,878.8
2000-05-05,875.7,880.1,871.3,875.7
2000-05-08,855.2,859.5,850.9,855.2
2000-05-09,839.1,843.3,835.0,839.1
2000-05-10,840.6,844.8,836.4,840.6
2000-05-11,827.5,831.6,823.4,827.5
2000-05-12,833.0,837.1,828.8,833.0
2000-05-15,836.5,840.7,832.3,836.5
2000-05-16,825.4,829.5,821.3,825.4
2000-05-17,826.5,830.6,822.3,826.5
2000-05-18,819.0,823.1,814.9,819.0
2000-05-19,828.0,832.1,823.8,828.0
2000-05-22,854.4,858.7,850.2,854.4
2000-05-23,852.3,856.6,848.1,852.3
2000-05-24,863.8,868.1,859.5,863.8
2000-05-25,870.9,875.2,866.5,870.9
2000-05-26,868.1,872.4,863.8,868.1
2000-05-29,868.5,872.9,864.2,868.5
2000-05-30,855.6,859.9,851.4,855.6
2000-05-31,855.2,859.5,850.9,855.2
2000-06-01,851.7,855.9,847.4,851.7
2000-06-02,861.7,866.0,857.4,861.7
2000-06-05,852.3,856.6,848.1,852.3
2000-06-06,841.8,846.0,837.6,841.8
2000-06-07,832.1,836.3,828.0,832.1
2000-06-08,838.5,842.7,834.3,838.5
2000-06-09,835.9,840.0,831.7,835.9
2000-06-12,818.8,822.9,814.7,818.8
2000-06-13,826.9,831.1,822.8,826.9
2000-06-14,813.6,817.7,809.5,813.6
2000-06-15,808.9,812.9,804.9,808.9
2000-06-16,807.2,811.2,803.2,807.2
2000-06-19,796.3,800.3,792.3,796.3
2000-06-20,782.8,786.7,778.9,782.8
2000-06-21,790.6,794.6,786.7,790.6
2000-06-22,796.7,800.6,792.7,796.7
2000-06-23,797.4,801.4,793.4,797.4
2000-06-26,798.7,802.7,794.7,798.7
2000-06-27,784.9,788.8,780.9,784.9
2000-06-28,789.8,793.7,785.8,789.8
2000-06-29,793.5,797.5,789.6,793.5
2000-06-30,797.3,801.3,793.3,797.3
2000-07-03,798.4,802.4,794.4,798.4
2000-07-04,806.1,810.2,802.1,806.1
2000-07-05,804.4,808.4,800.4,804.4
2000-07-06,804.2,808.2,800.2,804.2
2000-07-07,792.7,796.6,788.7,792.7
2000-07-10,796.1,800.0,792.1,796.1
2000-07-11,790.1,794.1,786.2,790.1
2000-07-12,785.1,789.0,781.1,785.1
2000-07-13,781.7,785.6,777.8,781.7
2000-07-14,773.2,777.0,769.3,773.2
2000-07-17,770.9,774.8,767.0,770.9
2000-07-18,777.9,781.8,774.0,777.9
2000-07-19,769.0,772.9,765.2,769.0
2000-07-20,769.3,773.1,765.5,769.3
2000-07-21,774.9,778.8,771.1,774.9
2000-07-24,753.5,757.2,749.7,753.5
2000-07-25,769.1,772.9,765.2,769.1
2000-07-26,765.6,769.4,761.7,765.6
2000-07-27,758.4,762.2,754.7,758.4
2000-07-28,759.7,763.5,755.9,759.7
2000-07-31,753.0,756.8,749.2,753.0
2000-08-01,753.6,757.4,749.9,753.6
2000-08-02,748.4,752.1,744.6,748.4
2000-08-03,758.0,761.8,754.2,758.0
2000-08-04,779.3,783.2,775.4,779.3
2000-08-07,782.2,786.1,778.3,782.2
2000-08-08,782.6,786.5,778.7,782.6
2000-08-09,777.1,781.0,773.2,777.1
2000-08-10,784.4,788.3,780.4,784.4
2000-08-11,777.0,780.9,773.2,777.0
2000-08-14,776.6,780.5,772.7,776.6
2000-08-15,771.4,775.3,767.5,771.4
2000-08-16,760.8,764.6,757.0,760.8
2000-08-17,758.7,762.5,754.9,758.7
2000-08-18,750.7,754.5,747.0,750.7
2000-08-21,760.2,764.0,756.4,760.2
2000-08-22,753.8,757.5,750.0,753.8
2000-08-23,752.4,756.2,748.6,752.4
2000-08-24,747.1,750.8,743.4,747.1
2000-08-25,737.6,741.3,733.9,737.6
2000-08-28,741.3,745.0,737.6,741.3
2000-08-29,740.6,744.3,736.9,740.6
2000-08-30,758.3,762.1,754.5,758.3
2000-08-31,765.3,769.1,761.5,765.3
2000-09-01,765.0,768.8,761.1,765.0
2000-09-04,764.5,768.3,760.7,764.5
2000-09-05,762.4,766.2,758.5,762.4
2000-09-06,753.2,757.0,749.5,753.2
2000-09-07,741.4,745.1,737.7,741.4
2000-09-08,733.1,736.8,729.4,733.1
2000-09-11,741.3,745.0,737.6,741.3
2000-09-12,742.6,746.3,738.9,742.6
2000-09-13,745.9,749.6,742.1,745.9
2000-09-14,750.8,754.5,747.0,750.8
2000-09-15,748.1,751.8,744.3,748.1
2000-09-18,740.7,744.4,737.0,740.7
2000-09-19,754.7,758.5,750.9,754.7
2000-09-20,757.0,760.8,753.2,757.0
2000-09-21,742.9,746.6,739.2,742.9
2000-09-22,728.8,732.5,725.2,728.8
2000-09-25,732.1,735.8,728.5,732.1
2000-09-26,724.9,728.5,721.3,724.9
2000-09-27,723.5,727.1,719.9,723.5
2000-09-28,707.1,710.6,703.5,707.1
2000-09-29,704.1,707.6,700.6,704.1
2000-10-02,709.2,712.7,705.6,709.2
2000-10-03,705.4,708.9,701.8,705.4
2000-10-04,697.1,700.6,693.6,697.1
2000-10-05,695.9,699.4,692.5,695.9
2000-10-06,696.8,700.3,693.3,696.8
2000-10-09,693.2,696.6,689.7,693.2
2000-10-10,682.4,685.8,679.0,682.4
2000-10-11,686.3,689.8,682.9,686.3
2000-10-12,683.1,686.5,679.7,683.1
2000-10-13,685.3,688.7,681.9,685.3
2000-10-16,677.5,680.9,674.1,677.5
2000-10-17,687.5,691.0,684.1,687.5
2000-10-18,693.2,696.6,689.7,693.2
2000-10-19,690.8,694.3,687.4,690.8
2000-10-20,693.3,696.7,689.8,693.3
2000-10-23,703.3,706.9,699.8,703.3
2000-10-24,711.2,714.7,707.6,711.2
2000-10-25,720.9,724.5,717.3,720.9
2000-10-26,723.7,727.3,720.1,723.7
2000-10-27,718.2,721.7,714.6,718.2
2000-10-30,719.1,722.7,715.5,719.1
2000-10-31,729.5,733.1,725.8,729.5
2000-11-01,732.0,735.7,728.4,732.0
2000-11-02,723.9,727.5,720.3,723.9
2000-11-03,722.4,726.0,718.8,722.4
2000-11-06,724.0,727.7,720.4,724.0
2000-11-07,723.1,726.7,719.5,723.1
2000-11-08,726.3,729.9,722.7,726.3
2000-11-09,719.6,723.2,716.0,719.6
2000-11-10,716.1,719.7,712.5,716.1
2000-11-13,714.9,718.4,711.3,714.9
2000-11-14,715.6,719.2,712.0,715.6
2000-11-15,709.2,712.7,705.6,709.2
2000-11-16,690.5,694.0,687.1,690.5
2000-11-17,669.8,673.2,666.5,669.8
2000-11-20,668.1,671.4,664.7,668.1
2000-11-21,669.5,672.8,666.1,669.5
2000-11-22,668.1,671.4,664.7,668.1
2000-11-23,668.4,671.7,665.0,668.4
2000-11-24,679.3,682.7,675.9,679.3
2000-11-27,673.7,677.1,670.3,673.7
2000-11-28,675.8,679.1,672.4,675.8
2000-11-29,686.6,690.1,683.2,686.6
2000-11-30,678.4,681.8,675.0,678.4
2000-12-01,689.3,692.7,685.8,689.3
2000-12-04,692.8,696.2,689.3,692.8
2000-12-05,689.0,692.4,685.5,689.0
2000-12-06,670.3,673.7,667.0,670.3
2000-12-07,679.1,682.5,675.7,679.1
2000-12-08,689.8,693.3,686.4,689.8
2000-12-11,681.8,685.2,678.4,681.8
2000-12-12,692.6,696.1,689.2,692.6
2000-12-13,679.3,682.7,675.9,679.3
2000-12-14,679.9,683.3,676.5,679.9
2000-12-15,677.3,680.6,673.9,677.3
2000-12-18,665.4,668.7,662.1,665.4
2000-12-19,662.9,666.2,659.6,662.9
2000-12-20,661.9,665.2,658.6,661.9
2000-12-21,653.3,656.5,650.0,653.3
2000-12-22,657.3,660.6,654.1,657.3
2000-12-25,650.7,653.9,647.4,650.7
2000-12-26,647.9,651.2,644.7,647.9
2000-12-27,657.1,660.4,653.8,657.1
2000-12-28,652.0,655.3,648.8,652.0
2000-12-29,636.6,639.8,633.5,636.6
2001-01-01,634.1,637.2,630.9,634.1
2001-01-02,635.0,638.2,631.8,635.0
2001-01-03,633.5,636.7,630.4,633.5
2001-01-04,639.3,642.5,636.1,639.3
2001-01-05,641.7,644.9,638.5,641.7
2001-01-08,635.9,639.1,632.8,635.9
2001-01-09,640.3,643.5,637.1,640.3
2001-01-10,642.9,646.1,639.6,642.9
2001-01-11,645.1,648.3,641.8,645.1
2001-01-12,643.3,646.5,640.1,643.3
2001-01-15,642.9,646.1,639.7,642.9
2001-01-16,642.8,646.0,639.6,642.8
2001-01-17,640.1,643.3,636.9,640.1
2001-01-18,642.4,645.6,639.2,642.4
2001-01-19,645.1,648.3,641.9,645.1
2001-01-22,646.0,649.3,642.8,646.0
2001-01-23,648.8,652.0,645.5,648.8
2001-01-24,633.1,636.2,629.9,633.1
2001-01-25,638.2,641.4,635.0,638.2
2001-01-26,631.1,634.3,628.0,631.1
2001-01-29,636.1,639.3,632.9,636.1
2001-01-30,626.5,629.7,623.4,626.5
2001-01-31,636.0,639.2,632.8,636.0
2001-02-01,621.6,624.7,618.5,621.6
2001-02-02,623.3,626.4,620.2,623.3
2001-02-05,619.1,622.2,616.0,619.1
2001-02-06,621.6,624.7,618.5,621.6
2001-02-07,631.9,635.1,628.8,631.9
2001-02-08,632.3,635.5,629.2,632.3
2001-02-09,637.0,640.2,633.9,637.0
2001-02-12,643.7,646.9,640.4,643.7
2001-02-13,637.9,641.1,634.8,637.9
2001-02-14,638.6,641.8,635.4,638.6
2001-02-15,645.4,648.6,642.1,645.4
2001-02-16,645.5,648.7,642.3,645.5
2001-02-19,638.2,641.4,635.0,638.2
2001-02-20,639.6,642.8,636.4,639.6
2001-02-21,638.3,641.5,635.1,638.3
2001-02-22,639.5,642.7,636.3,639.5
2001-02-23,634.3,637.4,631.1,634.3
2001-02-26,632.4,635.6,629.3,632.4
2001-02-27,629.8,632.9,626.6,629.8
2001-02-28,625.1,628.2,621.9,625.1
2001-03-01,629.7,632.8,626.5,629.7
2001-03-02,624.7,627.8,621.6,624.7
2001-03-05,617.0,620.1,613.9,617.0
2001-03-06,608.5,611.5,605.4,608.5
2001-03-07,607.1,610.2,604.1,607.1
2001-03-08,605.3,608.3,602.3,605.3
2001-03-09,608.8,611.8,605.7,608.8
2001-03-12,598.9,601.8,595.9,598.9
2001-03-13,588.1,591.0,585.1,588.1
2001-03-14,576.8,579.7,573.9,576.8
2001-03-15,579.9,582.8,577.0,579.9
2001-03-16,586.3,589.2,583.3,586.3
2001-03-19,590.3,593.3,587.4,590.3
2001-03-20,586.9,589.8,583.9,586.9
2001-03-21,587.3,590.2,584.4,587.3
2001-03-22,573.6,576.4,570.7,573.6
2001-03-23,583.4,586.3,580.5,583.4
2001-03-26,588.5,591.5,585.6,588.5
2001-03-27,593.2,596.2,590.2,593.2
2001-03-28,587.0,589.9,584.1,587.0
2001-03-29,584.2,587.1,581.3,584.2
2001-03-30,582.6,585.5,579.6,582.6
2001-04-02,591.0,594.0,588.1,591.0
2001-04-03,595.9,598.8,592.9,595.9
2001-04-04,593.5,596.4,590.5,593.5
2001-04-05,595.7,598.7,592.7,595.7
2001-04-06,589.0,592.0,586.1,589.0
2001-04-09,578.5,581.4,575.7,578.5
2001-04-10,577.5,580.4,574.6,577.5
2001-04-11,570.4,573.2,567.5,570.4
2001-04-12,560.3,563.1,557.5,560.3
2001-04-13,560.7,563.5,557.9,560.7
2001-04-16,558.0,560.8,555.2,558.0
2001-04-17,552.4,555.2,549.7,552.4
2001-04-18,550.6,553.3,547.8,550.6
2001-04-19,553.2,556.0,550.5,553.2
2001-04-20,552.3,555.1,549.5,552.3
2001-04-23,552.1,554.9,549.4,552.1
2001-04-24,551.4,554.2,548.7,551.4
2001-04-25,561.5,564.3,558.7,561.5
2001-04-26,568.8,571.6,565.9,568.8
2001-04-27,568.7,571.6,565.9,568.7
2001-04-30,562.0,564.8,559.2,562.0
2001-05-01,558.1,560.9,555.3,558.1
2001-05-02,550.5,553.2,547.7,550.5
2001-05-03,546.0,548.7,543.3,546.0
2001-05-04,550.0,552.7,547.2,550.0
2001-05-07,545.3,548.0,542.6,545.3
2001-05-08,544.4,547.2,541.7,544.4
2001-05-09,551.2,553.9,548.4,551.2
2001-05-10,554.0,556.8,551.3,554.0
2001-05-11,554.0,556.8,551.2,554.0
2001-05-14,551.6,554.3,548.8,551.6
2001-05-15,550.0,552.8,547.3,550.0
2001-05-16,554.8,557.6,552.0,554.8
2001-05-17,555.8,558.6,553.0,555.8
2001-05-18,553.6,556.4,550.9,553.6
2001-05-21,544.6,547.3,541.9,544.6
2001-05-22,546.9,549.7,544.2,546.9
2001-05-23,548.4,551.1,545.6,548.4
2001-05-24,539.1,541.8,536.4,539.1
2001-05-25,538.1,540.8,535.4,538.1
2001-05-28,538.6,541.3,535.9,538.6
2001-05-29,536.9,539.6,534.2,536.9
2001-05-30,546.6,549.4,543.9,546.6
2001-05-31,554.2,557.0,551.5,554.2
2001-06-01,546.6,549.3,543.9,546.6
2001-06-04,543.2,545.9,540.5,543.2
2001-06-05,547.8,550.5,545.0,547.8
2001-06-06,546.4,549.1,543.6,546.4
2001-06-07,549.5,552.2,546.7,549.5
2001-06-08,544.9,547.6,542.1,544.9
2001-06-11,534.2,536.9,531.5,534.2
2001-06-12,537.5,540.2,534.8,537.5
2001-06-13,535.1,537.7,532.4,535.1
2001-06-14,548.3,551.1,545.6,548.3
2001-06-15,552.1,554.9,549.4,552.1
2001-06-18,543.7,546.4,540.9,543.7
2001-06-19,546.1,548.8,543.4,546.1
2001-06-20,544.4,547.1,541.7,544.4
2001-06-21,546.0,548.7,543.2,546.0
2001-06-22,540.7,543.4,538.0,540.7
2001-06-25,540.0,542.7,537.3,540.0
2001-06-26,544.4,547.1,541.7,544.4
2001-06-27,547.3,550.0,544.6,547.3
2001-06-28,551.4,554.2,548.7,551.4
2001-06-29,566.0,568.8,563.1,566.0
2001-07-02,559.2,562.0,556.5,559.2
2001-07-03,566.3,569.1,563.5,566.3
2001-07-04,565.0,567.9,562.2,565.0
2001-07-05,560.3,563.1,557.5,560.3
2001-07-06,557.7,560.5,554.9,557.7
2001-07-09,558.6,561.4,555.8,558.6
2001-07-10,554.1,556.9,551.3,554.1
2001-07-11,541.5,544.2,538.8,541.5
2001-07-12,544.1,546.8,541.4,544.1
2001-07-13,543.3,546.1,540.6,543.3
2001-07-16,537.4,540.1,534.7,537.4
2001-07-17,529.2,531.9,526.6,529.2
2001-07-18,530.0,532.6,527.3,530.0
2001-07-19,535.2,537.9,532.5,535.2
2001-07-20,528.9,531.5,526.2,528.9
2001-07-23,527.7,530.3,525.0,527.7
2001-07-24,537.5,540.2,534.8,537.5
2001-07-25,540.4,543.1,537.7,540.4
2001-07-26,538.3,541.0,535.6,538.3
2001-07-27,535.7,538.4,533.0,535.7
2001-07-30,530.1,532.7,527.4,530.1
2001-07-31,528.7,531.4,526.1,528.7
2001-08-01,525.3,527.9,522.7,525.3
2001-08-02,522.4,525.0,519.8,522.4
2001-08-03,520.4,523.0,517.8,520.4
2001-08-06,509.8,512.3,507.2,509.8
2001-08-07,508.2,510.7,505.7,508.2
2001-08-08,521.0,523.7,518.4,521.0
2001-08-09,512.7,515.3,510.1,512.7
2001-08-10,519.4,522.0,516.8,519.4
2001-08-13,522.1,524.7,519.5,522.1
2001-08-14,523.8,526.4,521.2,523.8
2001-08-15,519.6,522.2,517.0,519.6
2001-08-16,522.8,525.4,520.1,522.8
2001-08-17,530.3,533.0,527.7,530.3
2001-08-20,532.5,535.2,529.8,532.5
2001-08-21,531.6,534.3,529.0,531.6
2001-08-22,529.7,532.3,527.0,529.7
2001-08-23,524.5,527.2,521.9,524.5
2001-08-24,523.3,526.0,520.7,523.3
2001-08-27,523.1,525.7,520.5,523.1
2001-08-28,521.5,524.1,518.9,521.5
2001-08-29,520.0,522.6,517.4,520.0
2001-08-30,519.0,521.6,516.5,519.0
2001-08-31,527.5,530.1,524.8,527.5
2001-09-03,527.8,530.4,525.2,527.8
2001-09-04,527.9,530.5,525.2,527.9
2001-09-05,515.1,517.7,512.5,515.1
2001-09-06,519.6,522.2,517.0,519.6
2001-09-07,521.9,524.6,519.3,521.9
2001-09-10,524.7,527.3,522.0,524.7
2001-09-11,527.0,529.6,524.3,527.0
2001-09-12,521.5,524.1,518.9,521.5
2001-09-13,519.5,522.1,516.9,519.5
2001-09-14,527.8,530.5,525.2,527.8
2001-09-17,520.8,523.4,518.2,520.8
2001-09-18,513.7,516.3,511.1,513.7
2001-09-19,506.4,508.9,503.9,506.4
2001-09-20,505.8,508.3,503.3,505.8
2001-09-21,514.1,516.7,511.6,514.1
2001-09-24,516.2,518.7,513.6,516.2
2001-09-25,521.5,524.1,518.9,521.5
2001-09-26,511.2,513.8,508.7,511.2
2001-09-27,507.3,509.8,504.7,507.3
2001-09-28,504.3,506.8,501.8,504.3
2001-10-01,513.7,516.2,511.1,513.7
2001-10-02,514.6,517.1,512.0,514.6
2001-10-03,514.5,517.0,511.9,514.5
2001-10-04,515.6,518.2,513.1,515.6
2001-10-05,514.6,517.2,512.0,514.6
2001-10-08,525.4,528.1,522.8,525.4
2001-10-09,535.0,537.6,532.3,535.0
2001-10-10,539.9,542.6,537.2,539.9
2001-10-11,544.0,546.7,541.3,544.0
2001-10-12,540.3,543.0,537.6,540.3
2001-10-15,542.4,545.1,539.6,542.4
2001-10-16,531.2,533.9,528.6,531.2
2001-10-17,528.6,531.3,526.0,528.6
2001-10-18,520.5,523.1,517.9,520.5
2001-10-19,523.1,525.8,520.5,523.1
2001-10-22,523.3,525.9,520.7,523.3
2001-10-23,527.3,529.9,524.6,527.3
2001-10-24,530.5,533.1,527.8,530.5
2001-10-25,535.9,538.6,533.2,535.9
2001-10-26,531.5,534.2,528.8,531.5
2001-10-29,522.7,525.3,520.1,522.7
2001-10-30,532.8,535.5,530.2,532.8
2001-10-31,529.8,532.4,527.1,529.8
2001-11-01,529.2,531.9,526.6,529.2
2001-11-02,534.6,537.3,532.0,534.6
2001-11-05,533.5,536.2,530.8,533.5
2001-11-06,527.4,530.0,524.8,527.4
2001-11-07,538.3,541.0,535.7,538.3
2001-11-08,535.1,537.8,532.4,535.1
2001-11-09,544.3,547.1,541.6,544.3
2001-11-12,546.2,549.0,543.5,546.2
2001-11-13,550.7,553.5,547.9,550.7
2001-11-14,554.9,557.6,552.1,554.9
2001-11-15,551.7,554.4,548.9,551.7
2001-11-16,553.8,556.6,551.1,553.8
2001-11-19,563.7,566.5,560.9,563.7
2001-11-20,569.1,571.9,566.3,569.1
2001-11-21,573.4,576.3,570.5,573.4
2001-11-22,575.1,578.0,572.2,575.1
2001-11-23,572.6,575.5,569.8,572.6
2001-11-26,567.1,570.0,564.3,567.1
2001-11-27,573.9,576.8,571.1,573.9
2001-11-28,569.2,572.0,566.3,569.2
2001-11-29,565.1,567.9,562.3,565.1
2001-11-30,563.9,566.7,561.1,563.9
2001-12-03,555.9,558.7,553.1,555.9
2001-12-04,553.2,555.9,550.4,553.2
2001-12-05,548.6,551.3,545.9,548.6
2001-12-06,540.7,543.4,538.0,540.7
2001-12-07,534.2,536.9,531.5,534.2
2001-12-10,535.0,537.7,532.4,535.0
2001-12-11,540.7,543.4,538.0,540.7
2001-12-12,540.3,543.0,537.6,540.3
2001-12-13,534.6,537.3,532.0,534.6
2001-12-14,531.6,534.2,528.9,531.6
2001-12-17,534.6,537.3,531.9,534.6
2001-12-18,541.1,543.8,538.4,541.1
2001-12-19,546.3,549.0,543.6,546.3
2001-12-20,547.5,550.2,544.7,547.5
2001-12-21,555.3,558.1,552.5,555.3
2001-12-24,552.7,555.5,550.0,552.7
2001-12-25,546.2,548.9,543.5,546.2
2001-12-26,544.7,547.4,542.0,544.7
2001-12-27,551.5,554.3,548.7,551.5
2001-12-28,555.0,557.8,552.2,555.0
2001-12-31,561.1,563.9,558.3,561.1
2002-01-01,559.9,562.7,557.1,559.9
2002-01-02,560.1,562.9,557.3,560.1
2002-01-03,558.5,561.2,555.7,558.5
2002-01-04,553.5,556.2,550.7,553.5
2002-01-07,554.2,557.0,551.4,554.2
2002-01-08,552.9,555.7,550.1,552.9
2002-01-09,550.3,553.1,547.6,550.3
2002-01-10,553.6,556.4,550.9,553.6
2002-01-11,554.3,557.1,551.5,554.3
2002-01-14,562.2,565.0,559.4,562.2
2002-01-15,557.2,560.0,554.4,557.2
2002-01-16,554.9,557.7,552.1,554.9
2002-01-17,545.4,548.1,542.7,545.4
2002-01-18,540.6,543.3,537.9,540.6
2002-01-21,545.4,548.1,542.7,545.4
2002-01-22,550.4,553.1,547.6,550.4
2002-01-23,554.4,557.2,551.6,554.4
2002-01-24,561.6,564.4,558.8,561.6
2002-01-25,564.3,567.1,561.5,564.3
2002-01-28,565.1,567.9,562.3,565.1
2002-01-29,568.4,571.3,565.6,568.4
2002-01-30,563.9,566.8,561.1,563.9
2002-01-31,554.9,557.7,552.1,554.9
2002-02-01,552.9,555.7,550.1,552.9
2002-02-04,552.6,555.3,549.8,552.6
2002-02-05,553.7,556.4,550.9,553.7
2002-02-06,549.8,552.5,547.0,549.8
2002-02-07,547.2,549.9,544.5,547.2
2002-02-08,552.3,555.1,549.6,552.3
2002-02-11,547.0,549.7,544.3,547.0
2002-02-12,547.4,550.1,544.6,547.4
2002-02-13,544.9,547.6,542.2,544.9
2002-02-14,536.8,539.5,534.1,536.8
2002-02-15,536.1,538.7,533.4,536.1
2002-02-18,533.4,536.0,530.7,533.4
2002-02-19,532.8,535.5,530.2,532.8
2002-02-20,535.0,537.7,532.4,535.0
2002-02-21,524.8,527.4,522.2,524.8
2002-02-22,532.7,535.4,530.0,532.7
2002-02-25,551.7,554.5,549.0,551.7
2002-02-26,547.5,550.2,544.8,547.5
2002-02-27,545.4,548.2,542.7,545.4
2002-02-28,542.2,544.9,539.5,542.2
2002-03-01,538.6,541.3,535.9,538.6
2002-03-04,552.0,554.8,549.2,552.0
2002-03-05,551.4,554.1,548.6,551.4
2002-03-06,556.4,559.2,553.6,556.4
2002-03-07,563.8,566.6,561.0,563.8
2002-03-08,570.2,573.1,567.3,570.2
2002-03-11,577.4,580.3,574.5,577.4
2002-03-12,570.1,573.0,567.3,570.1
2002-03-13,575.5,578.4,572.7,575.5
2002-03-14,573.5,576.4,570.6,573.5
2002-03-15,582.9,585.8,580.0,582.9
2002-03-18,578.5,581.4,575.6,578.5
2002-03-19,571.9,574.7,569.0,571.9
2002-03-20,572.0,574.8,569.1,572.0
2002-03-21,575.7,578.5,572.8,575.7
2002-03-22,565.6,568.4,562.8,565.6
2002-03-25,564.5,567.3,561.6,564.5
2002-03-26,558.9,561.7,556.1,558.9
2002-03-27,564.9,567.7,562.1,564.9
2002-03-28,562.3,565.1,559.5,562.3
2002-03-29,569.3,572.1,566.4,569.3
2002-04-01,566.2,569.0,563.3,566.2
2002-04-02,568.4,571.3,565.6,568.4
2002-04-03,561.1,563.9,558.3,561.1
2002-04-04,561.4,564.2,558.6,561.4
2002-04-05,556.1,558.9,553.3,556.1
2002-04-08,566.5,569.4,563.7,566.5
2002-04-09,573.3,576.2,570.4,573.3
2002-04-10,574.9,577.7,572.0,574.9
2002-04-11,581.0,583.9,578.1,581.0
2002-04-12,578.2,581.0,575.3,578.2
2002-04-15,582.5,585.4,579.6,582.5
2002-04-16,582.1,585.0,579.2,582.1
2002-04-17,585.1,588.0,582.1,585.1
2002-04-18,585.7,588.6,582.8,585.7
2002-04-19,585.3,588.2,582.4,585.3
2002-04-22,575.7,578.6,572.8,575.7
2002-04-23,572.5,575.3,569.6,572.5
2002-04-24,583.5,586.4,580.6,583.5
2002-04-25,583.0,585.9,580.1,583.0
2002-04-26,579.1,582.0,576.2,579.1
2002-04-29,580.5,583.4,577.6,580.5
2002-04-30,572.2,575.0,569.3,572.2
2002-05-01,570.4,573.3,567.6,570.4
2002-05-02,572.4,575.3,569.6,572.4
2002-05-03,576.1,579.0,573.2,576.1
2002-05-06,579.5,582.4,576.6,579.5
2002-05-07,588.8,591.8,585.9,588.8
2002-05-08,585.1,588.0,582.2,585.1
2002-05-09,576.8,579.7,573.9,576.8
2002-05-10,575.5,578.4,572.6,575.5
2002-05-13,573.8,576.7,570.9,573.8
2002-05-14,575.9,578.8,573.0,575.9
2002-05-15,575.1,578.0,572.2,575.1
2002-05-16,576.9,579.8,574.0,576.9
2002-05-17,578.4,581.3,575.5,578.4
2002-05-20,585.1,588.0,582.2,585.1
2002-05-21,585.6,588.5,582.6,585.6
2002-05-22,587.3,590.2,584.4,587.3
2002-05-23,598.1,601.1,595.1,598.1
2002-05-24,588.6,591.5,585.6,588.6
2002-05-27,590.8,593.8,587.9,590.8
2002-05-28,590.6,593.5,587.6,590.6
2002-05-29,591.3,594.2,588.3,591.3
2002-05-30,595.1,598.0,592.1,595.1
2002-05-31,590.4,593.4,587.5,590.4
2002-06-03,588.1,591.1,585.2,588.1
2002-06-04,593.1,596.0,590.1,593.1
2002-06-05,592.6,595.5,589.6,592.6
2002-06-06,587.4,590.3,584.5,587.4
2002-06-07,592.8,595.7,589.8,592.8
2002-06-10,597.7,600.7,594.7,597.7
2002-06-11,598.9,601.9,595.9,598.9
2002-06-12,601.6,604.6,598.6,601.6
2002-06-13,605.0,608.1,602.0,605.0
2002-06-14,604.5,607.5,601.5,604.5
2002-06-17,607.1,610.1,604.0,607.1
2002-06-18,600.0,603.0,597.0,600.0
2002-06-19,599.0,602.0,596.0,599.0
2002-06-20,605.1,608.1,602.1,605.1
2002-06-21,618.2,621.3,615.1,618.2
2002-06-24,619.2,622.2,616.1,619.2
2002-06-25,613.3,616.3,610.2,613.3
2002-06-26,610.9,614.0,607.9,610.9
2002-06-27,602.2,605.2,599.2,602.2
2002-06-28,606.6,609.6,603.5,606.6
2002-07-01,607.9,611.0,604.9,607.9
2002-07-02,602.4,605.4,599.4,602.4
2002-07-03,601.7,604.7,598.7,601.7
2002-07-04,606.4,609.5,603.4,606.4
2002-07-05,607.0,610.1,604.0,607.0
2002-07-08,604.0,607.0,600.9,604.0
2002-07-09,610.6,613.6,607.5,610.6
2002-07-10,612.8,615.9,609.7,612.8
2002-07-11,608.3,611.4,605.3,608.3
2002-07-12,608.8,611.8,605.8,608.8
2002-07-15,597.2,600.2,594.2,597.2
2002-07-16,599.7,602.7,596.7,599.7
2002-07-17,617.4,620.5,614.3,617.4
2002-07-18,624.0,627.1,620.8,624.0
2002-07-19,622.6,625.7,619.5,622.6
2002-07-22,624.7,627.8,621.5,624.7
2002-07-23,627.7,630.8,624.5,627.7
2002-07-24,630.9,634.1,627.8,630.9
2002-07-25,629.7,632.8,626.5,629.7
2002-07-26,616.0,619.1,612.9,616.0
2002-07-29,614.9,618.0,611.8,614.9
2002-07-30,611.6,614.6,608.5,611.6
2002-07-31,611.5,614.5,608.4,611.5
2002-08-01,607.2,610.3,604.2,607.2
2002-08-02,611.7,614.7,608.6,611.7
2002-08-05,625.3,628.4,622.2,625.3
2002-08-06,631.2,634.3,628.0,631.2
2002-08-07,630.4,633.6,627.3,630.4
2002-08-08,639.3,642.5,636.1,639.3
2002-08-09,644.4,647.6,641.2,644.4
2002-08-12,648.7,652.0,645.5,648.7
2002-08-13,644.1,647.3,640.9,644.1
2002-08-14,642.4,645.6,639.1,642.4
2002-08-15,645.2,648.4,642.0,645.2
2002-08-16,657.5,660.8,654.2,657.5
2002-08-19,665.7,669.1,662.4,665.7
2002-08-20,667.6,670.9,664.2,667.6
2002-08-21,666.7,670.0,663.3,666.7
2002-08-22,669.5,672.9,666.2,669.5
2002-08-23,670.9,674.2,667.5,670.9
2002-08-26,679.2,682.6,675.8,679.2
2002-08-27,670.1,673.5,666.8,670.1
2002-08-28,668.5,671.8,665.1,668.5
2002-08-29,671.4,674.7,668.0,671.4
2002-08-30,678.3,681.7,674.9,678.3
2002-09-02,688.8,692.3,685.4,688.8
2002-09-03,677.1,680.5,673.7,677.1
2002-09-04,670.6,673.9,667.2,670.6
2002-09-05,668.4,671.8,665.1,668.4
2002-09-06,659.1,662.4,655.8,659.1
2002-09-09,669.2,672.6,665.9,669.2
2002-09-10,668.4,671.8,665.1,668.4
2002-09-11,674.3,677.6,670.9,674.3
2002-09-12,671.4,674.7,668.0,671.4
2002-09-13,672.3,675.7,669.0,672.3
2002-09-16,663.0,666.4,659.7,663.0
2002-09-17,655.3,658.6,652.0,655.3
2002-09-18,648.1,651.3,644.9,648.1
2002-09-19,637.1,640.2,633.9,637.1
2002-09-20,643.7,646.9,640.5,643.7
2002-09-23,644.4,647.6,641.2,644.4
2002-09-24,651.0,654.2,647.7,651.0
2002-09-25,649.9,653.1,646.6,649.9
2002-09-26,656.7,660.0,653.4,656.7
2002-09-27,662.1,665.4,658.8,662.1
2002-09-30,661.3,664.6,658.0,661.3
2002-10-01,662.0,665.3,658.7,662.0
2002-10-02,663.5,666.8,660.2,663.5
2002-10-03,669.8,673.1,666.4,669.8
2002-10-04,668.5,671.8,665.1,668.5
2002-10-07,670.6,673.9,667.2,670.6
2002-10-08,660.2,663.5,656.9,660.2
2002-10-09,654.1,657.3,650.8,654.1
2002-10-10,649.2,652.5,646.0,649.2
2002-10-11,652.6,655.8,649.3,652.6
2002-10-14,648.8,652.1,645.6,648.8
2002-10-15,649.7,653.0,646.5,649.7
2002-10-16,648.8,652.0,645.6,648.8
2002-10-17,649.0,652.3,645.8,649.0
2002-10-18,654.8,658.0,651.5,654.8
2002-10-21,656.6,659.9,653.3,656.6
2002-10-22,654.9,658.2,651.6,654.9
2002-10-23,657.5,660.8,654.2,657.5
2002-10-24,667.8,671.1,664.4,667.8
2002-10-25,667.5,670.9,664.2,667.5
2002-10-28,659.6,662.9,656.3,659.6
2002-10-29,650.7,653.9,647.4,650.7
2002-10-30,648.9,652.1,645.6,648.9
2002-10-31,641.6,644.9,638.4,641.6
2002-11-01,626.5,629.6,623.4,626.5
2002-11-04,626.7,629.8,623.5,626.7
2002-11-05,630.4,633.6,627.2,630.4
2002-11-06,640.5,643.7,637.3,640.5
2002-11-07,641.0,644.2,637.8,641.0
2002-11-08,643.6,646.9,640.4,643.6
2002-11-11,648.3,651.6,645.1,648.3
2002-11-12,649.2,652.5,646.0,649.2
2002-11-13,645.2,648.5,642.0,645.2
2002-11-14,659.9,663.2,656.6,659.9
2002-11-15,653.3,656.6,650.0,653.3
2002-11-18,657.1,660.3,653.8,657.1
2002-11-19,652.1,655.3,648.8,652.1
2002-11-20,653.1,656.4,649.9,653.1
2002-11-21,656.1,659.4,652.8,656.1
2002-11-22,655.0,658.3,651.7,655.0
2002-11-25,648.1,651.4,644.9,648.1
2002-11-26,646.5,649.8,643.3,646.5
2002-11-27,654.6,657.9,651.4,654.6
2002-11-28,645.2,648.4,642.0,645.2
2002-11-29,656.7,660.0,653.5,656.7
2002-12-02,658.7,662.0,655.4,658.7
2002-12-03,663.7,667.0,660.4,663.7
2002-12-04,656.8,660.1,653.5,656.8
2002-12-05,656.3,659.6,653.0,656.3
2002-12-06,652.4,655.6,649.1,652.4
2002-12-09,655.8,659.1,652.6,655.8
2002-12-10,649.2,652.5,646.0,649.2
2002-12-11,646.1,649.3,642.8,646.1
2002-12-12,660.8,664.1,657.5,660.8
2002-12-13,665.5,668.8,662.2,665.5
2002-12-16,669.0,672.4,665.7,669.0
2002-12-17,671.5,674.9,668.2,671.5
2002-12-18,681.2,684.6,677.8,681.2
2002-12-19,679.8,683.2,676.4,679.8
2002-12-20,685.7,689.1,682.2,685.7
2002-12-23,670.2,673.5,666.8,670.2
2002-12-24,669.5,672.9,666.2,669.5
2002-12-25,667.7,671.0,664.4,667.7
2002-12-26,664.5,667.9,661.2,664.5
2002-12-27,670.0,673.3,666.6,670.0
2002-12-30,670.2,673.5,666.8,670.2
2002-12-31,669.4,672.8,666.1,669.4
2003-01-01,664.3,667.6,661.0,664.3
2003-01-02,662.3,665.6,659.0,662.3
2003-01-03,649.6,652.9,646.4,649.6
2003-01-06,649.8,653.0,646.5,649.8
2003-01-07,641.7,644.9,638.5,641.7
2003-01-08,654.0,657.2,650.7,654.0
2003-01-09,660.2,663.5,656.9,660.2
2003-01-10,667.3,670.7,664.0,667.3
2003-01-13,660.0,663.3,656.7,660.0
2003-01-14,666.7,670.1,663.4,666.7
2003-01-15,663.0,666.3,659.7,663.0
2003-01-16,665.9,669.2,662.6,665.9
2003-01-17,665.5,668.8,662.2,665.5
2003-01-20,657.9,661.2,654.6,657.9
2003-01-21,652.3,655.5,649.0,652.3
2003-01-22,658.4,661.7,655.1,658.4
2003-01-23,664.0,667.3,660.7,664.0
2003-01-24,655.8,659.1,652.6,655.8
2003-01-27,665.9,669.3,662.6,665.9
2003-01-28,664.5,667.8,661.1,664.5
2003-01-29,656.9,660.2,653.6,656.9
2003-01-30,654.8,658.1,651.5,654.8
2003-01-31,647.3,650.5,644.0,647.3
2003-02-03,645.0,648.3,641.8,645.0
2003-02-04,644.1,647.3,640.8,644.1
2003-02-05,649.9,653.2,646.7,649.9
2003-02-06,657.6,660.9,654.3,657.6
2003-02-07,666.6,669.9,663.2,666.6
2003-02-10,674.1,677.5,670.8,674.1
2003-02-11,662.1,665.4,658.8,662.1
2003-02-12,653.8,657.0,650.5,653.8
2003-02-13,663.3,666.7,660.0,663.3
2003-02-14,661.7,665.0,658.4,661.7
2003-02-17,663.3,666.6,660.0,663.3
2003-02-18,669.4,672.7,666.0,669.4
2003-02-19,679.7,683.1,676.3,679.7
2003-02-20,683.8,687.3,680.4,683.8
2003-02-21,678.6,682.0,675.2,678.6
2003-02-24,672.1,675.4,668.7,672.1
2003-02-25,666.1,669.4,662.7,666.1
2003-02-26,676.3,679.7,672.9,676.3
2003-02-27,683.5,686.9,680.1,683.5
2003-02-28,684.7,688.1,681.3,684.7
2003-03-03,677.6,681.0,674.2,677.6
2003-03-04,685.1,688.6,681.7,685.1
2003-03-05,687.4,690.9,684.0,687.4
2003-03-06,683.0,686.4,679.6,683.0
2003-03-07,683.8,687.2,680.3,683.8
2003-03-10,689.3,692.7,685.8,689.3
2003-03-11,687.1,690.5,683.7,687.1
2003-03-12,680.9,684.3,677.5,680.9
2003-03-13,683.6,687.0,680.2,683.6
2003-03-14,686.6,690.1,683.2,686.6
2003-03-17,675.3,678.7,672.0,675.3
2003-03-18,676.6,680.0,673.2,676.6
2003-03-19,672.4,675.8,669.0,672.4
2003-03-20,677.7,681.1,674.3,677.7
2003-03-21,667.4,670.8,664.1,667.4
2003-03-24,661.5,664.8,658.2,661.5
2003-03-25,647.6,650.8,644.4,647.6
2003-03-26,653.8,657.1,650.6,653.8
2003-03-27,646.3,649.5,643.0,646.3
2003-03-28,640.3,643.5,637.1,640.3
2003-03-31,644.2,647.5,641.0,644.2
2003-04-01,646.5,649.7,643.2,646.5
2003-04-02,654.5,657.8,651.2,654.5
2003-04-03,662.9,666.2,659.6,662.9
2003-04-04,673.6,677.0,670.3,673.6
2003-04-07,688.2,691.7,684.8,688.2
2003-04-08,697.2,700.7,693.7,697.2
2003-04-09,700.8,704.3,697.2,700.8
2003-04-10,703.3,706.8,699.8,703.3
2003-04-11,708.6,712.2,705.1,708.6
2003-04-14,695.7,699.2,692.3,695.7
2003-04-15,696.0,699.5,692.5,696.0
2003-04-16,684.3,687.7,680.9,684.3
2003-04-17,681.0,684.4,677.6,681.0
2003-04-18,672.6,676.0,669.3,672.6
2003-04-21,678.9,682.3,675.5,678.9
2003-04-22,685.6,689.0,682.1,685.6
2003-04-23,696.4,699.8,692.9,696.4
2003-04-24,690.9,694.4,687.5,690.9
2003-04-25,688.0,691.5,684.6,688.0
2003-04-28,698.7,702.2,695.2,698.7
2003-04-29,696.6,700.1,693.1,696.6
2003-04-30,693.1,696.5,689.6,693.1
2003-05-01,700.3,703.8,696.8,700.3
2003-05-02,705.6,709.1,702.0,705.6
2003-05-05,714.7,718.3,711.1,714.7
2003-05-06,719.1,722.7,715.5,719.1
2003-05-07,717.0,720.6,713.4,717.0
2003-05-08,727.8,731.4,724.2,727.8
2003-05-09,734.6,738.2,730.9,734.6
2003-05-12,735.4,739.1,731.7,735.4
2003-05-13,741.9,745.6,738.2,741.9
2003-05-14,741.6,745.3,737.9,741.6
2003-05-15,734.6,738.3,731.0,734.6
2003-05-16,735.6,739.3,731.9,735.6
2003-05-19,750.8,754.5,747.0,750.8
2003-05-20,757.8,761.6,754.0,757.8
2003-05-21,760.0,763.8,756.2,760.0
2003-05-22,752.5,756.3,748.7,752.5
2003-05-23,743.3,747.0,739.6,743.3
2003-05-26,742.4,746.1,738.7,742.4
2003-05-27,737.9,741.6,734.3,737.9
2003-05-28,738.4,742.1,734.7,738.4
2003-05-29,739.8,743.5,736.1,739.8
2003-05-30,729.5,733.2,725.9,729.5
2003-06-02,724.8,728.4,721.2,724.8
2003-06-03,723.2,726.9,719.6,723.2
2003-06-04,727.6,731.3,724.0,727.6
2003-06-05,732.1,735.7,728.4,732.1
2003-06-06,725.2,728.8,721.6,725.2
2003-06-09,718.2,721.8,714.6,718.2
2003-06-10,712.7,716.3,709.2,712.7
2003-06-11,720.5,724.1,716.9,720.5
2003-06-12,718.5,722.1,714.9,718.5
2003-06-13,720.9,724.5,717.3,720.9
2003-06-16,726.4,730.0,722.8,726.4
2003-06-17,736.8,740.5,733.1,736.8
2003-06-18,728.6,732.2,724.9,728.6
2003-06-19,738.8,742.5,735.2,738.8
2003-06-20,743.9,747.6,740.2,743.9
2003-06-23,757.9,761.6,754.1,757.9
2003-06-24,768.3,772.1,764.4,768.3
2003-06-25,768.5,772.4,764.7,768.5
2003-06-26,762.4,766.2,758.6,762.4
2003-06-27,767.1,770.9,763.3,767.1
2003-06-30,759.2,763.0,755.4,759.2
2003-07-01,761.1,764.9,757.3,761.1
2003-07-02,755.5,759.2,751.7,755.5
2003-07-03,753.9,757.7,750.1,753.9
2003-07-04,737.9,741.5,734.2,737.9
2003-07-07,739.3,743.0,735.6,739.3
2003-07-08,741.4,745.1,737.7,741.4
2003-07-09,738.5,742.2,734.8,738.5
2003-07-10,739.1,742.8,735.4,739.1
2003-07-11,732.2,735.9,728.6,732.2
2003-07-14,740.7,744.4,737.0,740.7
2003-07-15,742.1,745.9,738.4,742.1
2003-07-16,760.3,764.1,756.5,760.3
2003-07-17,762.9,766.7,759.1,762.9
2003-07-18,766.1,769.9,762.2,766.1
2003-07-21,763.6,767.4,759.8,763.6
2003-07-22,773.0,776.8,769.1,773.0
2003-07-23,769.6,773.4,765.8,769.6
2003-07-24,782.8,786.8,778.9,782.8
2003-07-25,795.2,799.2,791.3,795.2
2003-07-28,791.2,795.1,787.2,791.2
2003-07-29,788.2,792.1,784.2,788.2
2003-07-30,781.9,785.8,778.0,781.9
2003-07-31,771.3,775.2,767.5,771.3
2003-08-01,773.5,777.4,769.6,773.5
2003-08-04,774.6,778.5,770.7,774.6
2003-08-05,779.8,783.7,775.9,779.8
2003-08-06,779.2,783.1,775.3,779.2
2003-08-07,785.9,789.8,781.9,785.9
2003-08-08,785.1,789.0,781.2,785.1
2003-08-11,784.3,788.2,780.4,784.3
2003-08-12,784.7,788.7,780.8,784.7
2003-08-13,790.4,794.4,786.4,790.4
2003-08-14,787.1,791.0,783.2,787.1
2003-08-15,793.8,797.8,789.9,793.8
2003-08-18,788.5,792.5,784.6,788.5
2003-08-19,785.9,789.8,781.9,785.9
2003-08-20,771.3,775.2,767.5,771.3
2003-08-21,769.3,773.2,765.5,769.3
2003-08-22,761.4,765.2,757.6,761.4
2003-08-25,767.9,771.7,764.0,767.9
2003-08-26,772.8,776.6,768.9,772.8
2003-08-27,783.0,786.9,779.1,783.0
2003-08-28,796.2,800.1,792.2,796.2
2003-08-29,794.5,798.5,790.5,794.5
2003-09-01,789.2,793.2,785.3,789.2
2003-09-02,792.9,796.9,789.0,792.9
2003-09-03,789.8,793.7,785.8,789.8
2003-09-04,785.1,789.1,781.2,785.1
2003-09-05,785.3,789.2,781.4,785.3
2003-09-08,782.0,786.0,778.1,782.0
2003-09-09,798.8,802.8,794.8,798.8
2003-09-10,796.5,800.5,792.5,796.5
2003-09-11,796.2,800.1,792.2,796.2
2003-09-12,802.5,806.5,798.5,802.5
2003-09-15,820.4,824.5,816.3,820.4
2003-09-16,817.5,821.6,813.4,817.5
2003-09-17,801.8,805.8,797.7,801.8
2003-09-18,801.0,805.0,797.0,801.0
2003-09-19,787.4,791.3,783.5,787.4
2003-09-22,784.9,788.8,781.0,784.9
2003-09-23,797.6,801.5,793.6,797.6
2003-09-24,791.4,795.4,787.4,791.4
2003-09-25,783.6,787.5,779.7,783.6
2003-09-26,791.4,795.3,787.4,791.4
2003-09-29,791.2,795.2,787.2,791.2
2003-09-30,801.5,805.5,797.5,801.5
2003-10-01,799.6,803.6,795.6,799.6
2003-10-02,805.1,809.1,801.0,805.1
2003-10-03,792.8,796.8,788.9,792.8
2003-10-06,787.1,791.0,783.1,787.1
2003-10-07,786.6,790.6,782.7,786.6
2003-10-08,784.5,788.4,780.6,784.5
2003-10-09,805.7,809.7,801.7,805.7
2003-10-10,814.0,818.1,809.9,814.0
2003-10-13,822.8,826.9,818.7,822.8
2003-10-14,820.9,825.0,816.8,820.9
2003-10-15,809.3,813.3,805.2,809.3
2003-10-16,822.9,827.0,818.8,822.9
2003-10-17,809.4,813.4,805.3,809.4
2003-10-20,806.2,810.2,802.2,806.2
2003-10-21,811.3,815.3,807.2,811.3
2003-10-22,832.5,836.7,828.4,832.5
2003-10-23,845.8,850.0,841.6,845.8
2003-10-24,849.4,853.6,845.1,849.4
2003-10-27,866.3,870.6,861.9,866.3
2003-10-28,859.9,864.2,855.6,859.9
2003-10-29,861.6,865.9,857.3,861.6
2003-10-30,871.4,875.7,867.0,871.4
2003-10-31,857.5,861.8,853.2,857.5
2003-11-03,859.5,863.8,855.2,859.5
2003-11-04,861.3,865.6,857.0,861.3
2003-11-05,862.7,867.0,858.4,862.7
2003-11-06,852.3,856.6,848.0,852.3
2003-11-07,854.5,858.7,850.2,854.5
2003-11-10,856.5,860.7,852.2,856.5
2003-11-11,850.5,854.7,846.2,850.5
2003-11-12,855.7,859.9,851.4,855.7
2003-11-13,865.3,869.6,861.0,865.3
2003-11-14,857.7,862.0,853.4,857.7
2003-11-17,861.4,865.7,857.0,861.4
2003-11-18,871.1,875.5,866.8,871.1
2003-11-19,880.6,885.0,876.2,880.6
2003-11-20,876.8,881.2,872.5,876.8
2003-11-21,883.4,887.8,879.0,883.4
2003-11-24,880.0,884.4,875.6,880.0
2003-11-25,884.4,888.8,880.0,884.4
2003-11-26,875.8,880.2,871.4,875.8
2003-11-27,861.2,865.5,856.9,861.2
2003-11-28,864.3,868.7,860.0,864.3
2003-12-01,871.5,875.9,867.2,871.5
2003-12-02,875.7,880.0,871.3,875.7
2003-12-03,867.0,871.4,862.7,867.0
2003-12-04,845.1,849.4,840.9,845.1
2003-12-05,852.1,856.3,847.8,852.1
2003-12-08,864.6,869.0,860.3,864.6
2003-12-09,847.7,852.0,843.5,847.7
2003-12-10,844.9,849.1,840.7,844.9
2003-12-11,837.0,841.2,832.8,837.0
2003-12-12,839.3,843.5,835.1,839.3
2003-12-15,851.7,856.0,847.4,851.7
2003-12-16,849.4,853.7,845.2,849.4
2003-12-17,845.0,849.2,840.8,845.0
2003-12-18,848.3,852.5,844.1,848.3
2003-12-19,830.5,834.6,826.3,830.5
2003-12-22,839.3,843.5,835.1,839.3
2003-12-23,848.7,852.9,844.4,848.7
2003-12-24,848.7,853.0,844.5,848.7
2003-12-25,845.1,849.3,840.9,845.1
2003-12-26,843.0,847.2,838.8,843.0
2003-12-29,842.1,846.3,837.9,842.1
2003-12-30,842.1,846.3,837.9,842.1
2003-12-31,829.5,833.6,825.3,829.5
2004-01-01,833.9,838.0,829.7,833.9
2004-01-02,831.8,835.9,827.6,831.8
2004-01-05,834.1,838.3,829.9,834.1
2004-01-06,830.3,834.4,826.1,830.3
2004-01-07,834.8,839.0,830.6,834.8
2004-01-08,847.1,851.4,842.9,847.1
2004-01-09,849.4,853.7,845.2,849.4
2004-01-12,837.0,841.2,832.8,837.0
2004-01-13,838.2,842.4,834.0,838.2
2004-01-14,841.1,845.3,836.8,841.1
2004-01-15,841.6,845.8,837.4,841.6
2004-01-16,836.0,840.2,831.8,836.0
2004-01-19,838.0,842.2,833.8,838.0
2004-01-20,846.4,850.6,842.2,846.4
2004-01-21,844.7,849.0,840.5,844.7
2004-01-22,857.5,861.8,853.2,857.5
2004-01-23,852.3,856.6,848.1,852.3
2004-01-26,845.2,849.5,841.0,845.2
2004-01-27,844.3,848.6,840.1,844.3
2004-01-28,828.1,832.2,823.9,828.1
2004-01-29,830.0,834.1,825.8,830.0
2004-01-30,829.1,833.2,824.9,829.1
2004-02-02,837.7,841.9,833.5,837.7
2004-02-03,824.7,828.8,820.5,824.7
2004-02-04,833.6,837.7,829.4,833.6
2004-02-05,836.8,841.0,832.6,836.8
2004-02-06,852.2,856.5,848.0,852.2
2004-02-09,852.9,857.1,848.6,852.9
2004-02-10,856.9,861.2,852.6,856.9
2004-02-11,863.3,867.6,859.0,863.3
2004-02-12,846.3,850.5,842.1,846.3
2004-02-13,857.4,861.7,853.1,857.4
2004-02-16,858.4,862.6,854.1,858.4
2004-02-17,848.3,852.6,844.1,848.3
2004-02-18,849.2,853.4,844.9,849.2
2004-02-19,860.9,865.2,856.6,860.9
2004-02-20,858.9,863.2,854.6,858.9
2004-02-23,861.9,866.3,857.6,861.9
2004-02-24,845.5,849.7,841.3,845.5
2004-02-25,839.9,844.1,835.7,839.9
2004-02-26,848.2,852.5,844.0,848.2
2004-02-27,859.3,863.6,855.0,859.3
2004-03-01,864.3,868.6,859.9,864.3
2004-03-02,870.5,874.9,866.2,870.5
2004-03-03,867.9,872.2,863.5,867.9
2004-03-04,869.0,873.4,864.7,869.0
2004-03-05,860.7,865.0,856.4,860.7
2004-03-08,858.9,863.2,854.6,858.9
2004-03-09,860.3,864.6,856.0,860.3
2004-03-10,848.0,852.3,843.8,848.0
2004-03-11,871.3,875.7,867.0,871.3
2004-03-12,866.2,870.5,861.9,866.2
2004-03-15,870.5,874.9,866.1,870.5
2004-03-16,860.7,865.0,856.4,860.7
2004-03-17,835.6,839.8,831.5,835.6
2004-03-18,853.8,858.1,849.5,853.8
2004-03-19,856.4,860.7,852.1,856.4
2004-03-22,840.2,844.4,836.0,840.2
2004-03-23,834.0,838.2,829.9,834.0
2004-03-24,855.7,859.9,851.4,855.7
2004-03-25,862.2,866.5,857.9,862.2
2004-03-26,841.1,845.3,836.9,841.1
2004-03-29,840.6,844.8,836.4,840.6
2004-03-30,842.1,846.3,837.8,842.1
2004-03-31,849.8,854.0,845.5,849.8
2004-04-01,852.1,856.4,847.8,852.1
2004-04-02,839.2,843.4,835.0,839.2
2004-04-05,837.8,842.0,833.7,837.8
2004-04-06,833.1,837.3,829.0,833.1
2004-04-07,843.5,847.7,839.3,843.5
2004-04-08,841.8,846.0,837.6,841.8
2004-04-09,840.1,844.3,835.9,840.1
2004-04-12,842.3,846.5,838.1,842.3
2004-04-13,837.9,842.1,833.7,837.9
2004-04-14,855.1,859.4,850.8,855.1
2004-04-15,868.1,872.4,863.7,868.1
2004-04-16,880.8,885.2,876.4,880.8
2004-04-19,872.4,876.7,868.0,872.4
2004-04-20,877.7,882.0,873.3,877.7
2004-04-21,886.7,891.1,882.2,886.7
2004-04-22,878.8,883.2,874.4,878.8
2004-04-23,870.1,874.4,865.7,870.1
2004-04-26,864.5,868.8,860.2,864.5
2004-04-27,853.9,858.2,849.7,853.9
2004-04-28,866.7,871.0,862.4,866.7
2004-04-29,878.0,882.4,873.6,878.0
2004-04-30,877.2,881.6,872.8,877.2
2004-05-03,880.1,884.5,875.7,880.1
2004-05-04,876.1,880.4,871.7,876.1
2004-05-05,899.5,904.0,895.0,899.5
2004-05-06,896.8,901.3,892.3,896.8
2004-05-07,893.4,897.8,888.9,893.4
2004-05-10,894.9,899.4,890.5,894.9
2004-05-11,884.5,888.9,880.1,884.5
2004-05-12,889.1,893.5,884.6,889.1
2004-05-13,904.1,908.6,899.6,904.1
2004-05-14,903.8,908.3,899.3,903.8
2004-05-17,913.6,918.1,909.0,913.6
2004-05-18,896.4,900.9,891.9,896.4
2004-05-19,889.4,893.9,885.0,889.4
2004-05-20,892.4,896.9,888.0,892.4
2004-05-21,877.4,881.8,873.0,877.4
2004-05-24,884.4,888.8,879.9,884.4
2004-05-25,884.1,888.5,879.6,884.1
2004-05-26,889.4,893.8,884.9,889.4
2004-05-27,889.6,894.0,885.1,889.6
2004-05-28,890.4,894.9,886.0,890.4
2004-05-31,869.7,874.1,865.4,869.7
2004-06-01,862.8,867.1,858.4,862.8
2004-06-02,871.3,875.7,866.9,871.3
2004-06-03,861.6,865.9,857.3,861.6
2004-06-04,856.4,860.7,852.1,856.4
2004-06-07,857.6,861.9,853.3,857.6
2004-06-08,858.7,863.0,854.4,858.7
2004-06-09,869.6,873.9,865.2,869.6
2004-06-10,875.4,879.8,871.1,875.4
2004-06-11,872.7,877.1,868.4,872.7
2004-06-14,861.4,865.7,857.1,861.4
2004-06-15,894.3,898.8,889.9,894.3
2004-06-16,897.4,901.9,892.9,897.4
2004-06-17,908.5,913.0,903.9,908.5
2004-06-18,888.2,892.6,883.7,888.2
2004-06-21,888.9,893.3,884.4,888.9
2004-06-22,888.1,892.6,883.7,888.1
2004-06-23,887.0,891.4,882.5,887.0
2004-06-24,897.6,902.1,893.1,897.6
2004-06-25,897.9,902.4,893.4,897.9
2004-06-28,897.8,902.2,893.3,897.8
2004-06-29,900.5,905.0,896.0,900.5
2004-06-30,903.6,908.1,899.0,903.6
2004-07-01,895.0,899.5,890.5,895.0
2004-07-02,907.5,912.1,903.0,907.5
2004-07-05,905.7,910.3,901.2,905.7
2004-07-06,907.5,912.0,903.0,907.5
2004-07-07,924.4,929.0,919.8,924.4
2004-07-08,953.9,958.6,949.1,953.9
2004-07-09,958.8,963.6,954.0,958.8
2004-07-12,943.6,948.3,938.9,943.6
2004-07-13,941.9,946.7,937.2,941.9
2004-07-14,959.5,964.3,954.7,959.5
2004-07-15,957.6,962.4,952.8,957.6
2004-07-16,966.1,970.9,961.2,966.1
2004-07-19,975.2,980.1,970.3,975.2
2004-07-20,968.2,973.0,963.3,968.2
2004-07-21,986.4,991.3,981.5,986.4
2004-07-22,989.7,994.7,984.8,989.7
2004-07-23,988.6,993.5,983.6,988.6
2004-07-26,987.4,992.4,982.5,987.4
2004-07-27,975.5,980.4,970.6,975.5
2004-07-28,967.8,972.7,963.0,967.8
2004-07-29,958.3,963.1,953.5,958.3
2004-07-30,981.1,986.0,976.2,981.1
2004-08-02,991.8,996.7,986.8,991.8
2004-08-03,981.3,986.2,976.4,981.3
2004-08-04,999.0,1004.0,994.0,999.0
2004-08-05,1011.2,1016.3,1006.2,1011.2
2004-08-06,1003.4,1008.5,998.4,1003.4
2004-08-09,1008.7,1013.8,1003.7,1008.7
2004-08-10,1000.8,1005.8,995.8,1000.8
2004-08-11,1009.9,1014.9,1004.8,1009.9
2004-08-12,1013.3,1018.4,1008.3,1013.3
2004-08-13,1007.8,1012.8,1002.7,1007.8
2004-08-16,995.8,1000.8,990.9,995.8
2004-08-17,994.8,999.7,989.8,994.8
2004-08-18,999.2,1004.2,994.2,999.2
2004-08-19,1011.3,1016.4,1006.2,1011.3
2004-08-20,1016.3,1021.4,1011.2,1016.3
2004-08-23,1025.3,1030.4,1020.2,1025.3
2004-08-24,1016.3,1021.3,1011.2,1016.3
2004-08-25,995.7,1000.6,990.7,995.7
2004-08-26,978.9,983.8,974.0,978.9
2004-08-27,976.7,981.6,971.8,976.7
2004-08-30,971.2,976.0,966.3,971.2
2004-08-31,971.2,976.0,966.3,971.2
2004-09-01,979.3,984.2,974.4,979.3
2004-09-02,986.3,991.2,981.3,986.3
2004-09-03,963.7,968.5,958.9,963.7
2004-09-06,992.1,997.0,987.1,992.1
2004-09-07,996.3,1001.3,991.3,996.3
2004-09-08,999.3,1004.3,994.3,999.3
2004-09-09,997.9,1002.9,992.9,997.9
2004-09-10,995.3,1000.3,990.3,995.3
2004-09-13,1007.8,1012.9,1002.8,1007.8
2004-09-14,998.0,1002.9,993.0,998.0
2004-09-15,1001.3,1006.3,996.3,1001.3
2004-09-16,1016.6,1021.6,1011.5,1016.6
2004-09-17,1017.9,1023.0,1012.8,1017.9
2004-09-20,1023.7,1028.9,1018.6,1023.7
2004-09-21,1009.0,1014.0,1003.9,1009.0
2004-09-22,1017.2,1022.3,1012.1,1017.2
2004-09-23,1020.5,1025.6,1015.4,1020.5
2004-09-24,1019.0,1024.1,1013.9,1019.0
2004-09-27,1027.1,1032.3,1022.0,1027.1
2004-09-28,1015.0,1020.1,1009.9,1015.0
2004-09-29,1032.9,1038.1,1027.8,1032.9
2004-09-30,1061.0,1066.3,1055.7,1061.0
2004-10-01,1053.0,1058.2,1047.7,1053.0
2004-10-04,1064.3,1069.6,1058.9,1064.3
2004-10-05,1060.5,1065.8,1055.2,1060.5
2004-10-06,1046.0,1051.3,1040.8,1046.0
2004-10-07,1057.8,1063.0,1052.5,1057.8
2004-10-08,1053.0,1058.3,1047.7,1053.0
2004-10-11,1058.9,1064.2,1053.6,1058.9
2004-10-12,1076.4,1081.7,1071.0,1076.4
2004-10-13,1079.0,1084.4,1073.7,1079.0
2004-10-14,1078.4,1083.8,1073.0,1078.4
2004-10-15,1066.0,1071.3,1060.7,1066.0
2004-10-18,1055.6,1060.9,1050.3,1055.6
2004-10-19,1052.8,1058.1,1047.5,1052.8
2004-10-20,1047.7,1052.9,1042.5,1047.7
2004-10-21,1053.6,1058.9,1048.4,1053.6
2004-10-22,1041.3,1046.5,1036.1,1041.3
2004-10-25,1034.2,1039.3,1029.0,1034.2
2004-10-26,1032.5,1037.6,1027.3,1032.5
2004-10-27,1033.4,1038.6,1028.3,1033.4
2004-10-28,1034.0,1039.1,1028.8,1034.0
2004-10-29,1031.9,1037.1,1026.8,1031.9
2004-11-01,1025.0,1030.1,1019.8,1025.0
2004-11-02,1031.4,1036.6,1026.2,1031.4
2004-11-03,1043.7,1049.0,1038.5,1043.7
2004-11-04,1046.6,1051.8,1041.3,1046.6
2004-11-05,1040.2,1045.4,1035.0,1040.2
2004-11-08,1021.7,1026.8,1016.6,1021.7
2004-11-09,1039.7,1044.9,1034.5,1039.7
2004-11-10,1037.9,1043.1,1032.7,1037.9
2004-11-11,1051.7,1057.0,1046.4,1051.7
2004-11-12,1068.1,1073.5,1062.8,1068.1
2004-11-15,1076.5,1081.9,1071.1,1076.5
2004-11-16,1084.8,1090.2,1079.4,1084.8
2004-11-17,1091.9,1097.3,1086.4,1091.9
2004-11-18,1087.3,1092.8,1081.9,1087.3
2004-11-19,1073.4,1078.8,1068.1,1073.4
2004-11-22,1081.8,1087.2,1076.4,1081.8
2004-11-23,1064.3,1069.6,1059.0,1064.3
2004-11-24,1059.5,1064.8,1054.2,1059.5
2004-11-25,1052.5,1057.7,1047.2,1052.5
2004-11-26,1058.4,1063.6,1053.1,1058.4
2004-11-29,1061.8,1067.1,1056.5,1061.8
2004-11-30,1054.7,1060.0,1049.5,1054.7
2004-12-01,1050.6,1055.9,1045.4,1050.6
2004-12-02,1071.3,1076.7,1065.9,1071.3
2004-12-03,1062.4,1067.7,1057.1,1062.4
2004-12-06,1061.5,1066.8,1056.2,1061.5
2004-12-07,1067.5,1072.8,1062.1,1067.5
2004-12-08,1067.8,1073.1,1062.5,1067.8
2004-12-09,1073.8,1079.2,1068.4,1073.8
2004-12-10,1084.7,1090.1,1079.3,1084.7
2004-12-13,1100.1,1105.6,1094.6,1100.1
2004-12-14,1098.7,1104.2,1093.2,1098.7
2004-12-15,1101.3,1106.8,1095.8,1101.3
2004-12-16,1101.7,1107.2,1096.2,1101.7
2004-12-17,1090.5,1096.0,1085.1,1090.5
2004-12-20,1092.8,1098.2,1087.3,1092.8
2004-12-21,1074.2,1079.5,1068.8,1074.2
2004-12-22,1077.9,1083.3,1072.5,1077.9
2004-12-23,1054.9,1060.2,1049.7,1054.9
2004-12-24,1045.2,1050.5,1040.0,1045.2
2004-12-27,1056.9,1062.2,1051.6,1056.9
2004-12-28,1062.6,1068.0,1057.3,1062.6
2004-12-29,1063.0,1068.3,1057.7,1063.0
2004-12-30,1058.8,1064.1,1053.5,1058.8
2004-12-31,1050.4,1055.7,1045.2,1050.4
2005-01-03,1046.6,1051.8,1041.3,1046.6
2005-01-04,1055.4,1060.7,1050.1,1055.4
2005-01-05,1053.8,1059.1,1048.5,1053.8
2005-01-06,1032.8,1038.0,1027.7,1032.8
2005-01-07,1022.0,1027.1,1016.9,1022.0
2005-01-10,1017.5,1022.6,1012.4,1017.5
2005-01-11,1017.9,1023.0,1012.8,1017.9
2005-01-12,1018.0,1023.1,1012.9,1018.0
2005-01-13,1009.9,1015.0,1004.9,1009.9
2005-01-14,1020.2,1025.3,1015.1,1020.2
2005-01-17,1003.4,1008.4,998.4,1003.4
2005-01-18,999.5,1004.5,994.5,999.5
2005-01-19,1012.3,1017.4,1007.3,1012.3
2005-01-20,1021.9,1027.0,1016.8,1021.9
2005-01-21,1022.3,1027.4,1017.2,1022.3
2005-01-24,1037.1,1042.3,1031.9,1037.1
2005-01-25,1042.6,1047.8,1037.4,1042.6
2005-01-26,1045.8,1051.1,1040.6,1045.8
2005-01-27,1054.7,1060.0,1049.4,1054.7
2005-01-28,1061.0,1066.3,1055.7,1061.0
2005-01-31,1078.5,1083.9,1073.1,1078.5
2005-02-01,1076.0,1081.4,1070.6,1076.0
2005-02-02,1074.4,1079.8,1069.0,1074.4
2005-02-03,1077.7,1083.1,1072.3,1077.7
2005-02-04,1079.0,1084.4,1073.6,1079.0
2005-02-07,1101.5,1107.0,1096.0,1101.5
2005-02-08,1107.2,1112.8,1101.7,1107.2
2005-02-09,1099.1,1104.6,1093.6,1099.1
2005-02-10,1083.0,1088.4,1077.6,1083.0
2005-02-11,1101.2,1106.7,1095.7,1101.2
2005-02-14,1098.6,1104.1,1093.1,1098.6
2005-02-15,1102.6,1108.1,1097.1,1102.6
2005-02-16,1102.6,1108.1,1097.1,1102.6
2005-02-17,1111.7,1117.2,1106.1,1111.7
2005-02-18,1105.5,1111.0,1099.9,1105.5
2005-02-21,1108.3,1113.9,1102.8,1108.3
2005-02-22,1102.5,1108.0,1097.0,1102.5
2005-02-23,1133.5,1139.2,1127.8,1133.5
2005-02-24,1124.2,1129.8,1118.6,1124.2
2005-02-25,1129.8,1135.5,1124.2,1129.8
2005-02-28,1161.8,1167.6,1156.0,1161.8
2005-03-01,1173.5,1179.4,1167.6,1173.5
2005-03-02,1170.5,1176.4,1164.7,1170.5
2005-03-03,1169.9,1175.7,1164.0,1169.9
2005-03-04,1158.4,1164.2,1152.6,1158.4
2005-03-07,1176.6,1182.5,1170.7,1176.6
2005-03-08,1171.5,1177.3,1165.6,1171.5
2005-03-09,1168.3,1174.1,1162.4,1168.3
2005-03-10,1156.3,1162.1,1150.6,1156.3
2005-03-11,1151.3,1157.1,1145.6,1151.3
2005-03-14,1152.2,1158.0,1146.5,1152.2
2005-03-15,1163.2,1169.0,1157.4,1163.2
2005-03-16,1164.4,1170.3,1158.6,1164.4
2005-03-17,1174.9,1180.8,1169.0,1174.9
2005-03-18,1147.2,1152.9,1141.4,1147.2
2005-03-21,1163.5,1169.3,1157.7,1163.5
2005-03-22,1147.0,1152.7,1141.2,1147.0
2005-03-23,1154.9,1160.7,1149.1,1154.9
2005-03-24,1119.1,1124.7,1113.5,1119.1
2005-03-25,1120.6,1126.2,1115.0,1120.6
2005-03-28,1133.4,1139.1,1127.7,1133.4
2005-03-29,1124.2,1129.8,1118.5,1124.2
2005-03-30,1125.3,1130.9,1119.6,1125.3
2005-03-31,1136.4,1142.1,1130.7,1136.4
2005-04-01,1144.4,1150.2,1138.7,1144.4
2005-04-04,1128.1,1133.7,1122.4,1128.1
2005-04-05,1140.1,1145.8,1134.4,1140.1
2005-04-06,1159.5,1165.3,1153.7,1159.5
2005-04-07,1172.5,1178.4,1166.6,1172.5
2005-04-08,1157.2,1163.0,1151.4,1157.2
2005-04-11,1145.8,1151.5,1140.1,1145.8
2005-04-12,1146.7,1152.5,1141.0,1146.7
2005-04-13,1153.5,1159.2,1147.7,1153.5
2005-04-14,1163.1,1168.9,1157.3,1163.1
2005-04-15,1153.5,1159.2,1147.7,1153.5
2005-04-18,1153.9,1159.7,1148.2,1153.9
2005-04-19,1144.6,1150.3,1138.8,1144.6
2005-04-20,1133.5,1139.2,1127.9,1133.5
2005-04-21,1139.2,1144.9,1133.5,1139.2
2005-04-22,1139.1,1144.8,1133.4,1139.1
2005-04-25,1146.6,1152.3,1140.9,1146.6
2005-04-26,1140.6,1146.3,1134.9,1140.6
2005-04-27,1149.2,1154.9,1143.4,1149.2
2005-04-28,1136.7,1142.4,1131.1,1136.7
2005-04-29,1132.7,1138.3,1127.0,1132.7
2005-05-02,1123.1,1128.7,1117.5,1123.1
2005-05-03,1128.4,1134.0,1122.7,1128.4
2005-05-04,1151.0,1156.7,1145.2,1151.0
2005-05-05,1155.9,1161.7,1150.1,1155.9
2005-05-06,1155.2,1161.0,1149.4,1155.2
2005-05-09,1154.9,1160.7,1149.2,1154.9
2005-05-10,1148.9,1154.6,1143.2,1148.9
2005-05-11,1162.7,1168.5,1156.9,1162.7
2005-05-12,1167.8,1173.6,1162.0,1167.8
2005-05-13,1148.6,1154.3,1142.8,1148.6
2005-05-16,1163.8,1169.6,1158.0,1163.8
2005-05-17,1154.2,1159.9,1148.4,1154.2
2005-05-18,1147.6,1153.3,1141.8,1147.6
2005-05-19,1153.6,1159.4,1147.8,1153.6
2005-05-20,1147.7,1153.5,1142.0,1147.7
2005-05-23,1176.7,1182.6,1170.9,1176.7
2005-05-24,1174.1,1179.9,1168.2,1174.1
2005-05-25,1181.7,1187.6,1175.8,1181.7
2005-05-26,1163.6,1169.5,1157.8,1163.6
2005-05-27,1157.3,1163.1,1151.5,1157.3
2005-05-30,1158.5,1164.3,1152.7,1158.5
2005-05-31,1171.4,1177.3,1165.5,1171.4
2005-06-01,1159.1,1164.8,1153.3,1159.1
2005-06-02,1174.4,1180.3,1168.5,1174.4
2005-06-03,1176.5,1182.3,1170.6,1176.5
2005-06-06,1182.3,1188.2,1176.4,1182.3
2005-06-07,1173.9,1179.7,1168.0,1173.9
2005-06-08,1163.3,1169.1,1157.5,1163.3
2005-06-09,1139.0,1144.7,1133.3,1139.0
2005-06-10,1145.2,1150.9,1139.4,1145.2
2005-06-13,1156.3,1162.1,1150.5,1156.3
2005-06-14,1153.9,1159.7,1148.2,1153.9
2005-06-15,1137.3,1142.9,1131.6,1137.3
2005-06-16,1133.6,1139.2,1127.9,1133.6
2005-06-17,1141.1,1146.8,1135.4,1141.1
2005-06-20,1147.5,1153.2,1141.8,1147.5
2005-06-21,1158.0,1163.8,1152.3,1158.0
2005-06-22,1141.0,1146.7,1135.2,1141.0
2005-06-23,1139.1,1144.8,1133.4,1139.1
2005-06-24,1141.0,1146.7,1135.3,1141.0
2005-06-27,1153.1,1158.8,1147.3,1153.1
2005-06-28,1148.4,1154.2,1142.7,1148.4
2005-06-29,1157.6,1163.4,1151.8,1157.6
2005-06-30,1148.7,1154.5,1143.0,1148.7
2005-07-01,1154.5,1160.3,1148.8,1154.5
2005-07-04,1155.1,1160.9,1149.4,1155.1
2005-07-05,1153.7,1159.5,1147.9,1153.7
2005-07-06,1185.4,1191.3,1179.5,1185.4
2005-07-07,1182.7,1188.7,1176.8,1182.7
2005-07-08,1179.2,1185.1,1173.3,1179.2
2005-07-11,1165.3,1171.1,1159.4,1165.3
2005-07-12,1179.7,1185.6,1173.8,1179.7
2005-07-13,1175.0,1180.8,1169.1,1175.0
2005-07-14,1176.7,1182.6,1170.8,1176.7
2005-07-15,1168.6,1174.4,1162.7,1168.6
2005-07-18,1177.6,1183.5,1171.7,1177.6
2005-07-19,1191.0,1196.9,1185.0,1191.0
2005-07-20,1208.3,1214.4,1202.3,1208.3
2005-07-21,1207.6,1213.7,1201.6,1207.6
2005-07-22,1201.3,1207.3,1195.3,1201.3
2005-07-25,1196.0,1201.9,1190.0,1196.0
2005-07-26,1197.7,1203.7,1191.7,1197.7
2005-07-27,1202.3,1208.3,1196.2,1202.3
2005-07-28,1210.2,1216.2,1204.1,1210.2
2005-07-29,1200.8,1206.8,1194.8,1200.8
2005-08-01,1205.0,1211.0,1199.0,1205.0
2005-08-02,1193.9,1199.9,1187.9,1193.9
2005-08-03,1194.2,1200.2,1188.3,1194.2
2005-08-04,1213.2,1219.2,1207.1,1213.2
2005-08-05,1211.4,1217.5,1205.4,1211.4
2005-08-08,1203.3,1209.4,1197.3,1203.3
2005-08-09,1209.3,1215.3,1203.3,1209.3
2005-08-10,1221.7,1227.8,1215.6,1221.7
2005-08-11,1213.1,1219.2,1207.0,1213.1
2005-08-12,1197.8,1203.8,1191.8,1197.8
2005-08-15,1191.5,1197.5,1185.5,1191.5
2005-08-16,1188.6,1194.6,1182.7,1188.6
2005-08-17,1210.0,1216.1,1204.0,1210.0
2005-08-18,1194.4,1200.4,1188.5,1194.4
2005-08-19,1176.1,1182.0,1170.2,1176.1
2005-08-22,1184.4,1190.3,1178.5,1184.4
2005-08-23,1178.8,1184.7,1172.9,1178.8
2005-08-24,1170.0,1175.9,1164.2,1170.0
2005-08-25,1182.0,1187.9,1176.1,1182.0
2005-08-26,1186.5,1192.5,1180.6,1186.5
2005-08-29,1203.7,1209.7,1197.7,1203.7
2005-08-30,1215.3,1221.3,1209.2,1215.3
2005-08-31,1202.2,1208.3,1196.2,1202.2
2005-09-01,1183.6,1189.5,1177.7,1183.6
2005-09-02,1201.1,1207.1,1195.1,1201.1
2005-09-05,1203.8,1209.8,1197.8,1203.8
2005-09-06,1244.0,1250.3,1237.8,1244.0
2005-09-07,1256.9,1263.1,1250.6,1256.9
2005-09-08,1274.1,1280.5,1267.7,1274.1
2005-09-09,1261.7,1268.0,1255.4,1261.7
2005-09-12,1262.3,1268.6,1256.0,1262.3
2005-09-13,1272.5,1278.9,1266.2,1272.5
2005-09-14,1271.1,1277.5,1264.8,1271.1
2005-09-15,1271.6,1277.9,1265.2,1271.6
2005-09-16,1274.4,1280.8,1268.0,1274.4
2005-09-19,1266.6,1273.0,1260.3,1266.6
2005-09-20,1255.7,1262.0,1249.4,1255.7
2005-09-21,1254.2,1260.4,1247.9,1254.2
2005-09-22,1249.8,1256.1,1243.6,1249.8
2005-09-23,1239.9,1246.1,1233.7,1239.9
2005-09-26,1241.6,1247.8,1235.4,1241.6
2005-09-27,1226.8,1232.9,1220.7,1226.8
2005-09-28,1238.9,1245.1,1232.7,1238.9
2005-09-29,1248.2,1254.5,1242.0,1248.2
2005-09-30,1258.4,1264.7,1252.1,1258.4
2005-10-03,1250.7,1257.0,1244.5,1250.7
2005-10-04,1240.0,1246.2,1233.8,1240.0
2005-10-05,1258.9,1265.2,1252.6,1258.9
2005-10-06,1257.6,1263.9,1251.4,1257.6
2005-10-07,1266.2,1272.5,1259.9,1266.2
2005-10-10,1254.1,1260.4,1247.8,1254.1
2005-10-11,1252.1,1258.4,1245.9,1252.1
2005-10-12,1269.1,1275.4,1262.7,1269.1
2005-10-13,1271.8,1278.1,1265.4,1271.8
2005-10-14,1269.5,1275.9,1263.2,1269.5
2005-10-17,1279.4,1285.8,1273.0,1279.4
2005-10-18,1284.1,1290.6,1277.7,1284.1
2005-10-19,1311.3,1317.8,1304.7,1311.3
2005-10-20,1311.0,1317.6,1304.5,1311.0
2005-10-21,1318.6,1325.1,1312.0,1318.6
2005-10-24,1317.4,1324.0,1310.8,1317.4
2005-10-25,1303.8,1310.3,1297.3,1303.8
2005-10-26,1309.1,1315.6,1302.5,1309.1
2005-10-27,1289.8,1296.2,1283.4,1289.8
2005-10-28,1303.1,1309.6,1296.6,1303.1
2005-10-31,1287.7,1294.2,1281.3,1287.7
2005-11-01,1276.7,1283.1,1270.3,1276.7
2005-11-02,1265.6,1272.0,1259.3,1265.6
2005-11-03,1275.6,1282.0,1269.3,1275.6
2005-11-04,1262.7,1269.0,1256.4,1262.7
2005-11-07,1273.2,1279.5,1266.8,1273.2
2005-11-08,1266.3,1272.6,1259.9,1266.3
2005-11-09,1267.0,1273.3,1260.6,1267.0
2005-11-10,1262.2,1268.5,1255.9,1262.2
2005-11-11,1294.9,1301.4,1288.4,1294.9
2005-11-14,1275.9,1282.2,1269.5,1275.9
2005-11-15,1284.2,1290.6,1277.8,1284.2
2005-11-16,1285.7,1292.1,1279.3,1285.7
2005-11-17,1277.1,1283.5,1270.7,1277.1
2005-11-18,1284.3,1290.7,1277.9,1284.3
2005-11-21,1275.2,1281.5,1268.8,1275.2
2005-11-22,1263.4,1269.8,1257.1,1263.4
2005-11-23,1251.4,1257.6,1245.1,1251.4
2005-11-24,1256.0,1262.3,1249.8,1256.0
2005-11-25,1251.6,1257.8,1245.3,1251.6
2005-11-28,1245.4,1251.7,1239.2,1245.4
2005-11-29,1254.0,1260.3,1247.7,1254.0
2005-11-30,1271.9,1278.2,1265.5,1271.9
2005-12-01,1256.4,1262.7,1250.1,1256.4
2005-12-02,1264.4,1270.8,1258.1,1264.4
2005-12-05,1276.3,1282.6,1269.9,1276.3
2005-12-06,1295.9,1302.4,1289.4,1295.9
2005-12-07,1294.0,1300.5,1287.6,1294.0
2005-12-08,1316.5,1323.1,1309.9,1316.5
2005-12-09,1325.2,1331.8,1318.6,1325.2
2005-12-12,1302.6,1309.1,1296.1,1302.6
2005-12-13,1308.4,1315.0,1301.9,1308.4
2005-12-14,1309.8,1316.4,1303.3,1309.8
2005-12-15,1324.4,1331.1,1317.8,1324.4
2005-12-16,1341.0,1347.7,1334.3,1341.0
2005-12-19,1329.9,1336.5,1323.2,1329.9
2005-12-20,1342.7,1349.5,1336.0,1342.7
2005-12-21,1341.2,1347.9,1334.5,1341.2
2005-12-22,1332.1,1338.8,1325.4,1332.1
2005-12-23,1352.2,1359.0,1345.5,1352.2
2005-12-26,1347.4,1354.2,1340.7,1347.4
2005-12-27,1348.1,1354.8,1341.4,1348.1
2005-12-28,1347.3,1354.1,1340.6,1347.3
2005-12-29,1354.5,1361.3,1347.8,1354.5
2005-12-30,1372.2,1379.1,1365.3,1372.2
2006-01-02,1394.2,1401.2,1387.2,1394.2
2006-01-03,1404.5,1411.5,1397.5,1404.5
2006-01-04,1379.6,1386.5,1372.7,1379.6
2006-01-05,1398.1,1405.1,1391.1,1398.1
2006-01-06,1404.3,1411.3,1397.3,1404.3
2006-01-09,1418.7,1425.8,1411.6,1418.7
2006-01-10,1412.0,1419.0,1404.9,1412.0
2006-01-11,1409.4,1416.5,1402.4,1409.4
2006-01-12,1420.1,1427.2,1413.0,1420.1
2006-01-13,1444.6,1451.8,1437.3,1444.6
2006-01-16,1445.2,1452.4,1437.9,1445.2
2006-01-17,1424.6,1431.7,1417.4,1424.6
2006-01-18,1430.0,1437.1,1422.8,1430.0
2006-01-19,1424.5,1431.7,1417.4,1424.5
2006-01-20,1407.6,1414.7,1400.6,1407.6
2006-01-23,1405.9,1413.0,1398.9,1405.9
2006-01-24,1410.9,1418.0,1403.9,1410.9
2006-01-25,1423.5,1430.7,1416.4,1423.5
2006-01-26,1414.7,1421.8,1407.6,1414.7
2006-01-27,1406.9,1413.9,1399.9,1406.9
2006-01-30,1405.9,1413.0,1398.9,1405.9
2006-01-31,1428.7,1435.9,1421.6,1428.7
2006-02-01,1444.3,1451.5,1437.1,1444.3
2006-02-02,1449.0,1456.2,1441.7,1449.0
2006-02-03,1453.0,1460.2,1445.7,1453.0
2006-02-06,1447.1,1454.4,1439.9,1447.1
2006-02-07,1454.8,1462.0,1447.5,1454.8
2006-02-08,1437.9,1445.0,1430.7,1437.9
2006-02-09,1442.0,1449.2,1434.8,1442.0
2006-02-10,1411.6,1418.6,1404.5,1411.6
2006-02-13,1389.8,1396.7,1382.8,1389.8
2006-02-14,1363.3,1370.1,1356.5,1363.3
2006-02-15,1390.8,1397.7,1383.8,1390.8
2006-02-16,1388.8,1395.8,1381.9,1388.8
2006-02-17,1370.6,1377.4,1363.7,1370.6
2006-02-20,1407.3,1414.3,1400.3,1407.3
2006-02-21,1396.2,1403.2,1389.2,1396.2
2006-02-22,1403.7,1410.7,1396.7,1403.7
2006-02-23,1392.8,1399.7,1385.8,1392.8
2006-02-24,1404.3,1411.3,1397.2,1404.3
2006-02-27,1405.8,1412.8,1398.8,1405.8
2006-02-28,1395.4,1402.4,1388.4,1395.4
2006-03-01,1379.6,1386.5,1372.7,1379.6
2006-03-02,1371.2,1378.0,1364.3,1371.2
2006-03-03,1359.1,1365.9,1352.3,1359.1
2006-03-06,1338.9,1345.6,1332.2,1338.9
2006-03-07,1352.9,1359.6,1346.1,1352.9
2006-03-08,1371.6,1378.4,1364.7,1371.6
2006-03-09,1364.3,1371.1,1357.4,1364.3
2006-03-10,1337.7,1344.4,1331.0,1337.7
2006-03-13,1348.5,1355.2,1341.7,1348.5
2006-03-14,1354.2,1361.0,1347.5,1354.2
2006-03-15,1343.5,1350.2,1336.8,1343.5
2006-03-16,1346.6,1353.3,1339.9,1346.6
2006-03-17,1311.6,1318.2,1305.1,1311.6
2006-03-20,1319.0,1325.6,1312.4,1319.0
2006-03-21,1322.2,1328.8,1315.6,1322.2
2006-03-22,1346.2,1352.9,1339.4,1346.2
2006-03-23,1353.8,1360.6,1347.1,1353.8
2006-03-24,1358.9,1365.7,1352.1,1358.9
2006-03-27,1391.9,1398.9,1385.0,1391.9
2006-03-28,1382.8,1389.7,1375.8,1382.8
2006-03-29,1364.1,1370.9,1357.3,1364.1
2006-03-30,1380.6,1387.5,1373.7,1380.6
2006-03-31,1398.2,1405.2,1391.2,1398.2
2006-04-03,1416.6,1423.6,1409.5,1416.6
2006-04-04,1414.4,1421.4,1407.3,1414.4
2006-04-05,1405.5,1412.6,1398.5,1405.5
2006-04-06,1389.6,1396.5,1382.6,1389.6
2006-04-07,1379.5,1386.4,1372.7,1379.5
2006-04-10,1363.0,1369.8,1356.1,1363.0
2006-04-11,1360.8,1367.6,1354.0,1360.8
2006-04-12,1388.7,1395.7,1381.8,1388.7
2006-04-13,1383.8,1390.8,1376.9,1383.8
2006-04-14,1388.9,1395.8,1381.9,1388.9
2006-04-17,1401.5,1408.5,1394.5,1401.5
2006-04-18,1398.8,1405.8,1391.8,1398.8
2006-04-19,1396.2,1403.2,1389.2,1396.2
2006-04-20,1417.5,1424.6,1410.4,1417.5
2006-04-21,1422.1,1429.2,1414.9,1422.1
2006-04-24,1441.8,1449.0,1434.6,1441.8
2006-04-25,1477.0,1484.4,1469.7,1477.0
2006-04-26,1463.6,1471.0,1456.3,1463.6
2006-04-27,1461.2,1468.5,1453.9,1461.2
2006-04-28,1458.8,1466.1,1451.5,1458.8
2006-05-01,1454.1,1461.4,1446.8,1454.1
2006-05-02,1448.4,1455.7,1441.2,1448.4
2006-05-03,1469.6,1477.0,1462.3,1469.6
2006-05-04,1471.0,1478.3,1463.6,1471.0
2006-05-05,1506.9,1514.5,1499.4,1506.9
2006-05-08,1501.1,1508.6,1493.6,1501.1
2006-05-09,1521.6,1529.2,1514.0,1521.6
2006-05-10,1544.8,1552.5,1537.0,1544.8
2006-05-11,1540.1,1547.8,1532.4,1540.1
2006-05-12,1543.4,1551.1,1535.6,1543.4
2006-05-15,1554.9,1562.6,1547.1,1554.9
2006-05-16,1543.0,1550.7,1535.2,1543.0
2006-05-17,1564.1,1572.0,1556.3,1564.1
2006-05-18,1548.2,1555.9,1540.4,1548.2
2006-05-19,1537.2,1544.9,1529.5,1537.2
2006-05-22,1529.0,1536.6,1521.4,1529.0
2006-05-23,1530.1,1537.8,1522.5,1530.1
2006-05-24,1532.8,1540.4,1525.1,1532.8
2006-05-25,1521.2,1528.8,1513.6,1521.2
2006-05-26,1517.9,1525.5,1510.3,1517.9
2006-05-29,1502.0,1509.5,1494.4,1502.0
2006-05-30,1518.6,1526.2,1511.0,1518.6
2006-05-31,1527.6,1535.2,1520.0,1527.6
2006-06-01,1520.3,1527.9,1512.7,1520.3
2006-06-02,1516.1,1523.7,1508.5,1516.1
2006-06-05,1507.2,1514.7,1499.7,1507.2
2006-06-06,1493.0,1500.5,1485.5,1493.0
2006-06-07,1477.3,1484.7,1469.9,1477.3
2006-06-08,1464.7,1472.0,1457.3,1464.7
2006-06-09,1480.7,1488.1,1473.3,1480.7
2006-06-12,1499.0,1506.5,1491.5,1499.0
2006-06-13,1478.9,1486.3,1471.5,1478.9
2006-06-14,1490.6,1498.1,1483.2,1490.6
2006-06-15,1473.2,1480.6,1465.9,1473.2
2006-06-16,1486.3,1493.7,1478.9,1486.3
2006-06-19,1490.5,1498.0,1483.1,1490.5
2006-06-20,1483.8,1491.2,1476.4,1483.8
2006-06-21,1491.8,1499.3,1484.4,1491.8
2006-06-22,1513.1,1520.6,1505.5,1513.1
2006-06-23,1485.1,1492.5,1477.6,1485.1
2006-06-26,1505.5,1513.0,1498.0,1505.5
2006-06-27,1494.2,1501.7,1486.7,1494.2
2006-06-28,1516.8,1524.4,1509.2,1516.8
2006-06-29,1529.9,1537.6,1522.3,1529.9
2006-06-30,1512.6,1520.2,1505.1,1512.6
2006-07-03,1506.7,1514.2,1499.1,1506.7
2006-07-04,1514.8,1522.4,1507.3,1514.8
2006-07-05,1529.7,1537.3,1522.0,1529.7
2006-07-06,1536.7,1544.4,1529.0,1536.7
2006-07-07,1542.2,1549.9,1534.5,1542.2
2006-07-10,1533.8,1541.5,1526.2,1533.8
2006-07-11,1534.3,1541.9,1526.6,1534.3
2006-07-12,1533.1,1540.7,1525.4,1533.1
2006-07-13,1510.4,1517.9,1502.8,1510.4
2006-07-14,1516.7,1524.3,1509.1,1516.7
2006-07-17,1514.0,1521.5,1506.4,1514.0
2006-07-18,1536.1,1543.8,1528.4,1536.1
2006-07-19,1554.1,1561.9,1546.3,1554.1
2006-07-20,1556.2,1564.0,1548.4,1556.2
2006-07-21,1572.3,1580.2,1564.5,1572.3
2006-07-24,1582.2,1590.2,1574.3,1582.2
2006-07-25,1580.1,1588.0,1572.2,1580.1
2006-07-26,1556.8,1564.6,1549.0,1556.8
2006-07-27,1553.9,1561.7,1546.1,1553.9
2006-07-28,1548.5,1556.3,1540.8,1548.5
2006-07-31,1548.9,1556.6,1541.1,1548.9
2006-08-01,1545.0,1552.7,1537.3,1545.0
2006-08-02,1562.3,1570.1,1554.5,1562.3
2006-08-03,1580.5,1588.4,1572.6,1580.5
2006-08-04,1571.8,1579.6,1563.9,1571.8
2006-08-07,1552.6,1560.4,1544.8,1552.6
2006-08-08,1537.9,1545.6,1530.3,1537.9
2006-08-09,1558.2,1566.0,1550.4,1558.2
2006-08-10,1573.1,1580.9,1565.2,1573.1
2006-08-11,1554.9,1562.7,1547.1,1554.9
2006-08-14,1534.6,1542.3,1526.9,1534.6
2006-08-15,1527.0,1534.6,1519.4,1527.0
2006-08-16,1556.8,1564.5,1549.0,1556.8
2006-08-17,1563.8,1571.6,1556.0,1563.8
2006-08-18,1560.4,1568.2,1552.6,1560.4
2006-08-21,1560.9,1568.7,1553.1,1560.9
2006-08-22,1532.2,1539.9,1524.6,1532.2
2006-08-23,1529.7,1537.4,1522.1,1529.7
2006-08-24,1551.3,1559.0,1543.5,1551.3
2006-08-25,1546.3,1554.1,1538.6,1546.3
2006-08-28,1546.0,1553.7,1538.3,1546.0
2006-08-29,1552.8,1560.6,1545.0,1552.8
2006-08-30,1536.6,1544.3,1528.9,1536.6
2006-08-31,1544.1,1551.8,1536.3,1544.1
2006-09-01,1532.5,1540.1,1524.8,1532.5
2006-09-04,1529.1,1536.8,1521.5,1529.1
2006-09-05,1526.0,1533.6,1518.4,1526.0
2006-09-06,1523.1,1530.7,1515.5,1523.1
2006-09-07,1527.9,1535.6,1520.3,1527.9
2006-09-08,1529.8,1537.4,1522.1,1529.8
2006-09-11,1531.9,1539.5,1524.2,1531.9
2006-09-12,1536.8,1544.5,1529.1,1536.8
2006-09-13,1525.4,1533.0,1517.7,1525.4
2006-09-14,1494.8,1502.3,1487.3,1494.8
2006-09-15,1499.7,1507.2,1492.2,1499.7
2006-09-18,1495.6,1503.0,1488.1,1495.6
2006-09-19,1507.9,1515.5,1500.4,1507.9
2006-09-20,1503.8,1511.3,1496.3,1503.8
2006-09-21,1478.6,1486.0,1471.2,1478.6
2006-09-22,1482.9,1490.3,1475.5,1482.9
2006-09-25,1507.5,1515.0,1499.9,1507.5
2006-09-26,1517.4,1525.0,1509.8,1517.4
2006-09-27,1499.3,1506.8,1491.8,1499.3
2006-09-28,1494.8,1502.3,1487.3,1494.8
2006-09-29,1492.6,1500.1,1485.2,1492.6
2006-10-02,1497.9,1505.4,1490.4,1497.9
2006-10-03,1494.3,1501.8,1486.8,1494.3
2006-10-04,1472.3,1479.6,1464.9,1472.3
2006-10-05,1477.2,1484.6,1469.9,1477.2
2006-10-06,1507.1,1514.6,1499.6,1507.1
2006-10-09,1504.1,1511.6,1496.6,1504.1
2006-10-10,1490.0,1497.4,1482.5,1490.0
2006-10-11,1519.4,1527.0,1511.8,1519.4
2006-10-12,1555.4,1563.2,1547.7,1555.4
2006-10-13,1552.3,1560.1,1544.6,1552.3
2006-10-16,1561.8,1569.6,1554.0,1561.8
2006-10-17,1568.7,1576.5,1560.9,1568.7
2006-10-18,1586.1,1594.0,1578.1,1586.1
2006-10-19,1570.3,1578.2,1562.5,1570.3
2006-10-20,1572.9,1580.8,1565.0,1572.9
2006-10-23,1560.3,1568.1,1552.5,1560.3
2006-10-24,1569.6,1577.5,1561.8,1569.6
2006-10-25,1597.5,1605.5,1589.5,1597.5
2006-10-26,1604.9,1613.0,1596.9,1604.9
2006-10-27,1592.9,1600.9,1584.9,1592.9
2006-10-30,1613.4,1621.5,1605.4,1613.4
2006-10-31,1605.0,1613.1,1597.0,1605.0
2006-11-01,1614.1,1622.2,1606.1,1614.1
2006-11-02,1603.1,1611.1,1595.0,1603.1
2006-11-03,1583.6,1591.5,1575.7,1583.6
2006-11-06,1576.4,1584.3,1568.5,1576.4
2006-11-07,1536.0,1543.7,1528.3,1536.0
2006-11-08,1524.0,1531.6,1516.4,1524.0
2006-11-09,1565.3,1573.2,1557.5,1565.3
2006-11-10,1523.7,1531.3,1516.0,1523.7
2006-11-13,1506.4,1513.9,1498.8,1506.4
2006-11-14,1542.4,1550.1,1534.7,1542.4
2006-11-15,1532.4,1540.1,1524.8,1532.4
2006-11-16,1532.1,1539.8,1524.5,1532.1
2006-11-17,1538.3,1545.9,1530.6,1538.3
2006-11-20,1519.2,1526.8,1511.6,1519.2
2006-11-21,1543.6,1551.4,1535.9,1543.6
2006-11-22,1547.7,1555.5,1540.0,1547.7
2006-11-23,1543.2,1550.9,1535.5,1543.2
2006-11-24,1564.9,1572.8,1557.1,1564.9
2006-11-27,1550.1,1557.9,1542.4,1550.1
2006-11-28,1556.8,1564.6,1549.0,1556.8
2006-11-29,1545.8,1553.6,1538.1,1545.8
2006-11-30,1531.4,1539.1,1523.8,1531.4
2006-12-01,1572.2,1580.0,1564.3,1572.2
2006-12-04,1581.5,1589.4,1573.6,1581.5
2006-12-05,1602.1,1610.1,1594.1,1602.1
2006-12-06,1597.4,1605.4,1589.4,1597.4
2006-12-07,1584.5,1592.4,1576.6,1584.5
2006-12-08,1537.6,1545.3,1529.9,1537.6
2006-12-11,1541.5,1549.3,1533.8,1541.5
2006-12-12,1521.1,1528.7,1513.5,1521.1
2006-12-13,1531.0,1538.7,1523.4,1531.0
2006-12-14,1517.3,1524.9,1509.7,1517.3
2006-12-15,1533.7,1541.4,1526.1,1533.7
2006-12-18,1578.0,1585.9,1570.1,1578.0
2006-12-19,1631.2,1639.3,1623.0,1631.2
2006-12-20,1639.8,1648.0,1631.6,1639.8
2006-12-21,1642.5,1650.7,1634.2,1642.5
2006-12-22,1633.5,1641.7,1625.3,1633.5
2006-12-25,1625.7,1633.8,1617.6,1625.7
2006-12-26,1614.1,1622.2,1606.0,1614.1
2006-12-27,1643.5,1651.7,1635.3,1643.5
2006-12-28,1640.0,1648.2,1631.8,1640.0
2006-12-29,1679.7,1688.1,1671.3,1679.7
2007-01-01,1666.9,1675.2,1658.6,1666.9
2007-01-02,1666.7,1675.0,1658.3,1666.7
2007-01-03,1647.4,1655.7,1639.2,1647.4
2007-01-04,1659.7,1667.9,1651.4,1659.7
2007-01-05,1658.9,1667.2,1650.6,1658.9
2007-01-08,1663.2,1671.5,1654.9,1663.2
2007-01-09,1660.6,1668.9,1652.3,1660.6
2007-01-10,1673.0,1681.3,1664.6,1673.0
2007-01-11,1686.7,1695.1,1678.2,1686.7
2007-01-12,1702.5,1711.0,1694.0,1702.5
2007-01-15,1689.6,1698.1,1681.2,1689.6
2007-01-16,1696.9,1705.4,1688.4,1696.9
2007-01-17,1689.9,1698.3,1681.4,1689.9
2007-01-18,1714.4,1723.0,1705.8,1714.4
2007-01-19,1719.3,1727.9,1710.7,1719.3
2007-01-22,1727.2,1735.8,1718.5,1727.2
2007-01-23,1722.7,1731.4,1714.1,1722.7
2007-01-24,1709.4,1717.9,1700.8,1709.4
2007-01-25,1711.9,1720.5,1703.4,1711.9
2007-01-26,1734.1,1742.8,1725.5,1734.1
2007-01-29,1723.3,1731.9,1714.7,1723.3
2007-01-30,1746.9,1755.6,1738.1,1746.9
2007-01-31,1756.4,1765.2,1747.6,1756.4
2007-02-01,1720.2,1728.8,1711.6,1720.2
2007-02-02,1705.6,1714.1,1697.0,1705.6
2007-02-05,1749.2,1757.9,1740.4,1749.2
2007-02-06,1747.0,1755.8,1738.3,1747.0
2007-02-07,1731.5,1740.2,1722.8,1731.5
2007-02-08,1717.3,1725.9,1708.8,1717.3
2007-02-09,1716.7,1725.3,1708.1,1716.7
2007-02-12,1736.5,1745.2,1727.9,1736.5
2007-02-13,1731.6,1740.3,1723.0,1731.6
2007-02-14,1719.4,1728.0,1710.8,1719.4
2007-02-15,1682.0,1690.4,1673.6,1682.0
2007-02-16,1670.0,1678.3,1661.6,1670.0
2007-02-19,1664.4,1672.7,1656.1,1664.4
2007-02-20,1674.9,1683.3,1666.5,1674.9
2007-02-21,1686.4,1694.8,1678.0,1686.4
2007-02-22,1715.4,1724.0,1706.9,1715.4
2007-02-23,1697.2,1705.7,1688.7,1697.2
2007-02-26,1705.2,1713.7,1696.7,1705.2
2007-02-27,1711.3,1719.8,1702.7,1711.3
2007-02-28,1696.8,1705.3,1688.3,1696.8
2007-03-01,1719.3,1727.9,1710.7,1719.3
2007-03-02,1752.1,1760.8,1743.3,1752.1
2007-03-05,1756.0,1764.8,1747.2,1756.0
2007-03-06,1748.9,1757.7,1740.2,1748.9
2007-03-07,1776.9,1785.8,1768.0,1776.9
2007-03-08,1785.0,1793.9,1776.1,1785.0
2007-03-09,1763.6,1772.4,1754.8,1763.6
2007-03-12,1763.5,1772.4,1754.7,1763.5
2007-03-13,1758.4,1767.2,1749.7,1758.4
2007-03-14,1745.1,1753.8,1736.4,1745.1
2007-03-15,1733.3,1741.9,1724.6,1733.3
2007-03-16,1724.4,1733.0,1715.8,1724.4
2007-03-19,1744.4,1753.2,1735.7,1744.4
2007-03-20,1741.9,1750.6,1733.1,1741.9
2007-03-21,1746.2,1754.9,1737.5,1746.2
2007-03-22,1766.1,1774.9,1757.3,1766.1
2007-03-23,1762.5,1771.3,1753.7,1762.5
2007-03-26,1745.3,1754.0,1736.6,1745.3
2007-03-27,1765.1,1774.0,1756.3,1765.1
2007-03-28,1760.4,1769.2,1751.6,1760.4
2007-03-29,1794.6,1803.6,1785.6,1794.6
2007-03-30,1813.4,1822.4,1804.3,1813.4
2007-04-02,1824.4,1833.5,1815.2,1824.4
2007-04-03,1827.9,1837.0,1818.7,1827.9
2007-04-04,1847.3,1856.6,1838.1,1847.3
2007-04-05,1850.3,1859.5,1841.0,1850.3
2007-04-06,1809.6,1818.7,1800.6,1809.6
2007-04-09,1810.5,1819.6,1801.5,1810.5
2007-04-10,1821.3,1830.4,1812.2,1821.3
2007-04-11,1803.3,1812.3,1794.3,1803.3
2007-04-12,1851.0,1860.3,1841.8,1851.0
2007-04-13,1847.1,1856.3,1837.9,1847.1
2007-04-16,1858.6,1867.8,1849.3,1858.6
2007-04-17,1878.3,1887.7,1868.9,1878.3
2007-04-18,1886.9,1896.3,1877.5,1886.9
2007-04-19,1882.2,1891.7,1872.8,1882.2
2007-04-20,1887.1,1896.5,1877.6,1887.1
2007-04-23,1883.3,1892.8,1873.9,1883.3
2007-04-24,1879.4,1888.8,1870.0,1879.4
2007-04-25,1856.5,1865.8,1847.2,1856.5
2007-04-26,1851.0,1860.2,1841.7,1851.0
2007-04-27,1828.6,1837.8,1819.5,1828.6
2007-04-30,1831.5,1840.7,1822.4,1831.5
2007-05-01,1825.3,1834.5,1816.2,1825.3
2007-05-02,1835.6,1844.8,1826.4,1835.6
2007-05-03,1808.9,1818.0,1799.9,1808.9
2007-05-04,1794.0,1802.9,1785.0,1794.0
2007-05-07,1782.2,1791.1,1773.3,1782.2
2007-05-08,1785.5,1794.5,1776.6,1785.5
2007-05-09,1784.5,1793.4,1775.6,1784.5
2007-05-10,1808.2,1817.2,1799.2,1808.2
2007-05-11,1811.4,1820.5,1802.4,1811.4
2007-05-14,1816.1,1825.2,1807.0,1816.1
2007-05-15,1799.0,1808.0,1790.0,1799.0
2007-05-16,1796.9,1805.9,1787.9,1796.9
2007-05-17,1775.7,1784.6,1766.8,1775.7
2007-05-18,1789.3,1798.2,1780.3,1789.3
2007-05-21,1810.8,1819.8,1801.7,1810.8
2007-05-22,1785.9,1794.8,1776.9,1785.9
2007-05-23,1791.0,1799.9,1782.0,1791.0
2007-05-24,1793.1,1802.1,1784.1,1793.1
2007-05-25,1819.4,1828.5,1810.3,1819.4
2007-05-28,1806.0,1815.0,1797.0,1806.0
2007-05-29,1795.5,1804.5,1786.5,1795.5
2007-05-30,1804.6,1813.6,1795.6,1804.6
2007-05-31,1799.4,1808.4,1790.4,1799.4
2007-06-01,1794.8,1803.7,1785.8,1794.8
2007-06-04,1793.0,1801.9,1784.0,1793.0
2007-06-05,1807.4,1816.4,1798.3,1807.4
2007-06-06,1832.6,1841.7,1823.4,1832.6
2007-06-07,1833.8,1843.0,1824.7,1833.8
2007-06-08,1831.6,1840.8,1822.4,1831.6
2007-06-11,1849.3,1858.6,1840.1,1849.3
2007-06-12,1855.5,1864.8,1846.2,1855.5
2007-06-13,1860.5,1869.8,1851.2,1860.5
2007-06-14,1883.6,1893.0,1874.2,1883.6
2007-06-15,1864.4,1873.7,1855.0,1864.4
2007-06-18,1863.6,1872.9,1854.2,1863.6
2007-06-19,1847.1,1856.3,1837.9,1847.1
2007-06-20,1839.9,1849.1,1830.7,1839.9
2007-06-21,1819.2,1828.3,1810.1,1819.2
2007-06-22,1816.4,1825.5,1807.3,1816.4
2007-06-25,1830.3,1839.4,1821.1,1830.3
2007-06-26,1784.6,1793.5,1775.7,1784.6
2007-06-27,1784.8,1793.7,1775.9,1784.8
2007-06-28,1789.5,1798.5,1780.6,1789.5
2007-06-29,1790.6,1799.5,1781.6,1790.6
2007-07-02,1767.8,1776.7,1759.0,1767.8
2007-07-03,1793.6,1802.5,1784.6,1793.6
2007-07-04,1817.8,1826.9,1808.8,1817.8
2007-07-05,1844.8,1854.0,1835.6,1844.8
2007-07-06,1838.2,1847.4,1829.0,1838.2
2007-07-09,1848.1,1857.4,1838.9,1848.1
2007-07-10,1838.3,1847.5,1829.1,1838.3
2007-07-11,1822.4,1831.5,1813.3,1822.4
2007-07-12,1806.4,1815.4,1797.3,1806.4
2007-07-13,1816.5,1825.6,1807.4,1816.5
2007-07-16,1840.7,1849.9,1831.5,1840.7
2007-07-17,1870.1,1879.5,1860.8,1870.1
2007-07-18,1872.6,1882.0,1863.3,1872.6
2007-07-19,1862.9,1872.2,1853.6,1862.9
2007-07-20,1865.0,1874.3,1855.7,1865.0
2007-07-23,1889.9,1899.4,1880.5,1889.9
2007-07-24,1924.0,1933.6,1914.3,1924.0
2007-07-25,1947.8,1957.6,1938.1,1947.8
2007-07-26,1968.7,1978.6,1958.9,1968.7
2007-07-27,1994.1,2004.0,1984.1,1994.1
2007-07-30,1996.0,2005.9,1986.0,1996.0
2007-07-31,1999.4,2009.4,1989.4,1999.4
2007-08-01,2017.1,2027.2,2007.0,2017.1
2007-08-02,2024.1,2034.3,2014.0,2024.1
2007-08-03,2037.7,2047.9,2027.5,2037.7
2007-08-06,2024.7,2034.8,2014.5,2024.7
2007-08-07,2048.8,2059.0,2038.6,2048.8
2007-08-08,2035.0,2045.2,2024.8,2035.0
2007-08-09,2053.2,2063.5,2042.9,2053.2
2007-08-10,2047.2,2057.5,2037.0,2047.2
2007-08-13,2035.6,2045.7,2025.4,2035.6
2007-08-14,1993.6,2003.6,1983.6,1993.6
2007-08-15,1988.4,1998.3,1978.4,1988.4
2007-08-16,1963.4,1973.2,1953.6,1963.4
2007-08-17,1946.0,1955.8,1936.3,1946.0
2007-08-20,1960.0,1969.8,1950.2,1960.0
2007-08-21,1931.4,1941.0,1921.7,1931.4
2007-08-22,1958.0,1967.8,1948.2,1958.0
2007-08-23,2008.7,2018.7,1998.6,2008.7
2007-08-24,1998.0,2008.0,1988.1,1998.0
2007-08-27,2023.7,2033.8,2013.6,2023.7
2007-08-28,1994.6,2004.5,1984.6,1994.6
2007-08-29,2002.3,2012.3,1992.3,2002.3
2007-08-30,2008.8,2018.8,1998.8,2008.8
2007-08-31,2068.6,2079.0,2058.3,2068.6
2007-09-03,2059.6,2069.9,2049.3,2059.6
2007-09-04,2065.7,2076.0,2055.3,2065.7
2007-09-05,2058.8,2069.1,2048.5,2058.8
2007-09-06,2048.6,2058.8,2038.3,2048.6
2007-09-07,2043.5,2053.8,2033.3,2043.5
2007-09-10,2040.4,2050.6,2030.2,2040.4
2007-09-11,2026.2,2036.3,2016.1,2026.2
2007-09-12,2030.7,2040.8,2020.5,2030.7
2007-09-13,2011.8,2021.9,2001.8,2011.8
2007-09-14,2003.9,2013.9,1993.9,2003.9
2007-09-17,2045.1,2055.3,2034.9,2045.1
2007-09-18,2041.3,2051.6,2031.1,2041.3
2007-09-19,2057.8,2068.1,2047.6,2057.8
2007-09-20,2054.4,2064.7,2044.1,2054.4
2007-09-21,2068.0,2078.4,2057.7,2068.0
2007-09-24,2064.9,2075.2,2054.5,2064.9
2007-09-25,2011.2,2021.2,2001.1,2011.2
2007-09-26,2011.3,2021.4,2001.2,2011.3
2007-09-27,1992.0,2002.0,1982.1,1992.0
2007-09-28,1987.9,1997.8,1977.9,1987.9
2007-10-01,2006.9,2016.9,1996.8,2006.9
2007-10-02,2044.8,2055.0,2034.5,2044.8
2007-10-03,2016.0,2026.1,2005.9,2016.0
2007-10-04,2012.2,2022.3,2002.2,2012.2
2007-10-05,2013.9,2024.0,2003.8,2013.9
2007-10-08,2018.7,2028.8,2008.6,2018.7
2007-10-09,2021.1,2031.2,2011.0,2021.1
2007-10-10,2033.6,2043.8,2023.5,2033.6
2007-10-11,2025.4,2035.5,2015.3,2025.4
2007-10-12,2022.5,2032.6,2012.4,2022.5
2007-10-15,2034.4,2044.5,2024.2,2034.4
2007-10-16,2021.1,2031.2,2011.0,2021.1
2007-10-17,2010.8,2020.8,2000.7,2010.8
2007-10-18,2011.6,2021.7,2001.6,2011.6
2007-10-19,2001.8,2011.8,1991.8,2001.8
2007-10-22,1987.3,1997.2,1977.3,1987.3
2007-10-23,1968.6,1978.5,1958.8,1968.6
2007-10-24,1972.4,1982.3,1962.6,1972.4
2007-10-25,2004.9,2015.0,1994.9,2004.9
2007-10-26,2016.0,2026.0,2005.9,2016.0
2007-10-29,2001.6,2011.6,1991.6,2001.6
2007-10-30,2036.7,2046.9,2026.5,2036.7
2007-10-31,2028.2,2038.4,2018.1,2028.2
2007-11-01,2062.2,2072.6,2051.9,2062.2
2007-11-02,2061.3,2071.6,2051.0,2061.3
2007-11-05,2070.1,2080.5,2059.8,2070.1
2007-11-06,2063.1,2073.4,2052.8,2063.1
2007-11-07,2057.8,2068.1,2047.5,2057.8
2007-11-08,2087.5,2097.9,2077.0,2087.5
2007-11-09,2083.6,2094.0,2073.2,2083.6
2007-11-12,2094.8,2105.3,2084.3,2094.8
2007-11-13,2089.1,2099.6,2078.7,2089.1
2007-11-14,2080.2,2090.6,2069.8,2080.2
2007-11-15,2086.6,2097.0,2076.2,2086.6
2007-11-16,2077.3,2087.7,2066.9,2077.3
2007-11-19,2045.9,2056.2,2035.7,2045.9
2007-11-20,2025.0,2035.1,2014.9,2025.0
2007-11-21,2031.9,2042.1,2021.7,2031.9
2007-11-22,1982.2,1992.1,1972.3,1982.2
2007-11-23,1986.8,1996.7,1976.8,1986.8
2007-11-26,1946.2,1956.0,1936.5,1946.2
2007-11-27,1947.8,1957.5,1938.0,1947.8
2007-11-28,1972.1,1981.9,1962.2,1972.1
2007-11-29,1950.9,1960.6,1941.1,1950.9
2007-11-30,1958.4,1968.2,1948.6,1958.4
2007-12-03,1966.8,1976.6,1956.9,1966.8
2007-12-04,1950.9,1960.7,1941.2,1950.9
2007-12-05,1934.3,1944.0,1924.7,1934.3
2007-12-06,1938.3,1948.0,1928.6,1938.3
2007-12-07,1958.9,1968.7,1949.1,1958.9
2007-12-10,1989.5,1999.5,1979.6,1989.5
2007-12-11,1968.0,1977.9,1958.2,1968.0
2007-12-12,1974.2,1984.0,1964.3,1974.2
2007-12-13,1958.1,1967.9,1948.3,1958.1
2007-12-14,1930.3,1939.9,1920.6,1930.3
2007-12-17,1912.6,1922.2,1903.1,1912.6
2007-12-18,1903.6,1913.1,1894.1,1903.6
2007-12-19,1900.8,1910.3,1891.3,1900.8
2007-12-20,1904.3,1913.8,1894.7,1904.3
2007-12-21,1903.8,1913.3,1894.3,1903.8
2007-12-24,1913.4,1923.0,1903.8,1913.4
2007-12-25,1942.4,1952.1,1932.7,1942.4
2007-12-26,1934.8,1944.5,1925.2,1934.8
2007-12-27,1918.0,1927.6,1908.5,1918.0
2007-12-28,1907.4,1916.9,1897.8,1907.4
2007-12-31,1888.4,1897.8,1878.9,1888.4
2008-01-01,1873.5,1882.9,1864.2,1873.5
2008-01-02,1840.4,1849.6,1831.2,1840.4
2008-01-03,1811.7,1820.8,1802.6,1811.7
2008-01-04,1821.5,1830.6,1812.4,1821.5
2008-01-07,1824.0,1833.1,1814.8,1824.0
2008-01-08,1825.7,1834.9,1816.6,1825.7
2008-01-09,1816.9,1826.0,1807.8,1816.9
2008-01-10,1803.7,1812.7,1794.6,1803.7
2008-01-11,1775.2,1784.1,1766.4,1775.2
2008-01-14,1753.6,1762.4,1744.8,1753.6
2008-01-15,1738.7,1747.4,1730.0,1738.7
2008-01-16,1712.2,1720.8,1703.6,1712.2
2008-01-17,1716.0,1724.6,1707.4,1716.0
2008-01-18,1702.5,1711.0,1693.9,1702.5
2008-01-21,1696.0,1704.4,1687.5,1696.0
2008-01-22,1669.7,1678.1,1661.4,1669.7
2008-01-23,1681.1,1689.5,1672.7,1681.1
2008-01-24,1688.9,1697.3,1680.4,1688.9
2008-01-25,1679.5,1687.9,1671.1,1679.5
2008-01-28,1696.2,1704.6,1687.7,1696.2
2008-01-29,1693.3,1701.7,1684.8,1693.3
2008-01-30,1694.1,1702.6,1685.6,1694.1
2008-01-31,1665.4,1673.7,1657.0,1665.4
2008-02-01,1653.4,1661.7,1645.2,1653.4
2008-02-04,1635.3,1643.5,1627.1,1635.3
2008-02-05,1649.2,1657.4,1640.9,1649.2
2008-02-06,1665.2,1673.5,1656.9,1665.2
2008-02-07,1654.1,1662.3,1645.8,1654.1
2008-02-08,1655.9,1664.2,1647.6,1655.9
2008-02-11,1662.0,1670.3,1653.7,1662.0
2008-02-12,1654.1,1662.4,1645.8,1654.1
2008-02-13,1627.6,1635.7,1619.4,1627.6
2008-02-14,1638.7,1646.9,1630.6,1638.7
2008-02-15,1644.4,1652.6,1636.1,1644.4
2008-02-18,1640.2,1648.4,1632.0,1640.2
2008-02-19,1653.8,1662.1,1645.6,1653.8
2008-02-20,1667.9,1676.3,1659.6,1667.9
2008-02-21,1674.1,1682.5,1665.7,1674.1
2008-02-22,1650.2,1658.4,1641.9,1650.2
2008-02-25,1614.8,1622.9,1606.7,1614.8
2008-02-26,1618.3,1626.4,1610.2,1618.3
2008-02-27,1616.8,1624.9,1608.7,1616.8
2008-02-28,1616.4,1624.5,1608.3,1616.4
2008-02-29,1641.1,1649.3,1632.9,1641.1
2008-03-03,1639.5,1647.7,1631.3,1639.5
2008-03-04,1631.6,1639.8,1623.5,1631.6
2008-03-05,1615.1,1623.2,1607.0,1615.1
2008-03-06,1621.4,1629.5,1613.2,1621.4
2008-03-07,1624.2,1632.3,1616.1,1624.2
2008-03-10,1609.0,1617.0,1600.9,1609.0
2008-03-11,1561.1,1568.9,1553.3,1561.1
2008-03-12,1543.7,1551.4,1536.0,1543.7
2008-03-13,1555.5,1563.3,1547.8,1555.5
2008-03-14,1532.9,1540.6,1525.2,1532.9
2008-03-17,1534.1,1541.8,1526.4,1534.1
2008-03-18,1539.1,1546.8,1531.4,1539.1
2008-03-19,1521.4,1529.0,1513.8,1521.4
2008-03-20,1533.9,1541.5,1526.2,1533.9
2008-03-21,1530.3,1537.9,1522.6,1530.3
2008-03-24,1519.1,1526.7,1511.5,1519.1
2008-03-25,1499.2,1506.7,1491.7,1499.2
2008-03-26,1517.7,1525.3,1510.1,1517.7
2008-03-27,1497.0,1504.5,1489.5,1497.0
2008-03-28,1477.0,1484.4,1469.6,1477.0
2008-03-31,1472.1,1479.5,1464.8,1472.1
2008-04-01,1458.1,1465.4,1450.8,1458.1
2008-04-02,1489.1,1496.5,1481.6,1489.1
2008-04-03,1472.1,1479.5,1464.7,1472.1
2008-04-04,1482.7,1490.1,1475.3,1482.7
2008-04-07,1498.9,1506.4,1491.4,1498.9
2008-04-08,1506.2,1513.7,1498.6,1506.2
2008-04-09,1491.0,1498.5,1483.5,1491.0
2008-04-10,1492.8,1500.3,1485.4,1492.8
2008-04-11,1509.4,1516.9,1501.8,1509.4
2008-04-14,1476.3,1483.6,1468.9,1476.3
2008-04-15,1489.1,1496.5,1481.6,1489.1
2008-04-16,1492.1,1499.6,1484.7,1492.1
2008-04-17,1515.4,1522.9,1507.8,1515.4
2008-04-18,1515.8,1523.4,1508.2,1515.8
2008-04-21,1505.5,1513.0,1498.0,1505.5
2008-04-22,1509.5,1517.0,1501.9,1509.5
2008-04-23,1485.3,1492.7,1477.8,1485.3
2008-04-24,1468.3,1475.7,1461.0,1468.3
2008-04-25,1464.8,1472.2,1457.5,1464.8
2008-04-28,1446.7,1453.9,1439.4,1446.7
2008-04-29,1434.0,1441.2,1426.8,1434.0
2008-04-30,1459.5,1466.8,1452.2,1459.5
2008-05-01,1478.7,1486.1,1471.3,1478.7
2008-05-02,1436.6,1443.8,1429.4,1436.6
2008-05-05,1426.9,1434.0,1419.8,1426.9
2008-05-06,1406.1,1413.1,1399.1,1406.1
2008-05-07,1419.1,1426.2,1412.0,1419.1
2008-05-08,1418.3,1425.3,1411.2,1418.3
2008-05-09,1434.6,1441.8,1427.5,1434.6
2008-05-12,1411.5,1418.6,1404.5,1411.5
2008-05-13,1394.1,1401.0,1387.1,1394.1
2008-05-14,1387.5,1394.4,1380.6,1387.5
2008-05-15,1375.9,1382.8,1369.0,1375.9
2008-05-16,1371.8,1378.6,1364.9,1371.8
2008-05-19,1379.3,1386.2,1372.4,1379.3
2008-05-20,1382.0,1388.9,1375.1,1382.0
2008-05-21,1374.0,1380.9,1367.1,1374.0
2008-05-22,1371.1,1377.9,1364.2,1371.1
2008-05-23,1346.0,1352.7,1339.2,1346.0
2008-05-26,1311.4,1318.0,1304.9,1311.4
2008-05-27,1326.6,1333.2,1319.9,1326.6
2008-05-28,1314.3,1320.9,1307.7,1314.3
2008-05-29,1331.9,1338.5,1325.2,1331.9
2008-05-30,1325.1,1331.8,1318.5,1325.1
2008-06-02,1320.4,1327.0,1313.8,1320.4
2008-06-03,1328.9,1335.5,1322.2,1328.9
2008-06-04,1338.3,1345.0,1331.6,1338.3
2008-06-05,1327.7,1334.4,1321.1,1327.7
2008-06-06,1325.3,1332.0,1318.7,1325.3
2008-06-09,1316.1,1322.7,1309.5,1316.1
2008-06-10,1317.7,1324.3,1311.1,1317.7
2008-06-11,1316.7,1323.3,1310.1,1316.7
2008-06-12,1303.6,1310.1,1297.1,1303.6
2008-06-13,1302.5,1309.0,1296.0,1302.5
2008-06-16,1274.9,1281.3,1268.6,1274.9
2008-06-17,1272.9,1279.2,1266.5,1272.9
2008-06-18,1272.2,1278.6,1265.9,1272.2
2008-06-19,1257.4,1263.7,1251.1,1257.4
2008-06-20,1252.2,1258.5,1245.9,1252.2
2008-06-23,1238.8,1245.0,1232.6,1238.8
2008-06-24,1231.4,1237.5,1225.2,1231.4
2008-06-25,1240.0,1246.2,1233.8,1240.0
2008-06-26,1244.3,1250.5,1238.0,1244.3
2008-06-27,1254.5,1260.7,1248.2,1254.5
2008-06-30,1272.5,1278.9,1266.1,1272.5
2008-07-01,1281.1,1287.5,1274.7,1281.1
2008-07-02,1257.4,1263.7,1251.1,1257.4
2008-07-03,1245.9,1252.1,1239.6,1245.9
2008-07-04,1259.5,1265.8,1253.2,1259.5
2008-07-07,1245.4,1251.7,1239.2,1245.4
2008-07-08,1236.3,1242.5,1230.1,1236.3
2008-07-09,1237.2,1243.4,1231.1,1237.2
2008-07-10,1230.5,1236.6,1224.3,1230.5
2008-07-11,1248.2,1254.4,1241.9,1248.2
2008-07-14,1236.8,1242.9,1230.6,1236.8
2008-07-15,1261.9,1268.3,1255.6,1261.9
2008-07-16,1249.8,1256.1,1243.6,1249.8
2008-07-17,1237.0,1243.2,1230.8,1237.0
2008-07-18,1222.6,1228.8,1216.5,1222.6
2008-07-21,1204.3,1210.3,1198.3,1204.3
2008-07-22,1209.8,1215.8,1203.7,1209.8
2008-07-23,1190.2,1196.2,1184.3,1190.2
2008-07-24,1175.6,1181.5,1169.8,1175.6
2008-07-25,1179.7,1185.6,1173.8,1179.7
2008-07-28,1146.8,1152.5,1141.1,1146.8
2008-07-29,1128.5,1134.1,1122.8,1128.5
2008-07-30,1127.7,1133.3,1122.0,1127.7
2008-07-31,1132.1,1137.8,1126.4,1132.1
2008-08-01,1128.9,1134.5,1123.2,1128.9
2008-08-04,1128.5,1134.2,1122.9,1128.5
2008-08-05,1117.7,1123.3,1112.1,1117.7
2008-08-06,1134.7,1140.4,1129.0,1134.7
2008-08-07,1143.7,1149.4,1138.0,1143.7
2008-08-08,1132.3,1137.9,1126.6,1132.3
2008-08-11,1123.7,1129.3,1118.1,1123.7
2008-08-12,1099.8,1105.3,1094.3,1099.8
2008-08-13,1110.0,1115.5,1104.4,1110.0
2008-08-14,1094.4,1099.9,1088.9,1094.4
2008-08-15,1087.9,1093.4,1082.5,1087.9
2008-08-18,1079.8,1085.2,1074.4,1079.8
2008-08-19,1064.3,1069.6,1059.0,1064.3
2008-08-20,1055.6,1060.9,1050.3,1055.6
2008-08-21,1060.7,1066.0,1055.4,1060.7
2008-08-22,1055.7,1060.9,1050.4,1055.7
2008-08-25,1061.5,1066.8,1056.2,1061.5
2008-08-26,1069.7,1075.1,1064.4,1069.7
2008-08-27,1059.8,1065.1,1054.5,1059.8
2008-08-28,1054.7,1060.0,1049.5,1054.7
2008-08-29,1049.8,1055.0,1044.5,1049.8
2008-09-01,1042.3,1047.5,1037.1,1042.3
2008-09-02,1058.6,1063.9,1053.3,1058.6
2008-09-03,1060.0,1065.3,1054.7,1060.0
2008-09-04,1041.1,1046.3,1035.9,1041.1
2008-09-05,1034.0,1039.2,1028.8,1034.0
2008-09-08,1024.8,1030.0,1019.7,1024.8
2008-09-09,1029.8,1034.9,1024.6,1029.8
2008-09-10,1049.1,1054.3,1043.8,1049.1
2008-09-11,1056.4,1061.6,1051.1,1056.4
2008-09-12,1053.6,1058.9,1048.4,1053.6
2008-09-15,1038.5,1043.7,1033.3,1038.5
2008-09-16,1052.4,1057.7,1047.1,1052.4
2008-09-17,1047.3,1052.5,1042.1,1047.3
2008-09-18,1030.5,1035.6,1025.3,1030.5
2008-09-19,1033.2,1038.4,1028.0,1033.2
2008-09-22,1014.5,1019.6,1009.5,1014.5
2008-09-23,1020.7,1025.8,1015.6,1020.7
2008-09-24,1015.5,1020.6,1010.4,1015.5
2008-09-25,1011.4,1016.4,1006.3,1011.4
2008-09-26,982.1,987.0,977.2,982.1
2008-09-29,989.5,994.5,984.6,989.5
2008-09-30,977.2,982.1,972.3,977.2
2008-10-01,969.3,974.1,964.4,969.3
2008-10-02,971.9,976.7,967.0,971.9
2008-10-03,970.7,975.6,965.9,970.7
2008-10-06,990.2,995.1,985.2,990.2
2008-10-07,971.7,976.6,966.9,971.7
2008-10-08,967.7,972.5,962.9,967.7
2008-10-09,975.5,980.4,970.7,975.5
2008-10-10,970.5,975.4,965.7,970.5
2008-10-13,965.9,970.7,961.1,965.9
2008-10-14,991.1,996.1,986.2,991.1
2008-10-15,989.9,994.8,984.9,989.9
2008-10-16,1001.8,1006.8,996.8,1001.8
2008-10-17,1005.5,1010.5,1000.5,1005.5
2008-10-20,1005.5,1010.5,1000.4,1005.5
2008-10-21,1000.2,1005.2,995.2,1000.2
2008-10-22,981.1,986.0,976.2,981.1
2008-10-23,989.5,994.5,984.6,989.5
2008-10-24,992.1,997.1,987.2,992.1
2008-10-27,990.1,995.0,985.1,990.1
2008-10-28,985.4,990.3,980.4,985.4
2008-10-29,976.0,980.9,971.2,976.0
2008-10-30,986.0,991.0,981.1,986.0
2008-10-31,985.8,990.8,980.9,985.8
2008-11-03,961.9,966.7,957.1,961.9
2008-11-04,959.0,963.8,954.2,959.0
2008-11-05,953.7,958.5,948.9,953.7
2008-11-06,926.6,931.2,922.0,926.6
2008-11-07,918.6,923.2,914.0,918.6
2008-11-10,938.5,943.2,933.8,938.5
2008-11-11,916.9,921.5,912.3,916.9
2008-11-12,908.1,912.6,903.5,908.1
2008-11-13,887.7,892.1,883.2,887.7
2008-11-14,876.3,880.7,871.9,876.3
2008-11-17,864.7,869.1,860.4,864.7
2008-11-18,858.4,862.7,854.1,858.4
2008-11-19,879.9,884.3,875.5,879.9
2008-11-20,892.7,897.2,888.3,892.7
2008-11-21,893.9,898.4,889.4,893.9
2008-11-24,915.2,919.7,910.6,915.2
2008-11-25,913.3,917.9,908.8,913.3
2008-11-26,907.1,911.6,902.5,907.1
2008-11-27,906.1,910.7,901.6,906.1
2008-11-28,894.3,898.8,889.8,894.3
2008-12-01,882.2,886.6,877.8,882.2
2008-12-02,893.2,897.6,888.7,893.2
2008-12-03,900.5,905.0,896.0,900.5
2008-12-04,892.0,896.5,887.6,892.0
2008-12-05,900.8,905.3,896.3,900.8
2008-12-08,911.4,915.9,906.8,911.4
2008-12-09,909.1,913.6,904.5,909.1
2008-12-10,903.6,908.1,899.0,903.6
2008-12-11,915.2,919.8,910.7,915.2
2008-12-12,923.1,927.7,918.5,923.1
2008-12-15,944.9,949.6,940.2,944.9
2008-12-16,951.3,956.1,946.6,951.3
2008-12-17,936.0,940.7,931.4,936.0
2008-12-18,923.9,928.5,919.2,923.9
2008-12-19,925.1,929.7,920.5,925.1
2008-12-22,938.1,942.8,933.5,938.1
2008-12-23,944.2,948.9,939.4,944.2
2008-12-24,940.7,945.4,936.0,940.7
2008-12-25,927.1,931.7,922.4,927.1
2008-12-26,945.0,949.8,940.3,945.0
2008-12-29,963.5,968.3,958.7,963.5
2008-12-30,951.6,956.4,946.8,951.6
2008-12-31,960.7,965.5,955.9,960.7
2009-01-01,964.9,969.8,960.1,964.9
2009-01-02,973.7,978.5,968.8,973.7
2009-01-05,992.1,997.1,987.2,992.1
2009-01-06,1007.1,1012.1,1002.1,1007.1
2009-01-07,1012.3,1017.4,1007.2,1012.3
2009-01-08,1009.8,1014.9,1004.8,1009.8
2009-01-09,1006.9,1012.0,1001.9,1006.9
2009-01-12,1007.0,1012.0,1001.9,1007.0
2009-01-13,1034.6,1039.8,1029.5,1034.6
2009-01-14,1034.2,1039.4,1029.0,1034.2
2009-01-15,1041.2,1046.4,1036.0,1041.2
2009-01-16,1044.3,1049.5,1039.0,1044.3
2009-01-19,1035.1,1040.3,1029.9,1035.1
2009-01-20,1039.3,1044.5,1034.1,1039.3
2009-01-21,1031.8,1037.0,1026.7,1031.8
2009-01-22,1021.9,1027.1,1016.8,1021.9
2009-01-23,1028.1,1033.2,1023.0,1028.1
2009-01-26,1017.2,1022.3,1012.1,1017.2
2009-01-27,1026.6,1031.8,1021.5,1026.6
2009-01-28,1032.6,1037.7,1027.4,1032.6
2009-01-29,1045.3,1050.6,1040.1,1045.3
2009-01-30,1049.6,1054.8,1044.3,1049.6
2009-02-02,1040.4,1045.6,1035.2,1040.4
2009-02-03,1051.5,1056.8,1046.3,1051.5
2009-02-04,1062.7,1068.0,1057.4,1062.7
2009-02-05,1070.5,1075.9,1065.2,1070.5
2009-02-06,1076.4,1081.8,1071.0,1076.4
2009-02-09,1061.5,1066.8,1056.2,1061.5
2009-02-10,1069.3,1074.7,1064.0,1069.3
2009-02-11,1055.3,1060.5,1050.0,1055.3
2009-02-12,1048.3,1053.6,1043.1,1048.3
2009-02-13,1039.6,1044.8,1034.4,1039.6
2009-02-16,1025.8,1030.9,1020.6,1025.8
2009-02-17,1028.7,1033.9,1023.6,1028.7
2009-02-18,1029.5,1034.6,1024.3,1029.5
2009-02-19,1044.3,1049.5,1039.0,1044.3
2009-02-20,1057.1,1062.4,1051.8,1057.1
2009-02-23,1060.7,1066.0,1055.4,1060.7
2009-02-24,1068.7,1074.0,1063.3,1068.7
2009-02-25,1067.0,1072.3,1061.7,1067.0
2009-02-26,1065.4,1070.7,1060.1,1065.4
2009-02-27,1066.4,1071.7,1061.1,1066.4
2009-03-02,1069.0,1074.3,1063.6,1069.0
2009-03-03,1071.0,1076.4,1065.7,1071.0
2009-03-04,1077.7,1083.1,1072.3,1077.7
2009-03-05,1064.4,1069.8,1059.1,1064.4
2009-03-06,1060.4,1065.7,1055.1,1060.4
2009-03-09,1071.0,1076.3,1065.6,1071.0
2009-03-10,1065.2,1070.5,1059.9,1065.2
2009-03-11,1060.0,1065.3,1054.7,1060.0
2009-03-12,1071.4,1076.8,1066.0,1071.4
2009-03-13,1063.8,1069.1,1058.5,1063.8
2009-03-16,1071.0,1076.3,1065.6,1071.0
2009-03-17,1073.0,1078.4,1067.6,1073.0
2009-03-18,1082.8,1088.2,1077.4,1082.8
2009-03-19,1082.0,1087.4,1076.6,1082.0
2009-03-20,1073.6,1079.0,1068.3,1073.6
2009-03-23,1069.2,1074.5,1063.8,1069.2
2009-03-24,1087.7,1093.2,1082.3,1087.7
2009-03-25,1082.0,1087.4,1076.6,1082.0
2009-03-26,1075.9,1081.3,1070.5,1075.9
2009-03-27,1071.7,1077.0,1066.3,1071.7
2009-03-30,1071.7,1077.1,1066.3,1071.7
2009-03-31,1068.4,1073.7,1063.1,1068.4
2009-04-01,1075.2,1080.6,1069.8,1075.2
2009-04-02,1077.3,1082.7,1071.9,1077.3
2009-04-03,1071.9,1077.2,1066.5,1071.9
2009-04-06,1082.9,1088.3,1077.5,1082.9
2009-04-07,1086.8,1092.2,1081.4,1086.8
2009-04-08,1101.9,1107.4,1096.4,1101.9
2009-04-09,1105.3,1110.9,1099.8,1105.3
2009-04-10,1103.9,1109.4,1098.3,1103.9
2009-04-13,1103.7,1109.3,1098.2,1103.7
2009-04-14,1105.5,1111.0,1100.0,1105.5
2009-04-15,1109.7,1115.2,1104.1,1109.7
2009-04-16,1109.6,1115.2,1104.1,1109.6
2009-04-17,1104.9,1110.4,1099.4,1104.9
2009-04-20,1114.1,1119.7,1108.6,1114.1
2009-04-21,1118.9,1124.5,1113.3,1118.9
2009-04-22,1119.0,1124.6,1113.4,1119.0
2009-04-23,1126.2,1131.8,1120.6,1126.2
2009-04-24,1125.0,1130.6,1119.3,1125.0
2009-04-27,1126.9,1132.6,1121.3,1126.9
2009-04-28,1133.6,1139.3,1128.0,1133.6
2009-04-29,1142.0,1147.7,1136.3,1142.0
2009-04-30,1148.3,1154.1,1142.6,1148.3
2009-05-01,1139.2,1144.9,1133.5,1139.2
2009-05-04,1144.9,1150.6,1139.2,1144.9
2009-05-05,1144.7,1150.4,1138.9,1144.7
2009-05-06,1148.3,1154.1,1142.6,1148.3
2009-05-07,1167.8,1173.7,1162.0,1167.8
2009-05-08,1163.8,1169.6,1158.0,1163.8
2009-05-11,1164.8,1170.6,1158.9,1164.8
2009-05-12,1157.1,1162.9,1151.3,1157.1
2009-05-13,1154.1,1159.8,1148.3,1154.1
2009-05-14,1145.8,1151.5,1140.1,1145.8
2009-05-15,1133.5,1139.2,1127.8,1133.5
2009-05-18,1114.1,1119.6,1108.5,1114.1
2009-05-19,1107.8,1113.3,1102.2,1107.8
2009-05-20,1102.6,1108.1,1097.1,1102.6
2009-05-21,1104.1,1109.6,1098.6,1104.1
2009-05-22,1100.2,1105.7,1094.7,1100.2
2009-05-25,1116.3,1121.9,1110.8,1116.3
2009-05-26,1120.7,1126.3,1115.1,1120.7
2009-05-27,1130.7,1136.4,1125.1,1130.7
2009-05-28,1143.0,1148.7,1137.3,1143.0
2009-05-29,1159.4,1165.2,1153.6,1159.4
2009-06-01,1171.9,1177.8,1166.0,1171.9
2009-06-02,1161.2,1167.0,1155.4,1161.2
2009-06-03,1171.0,1176.8,1165.1,1171.0
2009-06-04,1174.2,1180.1,1168.3,1174.2
2009-06-05,1189.0,1194.9,1183.0,1189.0
2009-06-08,1190.3,1196.2,1184.3,1190.3
2009-06-09,1202.3,1208.3,1196.2,1202.3
2009-06-10,1201.7,1207.7,1195.7,1201.7
2009-06-11,1201.7,1207.7,1195.7,1201.7
2009-06-12,1207.9,1213.9,1201.8,1207.9
2009-06-15,1204.7,1210.7,1198.7,1204.7
2009-06-16,1209.6,1215.7,1203.6,1209.6
2009-06-17,1190.4,1196.4,1184.5,1190.4
2009-06-18,1195.3,1201.3,1189.4,1195.3
2009-06-19,1179.8,1185.7,1173.9,1179.8
2009-06-22,1188.4,1194.3,1182.4,1188.4
2009-06-23,1151.8,1157.6,1146.1,1151.8
2009-06-24,1132.3,1138.0,1126.7,1132.3
2009-06-25,1135.5,1141.2,1129.8,1135.5
2009-06-26,1138.8,1144.5,1133.1,1138.8
2009-06-29,1140.3,1146.0,1134.6,1140.3
2009-06-30,1151.2,1157.0,1145.5,1151.2
2009-07-01,1164.6,1170.4,1158.8,1164.6
2009-07-02,1195.6,1201.6,1189.7,1195.6
2009-07-03,1196.1,1202.1,1190.1,1196.1
2009-07-06,1210.4,1216.5,1204.4,1210.4
2009-07-07,1200.1,1206.1,1194.1,1200.1
2009-07-08,1193.6,1199.6,1187.7,1193.6
2009-07-09,1184.3,1190.2,1178.4,1184.3
2009-07-10,1183.9,1189.8,1178.0,1183.9
2009-07-13,1189.7,1195.6,1183.7,1189.7
2009-07-14,1202.8,1208.9,1196.8,1202.8
2009-07-15,1207.2,1213.2,1201.1,1207.2
2009-07-16,1223.1,1229.2,1217.0,1223.1
2009-07-17,1238.6,1244.7,1232.4,1238.6
2009-07-20,1240.0,1246.2,1233.8,1240.0
2009-07-21,1237.5,1243.7,1231.3,1237.5
2009-07-22,1218.2,1224.3,1212.1,1218.2
2009-07-23,1211.6,1217.7,1205.6,1211.6
2009-07-24,1202.3,1208.3,1196.3,1202.3
2009-07-27,1196.2,1202.1,1190.2,1196.2
2009-07-28,1192.4,1198.3,1186.4,1192.4
2009-07-29,1200.2,1206.2,1194.2,1200.2
2009-07-30,1204.9,1210.9,1198.9,1204.9
2009-07-31,1217.8,1223.9,1211.7,1217.8
2009-08-03,1224.6,1230.7,1218.4,1224.6
2009-08-04,1217.7,1223.8,1211.6,1217.7
2009-08-05,1227.5,1233.6,1221.3,1227.5
2009-08-06,1211.1,1217.2,1205.0,1211.1
2009-08-07,1224.0,1230.1,1217.9,1224.0
2009-08-10,1217.5,1223.6,1211.4,1217.5
2009-08-11,1190.6,1196.6,1184.7,1190.6
2009-08-12,1199.6,1205.6,1193.6,1199.6
2009-08-13,1197.8,1203.8,1191.8,1197.8
2009-08-14,1214.3,1220.4,1208.2,1214.3
2009-08-17,1229.7,1235.9,1223.6,1229.7
2009-08-18,1218.5,1224.5,1212.4,1218.5
2009-08-19,1238.5,1244.7,1232.3,1238.5
2009-08-20,1215.9,1222.0,1209.8,1215.9
2009-08-21,1223.3,1229.4,1217.1,1223.3
2009-08-24,1244.4,1250.6,1238.2,1244.4
2009-08-25,1232.4,1238.6,1226.2,1232.4
2009-08-26,1259.6,1265.9,1253.3,1259.6
2009-08-27,1261.4,1267.7,1255.1,1261.4
2009-08-28,1265.8,1272.2,1259.5,1265.8
2009-08-31,1282.4,1288.8,1276.0,1282.4
2009-09-01,1285.9,1292.4,1279.5,1285.9
2009-09-02,1268.4,1274.7,1262.0,1268.4
2009-09-03,1228.2,1234.4,1222.1,1228.2
2009-09-04,1217.9,1224.0,1211.8,1217.9
2009-09-07,1211.5,1217.6,1205.5,1211.5
2009-09-08,1202.6,1208.6,1196.6,1202.6
2009-09-09,1198.0,1204.0,1192.1,1198.0
2009-09-10,1166.1,1171.9,1160.3,1166.1
2009-09-11,1156.5,1162.3,1150.7,1156.5
2009-09-14,1171.3,1177.2,1165.5,1171.3
2009-09-15,1189.7,1195.6,1183.7,1189.7
2009-09-16,1184.9,1190.8,1179.0,1184.9
2009-09-17,1198.3,1204.3,1192.3,1198.3
2009-09-18,1169.8,1175.7,1164.0,1169.8
2009-09-21,1181.0,1186.9,1175.1,1181.0
2009-09-22,1201.2,1207.2,1195.2,1201.2
2009-09-23,1212.0,1218.0,1205.9,1212.0
2009-09-24,1215.4,1221.5,1209.3,1215.4
2009-09-25,1186.8,1192.7,1180.8,1186.8
2009-09-28,1218.2,1224.3,1212.1,1218.2
2009-09-29,1246.7,1252.9,1240.4,1246.7
2009-09-30,1258.0,1264.3,1251.7,1258.0
2009-10-01,1277.5,1283.9,1271.1,1277.5
2009-10-02,1278.6,1285.0,1272.2,1278.6
2009-10-05,1291.8,1298.3,1285.3,1291.8
2009-10-06,1303.2,1309.7,1296.7,1303.2
2009-10-07,1302.5,1309.0,1296.0,1302.5
2009-10-08,1292.1,1298.5,1285.6,1292.1
2009-10-09,1304.1,1310.6,1297.6,1304.1
2009-10-12,1331.0,1337.6,1324.3,1331.0
2009-10-13,1346.1,1352.8,1339.4,1346.1
2009-10-14,1348.9,1355.7,1342.2,1348.9
2009-10-15,1350.7,1357.5,1343.9,1350.7
2009-10-16,1353.2,1359.9,1346.4,1353.2
2009-10-19,1324.3,1331.0,1317.7,1324.3
2009-10-20,1322.8,1329.4,1316.2,1322.8
2009-10-21,1320.0,1326.6,1313.4,1320.0
2009-10-22,1304.5,1311.0,1298.0,1304.5
2009-10-23,1319.2,1325.8,1312.7,1319.2
2009-10-26,1325.8,1332.4,1319.1,1325.8
2009-10-27,1291.8,1298.2,1285.3,1291.8
2009-10-28,1296.8,1303.3,1290.3,1296.8
2009-10-29,1315.3,1321.8,1308.7,1315.3
2009-10-30,1308.4,1314.9,1301.8,1308.4
2009-11-02,1298.0,1304.5,1291.5,1298.0
2009-11-03,1283.0,1289.5,1276.6,1283.0
2009-11-04,1287.1,1293.6,1280.7,1287.1
2009-11-05,1280.2,1286.6,1273.8,1280.2
2009-11-06,1263.8,1270.2,1257.5,1263.8
2009-11-09,1291.5,1298.0,1285.1,1291.5
2009-11-10,1297.0,1303.4,1290.5,1297.0
2009-11-11,1292.5,1299.0,1286.1,1292.5
2009-11-12,1317.5,1324.1,1310.9,1317.5
2009-11-13,1322.8,1329.4,1316.2,1322.8
2009-11-16,1324.9,1331.6,1318.3,1324.9
2009-11-17,1329.4,1336.0,1322.7,1329.4
2009-11-18,1323.7,1330.3,1317.1,1323.7
2009-11-19,1323.5,1330.1,1316.9,1323.5
2009-11-20,1333.1,1339.8,1326.4,1333.1
2009-11-23,1359.5,1366.3,1352.7,1359.5
2009-11-24,1352.4,1359.1,1345.6,1352.4
2009-11-25,1361.5,1368.3,1354.7,1361.5
2009-11-26,1342.0,1348.7,1335.2,1342.0
2009-11-27,1350.1,1356.8,1343.3,1350.1
2009-11-30,1377.9,1384.8,1371.0,1377.9
2009-12-01,1378.6,1385.5,1371.7,1378.6
2009-12-02,1370.6,1377.5,1363.8,1370.6
2009-12-03,1363.7,1370.6,1356.9,1363.7
2009-12-04,1371.0,1377.9,1364.2,1371.0
2009-12-07,1374.8,1381.7,1367.9,1374.8
2009-12-08,1369.7,1376.6,1362.9,1369.7
2009-12-09,1379.4,1386.3,1372.5,1379.4
2009-12-10,1367.7,1374.6,1360.9,1367.7
2009-12-11,1380.5,1387.4,1373.6,1380.5
2009-12-14,1379.2,1386.1,1372.3,1379.2
2009-12-15,1388.8,1395.8,1381.9,1388.8
2009-12-16,1400.6,1407.6,1393.6,1400.6
2009-12-17,1373.7,1380.5,1366.8,1373.7
2009-12-18,1373.8,1380.7,1367.0,1373.8
2009-12-21,1356.5,1363.3,1349.8,1356.5
2009-12-22,1334.9,1341.6,1328.3,1334.9
2009-12-23,1335.0,1341.7,1328.4,1335.0
2009-12-24,1342.7,1349.4,1336.0,1342.7
2009-12-25,1324.4,1331.1,1317.8,1324.4
2009-12-28,1334.7,1341.4,1328.1,1334.7
2009-12-29,1326.3,1333.0,1319.7,1326.3
2009-12-30,1331.5,1338.2,1324.8,1331.5
2009-12-31,1370.6,1377.5,1363.8,1370.6
2010-01-01,1367.7,1374.5,1360.8,1367.7
2010-01-04,1356.7,1363.5,1350.0,1356.7
2010-01-05,1359.6,1366.4,1352.8,1359.6
2010-01-06,1359.9,1366.7,1353.1,1359.9
2010-01-07,1358.1,1364.9,1351.4,1358.1
2010-01-08,1361.8,1368.6,1355.0,1361.8
2010-01-11,1364.9,1371.7,1358.1,1364.9
2010-01-12,1350.6,1357.4,1343.9,1350.6
2010-01-13,1366.1,1373.0,1359.3,1366.1
2010-01-14,1387.8,1394.7,1380.9,1387.8
2010-01-15,1384.8,1391.7,1377.8,1384.8
2010-01-18,1394.7,1401.7,1387.8,1394.7
2010-01-19,1368.0,1374.8,1361.1,1368.0
2010-01-20,1371.2,1378.1,1364.4,1371.2
2010-01-21,1401.9,1408.9,1394.8,1401.9
2010-01-22,1415.2,1422.2,1408.1,1415.2
2010-01-25,1421.4,1428.5,1414.3,1421.4
2010-01-26,1422.1,1429.2,1414.9,1422.1
2010-01-27,1419.1,1426.2,1412.0,1419.1
2010-01-28,1426.6,1433.8,1419.5,1426.6
2010-01-29,1442.5,1449.7,1435.3,1442.5
2010-02-01,1437.8,1445.0,1430.6,1437.8
2010-02-02,1449.5,1456.7,1442.2,1449.5
2010-02-03,1438.3,1445.5,1431.1,1438.3
2010-02-04,1433.0,1440.2,1425.9,1433.0
2010-02-05,1418.4,1425.5,1411.4,1418.4
2010-02-08,1425.5,1432.7,1418.4,1425.5
2010-02-09,1428.7,1435.9,1421.6,1428.7
2010-02-10,1436.3,1443.5,1429.1,1436.3
2010-02-11,1442.4,1449.6,1435.2,1442.4
2010-02-12,1454.2,1461.4,1446.9,1454.2
2010-02-15,1487.9,1495.4,1480.5,1487.9
2010-02-16,1497.9,1505.4,1490.4,1497.9
2010-02-17,1468.3,1475.6,1460.9,1468.3
2010-02-18,1465.2,1472.5,1457.8,1465.2
2010-02-19,1465.4,1472.7,1458.0,1465.4
2010-02-22,1445.8,1453.0,1438.6,1445.8
2010-02-23,1459.8,1467.1,1452.5,1459.8
2010-02-24,1487.3,1494.7,1479.8,1487.3
2010-02-25,1474.6,1482.0,1467.3,1474.6
2010-02-26,1493.8,1501.3,1486.4,1493.8
2010-03-01,1515.7,1523.3,1508.1,1515.7
2010-03-02,1518.9,1526.5,1511.3,1518.9
2010-03-03,1530.2,1537.8,1522.5,1530.2
2010-03-04,1517.5,1525.1,1509.9,1517.5
2010-03-05,1533.7,1541.4,1526.1,1533.7
2010-03-08,1553.9,1561.7,1546.1,1553.9
2010-03-09,1558.7,1566.5,1550.9,1558.7
2010-03-10,1560.8,1568.6,1553.0,1560.8
2010-03-11,1546.6,1554.4,1538.9,1546.6
2010-03-12,1559.0,1566.8,1551.2,1559.0
2010-03-15,1559.9,1567.7,1552.1,1559.9
2010-03-16,1555.8,1563.6,1548.1,1555.8
2010-03-17,1568.1,1576.0,1560.3,1568.1
2010-03-18,1561.5,1569.3,1553.7,1561.5
2010-03-19,1549.0,1556.8,1541.3,1549.0
2010-03-22,1567.0,1574.9,1559.2,1567.0
2010-03-23,1542.5,1550.2,1534.7,1542.5
2010-03-24,1552.8,1560.5,1545.0,1552.8
2010-03-25,1533.2,1540.8,1525.5,1533.2
2010-03-26,1505.9,1513.4,1498.4,1505.9
2010-03-29,1520.0,1527.6,1512.4,1520.0
2010-03-30,1525.8,1533.4,1518.2,1525.8
2010-03-31,1516.9,1524.5,1509.3,1516.9
2010-04-01,1499.8,1507.3,1492.3,1499.8
2010-04-02,1507.0,1514.5,1499.5,1507.0
2010-04-05,1504.5,1512.0,1497.0,1504.5
2010-04-06,1518.6,1526.2,1511.0,1518.6
2010-04-07,1511.4,1518.9,1503.8,1511.4
2010-04-08,1506.8,1514.3,1499.3,1506.8
2010-04-09,1525.9,1533.6,1518.3,1525.9
2010-04-12,1514.4,1522.0,1506.8,1514.4
2010-04-13,1494.3,1501.7,1486.8,1494.3
2010-04-14,1483.1,1490.6,1475.7,1483.1
2010-04-15,1490.7,1498.1,1483.2,1490.7
2010-04-16,1523.5,1531.1,1515.9,1523.5
2010-04-19,1530.7,1538.3,1523.0,1530.7
2010-04-20,1519.1,1526.7,1511.5,1519.1
2010-04-21,1508.8,1516.3,1501.2,1508.8
2010-04-22,1518.1,1525.7,1510.5,1518.1
2010-04-23,1494.0,1501.5,1486.6,1494.0
2010-04-26,1471.6,1479.0,1464.3,1471.6
2010-04-27,1479.9,1487.3,1472.5,1479.9
2010-04-28,1498.5,1506.0,1491.0,1498.5
2010-04-29,1516.7,1524.3,1509.1,1516.7
2010-04-30,1525.3,1533.0,1517.7,1525.3
2010-05-03,1550.4,1558.1,1542.6,1550.4
2010-05-04,1549.3,1557.1,1541.6,1549.3
2010-05-05,1545.5,1553.2,1537.7,1545.5
2010-05-06,1546.9,1554.7,1539.2,1546.9
2010-05-07,1553.9,1561.6,1546.1,1553.9
2010-05-10,1619.9,1628.0,1611.8,1619.9
2010-05-11,1615.8,1623.9,1607.7,1615.8
2010-05-12,1617.9,1626.0,1609.8,1617.9
2010-05-13,1644.5,1652.7,1636.3,1644.5
2010-05-14,1651.3,1659.5,1643.0,1651.3
2010-05-17,1625.6,1633.7,1617.4,1625.6
2010-05-18,1652.0,1660.3,1643.7,1652.0
2010-05-19,1655.2,1663.4,1646.9,1655.2
2010-05-20,1608.1,1616.2,1600.1,1608.1
2010-05-21,1602.0,1610.0,1594.0,1602.0
2010-05-24,1594.3,1602.2,1586.3,1594.3
2010-05-25,1588.0,1595.9,1580.1,1588.0
2010-05-26,1589.1,1597.1,1581.2,1589.1
2010-05-27,1602.4,1610.4,1594.3,1602.4
2010-05-28,1623.7,1631.8,1615.6,1623.7
2010-05-31,1647.8,1656.0,1639.5,1647.8
2010-06-01,1671.8,1680.1,1663.4,1671.8
2010-06-02,1666.6,1675.0,1658.3,1666.6
2010-06-03,1631.5,1639.6,1623.3,1631.5
2010-06-04,1591.5,1599.4,1583.5,1591.5
2010-06-07,1609.1,1617.2,1601.1,1609.1
2010-06-08,1609.8,1617.8,1601.7,1609.8
2010-06-09,1635.5,1643.7,1627.4,1635.5
2010-06-10,1643.5,1651.7,1635.2,1643.5
2010-06-11,1615.2,1623.3,1607.2,1615.2
2010-06-14,1610.0,1618.1,1602.0,1610.0
2010-06-15,1619.1,1627.2,1611.0,1619.1
2010-06-16,1602.7,1610.7,1594.7,1602.7
2010-06-17,1629.7,1637.9,1621.6,1629.7
2010-06-18,1623.9,1632.0,1615.8,1623.9
2010-06-21,1623.4,1631.5,1615.2,1623.4
2010-06-22,1599.1,1607.1,1591.1,1599.1
2010-06-23,1635.6,1643.8,1627.5,1635.6
2010-06-24,1633.9,1642.1,1625.8,1633.9
2010-06-25,1640.3,1648.5,1632.1,1640.3
2010-06-28,1632.1,1640.3,1624.0,1632.1
2010-06-29,1627.7,1635.8,1619.6,1627.7
2010-06-30,1635.1,1643.3,1626.9,1635.1
2010-07-01,1645.0,1653.2,1636.8,1645.0
2010-07-02,1656.2,1664.5,1647.9,1656.2
2010-07-05,1677.2,1685.6,1668.8,1677.2
2010-07-06,1689.1,1697.6,1680.7,1689.1
2010-07-07,1698.1,1706.5,1689.6,1698.1
2010-07-08,1686.7,1695.1,1678.3,1686.7
2010-07-09,1683.1,1691.5,1674.7,1683.1
2010-07-12,1666.3,1674.6,1657.9,1666.3
2010-07-13,1659.4,1667.7,1651.1,1659.4
2010-07-14,1668.5,1676.8,1660.1,1668.5
2010-07-15,1676.7,1685.1,1668.3,1676.7
2010-07-16,1689.0,1697.4,1680.5,1689.0
2010-07-19,1717.5,1726.1,1708.9,1717.5
2010-07-20,1695.0,1703.5,1686.5,1695.0
2010-07-21,1664.4,1672.7,1656.0,1664.4
2010-07-22,1662.2,1670.5,1653.9,1662.2
2010-07-23,1689.5,1698.0,1681.1,1689.5
2010-07-26,1718.2,1726.8,1709.6,1718.2
2010-07-27,1721.6,1730.2,1713.0,1721.6
2010-07-28,1716.8,1725.3,1708.2,1716.8
2010-07-29,1721.5,1730.1,1712.8,1721.5
2010-07-30,1740.5,1749.2,1731.8,1740.5
2010-08-02,1728.9,1737.6,1720.3,1728.9
2010-08-03,1719.3,1727.8,1710.7,1719.3
2010-08-04,1721.5,1730.1,1712.9,1721.5
2010-08-05,1741.1,1749.8,1732.4,1741.1
2010-08-06,1755.0,1763.7,1746.2,1755.0
2010-08-09,1723.7,1732.3,1715.0,1723.7
2010-08-10,1738.8,1747.5,1730.1,1738.8
2010-08-11,1738.8,1747.5,1730.1,1738.8
2010-08-12,1749.9,1758.7,1741.2,1749.9
2010-08-13,1746.0,1754.8,1737.3,1746.0
2010-08-16,1757.9,1766.7,1749.2,1757.9
2010-08-17,1758.5,1767.3,1749.7,1758.5
2010-08-18,1748.9,1757.6,1740.1,1748.9
2010-08-19,1736.1,1744.8,1727.4,1736.1
2010-08-20,1733.8,1742.5,1725.2,1733.8
2010-08-23,1715.9,1724.5,1707.3,1715.9
2010-08-24,1710.6,1719.2,1702.1,1710.6
2010-08-25,1707.7,1716.3,1699.2,1707.7
2010-08-26,1728.6,1737.3,1720.0,1728.6
2010-08-27,1742.1,1750.8,1733.4,1742.1
2010-08-30,1781.8,1790.8,1772.9,1781.8
2010-08-31,1752.3,1761.0,1743.5,1752.3
2010-09-01,1748.1,1756.8,1739.4,1748.1
2010-09-02,1771.1,1779.9,1762.2,1771.1
2010-09-03,1776.3,1785.2,1767.4,1776.3
2010-09-06,1776.0,1784.9,1767.2,1776.0
2010-09-07,1760.2,1769.0,1751.4,1760.2
2010-09-08,1773.7,1782.6,1764.9,1773.7
2010-09-09,1777.8,1786.7,1768.9,1777.8
2010-09-10,1772.5,1781.3,1763.6,1772.5
2010-09-13,1794.6,1803.6,1785.6,1794.6
2010-09-14,1834.3,1843.5,1825.1,1834.3
2010-09-15,1816.9,1826.0,1807.8,1816.9
2010-09-16,1826.4,1835.6,1817.3,1826.4
2010-09-17,1827.7,1836.9,1818.6,1827.7
2010-09-20,1841.5,1850.8,1832.3,1841.5
2010-09-21,1863.5,1872.8,1854.1,1863.5
2010-09-22,1886.2,1895.6,1876.8,1886.2
2010-09-23,1873.7,1883.1,1864.4,1873.7
2010-09-24,1841.3,1850.5,1832.1,1841.3
2010-09-27,1841.8,1851.0,1832.6,1841.8
2010-09-28,1839.3,1848.5,1830.1,1839.3
2010-09-29,1789.2,1798.1,1780.2,1789.2
2010-09-30,1809.1,1818.2,1800.1,1809.1
2010-10-01,1801.3,1810.3,1792.3,1801.3
2010-10-04,1805.1,1814.1,1796.1,1805.1
2010-10-05,1796.3,1805.2,1787.3,1796.3
2010-10-06,1794.5,1803.4,1785.5,1794.5
2010-10-07,1819.6,1828.7,1810.5,1819.6
2010-10-08,1822.1,1831.2,1813.0,1822.1
2010-10-11,1864.9,1874.3,1855.6,1864.9
2010-10-12,1875.4,1884.8,1866.0,1875.4
2010-10-13,1886.8,1896.3,1877.4,1886.8
2010-10-14,1881.3,1890.7,1871.9,1881.3
2010-10-15,1878.7,1888.1,1869.3,1878.7
2010-10-18,1899.8,1909.3,1890.3,1899.8
2010-10-19,1919.5,1929.1,1909.9,1919.5
2010-10-20,1921.4,1931.0,1911.8,1921.4
2010-10-21,1928.7,1938.3,1919.1,1928.7
2010-10-22,1923.0,1932.6,1913.3,1923.0
2010-10-25,1927.8,1937.4,1918.1,1927.8
2010-10-26,1926.6,1936.2,1916.9,1926.6
2010-10-27,1924.6,1934.3,1915.0,1924.6
2010-10-28,1940.6,1950.3,1930.9,1940.6
2010-10-29,1936.5,1946.2,1926.8,1936.5
2010-11-01,1924.6,1934.2,1915.0,1924.6
2010-11-02,1917.5,1927.1,1908.0,1917.5
2010-11-03,1910.6,1920.1,1901.0,1910.6
2010-11-04,1917.5,1927.1,1907.9,1917.5
2010-11-05,1905.7,1915.2,1896.2,1905.7
2010-11-08,1929.4,1939.0,1919.7,1929.4
2010-11-09,1922.6,1932.3,1913.0,1922.6
2010-11-10,1950.6,1960.3,1940.8,1950.6
2010-11-11,1948.5,1958.2,1938.7,1948.5
2010-11-12,1955.9,1965.7,1946.2,1955.9
2010-11-15,1975.5,1985.4,1965.6,1975.5
2010-11-16,1995.1,2005.0,1985.1,1995.1
2010-11-17,2002.6,2012.6,1992.6,2002.6
2010-11-18,2047.3,2057.5,2037.0,2047.3
2010-11-19,2040.7,2050.9,2030.5,2040.7
2010-11-22,2009.9,2019.9,1999.8,2009.9
2010-11-23,2004.8,2014.8,1994.7,2004.8
2010-11-24,2015.7,2025.7,2005.6,2015.7
2010-11-25,2019.7,2029.8,2009.6,2019.7
2010-11-26,1995.8,2005.8,1985.8,1995.8
2010-11-29,1989.7,1999.7,1979.8,1989.7
2010-11-30,1971.5,1981.4,1961.7,1971.5
2010-12-01,1957.9,1967.6,1948.1,1957.9
2010-12-02,1955.0,1964.8,1945.3,1955.0
2010-12-03,1963.1,1972.9,1953.3,1963.1
2010-12-06,1951.7,1961.5,1942.0,1951.7
2010-12-07,1939.3,1949.0,1929.6,1939.3
2010-12-08,1953.3,1963.1,1943.5,1953.3
2010-12-09,1936.7,1946.4,1927.0,1936.7
2010-12-10,1920.1,1929.7,1910.5,1920.1
2010-12-13,1967.6,1977.4,1957.7,1967.6
2010-12-14,1957.0,1966.8,1947.2,1957.0
2010-12-15,1922.0,1931.6,1912.4,1922.0
2010-12-16,1900.1,1909.6,1890.6,1900.1
2010-12-17,1864.8,1874.1,1855.4,1864.8
2010-12-20,1905.1,1914.7,1895.6,1905.1
2010-12-21,1907.0,1916.5,1897.4,1907.0
2010-12-22,1890.0,1899.5,1880.6,1890.0
2010-12-23,1905.1,1914.6,1895.6,1905.1
2010-12-24,1941.9,1951.6,1932.1,1941.9
2010-12-27,1944.0,1953.7,1934.3,1944.0
2010-12-28,1977.8,1987.7,1967.9,1977.8
2010-12-29,1971.6,1981.5,1961.8,1971.6
2010-12-30,1949.4,1959.2,1939.7,1949.4
2010-12-31,1986.8,1996.7,1976.9,1986.8
2011-01-03,1975.6,1985.5,1965.7,1975.6
2011-01-04,1965.5,1975.3,1955.7,1965.5
2011-01-05,1987.5,1997.4,1977.6,1987.5
2011-01-06,1988.8,1998.7,1978.9,1988.8
2011-01-07,1987.3,1997.2,1977.3,1987.3
2011-01-10,1986.8,1996.7,1976.8,1986.8
2011-01-11,1974.7,1984.6,1964.9,1974.7
2011-01-12,1980.1,1990.0,1970.2,1980.1
2011-01-13,1991.4,2001.3,1981.4,1991.4
2011-01-14,1988.1,1998.0,1978.2,1988.1
2011-01-17,2004.5,2014.5,1994.5,2004.5
2011-01-18,2013.6,2023.6,2003.5,2013.6
2011-01-19,2021.8,2031.9,2011.7,2021.8
2011-01-20,2016.4,2026.4,2006.3,2016.4
2011-01-21,2009.5,2019.6,1999.5,2009.5
2011-01-24,2021.7,2031.8,2011.6,2021.7
2011-01-25,1998.4,2008.4,1988.4,1998.4
2011-01-26,2058.4,2068.7,2048.1,2058.4
2011-01-27,2007.1,2017.1,1997.0,2007.1
2011-01-28,1997.5,2007.5,1987.5,1997.5
2011-01-31,2013.9,2023.9,2003.8,2013.9
2011-02-01,2029.2,2039.4,2019.1,2029.2
2011-02-02,2013.2,2023.3,2003.2,2013.2
2011-02-03,2002.0,2012.0,1992.0,2002.0
2011-02-04,2005.6,2015.6,1995.6,2005.6
2011-02-07,1984.3,1994.3,1974.4,1984.3
2011-02-08,1963.8,1973.6,1954.0,1963.8
2011-02-09,1986.5,1996.4,1976.5,1986.5
2011-02-10,2006.9,2016.9,1996.9,2006.9
2011-02-11,2010.1,2020.2,2000.1,2010.1
2011-02-14,2032.5,2042.6,2022.3,2032.5
2011-02-15,2036.5,2046.6,2026.3,2036.5
2011-02-16,2022.7,2032.8,2012.6,2022.7
2011-02-17,2001.8,2011.8,1991.8,2001.8
2011-02-18,2018.4,2028.5,2008.3,2018.4
2011-02-21,2011.6,2021.6,2001.5,2011.6
2011-02-22,2031.9,2042.1,2021.8,2031.9
2011-02-23,2028.6,2038.7,2018.4,2028.6
2011-02-24,2058.4,2068.7,2048.1,2058.4
2011-02-25,2040.5,2050.7,2030.3,2040.5
2011-02-28,2023.6,2033.7,2013.5,2023.6
2011-03-01,2036.4,2046.6,2026.2,2036.4
2011-03-02,2032.7,2042.9,2022.6,2032.7
2011-03-03,2039.7,2049.9,2029.5,2039.7
2011-03-04,2041.8,2052.0,2031.5,2041.8
2011-03-07,2038.5,2048.7,2028.3,2038.5
2011-03-08,2036.9,2047.1,2026.7,2036.9
2011-03-09,1995.5,2005.5,1985.5,1995.5
2011-03-10,2033.0,2043.1,2022.8,2033.0
2011-03-11,2024.2,2034.3,2014.1,2024.2
2011-03-14,2042.3,2052.5,2032.1,2042.3
2011-03-15,2003.2,2013.2,1993.2,2003.2
2011-03-16,1991.2,2001.1,1981.2,1991.2
2011-03-17,2003.7,2013.7,1993.7,2003.7
2011-03-18,2048.4,2058.7,2038.2,2048.4
2011-03-21,2066.2,2076.6,2055.9,2066.2
2011-03-22,2081.9,2092.3,2071.5,2081.9
2011-03-23,2074.7,2085.1,2064.4,2074.7
2011-03-24,2078.1,2088.5,2067.7,2078.1
2011-03-25,2077.5,2087.9,2067.1,2077.5
2011-03-28,2091.7,2102.1,2081.2,2091.7
2011-03-29,2121.3,2131.9,2110.7,2121.3
2011-03-30,2115.8,2126.4,2105.2,2115.8
2011-03-31,2118.7,2129.2,2108.1,2118.7
2011-04-01,2111.4,2122.0,2100.9,2111.4
2011-04-04,2112.5,2123.1,2101.9,2112.5
2011-04-05,2139.6,2150.3,2128.9,2139.6
2011-04-06,2150.9,2161.7,2140.2,2150.9
2011-04-07,2159.0,2169.7,2148.2,2159.0
2011-04-08,2157.2,2168.0,2146.4,2157.2
2011-04-11,2143.8,2154.5,2133.1,2143.8
2011-04-12,2160.9,2171.7,2150.1,2160.9
2011-04-13,2180.3,2191.2,2169.4,2180.3
2011-04-14,2199.8,2210.8,2188.8,2199.8
2011-04-15,2199.1,2210.1,2188.2,2199.1
2011-04-18,2186.2,2197.2,2175.3,2186.2
2011-04-19,2200.9,2211.9,2189.9,2200.9
2011-04-20,2224.4,2235.5,2213.3,2224.4
2011-04-21,2241.7,2252.9,2230.5,2241.7
2011-04-22,2223.1,2234.2,2212.0,2223.1
2011-04-25,2234.8,2246.0,2223.6,2234.8
2011-04-26,2191.5,2202.4,2180.5,2191.5
2011-04-27,2222.0,2233.1,2210.9,2222.0
2011-04-28,2225.7,2236.8,2214.5,2225.7
2011-04-29,2229.9,2241.0,2218.7,2229.9
2011-05-02,2268.7,2280.0,2257.3,2268.7
2011-05-03,2254.0,2265.3,2242.7,2254.0
2011-05-04,2255.7,2267.0,2244.5,2255.7
2011-05-05,2236.0,2247.1,2224.8,2236.0
2011-05-06,2203.3,2214.3,2192.2,2203.3
2011-05-09,2215.5,2226.6,2204.4,2215.5
2011-05-10,2222.4,2233.5,2211.2,2222.4
2011-05-11,2174.9,2185.7,2164.0,2174.9
2011-05-12,2192.5,2203.4,2181.5,2192.5
2011-05-13,2192.1,2203.1,2181.2,2192.1
2011-05-16,2208.9,2219.9,2197.8,2208.9
2011-05-17,2213.8,2224.9,2202.7,2213.8
2011-05-18,2236.4,2247.6,2225.2,2236.4
2011-05-19,2260.3,2271.6,2249.0,2260.3
2011-05-20,2261.8,2273.1,2250.5,2261.8
2011-05-23,2278.7,2290.1,2267.3,2278.7
2011-05-24,2294.3,2305.8,2282.9,2294.3
2011-05-25,2263.6,2274.9,2252.3,2263.6
2011-05-26,2241.0,2252.2,2229.8,2241.0
2011-05-27,2216.8,2227.8,2205.7,2216.8
2011-05-30,2230.1,2241.2,2218.9,2230.1
2011-05-31,2213.0,2224.1,2201.9,2213.0
2011-06-01,2167.7,2178.5,2156.8,2167.7
2011-06-02,2147.0,2157.8,2136.3,2147.0
2011-06-03,2141.2,2151.9,2130.5,2141.2
2011-06-06,2153.8,2164.6,2143.0,2153.8
2011-06-07,2184.5,2195.4,2173.6,2184.5
2011-06-08,2206.2,2217.2,2195.2,2206.2
2011-06-09,2209.7,2220.8,2198.7,2209.7
2011-06-10,2190.9,2201.9,2179.9,2190.9
2011-06-13,2146.6,2157.3,2135.9,2146.6
2011-06-14,2138.4,2149.1,2127.7,2138.4
2011-06-15,2135.0,2145.7,2124.3,2135.0
2011-06-16,2140.3,2151.0,2129.6,2140.3
2011-06-17,2162.8,2173.6,2152.0,2162.8
2011-06-20,2178.7,2189.6,2167.8,2178.7
2011-06-21,2181.6,2192.5,2170.7,2181.6
2011-06-22,2173.5,2184.4,2162.6,2173.5
2011-06-23,2141.1,2151.8,2130.3,2141.1
2011-06-24,2126.1,2136.7,2115.5,2126.1
2011-06-27,2107.8,2118.4,2097.3,2107.8
2011-06-28,2169.1,2180.0,2158.3,2169.1
2011-06-29,2214.2,2225.2,2203.1,2214.2
2011-06-30,2185.4,2196.4,2174.5,2185.4
2011-07-01,2194.3,2205.3,2183.3,2194.3
2011-07-04,2164.0,2174.9,2153.2,2164.0
2011-07-05,2170.3,2181.2,2159.5,2170.3
2011-07-06,2160.6,2171.4,2149.8,2160.6
2011-07-07,2159.0,2169.8,2148.2,2159.0
2011-07-08,2183.7,2194.6,2172.8,2183.7
2011-07-11,2191.7,2202.7,2180.8,2191.7
2011-07-12,2210.7,2221.8,2199.7,2210.7
2011-07-13,2220.7,2231.8,2209.6,2220.7
2011-07-14,2203.0,2214.1,2192.0,2203.0
2011-07-15,2173.6,2184.4,2162.7,2173.6
2011-07-18,2167.3,2178.1,2156.5,2167.3
2011-07-19,2161.7,2172.5,2150.9,2161.7
2011-07-20,2151.6,2162.3,2140.8,2151.6
2011-07-21,2137.9,2148.6,2127.2,2137.9
2011-07-22,2141.9,2152.6,2131.2,2141.9
2011-07-25,2172.6,2183.5,2161.7,2172.6
2011-07-26,2127.3,2137.9,2116.6,2127.3
2011-07-27,2103.0,2113.5,2092.5,2103.0
2011-07-28,2112.9,2123.4,2102.3,2112.9
2011-07-29,2075.8,2086.2,2065.5,2075.8
2011-08-01,2049.4,2059.6,2039.1,2049.4
2011-08-02,2102.5,2113.0,2092.0,2102.5
2011-08-03,2118.9,2129.5,2108.3,2118.9
2011-08-04,2180.6,2191.5,2169.7,2180.6
2011-08-05,2143.4,2154.1,2132.7,2143.4
2011-08-08,2190.6,2201.5,2179.6,2190.6
2011-08-09,2161.5,2172.3,2150.7,2161.5
2011-08-10,2182.2,2193.1,2171.2,2182.2
2011-08-11,2134.6,2145.2,2123.9,2134.6
2011-08-12,2143.3,2154.0,2132.6,2143.3
2011-08-15,2152.7,2163.4,2141.9,2152.7
2011-08-16,2144.3,2155.0,2133.6,2144.3
2011-08-17,2115.7,2126.3,2105.1,2115.7
2011-08-18,2112.8,2123.4,2102.3,2112.8
2011-08-19,2121.5,2132.1,2110.9,2121.5
2011-08-22,2098.8,2109.3,2088.3,2098.8
2011-08-23,2098.3,2108.8,2087.9,2098.3
2011-08-24,2101.0,2111.5,2090.5,2101.0
2011-08-25,2114.8,2125.4,2104.2,2114.8
2011-08-26,2083.2,2093.7,2072.8,2083.2
2011-08-29,2074.6,2084.9,2064.2,2074.6
2011-08-30,2083.6,2094.0,2073.2,2083.6
2011-08-31,2079.6,2090.0,2069.2,2079.6
2011-09-01,2060.7,2071.0,2050.4,2060.7
2011-09-02,2087.0,2097.4,2076.5,2087.0
2011-09-05,2112.1,2122.7,2101.6,2112.1
2011-09-06,2131.8,2142.4,2121.1,2131.8
2011-09-07,2126.0,2136.7,2115.4,2126.0
2011-09-08,2124.0,2134.6,2113.4,2124.0
2011-09-09,2153.8,2164.6,2143.1,2153.8
2011-09-12,2171.9,2182.8,2161.0,2171.9
2011-09-13,2199.6,2210.6,2188.6,2199.6
2011-09-14,2200.2,2211.2,2189.2,2200.2
2011-09-15,2212.1,2223.2,2201.1,2212.1
2011-09-16,2224.7,2235.8,2213.6,2224.7
2011-09-19,2253.0,2264.3,2241.8,2253.0
2011-09-20,2199.4,2210.4,2188.4,2199.4
2011-09-21,2200.7,2211.7,2189.7,2200.7
2011-09-22,2220.1,2231.2,2209.0,2220.1
2011-09-23,2243.3,2254.5,2232.1,2243.3
2011-09-26,2229.4,2240.5,2218.2,2229.4
2011-09-27,2234.9,2246.1,2223.8,2234.9
2011-09-28,2247.7,2259.0,2236.5,2247.7
2011-09-29,2271.2,2282.5,2259.8,2271.2
2011-09-30,2273.9,2285.2,2262.5,2273.9
2011-10-03,2273.6,2285.0,2262.3,2273.6
2011-10-04,2262.5,2273.8,2251.2,2262.5
2011-10-05,2282.2,2293.6,2270.8,2282.2
2011-10-06,2303.6,2315.1,2292.1,2303.6
2011-10-07,2319.5,2331.1,2307.9,2319.5
2011-10-10,2327.5,2339.2,2315.9,2327.5
2011-10-11,2324.8,2336.5,2313.2,2324.8
2011-10-12,2304.2,2315.7,2292.7,2304.2
2011-10-13,2281.3,2292.7,2269.9,2281.3
2011-10-14,2297.9,2309.4,2286.4,2297.9
2011-10-17,2315.4,2327.0,2303.8,2315.4
2011-10-18,2313.2,2324.8,2301.7,2313.2
2011-10-19,2311.2,2322.7,2299.6,2311.2
2011-10-20,2308.5,2320.0,2297.0,2308.5
2011-10-21,2327.3,2339.0,2315.7,2327.3
2011-10-24,2335.1,2346.8,2323.4,2335.1
2011-10-25,2317.2,2328.8,2305.6,2317.2
2011-10-26,2320.6,2332.2,2309.0,2320.6
2011-10-27,2278.4,2289.8,2267.0,2278.4
2011-10-28,2259.2,2270.5,2247.9,2259.2
2011-10-31,2216.0,2227.1,2204.9,2216.0
2011-11-01,2194.9,2205.9,2183.9,2194.9
2011-11-02,2176.7,2187.6,2165.8,2176.7
2011-11-03,2130.9,2141.5,2120.2,2130.9
2011-11-04,2157.8,2168.6,2147.0,2157.8
2011-11-07,2146.5,2157.3,2135.8,2146.5
2011-11-08,2140.3,2151.0,2129.6,2140.3
2011-11-09,2122.6,2133.3,2112.0,2122.6
2011-11-10,2136.8,2147.5,2126.1,2136.8
2011-11-11,2167.9,2178.7,2157.0,2167.9
2011-11-14,2178.3,2189.2,2167.4,2178.3
2011-11-15,2184.9,2195.8,2174.0,2184.9
2011-11-16,2140.9,2151.6,2130.2,2140.9
2011-11-17,2139.6,2150.3,2128.9,2139.6
2011-11-18,2154.5,2165.3,2143.8,2154.5
2011-11-21,2180.2,2191.1,2169.3,2180.2
2011-11-22,2192.2,2203.1,2181.2,2192.2
2011-11-23,2235.6,2246.7,2224.4,2235.6
2011-11-24,2215.9,2227.0,2204.8,2215.9
2011-11-25,2197.2,2208.2,2186.2,2197.2
2011-11-28,2202.9,2214.0,2191.9,2202.9
2011-11-29,2228.2,2239.3,2217.1,2228.2
2011-11-30,2255.6,2266.9,2244.4,2255.6
2011-12-01,2206.6,2217.6,2195.5,2206.6
2011-12-02,2206.4,2217.4,2195.3,2206.4
2011-12-05,2223.9,2235.0,2212.7,2223.9
2011-12-06,2240.3,2251.5,2229.1,2240.3
2011-12-07,2248.2,2259.4,2236.9,2248.2
2011-12-08,2241.6,2252.8,2230.4,2241.6
2011-12-09,2171.7,2182.5,2160.8,2171.7
2011-12-12,2214.6,2225.7,2203.6,2214.6
2011-12-13,2224.7,2235.8,2213.6,2224.7
2011-12-14,2202.1,2213.1,2191.1,2202.1
2011-12-15,2192.6,2203.5,2181.6,2192.6
2011-12-16,2196.1,2207.1,2185.2,2196.1
2011-12-19,2203.7,2214.7,2192.6,2203.7
2011-12-20,2171.1,2181.9,2160.2,2171.1
2011-12-21,2148.7,2159.4,2137.9,2148.7
2011-12-22,2159.5,2170.3,2148.7,2159.5
2011-12-23,2146.6,2157.4,2135.9,2146.6
2011-12-26,2108.0,2118.5,2097.5,2108.0
2011-12-27,2093.0,2103.5,2082.5,2093.0
2011-12-28,2095.5,2106.0,2085.1,2095.5
2011-12-29,2062.9,2073.2,2052.6,2062.9
2011-12-30,2102.4,2112.9,2091.9,2102.4
2012-01-02,2129.9,2140.6,2119.3,2129.9
2012-01-03,2150.5,2161.3,2139.8,2150.5
2012-01-04,2152.3,2163.1,2141.6,2152.3
2012-01-05,2125.5,2136.1,2114.8,2125.5
2012-01-06,2108.5,2119.0,2097.9,2108.5
2012-01-09,2138.4,2149.1,2127.7,2138.4
2012-01-10,2121.7,2132.3,2111.1,2121.7
2012-01-11,2122.2,2132.8,2111.6,2122.2
2012-01-12,2117.1,2127.7,2106.5,2117.1
2012-01-13,2115.1,2125.7,2104.6,2115.1
2012-01-16,2113.5,2124.0,2102.9,2113.5
2012-01-17,2109.9,2120.4,2099.3,2109.9
2012-01-18,2101.9,2112.4,2091.4,2101.9
2012-01-19,2097.1,2107.6,2086.6,2097.1
2012-01-20,2094.9,2105.4,2084.5,2094.9
2012-01-23,2076.6,2087.0,2066.2,2076.6
2012-01-24,2049.8,2060.1,2039.6,2049.8
2012-01-25,2046.5,2056.7,2036.3,2046.5
2012-01-26,2032.5,2042.7,2022.3,2032.5
2012-01-27,2036.6,2046.8,2026.4,2036.6
2012-01-30,2018.5,2028.6,2008.4,2018.5
2012-01-31,1984.0,1993.9,1974.1,1984.0
2012-02-01,2023.2,2033.3,2013.1,2023.2
2012-02-02,2015.5,2025.6,2005.4,2015.5
2012-02-03,1974.0,1983.9,1964.2,1974.0
2012-02-06,1997.8,2007.8,1987.9,1997.8
2012-02-07,1994.4,2004.4,1984.4,1994.4
2012-02-08,2000.2,2010.2,1990.2,2000.2
2012-02-09,2009.6,2019.7,1999.6,2009.6
2012-02-10,2035.8,2046.0,2025.6,2035.8
2012-02-13,2045.1,2055.3,2034.8,2045.1
2012-02-14,2017.7,2027.8,2007.7,2017.7
2012-02-15,1996.2,2006.1,1986.2,1996.2
2012-02-16,1970.5,1980.3,1960.6,1970.5
2012-02-17,1966.2,1976.1,1956.4,1966.2
2012-02-20,1980.7,1990.6,1970.8,1980.7
2012-02-21,1969.1,1979.0,1959.3,1969.1
2012-02-22,1961.0,1970.8,1951.2,1961.0
2012-02-23,1952.4,1962.2,1942.6,1952.4
2012-02-24,1947.1,1956.9,1937.4,1947.1
2012-02-27,1968.7,1978.6,1958.9,1968.7
2012-02-28,1969.0,1978.8,1959.1,1969.0
2012-02-29,1999.2,2009.1,1989.2,1999.2
2012-03-01,1992.5,2002.4,1982.5,1992.5
2012-03-02,1998.4,2008.4,1988.4,1998.4
2012-03-05,1998.9,2008.9,1988.9,1998.9
2012-03-06,2010.1,2020.2,2000.1,2010.1
2012-03-07,2026.1,2036.2,2015.9,2026.1
2012-03-08,2030.4,2040.6,2020.2,2030.4
2012-03-09,2091.5,2102.0,2081.1,2091.5
2012-03-12,2124.2,2134.8,2113.6,2124.2
2012-03-13,2111.6,2122.2,2101.1,2111.6
2012-03-14,2140.1,2150.8,2129.4,2140.1
2012-03-15,2164.7,2175.6,2153.9,2164.7
2012-03-16,2134.3,2145.0,2123.6,2134.3
2012-03-19,2087.8,2098.3,2077.4,2087.8
2012-03-20,2093.9,2104.3,2083.4,2093.9
2012-03-21,2092.2,2102.6,2081.7,2092.2
2012-03-22,2040.5,2050.7,2030.3,2040.5
2012-03-23,2047.1,2057.3,2036.9,2047.1
2012-03-26,2051.1,2061.4,2040.9,2051.1
2012-03-27,2041.4,2051.6,2031.2,2041.4
2012-03-28,2078.8,2089.1,2068.4,2078.8
2012-03-29,2075.8,2086.2,2065.5,2075.8
2012-03-30,2069.4,2079.8,2059.1,2069.4
2012-04-02,2071.4,2081.7,2061.0,2071.4
2012-04-03,2044.5,2054.7,2034.3,2044.5
2012-04-04,2028.5,2038.6,2018.4,2028.5
2012-04-05,1972.8,1982.6,1962.9,1972.8
2012-04-06,1988.1,1998.0,1978.1,1988.1
2012-04-09,2013.4,2023.5,2003.4,2013.4
2012-04-10,2024.4,2034.5,2014.3,2024.4
2012-04-11,2033.2,2043.3,2023.0,2033.2
2012-04-12,2035.2,2045.4,2025.0,2035.2
2012-04-13,2071.0,2081.3,2060.6,2071.0
2012-04-16,2069.2,2079.5,2058.8,2069.2
2012-04-17,2090.1,2100.5,2079.6,2090.1
2012-04-18,2107.7,2118.2,2097.2,2107.7
2012-04-19,2078.3,2088.7,2067.9,2078.3
2012-04-20,2093.5,2103.9,2083.0,2093.5
2012-04-23,2069.8,2080.1,2059.4,2069.8
2012-04-24,2059.5,2069.8,2049.2,2059.5
2012-04-25,2057.8,2068.1,2047.5,2057.8
2012-04-26,2086.6,2097.0,2076.2,2086.6
2012-04-27,2072.2,2082.5,2061.8,2072.2
2012-04-30,2080.2,2090.6,2069.8,2080.2
2012-05-01,2048.0,2058.2,2037.8,2048.0
2012-05-02,2046.7,2056.9,2036.4,2046.7
2012-05-03,2039.2,2049.4,2029.0,2039.2
2012-05-04,2069.1,2079.4,2058.7,2069.1
2012-05-07,2054.2,2064.5,2044.0,2054.2
2012-05-08,2023.4,2033.5,2013.2,2023.4
2012-05-09,2018.0,2028.1,2007.9,2018.0
2012-05-10,2009.0,2019.1,1999.0,2009.0
2012-05-11,2018.7,2028.8,2008.6,2018.7
2012-05-14,2050.4,2060.6,2040.1,2050.4
2012-05-15,2045.7,2055.9,2035.5,2045.7
2012-05-16,2056.2,2066.4,2045.9,2056.2
2012-05-17,2056.2,2066.5,2046.0,2056.2
2012-05-18,2069.0,2079.4,2058.7,2069.0
2012-05-21,2049.4,2059.6,2039.1,2049.4
2012-05-22,2051.4,2061.7,2041.1,2051.4
2012-05-23,2073.8,2084.2,2063.4,2073.8
2012-05-24,2058.9,2069.2,2048.6,2058.9
2012-05-25,2057.2,2067.5,2046.9,2057.2
2012-05-28,2057.4,2067.7,2047.1,2057.4
2012-05-29,2028.0,2038.1,2017.8,2028.0
2012-05-30,2046.7,2056.9,2036.5,2046.7
2012-05-31,2037.2,2047.3,2027.0,2037.2
2012-06-01,2039.3,2049.5,2029.1,2039.3
2012-06-04,2054.7,2064.9,2044.4,2054.7
2012-06-05,2071.9,2082.2,2061.5,2071.9
2012-06-06,2047.9,2058.2,2037.7,2047.9
2012-06-07,2059.1,2069.3,2048.8,2059.1
2012-06-08,2081.7,2092.1,2071.3,2081.7
2012-06-11,2068.0,2078.3,2057.7,2068.0
2012-06-12,2086.1,2096.5,2075.7,2086.1
2012-06-13,2095.3,2105.7,2084.8,2095.3
2012-06-14,2105.6,2116.2,2095.1,2105.6
2012-06-15,2123.3,2133.9,2112.7,2123.3
2012-06-18,2102.8,2113.3,2092.2,2102.8
2012-06-19,2082.4,2092.8,2072.0,2082.4
2012-06-20,2107.6,2118.1,2097.0,2107.6
2012-06-21,2100.4,2111.0,2089.9,2100.4
2012-06-22,2069.6,2080.0,2059.3,2069.6
2012-06-25,2067.2,2077.5,2056.9,2067.2
2012-06-26,2066.5,2076.9,2056.2,2066.5
2012-06-27,2073.3,2083.7,2063.0,2073.3
2012-06-28,2066.5,2076.8,2056.2,2066.5
2012-06-29,2104.8,2115.3,2094.2,2104.8
2012-07-02,2085.0,2095.4,2074.6,2085.0
2012-07-03,2044.7,2055.0,2034.5,2044.7
2012-07-04,2016.5,2026.5,2006.4,2016.5
2012-07-05,2005.0,2015.0,1995.0,2005.0
2012-07-06,2019.6,2029.7,2009.5,2019.6
2012-07-09,2018.7,2028.8,2008.6,2018.7
2012-07-10,2029.9,2040.0,2019.7,2029.9
2012-07-11,2019.0,2029.1,2008.9,2019.0
2012-07-12,2031.5,2041.6,2021.3,2031.5
2012-07-13,2001.3,2011.3,1991.3,2001.3
2012-07-16,2008.8,2018.8,1998.8,2008.8
2012-07-17,2025.6,2035.7,2015.4,2025.6
2012-07-18,2009.5,2019.5,1999.4,2009.5
2012-07-19,2049.0,2059.2,2038.7,2049.0
2012-07-20,2011.6,2021.7,2001.6,2011.6
2012-07-23,2029.9,2040.1,2019.8,2029.9
2012-07-24,2050.5,2060.7,2040.2,2050.5
2012-07-25,2034.3,2044.4,2024.1,2034.3
2012-07-26,2043.7,2053.9,2033.5,2043.7
2012-07-27,2027.9,2038.0,2017.8,2027.9
2012-07-30,2036.7,2046.8,2026.5,2036.7
2012-07-31,2034.5,2044.7,2024.4,2034.5
2012-08-01,2037.4,2047.5,2027.2,2037.4
2012-08-02,2027.6,2037.7,2017.4,2027.6
2012-08-03,2018.4,2028.5,2008.3,2018.4
2012-08-06,2005.1,2015.1,1995.1,2005.1
2012-08-07,2022.7,2032.8,2012.6,2022.7
2012-08-08,2060.9,2071.2,2050.6,2060.9
2012-08-09,2109.9,2120.5,2099.4,2109.9
2012-08-10,2128.3,2139.0,2117.7,2128.3
2012-08-13,2125.6,2136.2,2115.0,2125.6
2012-08-14,2144.5,2155.2,2133.8,2144.5
2012-08-15,2148.9,2159.6,2138.2,2148.9
2012-08-16,2138.5,2149.2,2127.8,2138.5
2012-08-17,2177.2,2188.1,2166.3,2177.2
2012-08-20,2192.6,2203.6,2181.7,2192.6
2012-08-21,2171.6,2182.5,2160.8,2171.6
2012-08-22,2187.5,2198.5,2176.6,2187.5
2012-08-23,2194.5,2205.5,2183.5,2194.5
2012-08-24,2169.4,2180.2,2158.5,2169.4
2012-08-27,2166.3,2177.1,2155.4,2166.3
2012-08-28,2161.0,2171.8,2150.2,2161.0
2012-08-29,2102.8,2113.3,2092.3,2102.8
2012-08-30,2072.4,2082.8,2062.0,2072.4
2012-08-31,2095.9,2106.4,2085.4,2095.9
2012-09-03,2080.0,2090.4,2069.6,2080.0
2012-09-04,2092.7,2103.2,2082.2,2092.7
2012-09-05,2119.0,2129.5,2108.4,2119.0
2012-09-06,2074.0,2084.4,2063.7,2074.0
2012-09-07,2108.4,2119.0,2097.9,2108.4
2012-09-10,2103.3,2113.9,2092.8,2103.3
2012-09-11,2110.6,2121.2,2100.1,2110.6
2012-09-12,2150.0,2160.7,2139.2,2150.0
2012-09-13,2167.0,2177.8,2156.2,2167.0
2012-09-14,2159.3,2170.1,2148.5,2159.3
2012-09-17,2144.0,2154.7,2133.3,2144.0
2012-09-18,2131.7,2142.3,2121.0,2131.7
2012-09-19,2117.6,2128.1,2107.0,2117.6
2012-09-20,2142.3,2153.0,2131.6,2142.3
2012-09-21,2150.8,2161.5,2140.0,2150.8
2012-09-24,2151.4,2162.1,2140.6,2151.4
2012-09-25,2143.4,2154.1,2132.7,2143.4
2012-09-26,2155.7,2166.5,2144.9,2155.7
2012-09-27,2112.7,2123.3,2102.2,2112.7
2012-09-28,2150.2,2160.9,2139.4,2150.2
2012-10-01,2140.6,2151.3,2129.9,2140.6
2012-10-02,2117.9,2128.5,2107.3,2117.9
2012-10-03,2140.0,2150.7,2129.3,2140.0
2012-10-04,2160.6,2171.4,2149.8,2160.6
2012-10-05,2155.1,2165.9,2144.3,2155.1
2012-10-08,2178.6,2189.5,2167.7,2178.6
2012-10-09,2194.6,2205.6,2183.7,2194.6
2012-10-10,2196.9,2207.8,2185.9,2196.9
2012-10-11,2156.8,2167.6,2146.0,2156.8
2012-10-12,2155.6,2166.4,2144.9,2155.6
2012-10-15,2151.6,2162.3,2140.8,2151.6
2012-10-16,2142.8,2153.5,2132.0,2142.8
2012-10-17,2131.8,2142.5,2121.2,2131.8
2012-10-18,2144.9,2155.6,2134.1,2144.9
2012-10-19,2115.6,2126.2,2105.0,2115.6
2012-10-22,2138.1,2148.8,2127.5,2138.1
2012-10-23,2134.1,2144.7,2123.4,2134.1
2012-10-24,2113.7,2124.3,2103.1,2113.7
2012-10-25,2105.8,2116.4,2095.3,2105.8
2012-10-26,2108.5,2119.1,2098.0,2108.5
2012-10-29,2136.5,2147.2,2125.8,2136.5
2012-10-30,2148.2,2159.0,2137.5,2148.2
2012-10-31,2169.2,2180.0,2158.4,2169.2
2012-11-01,2163.3,2174.2,2152.5,2163.3
2012-11-02,2154.5,2165.3,2143.8,2154.5
2012-11-05,2188.7,2199.6,2177.7,2188.7
2012-11-06,2180.1,2191.0,2169.2,2180.1
2012-11-07,2163.4,2174.2,2152.6,2163.4
2012-11-08,2145.5,2156.2,2134.7,2145.5
2012-11-09,2148.0,2158.7,2137.3,2148.0
2012-11-12,2121.3,2131.9,2110.7,2121.3
2012-11-13,2122.7,2133.3,2112.0,2122.7
2012-11-14,2123.6,2134.2,2112.9,2123.6
2012-11-15,2133.3,2144.0,2122.6,2133.3
2012-11-16,2093.9,2104.4,2083.4,2093.9
2012-11-19,2050.8,2061.1,2040.6,2050.8
2012-11-20,2042.8,2053.0,2032.6,2042.8
2012-11-21,2041.3,2051.5,2031.1,2041.3
2012-11-22,2019.6,2029.7,2009.5,2019.6
2012-11-23,1993.8,2003.7,1983.8,1993.8
2012-11-26,2006.1,2016.2,1996.1,2006.1
2012-11-27,2002.9,2012.9,1992.8,2002.9
2012-11-28,2023.0,2033.1,2012.9,2023.0
2012-11-29,1996.8,2006.7,1986.8,1996.8
2012-11-30,1998.1,2008.1,1988.2,1998.1
2012-12-03,2035.8,2046.0,2025.6,2035.8
2012-12-04,2031.3,2041.4,2021.1,2031.3
2012-12-05,2021.0,2031.1,2010.9,2021.0
2012-12-06,2042.2,2052.4,2032.0,2042.2
2012-12-07,2068.7,2079.1,2058.4,2068.7
2012-12-10,2055.0,2065.3,2044.8,2055.0
2012-12-11,2044.0,2054.2,2033.8,2044.0
2012-12-12,2063.0,2073.3,2052.7,2063.0
2012-12-13,2069.4,2079.7,2059.0,2069.4
2012-12-14,2075.9,2086.2,2065.5,2075.9
2012-12-17,2079.8,2090.2,2069.4,2079.8
2012-12-18,2078.0,2088.4,2067.6,2078.0
2012-12-19,2098.0,2108.5,2087.6,2098.0
2012-12-20,2125.1,2135.7,2114.5,2125.1
2012-12-21,2100.7,2111.2,2090.2,2100.7
2012-12-24,2116.8,2127.3,2106.2,2116.8
2012-12-25,2113.2,2123.7,2102.6,2113.2
2012-12-26,2084.1,2094.5,2073.6,2084.1
2012-12-27,2063.9,2074.2,2053.6,2063.9
2012-12-28,2055.4,2065.6,2045.1,2055.4
2012-12-31,2077.1,2087.5,2066.7,2077.1
2013-01-01,2055.1,2065.4,2044.8,2055.1
2013-01-02,2018.2,2028.3,2008.1,2018.2
2013-01-03,2014.9,2025.0,2004.8,2014.9
2013-01-04,2007.3,2017.4,1997.3,2007.3
2013-01-07,2031.7,2041.8,2021.5,2031.7
2013-01-08,2038.4,2048.6,2028.2,2038.4
2013-01-09,2054.2,2064.4,2043.9,2054.2
2013-01-10,2046.3,2056.6,2036.1,2046.3
2013-01-11,2021.9,2032.0,2011.7,2021.9
2013-01-14,2050.3,2060.6,2040.1,2050.3
2013-01-15,2038.6,2048.8,2028.4,2038.6
2013-01-16,2052.9,2063.2,2042.7,2052.9
2013-01-17,2045.6,2055.8,2035.4,2045.6
2013-01-18,2059.7,2070.0,2049.5,2059.7
2013-01-21,2065.4,2075.7,2055.1,2065.4
2013-01-22,2067.6,2078.0,2057.3,2067.6
2013-01-23,2075.6,2086.0,2065.2,2075.6
2013-01-24,2069.6,2080.0,2059.3,2069.6
2013-01-25,2033.8,2044.0,2023.7,2033.8
2013-01-28,2040.4,2050.6,2030.2,2040.4
2013-01-29,2064.8,2075.1,2054.5,2064.8
2013-01-30,2063.4,2073.7,2053.1,2063.4
2013-01-31,2056.5,2066.8,2046.2,2056.5
2013-02-01,2061.9,2072.2,2051.6,2061.9
2013-02-04,2081.2,2091.6,2070.8,2081.2
2013-02-05,2074.0,2084.4,2063.7,2074.0
2013-02-06,2042.3,2052.5,2032.1,2042.3
2013-02-07,2046.1,2056.3,2035.8,2046.1
2013-02-08,2053.9,2064.2,2043.6,2053.9
2013-02-11,2057.0,2067.3,2046.7,2057.0
2013-02-12,2046.6,2056.8,2036.3,2046.6
2013-02-13,2053.7,2064.0,2043.4,2053.7
2013-02-14,2048.9,2059.1,2038.6,2048.9
2013-02-15,2040.0,2050.2,2029.8,2040.0
2013-02-18,2034.2,2044.4,2024.1,2034.2
2013-02-19,2038.6,2048.8,2028.4,2038.6
2013-02-20,2045.0,2055.2,2034.7,2045.0
2013-02-21,2034.7,2044.8,2024.5,2034.7
2013-02-22,2039.5,2049.7,2029.3,2039.5
2013-02-25,2047.4,2057.6,2037.2,2047.4
2013-02-26,2058.9,2069.2,2048.6,2058.9
2013-02-27,2068.3,2078.6,2058.0,2068.3
2013-02-28,2094.0,2104.5,2083.6,2094.0
2013-03-01,2105.3,2115.8,2094.7,2105.3
2013-03-04,2143.0,2153.7,2132.3,2143.0
2013-03-05,2159.3,2170.1,2148.5,2159.3
2013-03-06,2174.2,2185.0,2163.3,2174.2
2013-03-07,2142.6,2153.3,2131.9,2142.6
2013-03-08,2153.3,2164.1,2142.5,2153.3
2013-03-11,2164.9,2175.7,2154.0,2164.9
2013-03-12,2158.0,2168.7,2147.2,2158.0
2013-03-13,2110.3,2120.9,2099.8,2110.3
2013-03-14,2059.3,2069.6,2049.0,2059.3
2013-03-15,2052.8,2063.1,2042.6,2052.8
2013-03-18,2040.9,2051.1,2030.7,2040.9
2013-03-19,2010.5,2020.6,2000.5,2010.5
2013-03-20,2020.1,2030.2,2010.0,2020.1
2013-03-21,1998.0,2008.0,1988.0,1998.0
2013-03-22,1966.2,1976.0,1956.3,1966.2
2013-03-25,2011.8,2021.8,2001.7,2011.8
2013-03-26,2023.6,2033.7,2013.5,2023.6
2013-03-27,2015.8,2025.9,2005.7,2015.8
2013-03-28,1988.2,1998.1,1978.3,1988.2
2013-03-29,1972.7,1982.6,1962.9,1972.7
2013-04-01,1963.1,1972.9,1953.3,1963.1
2013-04-02,1955.9,1965.6,1946.1,1955.9
2013-04-03,1953.5,1963.3,1943.7,1953.5
2013-04-04,1933.7,1943.4,1924.0,1933.7
2013-04-05,1921.1,1930.7,1911.5,1921.1
2013-04-08,1891.7,1901.1,1882.2,1891.7
2013-04-09,1858.6,1867.9,1849.3,1858.6
2013-04-10,1836.2,1845.4,1827.1,1836.2
2013-04-11,1833.9,1843.1,1824.7,1833.9
2013-04-12,1837.9,1847.0,1828.7,1837.9
2013-04-15,1857.0,1866.3,1847.7,1857.0
2013-04-16,1874.5,1883.9,1865.1,1874.5
2013-04-17,1895.4,1904.8,1885.9,1895.4
2013-04-18,1896.2,1905.7,1886.7,1896.2
2013-04-19,1916.6,1926.2,1907.0,1916.6
2013-04-22,1878.5,1887.9,1869.1,1878.5
2013-04-23,1898.7,1908.1,1889.2,1898.7
2013-04-24,1904.7,1914.2,1895.2,1904.7
2013-04-25,1930.8,1940.5,1921.2,1930.8
2013-04-26,1881.4,1890.8,1872.0,1881.4
2013-04-29,1907.3,1916.8,1897.7,1907.3
2013-04-30,1880.5,1889.9,1871.1,1880.5
2013-05-01,1910.9,1920.4,1901.3,1910.9
2013-05-02,1899.8,1909.3,1890.3,1899.8
2013-05-03,1915.0,1924.5,1905.4,1915.0
2013-05-06,1918.7,1928.3,1909.1,1918.7
2013-05-07,1945.1,1954.8,1935.3,1945.1
2013-05-08,1952.5,1962.3,1942.7,1952.5
2013-05-09,1988.5,1998.4,1978.5,1988.5
2013-05-10,1976.0,1985.8,1966.1,1976.0
2013-05-13,1957.2,1967.0,1947.4,1957.2
2013-05-14,1947.6,1957.3,1937.9,1947.6
2013-05-15,1964.7,1974.5,1954.8,1964.7
2013-05-16,1981.7,1991.6,1971.8,1981.7
2013-05-17,1957.9,1967.7,1948.1,1957.9
2013-05-20,1943.8,1953.5,1934.1,1943.8
2013-05-21,1954.0,1963.7,1944.2,1954.0
2013-05-22,1983.0,1993.0,1973.1,1983.0
2013-05-23,1971.0,1980.9,1961.2,1971.0
2013-05-24,1944.9,1954.6,1935.2,1944.9
2013-05-27,1969.0,1978.9,1959.2,1969.0
2013-05-28,1936.5,1946.1,1926.8,1936.5
2013-05-29,1952.0,1961.7,1942.2,1952.0
2013-05-30,1911.7,1921.2,1902.1,1911.7
2013-05-31,1915.0,1924.6,1905.4,1915.0
2013-06-03,1913.1,1922.7,1903.6,1913.1
2013-06-04,1902.9,1912.4,1893.4,1902.9
2013-06-05,1938.3,1948.0,1928.6,1938.3
2013-06-06,1941.0,1950.7,1931.3,1941.0
2013-06-07,1941.8,1951.5,1932.1,1941.8
2013-06-10,1940.3,1950.0,1930.6,1940.3
2013-06-11,1928.9,1938.6,1919.3,1928.9
2013-06-12,1970.8,1980.7,1960.9,1970.8
2013-06-13,1965.8,1975.6,1956.0,1965.8
2013-06-14,2006.3,2016.4,1996.3,2006.3
2013-06-17,1990.0,2000.0,1980.1,1990.0
2013-06-18,1992.0,2002.0,1982.1,1992.0
2013-06-19,1983.9,1993.8,1974.0,1983.9
2013-06-20,1969.5,1979.4,1959.7,1969.5
2013-06-21,1968.3,1978.2,1958.5,1968.3
2013-06-24,2004.3,2014.3,1994.3,2004.3
2013-06-25,2031.2,2041.4,2021.1,2031.2
2013-06-26,2031.2,2041.4,2021.1,2031.2
2013-06-27,2003.0,2013.0,1993.0,2003.0
2013-06-28,2010.4,2020.5,2000.4,2010.4
2013-07-01,1999.7,2009.7,1989.7,1999.7
2013-07-02,1981.1,1991.0,1971.2,1981.1
2013-07-03,1996.0,2006.0,1986.0,1996.0
2013-07-04,1971.2,1981.1,1961.4,1971.2
2013-07-05,1975.7,1985.6,1965.8,1975.7
2013-07-08,1986.5,1996.4,1976.5,1986.5
2013-07-09,2001.4,2011.4,1991.4,2001.4
2013-07-10,1976.3,1986.1,1966.4,1976.3
2013-07-11,2012.1,2022.2,2002.1,2012.1
2013-07-12,2017.8,2027.9,2007.7,2017.8
2013-07-15,2016.7,2026.8,2006.7,2016.7
2013-07-16,1989.4,1999.3,1979.4,1989.4
2013-07-17,1973.5,1983.4,1963.7,1973.5
2013-07-18,1967.9,1977.7,1958.0,1967.9
2013-07-19,1969.1,1978.9,1959.3,1969.1
2013-07-22,1977.3,1987.2,1967.4,1977.3
2013-07-23,1971.5,1981.3,1961.6,1971.5
2013-07-24,2002.3,2012.3,1992.3,2002.3
2013-07-25,1994.6,2004.6,1984.7,1994.6
2013-07-26,1998.9,2008.9,1988.9,1998.9
2013-07-29,2021.5,2031.6,2011.4,2021.5
2013-07-30,2009.4,2019.5,1999.4,2009.4
2013-07-31,1981.4,1991.3,1971.5,1981.4
2013-08-01,1974.2,1984.0,1964.3,1974.2
2013-08-02,1993.9,2003.9,1983.9,1993.9
2013-08-05,1995.1,2005.1,1985.2,1995.1
2013-08-06,2009.0,2019.1,1999.0,2009.0
2013-08-07,1982.1,1992.0,1972.2,1982.1
2013-08-08,1950.4,1960.2,1940.7,1950.4
2013-08-09,1964.5,1974.4,1954.7,1964.5
2013-08-12,1972.9,1982.8,1963.0,1972.9
2013-08-13,1955.7,1965.5,1946.0,1955.7
2013-08-14,1934.8,1944.5,1925.1,1934.8
2013-08-15,1934.6,1944.3,1925.0,1934.6
2013-08-16,1936.9,1946.6,1927.2,1936.9
2013-08-19,1915.0,1924.6,1905.4,1915.0
2013-08-20,1917.7,1927.3,1908.1,1917.7
2013-08-21,1892.5,1901.9,1883.0,1892.5
2013-08-22,1884.9,1894.3,1875.5,1884.9
2013-08-23,1864.1,1873.4,1854.7,1864.1
2013-08-26,1868.1,1877.4,1858.7,1868.1
2013-08-27,1861.6,1870.9,1852.3,1861.6
2013-08-28,1895.5,1905.0,1886.0,1895.5
2013-08-29,1906.7,1916.2,1897.1,1906.7
2013-08-30,1884.7,1894.1,1875.3,1884.7
2013-09-02,1908.3,1917.8,1898.7,1908.3
2013-09-03,1908.6,1918.2,1899.1,1908.6
2013-09-04,1928.1,1937.8,1918.5,1928.1
2013-09-05,1905.4,1915.0,1895.9,1905.4
2013-09-06,1921.9,1931.6,1912.3,1921.9
2013-09-09,1966.3,1976.1,1956.4,1966.3
2013-09-10,1979.3,1989.2,1969.5,1979.3
2013-09-11,1968.1,1978.0,1958.3,1968.1
2013-09-12,1992.4,2002.4,1982.5,1992.4
2013-09-13,1978.7,1988.6,1968.8,1978.7
2013-09-16,1988.6,1998.6,1978.7,1988.6
2013-09-17,2033.9,2044.1,2023.7,2033.9
2013-09-18,2020.2,2030.3,2010.1,2020.2
2013-09-19,2029.0,2039.1,2018.9,2029.0
2013-09-20,2067.3,2077.7,2057.0,2067.3
2013-09-23,2082.8,2093.2,2072.4,2082.8
2013-09-24,2092.5,2103.0,2082.0,2092.5
2013-09-25,2048.0,2058.2,2037.8,2048.0
2013-09-26,2025.8,2035.9,2015.7,2025.8
2013-09-27,2041.4,2051.6,2031.2,2041.4
2013-09-30,2032.1,2042.3,2022.0,2032.1
2013-10-01,2020.0,2030.1,2009.9,2020.0
2013-10-02,2042.0,2052.2,2031.8,2042.0
2013-10-03,2052.6,2062.8,2042.3,2052.6
2013-10-04,2032.9,2043.1,2022.7,2032.9
2013-10-07,2045.4,2055.7,2035.2,2045.4
2013-10-08,2023.3,2033.4,2013.2,2023.3
2013-10-09,1989.6,1999.6,1979.7,1989.6
2013-10-10,1995.8,2005.8,1985.8,1995.8
2013-10-11,1970.4,1980.3,1960.6,1970.4
2013-10-14,1945.6,1955.3,1935.8,1945.6
2013-10-15,1927.0,1936.7,1917.4,1927.0
2013-10-16,1933.1,1942.7,1923.4,1933.1
2013-10-17,1951.2,1961.0,1941.4,1951.2
2013-10-18,1946.8,1956.5,1937.1,1946.8
2013-10-21,1923.9,1933.6,1914.3,1923.9
2013-10-22,1904.2,1913.7,1894.6,1904.2
2013-10-23,1876.8,1886.2,1867.4,1876.8
2013-10-24,1896.2,1905.7,1886.7,1896.2
2013-10-25,1882.2,1891.6,1872.8,1882.2
2013-10-28,1891.1,1900.5,1881.6,1891.1
2013-10-29,1859.2,1868.5,1849.9,1859.2
2013-10-30,1890.4,1899.9,1881.0,1890.4
2013-10-31,1894.4,1903.9,1884.9,1894.4
2013-11-01,1867.2,1876.5,1857.8,1867.2
2013-11-04,1860.0,1869.3,1850.7,1860.0
2013-11-05,1869.4,1878.7,1860.0,1869.4
2013-11-06,1856.9,1866.2,1847.6,1856.9
2013-11-07,1869.9,1879.3,1860.6,1869.9
2013-11-08,1900.6,1910.1,1891.1,1900.6
2013-11-11,1922.0,1931.6,1912.3,1922.0
2013-11-12,1923.9,1933.6,1914.3,1923.9
2013-11-13,1954.8,1964.5,1945.0,1954.8
2013-11-14,1959.4,1969.2,1949.6,1959.4
2013-11-15,1957.5,1967.2,1947.7,1957.5
2013-11-18,1955.6,1965.4,1945.9,1955.6
2013-11-19,1958.1,1967.8,1948.3,1958.1
2013-11-20,1967.3,1977.1,1957.4,1967.3
2013-11-21,1949.5,1959.2,1939.7,1949.5
2013-11-22,1973.0,1982.9,1963.1,1973.0
2013-11-25,1998.1,2008.1,1988.1,1998.1
2013-11-26,2045.8,2056.0,2035.5,2045.8
2013-11-27,2007.7,2017.7,1997.6,2007.7
2013-11-28,2006.3,2016.3,1996.3,2006.3
2013-11-29,1988.4,1998.3,1978.4,1988.4
2013-12-02,1999.6,2009.6,1989.6,1999.6
2013-12-03,2022.3,2032.4,2012.2,2022.3
2013-12-04,2020.3,2030.4,2010.2,2020.3
2013-12-05,2011.5,2021.6,2001.5,2011.5
2013-12-06,1999.7,2009.7,1989.7,1999.7
2013-12-09,1993.9,2003.9,1983.9,1993.9
2013-12-10,2000.1,2010.1,1990.1,2000.1
2013-12-11,2005.8,2015.9,1995.8,2005.8
2013-12-12,2033.7,2043.9,2023.5,2033.7
2013-12-13,2027.3,2037.4,2017.1,2027.3
2013-12-16,2042.1,2052.3,2031.9,2042.1
2013-12-17,2020.8,2030.9,2010.7,2020.8
2013-12-18,1993.2,2003.2,1983.2,1993.2
2013-12-19,2012.1,2022.2,2002.1,2012.1
2013-12-20,2018.4,2028.5,2008.3,2018.4
2013-12-23,2005.4,2015.4,1995.3,2005.4
2013-12-24,1985.6,1995.6,1975.7,1985.6
2013-12-25,1975.7,1985.6,1965.8,1975.7
2013-12-26,1980.1,1990.0,1970.2,1980.1
2013-12-27,1983.0,1992.9,1973.1,1983.0
2013-12-30,1953.5,1963.3,1943.8,1953.5
2013-12-31,1929.4,1939.1,1919.8,1929.4
2014-01-01,1934.6,1944.3,1925.0,1934.6
2014-01-02,1948.3,1958.1,1938.6,1948.3
2014-01-03,1934.1,1943.8,1924.4,1934.1
2014-01-06,1907.6,1917.2,1898.1,1907.6
2014-01-07,1911.7,1921.3,1902.1,1911.7
2014-01-08,1871.2,1880.6,1861.9,1871.2
2014-01-09,1868.8,1878.1,1859.5,1868.8
2014-01-10,1886.0,1895.4,1876.5,1886.0
2014-01-13,1885.2,1894.6,1875.8,1885.2
2014-01-14,1858.7,1868.0,1849.4,1858.7
2014-01-15,1894.4,1903.9,1884.9,1894.4
2014-01-16,1898.6,1908.1,1889.1,1898.6
2014-01-17,1906.5,1916.1,1897.0,1906.5
2014-01-20,1926.9,1936.5,1917.3,1926.9
2014-01-21,1925.7,1935.3,1916.1,1925.7
2014-01-22,1922.7,1932.3,1913.1,1922.7
2014-01-23,1949.5,1959.3,1939.8,1949.5
2014-01-24,1934.5,1944.2,1924.9,1934.5
2014-01-27,1954.1,1963.9,1944.4,1954.1
2014-01-28,1932.7,1942.4,1923.1,1932.7
2014-01-29,1920.3,1929.9,1910.7,1920.3
2014-01-30,1928.7,1938.3,1919.1,1928.7
2014-01-31,1959.1,1968.9,1949.3,1959.1
2014-02-03,1962.3,1972.2,1952.5,1962.3
2014-02-04,1935.1,1944.8,1925.5,1935.1
2014-02-05,1951.0,1960.7,1941.2,1951.0
2014-02-06,1936.3,1946.0,1926.6,1936.3
2014-02-07,1950.5,1960.3,1940.8,1950.5
2014-02-10,1956.8,1966.6,1947.0,1956.8
2014-02-11,1927.8,1937.4,1918.2,1927.8
2014-02-12,1937.0,1946.7,1927.3,1937.0
2014-02-13,1914.3,1923.8,1904.7,1914.3
2014-02-14,1943.7,1953.4,1934.0,1943.7
2014-02-17,1913.5,1923.1,1903.9,1913.5
2014-02-18,1913.1,1922.7,1903.5,1913.1
2014-02-19,1897.2,1906.7,1887.7,1897.2
2014-02-20,1928.6,1938.2,1918.9,1928.6
2014-02-21,1900.0,1909.5,1890.5,1900.0
2014-02-24,1948.9,1958.6,1939.1,1948.9
2014-02-25,1942.6,1952.4,1932.9,1942.6
2014-02-26,1932.7,1942.4,1923.1,1932.7
2014-02-27,1949.6,1959.4,1939.9,1949.6
2014-02-28,1949.8,1959.5,1940.0,1949.8
2014-03-03,1932.9,1942.5,1923.2,1932.9
2014-03-04,1919.4,1929.0,1909.8,1919.4
2014-03-05,1911.9,1921.5,1902.3,1911.9
2014-03-06,1900.9,1910.4,1891.4,1900.9
2014-03-07,1920.0,1929.6,1910.4,1920.0
2014-03-10,1923.5,1933.1,1913.8,1923.5
2014-03-11,1934.5,1944.2,1924.9,1934.5
2014-03-12,1927.7,1937.4,1918.1,1927.7
2014-03-13,1942.2,1951.9,1932.4,1942.2
2014-03-14,1929.5,1939.2,1919.9,1929.5
2014-03-17,1912.6,1922.2,1903.1,1912.6
2014-03-18,1905.1,1914.6,1895.5,1905.1
2014-03-19,1935.9,1945.6,1926.2,1935.9
2014-03-20,1925.8,1935.5,1916.2,1925.8
2014-03-21,1917.2,1926.8,1907.6,1917.2
2014-03-24,1923.2,1932.8,1913.6,1923.2
2014-03-25,1922.5,1932.1,1912.9,1922.5
2014-03-26,1903.0,1912.5,1893.5,1903.0
2014-03-27,1882.6,1892.1,1873.2,1882.6
2014-03-28,1901.2,1910.7,1891.7,1901.2
2014-03-31,1880.3,1889.7,1870.9,1880.3
2014-04-01,1901.7,1911.3,1892.2,1901.7
2014-04-02,1895.4,1904.9,1885.9,1895.4
2014-04-03,1853.0,1862.2,1843.7,1853.0
2014-04-04,1870.9,1880.3,1861.6,1870.9
2014-04-07,1890.6,1900.0,1881.1,1890.6
2014-04-08,1905.3,1914.9,1895.8,1905.3
2014-04-09,1898.8,1908.3,1889.3,1898.8
2014-04-10,1894.7,1904.2,1885.2,1894.7
2014-04-11,1888.9,1898.3,1879.4,1888.9
2014-04-14,1877.7,1887.1,1868.3,1877.7
2014-04-15,1887.1,1896.5,1877.7,1887.1
2014-04-16,1886.5,1895.9,1877.1,1886.5
2014-04-17,1880.8,1890.2,1871.4,1880.8
2014-04-18,1870.6,1880.0,1861.2,1870.6
2014-04-21,1877.3,1886.7,1867.9,1877.3
2014-04-22,1906.0,1915.5,1896.4,1906.0
2014-04-23,1910.7,1920.2,1901.1,1910.7
2014-04-24,1886.3,1895.7,1876.9,1886.3
2014-04-25,1889.2,1898.6,1879.7,1889.2
2014-04-28,1901.4,1910.9,1891.9,1901.4
2014-04-29,1917.8,1927.4,1908.2,1917.8
2014-04-30,1929.7,1939.3,1920.0,1929.7
2014-05-01,1933.3,1943.0,1923.6,1933.3
2014-05-02,1987.2,1997.2,1977.3,1987.2
2014-05-05,1961.7,1971.5,1951.9,1961.7
2014-05-06,1990.3,2000.3,1980.4,1990.3
2014-05-07,1999.1,2009.1,1989.2,1999.1
2014-05-08,2041.5,2051.8,2031.3,2041.5
2014-05-09,2008.7,2018.7,1998.6,2008.7
2014-05-12,2035.3,2045.5,2025.1,2035.3
2014-05-13,2063.0,2073.3,2052.7,2063.0
2014-05-14,2054.2,2064.5,2043.9,2054.2
2014-05-15,2032.3,2042.5,2022.2,2032.3
2014-05-16,2069.6,2079.9,2059.2,2069.6
2014-05-19,2047.0,2057.2,2036.7,2047.0
2014-05-20,2062.4,2072.7,2052.1,2062.4
2014-05-21,2085.9,2096.3,2075.4,2085.9
2014-05-22,2075.8,2086.2,2065.4,2075.8
2014-05-23,2066.1,2076.4,2055.7,2066.1
2014-05-26,2094.1,2104.5,2083.6,2094.1
2014-05-27,2080.7,2091.1,2070.3,2080.7
2014-05-28,2063.1,2073.4,2052.7,2063.1
2014-05-29,2004.6,2014.6,1994.5,2004.6
2014-05-30,2023.5,2033.6,2013.4,2023.5
2014-06-02,2012.0,2022.0,2001.9,2012.0
2014-06-03,2023.9,2034.0,2013.7,2023.9
2014-06-04,2017.0,2027.1,2006.9,2017.0
2014-06-05,2039.4,2049.6,2029.2,2039.4
2014-06-06,2061.4,2071.7,2051.1,2061.4
2014-06-09,2035.7,2045.9,2025.5,2035.7
2014-06-10,2022.0,2032.1,2011.9,2022.0
2014-06-11,2029.4,2039.5,2019.2,2029.4
2014-06-12,2052.5,2062.7,2042.2,2052.5
2014-06-13,2049.2,2059.4,2038.9,2049.2
2014-06-16,2047.5,2057.8,2037.3,2047.5
2014-06-17,2049.0,2059.3,2038.8,2049.0
2014-06-18,2026.6,2036.7,2016.5,2026.6
2014-06-19,2013.5,2023.6,2003.4,2013.5
2014-06-20,2006.3,2016.3,1996.2,2006.3
2014-06-23,2022.0,2032.1,2011.9,2022.0
2014-06-24,2052.8,2063.1,2042.5,2052.8
2014-06-25,2029.5,2039.6,2019.3,2029.5
2014-06-26,2039.0,2049.2,2028.8,2039.0
2014-06-27,2038.3,2048.5,2028.1,2038.3
2014-06-30,2023.1,2033.2,2013.0,2023.1
2014-07-01,2000.1,2010.1,1990.1,2000.1
2014-07-02,2001.5,2011.5,1991.5,2001.5
2014-07-03,1987.0,1996.9,1977.0,1987.0
2014-07-04,1991.8,2001.7,1981.8,1991.8
2014-07-07,1969.1,1979.0,1959.3,1969.1
2014-07-08,1946.1,1955.8,1936.4,1946.1
2014-07-09,1966.5,1976.4,1956.7,1966.5
2014-07-10,1968.8,1978.7,1959.0,1968.8
2014-07-11,1970.5,1980.4,1960.7,1970.5
2014-07-14,1958.6,1968.4,1948.8,1958.6
2014-07-15,1972.1,1982.0,1962.3,1972.1
2014-07-16,1966.7,1976.6,1956.9,1966.7
2014-07-17,1980.2,1990.2,1970.3,1980.2
2014-07-18,1969.2,1979.0,1959.3,1969.2
2014-07-21,1946.4,1956.2,1936.7,1946.4
2014-07-22,1931.7,1941.4,1922.1,1931.7
2014-07-23,1940.0,1949.7,1930.3,1940.0
2014-07-24,1920.6,1930.2,1911.0,1920.6
2014-07-25,1956.3,1966.1,1946.5,1956.3
2014-07-28,1928.4,1938.0,1918.7,1928.4
2014-07-29,1925.7,1935.3,1916.0,1925.7
2014-07-30,1949.1,1958.8,1939.3,1949.1
2014-07-31,1953.8,1963.5,1944.0,1953.8
2014-08-01,1946.0,1955.7,1936.2,1946.0
2014-08-04,1967.1,1976.9,1957.2,1967.1
2014-08-05,1947.3,1957.0,1937.6,1947.3
2014-08-06,1940.9,1950.6,1931.2,1940.9
2014-08-07,1909.1,1918.7,1899.6,1909.1
2014-08-08,1927.3,1936.9,1917.6,1927.3
2014-08-11,1937.8,1947.5,1928.1,1937.8
2014-08-12,1948.3,1958.0,1938.6,1948.3
2014-08-13,1949.9,1959.6,1940.1,1949.9
2014-08-14,1950.4,1960.2,1940.7,1950.4
2014-08-15,1951.4,1961.2,1941.7,1951.4
2014-08-18,1955.7,1965.5,1946.0,1955.7
2014-08-19,1956.9,1966.7,1947.1,1956.9
2014-08-20,1937.4,1947.1,1927.7,1937.4
2014-08-21,1893.3,1902.8,1883.9,1893.3
2014-08-22,1935.4,1945.0,1925.7,1935.4
2014-08-25,1922.0,1931.6,1912.4,1922.0
2014-08-26,1918.8,1928.4,1909.3,1918.8
2014-08-27,1940.7,1950.4,1931.0,1940.7
2014-08-28,1946.5,1956.2,1936.8,1946.5
2014-08-29,1917.9,1927.5,1908.3,1917.9
2014-09-01,1895.5,1905.0,1886.0,1895.5
2014-09-02,1913.9,1923.5,1904.4,1913.9
2014-09-03,1926.0,1935.7,1916.4,1926.0
2014-09-04,1916.0,1925.6,1906.4,1916.0
2014-09-05,1915.6,1925.2,1906.1,1915.6
2014-09-08,1916.4,1926.0,1906.8,1916.4
2014-09-09,1921.5,1931.1,1911.9,1921.5
2014-09-10,1929.7,1939.4,1920.1,1929.7
2014-09-11,1921.9,1931.5,1912.3,1921.9
2014-09-12,1935.5,1945.2,1925.8,1935.5
2014-09-15,1945.9,1955.6,1936.1,1945.9
2014-09-16,1961.5,1971.3,1951.7,1961.5
2014-09-17,1974.3,1984.2,1964.5,1974.3
2014-09-18,1986.1,1996.0,1976.1,1986.1
2014-09-19,1974.1,1983.9,1964.2,1974.1
2014-09-22,1968.6,1978.4,1958.8,1968.6
2014-09-23,1949.8,1959.6,1940.1,1949.8
2014-09-24,1952.2,1962.0,1942.5,1952.2
2014-09-25,1935.2,1944.9,1925.5,1935.2
2014-09-26,1943.5,1953.2,1933.8,1943.5
2014-09-29,1964.9,1974.7,1955.1,1964.9
2014-09-30,1962.6,1972.4,1952.8,1962.6
2014-10-01,1949.9,1959.7,1940.2,1949.9
2014-10-02,1957.9,1967.6,1948.1,1957.9
2014-10-03,1975.7,1985.6,1965.9,1975.7
2014-10-06,1958.0,1967.8,1948.2,1958.0
2014-10-07,1958.2,1968.0,1948.4,1958.2
2014-10-08,1962.2,1972.0,1952.4,1962.2
2014-10-09,1954.6,1964.4,1944.8,1954.6
2014-10-10,1962.6,1972.4,1952.8,1962.6
2014-10-13,1928.4,1938.0,1918.7,1928.4
2014-10-14,1934.4,1944.1,1924.7,1934.4
2014-10-15,1967.9,1977.7,1958.0,1967.9
2014-10-16,1976.0,1985.9,1966.1,1976.0
2014-10-17,1973.7,1983.6,1963.9,1973.7
2014-10-20,1947.0,1956.8,1937.3,1947.0
2014-10-21,1938.8,1948.5,1929.1,1938.8
2014-10-22,1943.5,1953.2,1933.8,1943.5
2014-10-23,1943.8,1953.6,1934.1,1943.8
2014-10-24,1918.7,1928.3,1909.1,1918.7
2014-10-27,1922.8,1932.4,1913.1,1922.8
2014-10-28,1905.8,1915.4,1896.3,1905.8
2014-10-29,1895.2,1904.7,1885.7,1895.2
2014-10-30,1913.2,1922.8,1903.7,1913.2
2014-10-31,1908.6,1918.2,1899.1,1908.6
2014-11-03,1896.1,1905.6,1886.6,1896.1
2014-11-04,1878.0,1887.4,1868.6,1878.0
2014-11-05,1866.0,1875.3,1856.7,1866.0
2014-11-06,1857.9,1867.2,1848.7,1857.9
2014-11-07,1877.0,1886.4,1867.7,1877.0
2014-11-10,1877.7,1887.1,1868.3,1877.7
2014-11-11,1902.4,1911.9,1892.9,1902.4
2014-11-12,1880.4,1889.8,1871.0,1880.4
2014-11-13,1906.6,1916.1,1897.0,1906.6
2014-11-14,1903.9,1913.4,1894.3,1903.9
2014-11-17,1899.4,1908.9,1889.9,1899.4
2014-11-18,1895.3,1904.8,1885.8,1895.3
2014-11-19,1939.2,1948.9,1929.5,1939.2
2014-11-20,1928.5,1938.2,1918.9,1928.5
2014-11-21,1967.1,1976.9,1957.3,1967.1
2014-11-24,1980.2,1990.1,1970.3,1980.2
2014-11-25,1955.4,1965.2,1945.6,1955.4
2014-11-26,1934.6,1944.3,1924.9,1934.6
2014-11-27,1936.9,1946.6,1927.2,1936.9
2014-11-28,1937.3,1947.0,1927.7,1937.3
2014-12-01,1927.6,1937.3,1918.0,1927.6
2014-12-02,1916.3,1925.9,1906.7,1916.3
2014-12-03,1945.3,1955.1,1935.6,1945.3
2014-12-04,1946.3,1956.0,1936.5,1946.3
2014-12-05,1953.2,1962.9,1943.4,1953.2
2014-12-08,1952.6,1962.3,1942.8,1952.6
2014-12-09,1951.0,1960.7,1941.2,1951.0
2014-12-10,1989.7,1999.7,1979.8,1989.7
2014-12-11,1996.3,2006.3,1986.3,1996.3
2014-12-12,2041.8,2052.1,2031.6,2041.8
2014-12-15,2049.3,2059.5,2039.0,2049.3
2014-12-16,2029.5,2039.6,2019.4,2029.5
2014-12-17,2046.8,2057.1,2036.6,2046.8
2014-12-18,2038.1,2048.3,2027.9,2038.1
2014-12-19,2060.4,2070.7,2050.1,2060.4
2014-12-22,2039.1,2049.3,2028.9,2039.1
2014-12-23,2002.0,2012.0,1992.0,2002.0
2014-12-24,1998.9,2008.8,1988.9,1998.9
2014-12-25,2021.9,2032.0,2011.8,2021.9
2014-12-26,2003.8,2013.8,1993.8,2003.8
2014-12-29,2009.2,2019.2,1999.2,2009.2
2014-12-30,1990.9,2000.8,1980.9,1990.9
2014-12-31,2004.3,2014.3,1994.2,2004.3
2015-01-01,1992.2,2002.1,1982.2,1992.2
2015-01-02,1992.6,2002.6,1982.7,1992.6
2015-01-05,1981.1,1991.0,1971.2,1981.1
2015-01-06,1962.7,1972.5,1952.9,1962.7
2015-01-07,1922.9,1932.5,1913.3,1922.9
2015-01-08,1896.9,1906.4,1887.4,1896.9
2015-01-09,1891.7,1901.1,1882.2,1891.7
2015-01-12,1900.1,1909.6,1890.6,1900.1
2015-01-13,1935.1,1944.8,1925.5,1935.1
2015-01-14,1923.3,1932.9,1913.7,1923.3
2015-01-15,1909.9,1919.4,1900.3,1909.9
2015-01-16,1884.0,1893.4,1874.6,1884.0
2015-01-19,1900.4,1909.9,1890.9,1900.4
2015-01-20,1911.0,1920.6,1901.5,1911.0
2015-01-21,1918.7,1928.3,1909.1,1918.7
2015-01-22,1924.1,1933.7,1914.4,1924.1
2015-01-23,1915.5,1925.1,1905.9,1915.5
2015-01-26,1939.8,1949.5,1930.1,1939.8
2015-01-27,1922.8,1932.4,1913.1,1922.8
2015-01-28,1912.3,1921.9,1902.7,1912.3
2015-01-29,1892.1,1901.5,1882.6,1892.1
2015-01-30,1889.7,1899.1,1880.2,1889.7
2015-02-02,1874.8,1884.2,1865.5,1874.8
2015-02-03,1863.8,1873.1,1854.5,1863.8
2015-02-04,1842.4,1851.7,1833.2,1842.4
2015-02-05,1826.8,1835.9,1817.6,1826.8
2015-02-06,1799.5,1808.5,1790.5,1799.5
2015-02-09,1810.5,1819.6,1801.5,1810.5
2015-02-10,1798.2,1807.2,1789.2,1798.2
2015-02-11,1833.4,1842.5,1824.2,1833.4
2015-02-12,1854.2,1863.4,1844.9,1854.2
2015-02-13,1857.3,1866.6,1848.0,1857.3
2015-02-16,1869.3,1878.7,1860.0,1869.3
2015-02-17,1886.6,1896.0,1877.1,1886.6
2015-02-18,1877.3,1886.7,1868.0,1877.3
2015-02-19,1874.1,1883.4,1864.7,1874.1
2015-02-20,1895.2,1904.7,1885.7,1895.2
2015-02-23,1916.1,1925.7,1906.5,1916.1
2015-02-24,1900.1,1909.6,1890.6,1900.1
2015-02-25,1942.9,1952.6,1933.2,1942.9
2015-02-26,1914.5,1924.1,1905.0,1914.5
2015-02-27,1869.9,1879.3,1860.6,1869.9
2015-03-02,1902.4,1911.9,1892.9,1902.4
2015-03-03,1915.4,1925.0,1905.8,1915.4
2015-03-04,1917.4,1927.0,1907.8,1917.4
2015-03-05,1931.1,1940.8,1921.5,1931.1
2015-03-06,1916.0,1925.6,1906.4,1916.0
2015-03-09,1881.2,1890.6,1871.8,1881.2
2015-03-10,1872.9,1882.2,1863.5,1872.9
2015-03-11,1860.3,1869.6,1851.0,1860.3
2015-03-12,1842.8,1852.0,1833.6,1842.8
2015-03-13,1833.5,1842.6,1824.3,1833.5
2015-03-16,1824.5,1833.6,1815.3,1824.5
2015-03-17,1818.5,1827.6,1809.4,1818.5
2015-03-18,1828.9,1838.0,1819.8,1828.9
2015-03-19,1842.1,1851.3,1832.9,1842.1
2015-03-20,1849.8,1859.0,1840.5,1849.8
2015-03-23,1803.1,1812.1,1794.1,1803.1
2015-03-24,1787.8,1796.8,1778.9,1787.8
2015-03-25,1773.6,1782.4,1764.7,1773.6
2015-03-26,1801.5,1810.5,1792.5,1801.5
2015-03-27,1789.5,1798.5,1780.6,1789.5
2015-03-30,1757.9,1766.7,1749.1,1757.9
2015-03-31,1777.0,1785.9,1768.1,1777.0
2015-04-01,1784.0,1792.9,1775.1,1784.0
2015-04-02,1836.2,1845.3,1827.0,1836.2
2015-04-03,1812.3,1821.4,1803.3,1812.3
2015-04-06,1811.2,1820.2,1802.1,1811.2
2015-04-07,1795.0,1804.0,1786.0,1795.0
2015-04-08,1779.7,1788.6,1770.8,1779.7
2015-04-09,1769.2,1778.0,1760.3,1769.2
2015-04-10,1754.0,1762.7,1745.2,1754.0
2015-04-13,1763.3,1772.1,1754.4,1763.3
2015-04-14,1770.2,1779.0,1761.3,1770.2
2015-04-15,1774.9,1783.8,1766.0,1774.9
2015-04-16,1803.9,1812.9,1794.9,1803.9
2015-04-17,1818.0,1827.1,1808.9,1818.0
2015-04-20,1836.2,1845.4,1827.0,1836.2
2015-04-21,1841.2,1850.5,1832.0,1841.2
2015-04-22,1848.8,1858.0,1839.5,1848.8
2015-04-23,1867.5,1876.9,1858.2,1867.5
2015-04-24,1846.4,1855.7,1837.2,1846.4
2015-04-27,1835.2,1844.3,1826.0,1835.2
2015-04-28,1838.5,1847.7,1829.3,1838.5
2015-04-29,1841.0,1850.3,1831.8,1841.0
2015-04-30,1816.0,1825.1,1806.9,1816.0
2015-05-01,1833.1,1842.3,1823.9,1833.1
2015-05-04,1861.7,1871.0,1852.4,1861.7
2015-05-05,1887.9,1897.3,1878.4,1887.9
2015-05-06,1874.1,1883.5,1864.7,1874.1
2015-05-07,1889.9,1899.4,1880.5,1889.9
2015-05-08,1881.5,1890.9,1872.1,1881.5
2015-05-11,1881.9,1891.3,1872.5,1881.9
2015-05-12,1902.0,1911.5,1892.5,1902.0
2015-05-13,1925.6,1935.2,1916.0,1925.6
2015-05-14,1914.6,1924.2,1905.0,1914.6
2015-05-15,1902.6,1912.2,1893.1,1902.6
2015-05-18,1928.7,1938.3,1919.0,1928.7
2015-05-19,1923.8,1933.4,1914.2,1923.8
2015-05-20,1864.9,1874.2,1855.6,1864.9
2015-05-21,1873.4,1882.7,1864.0,1873.4
2015-05-22,1858.1,1867.4,1848.8,1858.1
2015-05-25,1852.9,1862.2,1843.7,1852.9
2015-05-26,1864.8,1874.1,1855.5,1864.8
2015-05-27,1830.4,1839.5,1821.2,1830.4
2015-05-28,1846.5,1855.8,1837.3,1846.5
2015-05-29,1819.2,1828.3,1810.1,1819.2
2015-06-01,1807.5,1816.5,1798.4,1807.5
2015-06-02,1816.4,1825.5,1807.3,1816.4
2015-06-03,1795.9,1804.9,1786.9,1795.9
2015-06-04,1776.5,1785.4,1767.6,1776.5
2015-06-05,1787.2,1796.2,1778.3,1787.2
2015-06-08,1800.7,1809.7,1791.7,1800.7
2015-06-09,1800.6,1809.6,1791.6,1800.6
2015-06-10,1815.4,1824.5,1806.4,1815.4
2015-06-11,1893.2,1902.7,1883.7,1893.2
2015-06-12,1863.9,1873.3,1854.6,1863.9
2015-06-15,1821.7,1830.8,1812.6,1821.7
2015-06-16,1844.8,1854.1,1835.6,1844.8
2015-06-17,1823.7,1832.8,1814.6,1823.7
2015-06-18,1832.6,1841.8,1823.4,1832.6
2015-06-19,1845.5,1854.7,1836.2,1845.5
2015-06-22,1845.3,1854.5,1836.1,1845.3
2015-06-23,1851.3,1860.6,1842.1,1851.3
2015-06-24,1883.8,1893.2,1874.4,1883.8
2015-06-25,1871.3,1880.6,1861.9,1871.3
2015-06-26,1894.6,1904.1,1885.2,1894.6
2015-06-29,1868.1,1877.5,1858.8,1868.1
2015-06-30,1874.3,1883.7,1864.9,1874.3
2015-07-01,1882.6,1892.0,1873.2,1882.6
2015-07-02,1880.1,1889.5,1870.7,1880.1
2015-07-03,1897.2,1906.7,1887.7,1897.2
2015-07-06,1895.7,1905.2,1886.2,1895.7
2015-07-07,1900.1,1909.6,1890.6,1900.1
2015-07-08,1884.9,1894.3,1875.5,1884.9
2015-07-09,1865.0,1874.3,1855.7,1865.0
2015-07-10,1845.6,1854.9,1836.4,1845.6
2015-07-13,1834.5,1843.6,1825.3,1834.5
2015-07-14,1811.8,1820.8,1802.7,1811.8
2015-07-15,1848.9,1858.1,1839.6,1848.9
2015-07-16,1843.6,1852.8,1834.4,1843.6
2015-07-17,1844.1,1853.3,1834.9,1844.1
2015-07-20,1823.0,1832.1,1813.9,1823.0
2015-07-21,1862.7,1872.0,1853.4,1862.7
2015-07-22,1857.6,1866.9,1848.4,1857.6
2015-07-23,1846.6,1855.8,1837.4,1846.6
2015-07-24,1837.8,1847.0,1828.6,1837.8
2015-07-27,1834.4,1843.6,1825.2,1834.4
2015-07-28,1829.8,1838.9,1820.6,1829.8
2015-07-29,1806.0,1815.1,1797.0,1806.0
2015-07-30,1824.5,1833.6,1815.3,1824.5
2015-07-31,1805.3,1814.3,1796.2,1805.3
2015-08-03,1822.5,1831.6,1813.4,1822.5
2015-08-04,1799.3,1808.3,1790.3,1799.3
2015-08-05,1805.3,1814.3,1796.2,1805.3
2015-08-06,1788.6,1797.6,1779.7,1788.6
2015-08-07,1778.4,1787.3,1769.5,1778.4
2015-08-10,1790.6,1799.6,1781.7,1790.6
2015-08-11,1815.6,1824.7,1806.6,1815.6
2015-08-12,1851.3,1860.6,1842.0,1851.3
2015-08-13,1858.3,1867.5,1849.0,1858.3
2015-08-14,1857.8,1867.1,1848.5,1857.8
2015-08-17,1839.2,1848.4,1830.0,1839.2
2015-08-18,1806.6,1815.6,1797.6,1806.6
2015-08-19,1820.3,1829.4,1811.2,1820.3
2015-08-20,1817.1,1826.2,1808.0,1817.1
2015-08-21,1819.0,1828.1,1809.9,1819.0
2015-08-24,1812.7,1821.8,1803.7,1812.7
2015-08-25,1801.3,1810.3,1792.3,1801.3
2015-08-26,1816.2,1825.3,1807.1,1816.2
2015-08-27,1849.4,1858.7,1840.2,1849.4
2015-08-28,1827.2,1836.3,1818.0,1827.2
2015-08-31,1793.1,1802.1,1784.2,1793.1
2015-09-01,1791.6,1800.6,1782.7,1791.6
2015-09-02,1781.2,1790.1,1772.3,1781.2
2015-09-03,1806.4,1815.4,1797.4,1806.4
2015-09-04,1817.8,1826.9,1808.8,1817.8
2015-09-07,1854.0,1863.3,1844.7,1854.0
2015-09-08,1873.6,1882.9,1864.2,1873.6
2015-09-09,1874.1,1883.5,1864.8,1874.1
2015-09-10,1875.5,1884.9,1866.1,1875.5
2015-09-11,1881.2,1890.6,1871.8,1881.2
2015-09-14,1862.2,1871.5,1852.9,1862.2
2015-09-15,1869.4,1878.8,1860.1,1869.4
2015-09-16,1893.5,1903.0,1884.1,1893.5
2015-09-17,1879.4,1888.8,1870.0,1879.4
2015-09-18,1873.2,1882.5,1863.8,1873.2
2015-09-21,1883.5,1892.9,1874.0,1883.5
2015-09-22,1909.2,1918.7,1899.6,1909.2
2015-09-23,1892.2,1901.6,1882.7,1892.2
2015-09-24,1894.2,1903.7,1884.8,1894.2
2015-09-25,1891.1,1900.5,1881.6,1891.1
2015-09-28,1883.2,1892.6,1873.8,1883.2
2015-09-29,1846.8,1856.0,1837.6,1846.8
2015-09-30,1832.8,1842.0,1823.7,1832.8
2015-10-01,1810.5,1819.6,1801.5,1810.5
2015-10-02,1809.6,1818.7,1800.6,1809.6
2015-10-05,1802.4,1811.5,1793.4,1802.4
2015-10-06,1782.4,1791.3,1773.5,1782.4
2015-10-07,1780.4,1789.3,1771.5,1780.4
2015-10-08,1817.8,1826.9,1808.7,1817.8
2015-10-09,1806.7,1815.8,1797.7,1806.7
2015-10-12,1800.8,1809.8,1791.8,1800.8
2015-10-13,1798.6,1807.6,1789.6,1798.6
2015-10-14,1787.2,1796.1,1778.3,1787.2
2015-10-15,1760.7,1769.5,1751.9,1760.7
2015-10-16,1798.0,1806.9,1789.0,1798.0
2015-10-19,1765.9,1774.7,1757.0,1765.9
2015-10-20,1737.9,1746.6,1729.2,1737.9
2015-10-21,1756.7,1765.5,1747.9,1756.7
2015-10-22,1723.0,1731.6,1714.4,1723.0
2015-10-23,1742.9,1751.6,1734.2,1742.9
2015-10-26,1763.1,1771.9,1754.3,1763.1
2015-10-27,1752.0,1760.8,1743.3,1752.0
2015-10-28,1757.0,1765.8,1748.2,1757.0
2015-10-29,1760.0,1768.8,1751.2,1760.0
2015-10-30,1749.0,1757.8,1740.3,1749.0
2015-11-02,1741.7,1750.5,1733.0,1741.7
2015-11-03,1743.5,1752.3,1734.8,1743.5
2015-11-04,1739.5,1748.2,1730.8,1739.5
2015-11-05,1754.9,1763.7,1746.1,1754.9
2015-11-06,1756.1,1764.9,1747.3,1756.1
2015-11-09,1767.9,1776.8,1759.1,1767.9
2015-11-10,1764.1,1772.9,1755.3,1764.1
2015-11-11,1779.3,1788.2,1770.4,1779.3
2015-11-12,1798.3,1807.2,1789.3,1798.3
2015-11-13,1763.6,1772.5,1754.8,1763.6
2015-11-16,1773.6,1782.5,1764.8,1773.6
2015-11-17,1763.8,1772.6,1755.0,1763.8
2015-11-18,1759.2,1768.0,1750.4,1759.2
2015-11-19,1768.6,1777.4,1759.7,1768.6
2015-11-20,1774.0,1782.8,1765.1,1774.0
2015-11-23,1772.2,1781.0,1763.3,1772.2
2015-11-24,1787.2,1796.2,1778.3,1787.2
2015-11-25,1792.7,1801.7,1783.7,1792.7
2015-11-26,1780.7,1789.6,1771.8,1780.7
2015-11-27,1803.3,1812.3,1794.3,1803.3
2015-11-30,1823.7,1832.9,1814.6,1823.7
2015-12-01,1824.2,1833.3,1815.1,1824.2
2015-12-02,1814.2,1823.3,1805.1,1814.2
2015-12-03,1800.8,1809.8,1791.8,1800.8
2015-12-04,1832.8,1842.0,1823.7,1832.8
2015-12-07,1828.8,1838.0,1819.7,1828.8
2015-12-08,1831.4,1840.6,1822.3,1831.4
2015-12-09,1839.0,1848.2,1829.8,1839.0
2015-12-10,1787.8,1796.7,1778.9,1787.8
2015-12-11,1773.0,1781.9,1764.1,1773.0
2015-12-14,1815.6,1824.7,1806.5,1815.6
2015-12-15,1765.0,1773.8,1756.1,1765.0
2015-12-16,1740.6,1749.3,1731.9,1740.6
2015-12-17,1737.5,1746.2,1728.8,1737.5
2015-12-18,1724.8,1733.4,1716.1,1724.8
2015-12-21,1718.7,1727.3,1710.1,1718.7
2015-12-22,1704.1,1712.6,1695.5,1704.1
2015-12-23,1708.2,1716.8,1699.7,1708.2
2015-12-24,1721.9,1730.6,1713.3,1721.9
2015-12-25,1735.8,1744.5,1727.1,1735.8
2015-12-28,1728.2,1736.8,1719.5,1728.2
2015-12-29,1752.5,1761.2,1743.7,1752.5
2015-12-30,1760.3,1769.1,1751.5,1760.3
2015-12-31,1784.9,1793.8,1776.0,1784.9
2016-01-01,1793.5,1802.4,1784.5,1793.5
2016-01-04,1793.6,1802.5,1784.6,1793.6
2016-01-05,1792.6,1801.6,1783.6,1792.6
2016-01-06,1802.6,1811.6,1793.6,1802.6
2016-01-07,1829.0,1838.1,1819.8,1829.0
2016-01-08,1833.1,1842.2,1823.9,1833.1
2016-01-11,1840.3,1849.5,1831.1,1840.3
2016-01-12,1852.1,1861.4,1842.9,1852.1
2016-01-13,1820.1,1829.2,1811.0,1820.1
2016-01-14,1796.0,1805.0,1787.1,1796.0
2016-01-15,1803.8,1812.8,1794.8,1803.8
2016-01-18,1791.1,1800.0,1782.1,1791.1
2016-01-19,1790.3,1799.2,1781.3,1790.3
2016-01-20,1794.2,1803.2,1785.3,1794.2
2016-01-21,1843.2,1852.4,1833.9,1843.2
2016-01-22,1841.5,1850.8,1832.3,1841.5
2016-01-25,1805.6,1814.7,1796.6,1805.6
2016-01-26,1813.1,1822.2,1804.1,1813.1
2016-01-27,1835.5,1844.7,1826.3,1835.5
2016-01-28,1847.7,1857.0,1838.5,1847.7
2016-01-29,1858.2,1867.4,1848.9,1858.2
2016-02-01,1846.9,1856.1,1837.7,1846.9
2016-02-02,1841.0,1850.2,1831.8,1841.0
2016-02-03,1827.3,1836.5,1818.2,1827.3
2016-02-04,1816.6,1825.7,1807.5,1816.6
2016-02-05,1816.2,1825.3,1807.2,1816.2
2016-02-08,1838.8,1848.0,1829.6,1838.8
2016-02-09,1895.5,1904.9,1886.0,1895.5
2016-02-10,1898.1,1907.6,1888.6,1898.1
2016-02-11,1908.0,1917.5,1898.5,1908.0
2016-02-12,1862.0,1871.3,1852.7,1862.0
2016-02-15,1857.1,1866.4,1847.8,1857.1
2016-02-16,1888.0,1897.4,1878.5,1888.0
2016-02-17,1890.3,1899.7,1880.8,1890.3
2016-02-18,1888.8,1898.2,1879.3,1888.8
2016-02-19,1944.0,1953.7,1934.3,1944.0
2016-02-22,1966.1,1976.0,1956.3,1966.1
2016-02-23,1977.6,1987.5,1967.7,1977.6
2016-02-24,1972.8,1982.7,1963.0,1972.8
2016-02-25,1974.7,1984.5,1964.8,1974.7
2016-02-26,2011.7,2021.8,2001.6,2011.7
2016-02-29,2050.6,2060.9,2040.4,2050.6
2016-03-01,2034.8,2045.0,2024.7,2034.8
2016-03-02,1998.0,2008.0,1988.0,1998.0
2016-03-03,1994.7,2004.7,1984.8,1994.7
2016-03-04,2005.2,2015.2,1995.2,2005.2
2016-03-07,2036.9,2047.1,2026.7,2036.9
2016-03-08,2029.0,2039.1,2018.9,2029.0
2016-03-09,2016.9,2027.0,2006.8,2016.9
2016-03-10,2033.2,2043.4,2023.1,2033.2
2016-03-11,2010.1,2020.1,2000.0,2010.1
2016-03-14,2003.0,2013.0,1992.9,2003.0
2016-03-15,1999.1,2009.1,1989.1,1999.1
2016-03-16,1994.1,2004.1,1984.1,1994.1
2016-03-17,2015.1,2025.2,2005.0,2015.1
2016-03-18,2020.9,2031.0,2010.8,2020.9
2016-03-21,2007.8,2017.8,1997.8,2007.8
2016-03-22,1999.5,2009.4,1989.5,1999.5
2016-03-23,2049.6,2059.9,2039.4,2049.6
2016-03-24,2016.1,2026.2,2006.0,2016.1
2016-03-25,1976.0,1985.9,1966.1,1976.0
2016-03-28,1951.9,1961.6,1942.1,1951.9
2016-03-29,1956.9,1966.7,1947.2,1956.9
2016-03-30,1977.8,1987.7,1967.9,1977.8
2016-03-31,1973.6,1983.5,1963.7,1973.6
2016-04-01,1960.5,1970.3,1950.7,1960.5
2016-04-04,1947.1,1956.9,1937.4,1947.1
2016-04-05,1913.5,1923.1,1904.0,1913.5
2016-04-06,1945.8,1955.5,1936.0,1945.8
2016-04-07,1941.8,1951.5,1932.1,1941.8
2016-04-08,1946.2,1955.9,1936.5,1946.2
2016-04-11,1964.4,1974.2,1954.6,1964.4
2016-04-12,1990.4,2000.3,1980.4,1990.4
2016-04-13,1984.0,1993.9,1974.0,1984.0
2016-04-14,1964.6,1974.5,1954.8,1964.6
2016-04-15,1963.5,1973.4,1953.7,1963.5
2016-04-18,1962.2,1972.0,1952.4,1962.2
2016-04-19,1951.0,1960.8,1941.3,1951.0
2016-04-20,1926.8,1936.4,1917.1,1926.8
2016-04-21,1935.8,1945.4,1926.1,1935.8
2016-04-22,1962.5,1972.3,1952.7,1962.5
2016-04-25,1998.1,2008.1,1988.1,1998.1
2016-04-26,1981.6,1991.5,1971.7,1981.6
2016-04-27,2014.8,2024.8,2004.7,2014.8
2016-04-28,1990.8,2000.7,1980.8,1990.8
2016-04-29,1992.3,2002.3,1982.4,1992.3
2016-05-02,2013.5,2023.6,2003.5,2013.5
2016-05-03,2022.0,2032.1,2011.9,2022.0
2016-05-04,2046.9,2057.1,2036.7,2046.9
2016-05-05,2023.0,2033.2,2012.9,2023.0
2016-05-06,2016.8,2026.9,2006.8,2016.8
2016-05-09,2012.4,2022.5,2002.4,2012.4
2016-05-10,2032.8,2043.0,2022.7,2032.8
2016-05-11,2025.4,2035.5,2015.3,2025.4
2016-05-12,2027.5,2037.6,2017.4,2027.5
2016-05-13,2019.9,2030.0,2009.8,2019.9
2016-05-16,2026.7,2036.9,2016.6,2026.7
2016-05-17,2009.7,2019.7,1999.6,2009.7
2016-05-18,1986.3,1996.2,1976.3,1986.3
2016-05-19,1976.3,1986.1,1966.4,1976.3
2016-05-20,1958.5,1968.3,1948.7,1958.5
2016-05-23,1957.6,1967.4,1947.8,1957.6
2016-05-24,1974.4,1984.3,1964.5,1974.4
2016-05-25,1948.7,1958.4,1938.9,1948.7
2016-05-26,1942.5,1952.2,1932.8,1942.5
2016-05-27,1987.6,1997.5,1977.6,1987.6
2016-05-30,1954.1,1963.9,1944.3,1954.1
2016-05-31,1933.9,1943.6,1924.3,1933.9
2016-06-01,1942.4,1952.1,1932.7,1942.4
2016-06-02,1913.2,1922.8,1903.7,1913.2
2016-06-03,1914.7,1924.3,1905.1,1914.7
2016-06-06,1953.6,1963.4,1943.8,1953.6
2016-06-07,1943.4,1953.1,1933.7,1943.4
2016-06-08,1928.5,1938.1,1918.8,1928.5
2016-06-09,1899.7,1909.2,1890.2,1899.7
2016-06-10,1887.3,1896.7,1877.9,1887.3
2016-06-13,1890.0,1899.4,1880.5,1890.0
2016-06-14,1938.1,1947.8,1928.4,1938.1
2016-06-15,1937.7,1947.4,1928.1,1937.7
2016-06-16,1938.4,1948.1,1928.7,1938.4
2016-06-17,1940.9,1950.6,1931.2,1940.9
2016-06-20,1928.6,1938.3,1919.0,1928.6
2016-06-21,1885.7,1895.1,1876.2,1885.7
2016-06-22,1920.7,1930.3,1911.1,1920.7
2016-06-23,1937.4,1947.0,1927.7,1937.4
2016-06-24,1963.3,1973.2,1953.5,1963.3
2016-06-27,1972.4,1982.3,1962.5,1972.4
2016-06-28,1997.8,2007.8,1987.8,1997.8
2016-06-29,1968.0,1977.8,1958.2,1968.0
2016-06-30,1971.6,1981.4,1961.7,1971.6
2016-07-01,1984.7,1994.7,1974.8,1984.7
2016-07-04,2014.9,2024.9,2004.8,2014.9
2016-07-05,2023.7,2033.8,2013.6,2023.7
2016-07-06,2032.2,2042.3,2022.0,2032.2
2016-07-07,2036.4,2046.6,2026.3,2036.4
2016-07-08,2006.3,2016.3,1996.3,2006.3
2016-07-11,1997.3,2007.3,1987.3,1997.3
2016-07-12,1988.8,1998.8,1978.9,1988.8
2016-07-13,2007.8,2017.8,1997.7,2007.8
2016-07-14,2019.4,2029.5,2009.3,2019.4
2016-07-15,2050.5,2060.7,2040.2,2050.5
2016-07-18,2061.4,2071.7,2051.1,2061.4
2016-07-19,2056.0,2066.2,2045.7,2056.0
2016-07-20,2081.0,2091.4,2070.6,2081.0
2016-07-21,2053.8,2064.1,2043.5,2053.8
2016-07-22,2047.3,2057.5,2037.0,2047.3
2016-07-25,2029.7,2039.8,2019.5,2029.7
2016-07-26,2007.7,2017.7,1997.7,2007.7
2016-07-27,1987.5,1997.5,1977.6,1987.5
2016-07-28,1977.0,1986.9,1967.1,1977.0
2016-07-29,1984.4,1994.3,1974.4,1984.4
2016-08-01,1981.7,1991.6,1971.8,1981.7
2016-08-02,1990.4,2000.3,1980.4,1990.4
2016-08-03,1997.9,2007.9,1987.9,1997.9
2016-08-04,1953.1,1962.8,1943.3,1953.1
2016-08-05,1961.2,1971.0,1951.4,1961.2
2016-08-08,1952.3,1962.1,1942.5,1952.3
2016-08-09,1924.0,1933.6,1914.4,1924.0
2016-08-10,1935.3,1944.9,1925.6,1935.3
2016-08-11,1942.7,1952.4,1933.0,1942.7
2016-08-12,1951.5,1961.2,1941.7,1951.5
2016-08-15,1972.9,1982.7,1963.0,1972.9
2016-08-16,1963.4,1973.3,1953.6,1963.4
2016-08-17,1948.1,1957.9,1938.4,1948.1
2016-08-18,1953.1,1962.9,1943.3,1953.1
2016-08-19,1949.3,1959.0,1939.5,1949.3
2016-08-22,2012.3,2022.3,2002.2,2012.3
2016-08-23,2011.9,2021.9,2001.8,2011.9
2016-08-24,2014.1,2024.2,2004.1,2014.1
2016-08-25,1998.2,2008.2,1988.2,1998.2
2016-08-26,1979.7,1989.6,1969.8,1979.7
2016-08-29,1950.8,1960.6,1941.1,1950.8
2016-08-30,1949.0,1958.8,1939.3,1949.0
2016-08-31,1949.8,1959.5,1940.0,1949.8
2016-09-01,1976.8,1986.7,1966.9,1976.8
2016-09-02,1975.2,1985.1,1965.3,1975.2
2016-09-05,1972.2,1982.1,1962.4,1972.2
2016-09-06,1980.9,1990.8,1971.0,1980.9
2016-09-07,1982.0,1991.9,1972.1,1982.0
2016-09-08,2005.0,2015.1,1995.0,2005.0
2016-09-09,2036.8,2047.0,2026.6,2036.8
2016-09-12,2038.4,2048.5,2028.2,2038.4
2016-09-13,2018.7,2028.8,2008.6,2018.7
2016-09-14,2017.2,2027.3,2007.1,2017.2
2016-09-15,2023.2,2033.3,2013.1,2023.2
2016-09-16,1996.5,2006.5,1986.5,1996.5
2016-09-19,1995.0,2005.0,1985.0,1995.0
2016-09-20,1966.8,1976.6,1956.9,1966.8
2016-09-21,1979.8,1989.7,1969.9,1979.8
2016-09-22,1960.5,1970.4,1950.7,1960.5
2016-09-23,1958.6,1968.4,1948.8,1958.6
2016-09-26,1962.1,1971.9,1952.3,1962.1
2016-09-27,1940.1,1949.8,1930.4,1940.1
2016-09-28,1947.1,1956.8,1937.3,1947.1
2016-09-29,1930.3,1940.0,1920.7,1930.3
2016-09-30,1968.0,1977.8,1958.2,1968.0
2016-10-03,2003.0,2013.0,1993.0,2003.0
2016-10-04,2030.9,2041.1,2020.8,2030.9
2016-10-05,2036.1,2046.3,2025.9,2036.1
2016-10-06,2045.1,2055.3,2034.8,2045.1
2016-10-07,2042.9,2053.1,2032.6,2042.9
2016-10-10,2057.6,2067.9,2047.3,2057.6
2016-10-11,2093.0,2103.5,2082.6,2093.0
2016-10-12,2071.8,2082.2,2061.5,2071.8
2016-10-13,2081.5,2091.9,2071.1,2081.5
2016-10-14,2045.6,2055.8,2035.3,2045.6
2016-10-17,2040.6,2050.8,2030.4,2040.6
2016-10-18,2041.5,2051.7,2031.3,2041.5
2016-10-19,2050.5,2060.7,2040.2,2050.5
2016-10-20,2066.6,2076.9,2056.2,2066.6
2016-10-21,2095.3,2105.8,2084.8,2095.3
2016-10-24,2067.4,2077.7,2057.0,2067.4
2016-10-25,2087.0,2097.4,2076.5,2087.0
2016-10-26,2125.4,2136.1,2114.8,2125.4
2016-10-27,2116.0,2126.6,2105.4,2116.0
2016-10-28,2104.4,2115.0,2093.9,2104.4
2016-10-31,2110.4,2120.9,2099.8,2110.4
2016-11-01,2108.0,2118.5,2097.5,2108.0
2016-11-02,2104.9,2115.4,2094.3,2104.9
2016-11-03,2137.0,2147.7,2126.3,2137.0
2016-11-04,2187.5,2198.5,2176.6,2187.5
2016-11-07,2180.3,2191.2,2169.4,2180.3
2016-11-08,2227.6,2238.8,2216.5,2227.6
2016-11-09,2216.0,2227.1,2204.9,2216.0
2016-11-10,2228.6,2239.7,2217.4,2228.6
2016-11-11,2202.3,2213.3,2191.3,2202.3
2016-11-14,2182.8,2193.7,2171.9,2182.8
2016-11-15,2174.2,2185.1,2163.4,2174.2
2016-11-16,2190.9,2201.8,2179.9,2190.9
2016-11-17,2193.4,2204.4,2182.4,2193.4
2016-11-18,2156.3,2167.1,2145.5,2156.3
2016-11-21,2129.7,2140.3,2119.0,2129.7
2016-11-22,2094.1,2104.6,2083.6,2094.1
2016-11-23,2104.1,2114.6,2093.6,2104.1
2016-11-24,2110.0,2120.5,2099.4,2110.0
2016-11-25,2115.2,2125.8,2104.7,2115.2
2016-11-28,2122.0,2132.6,2111.4,2122.0
2016-11-29,2107.8,2118.4,2097.3,2107.8
2016-11-30,2114.3,2124.9,2103.7,2114.3
2016-12-01,2148.1,2158.8,2137.3,2148.1
2016-12-02,2161.3,2172.1,2150.5,2161.3
2016-12-05,2138.4,2149.1,2127.7,2138.4
2016-12-06,2132.9,2143.5,2122.2,2132.9
2016-12-07,2121.3,2131.9,2110.7,2121.3
2016-12-08,2142.9,2153.6,2132.2,2142.9
2016-12-09,2121.7,2132.3,2111.1,2121.7
2016-12-12,2130.2,2140.9,2119.6,2130.2
2016-12-13,2125.2,2135.8,2114.6,2125.2
2016-12-14,2111.1,2121.6,2100.5,2111.1
2016-12-15,2119.0,2129.6,2108.4,2119.0
2016-12-16,2117.3,2127.9,2106.7,2117.3
2016-12-19,2138.6,2149.3,2127.9,2138.6
2016-12-20,2130.4,2141.0,2119.7,2130.4
2016-12-21,2107.5,2118.0,2097.0,2107.5
2016-12-22,2107.0,2117.5,2096.5,2107.0
2016-12-23,2116.5,2127.1,2105.9,2116.5
2016-12-26,2135.3,2146.0,2124.7,2135.3
2016-12-27,2134.1,2144.8,2123.5,2134.1
2016-12-28,2155.4,2166.2,2144.7,2155.4
2016-12-29,2128.2,2138.8,2117.6,2128.2
2016-12-30,2152.9,2163.6,2142.1,2152.9
2017-01-02,2168.9,2179.7,2158.0,2168.9
2017-01-03,2160.7,2171.5,2149.9,2160.7
2017-01-04,2185.6,2196.5,2174.6,2185.6
2017-01-05,2193.1,2204.1,2182.2,2193.1
2017-01-06,2221.5,2232.6,2210.4,2221.5
2017-01-09,2205.6,2216.7,2194.6,2205.6
2017-01-10,2190.7,2201.7,2179.8,2190.7
2017-01-11,2203.6,2214.6,2192.6,2203.6
2017-01-12,2205.3,2216.3,2194.3,2205.3
2017-01-13,2174.0,2184.9,2163.1,2174.0
2017-01-16,2218.8,2229.9,2207.7,2218.8
2017-01-17,2257.0,2268.3,2245.7,2257.0
2017-01-18,2259.1,2270.4,2247.8,2259.1
2017-01-19,2241.8,2253.0,2230.6,2241.8
2017-01-20,2226.0,2237.1,2214.9,2226.0
2017-01-23,2236.1,2247.3,2224.9,2236.1
2017-01-24,2267.0,2278.3,2255.6,2267.0
2017-01-25,2323.0,2334.6,2311.4,2323.0
2017-01-26,2311.4,2322.9,2299.8,2311.4
2017-01-27,2299.2,2310.7,2287.7,2299.2
2017-01-30,2293.9,2305.4,2282.5,2293.9
2017-01-31,2299.7,2311.2,2288.2,2299.7
2017-02-01,2276.7,2288.1,2265.3,2276.7
2017-02-02,2244.2,2255.5,2233.0,2244.2
2017-02-03,2238.4,2249.6,2227.2,2238.4
2017-02-06,2246.9,2258.2,2235.7,2246.9
2017-02-07,2284.3,2295.7,2272.9,2284.3
2017-02-08,2257.9,2269.2,2246.7,2257.9
2017-02-09,2281.9,2293.3,2270.5,2281.9
2017-02-10,2277.4,2288.8,2266.1,2277.4
2017-02-13,2272.2,2283.5,2260.8,2272.2
2017-02-14,2236.2,2247.4,2225.0,2236.2
2017-02-15,2245.2,2256.4,2234.0,2245.2
2017-02-16,2251.2,2262.5,2240.0,2251.2
2017-02-17,2301.4,2312.9,2289.9,2301.4
2017-02-20,2295.0,2306.4,2283.5,2295.0
2017-02-21,2327.3,2338.9,2315.7,2327.3
2017-02-22,2316.7,2328.2,2305.1,2316.7
2017-02-23,2305.8,2317.3,2294.2,2305.8
2017-02-24,2265.6,2276.9,2254.2,2265.6
2017-02-27,2292.7,2304.2,2281.3,2292.7
2017-02-28,2294.0,2305.4,2282.5,2294.0
2017-03-01,2294.6,2306.1,2283.1,2294.6
2017-03-02,2286.4,2297.8,2275.0,2286.4
2017-03-03,2290.4,2301.9,2279.0,2290.4
2017-03-06,2275.2,2286.6,2263.8,2275.2
2017-03-07,2284.8,2296.3,2273.4,2284.8
2017-03-08,2262.5,2273.8,2251.2,2262.5
2017-03-09,2259.7,2271.0,2248.4,2259.7
2017-03-10,2271.4,2282.7,2260.0,2271.4
2017-03-13,2305.1,2316.6,2293.6,2305.1
2017-03-14,2308.2,2319.8,2296.7,2308.2
2017-03-15,2335.7,2347.4,2324.1,2335.7
2017-03-16,2332.5,2344.1,2320.8,2332.5
2017-03-17,2308.6,2320.1,2297.0,2308.6
2017-03-20,2356.1,2367.9,2344.4,2356.1
2017-03-21,2349.8,2361.5,2338.0,2349.8
2017-03-22,2367.8,2379.6,2356.0,2367.8
2017-03-23,2349.5,2361.3,2337.8,2349.5
2017-03-24,2358.0,2369.8,2346.2,2358.0
2017-03-27,2364.3,2376.2,2352.5,2364.3
2017-03-28,2360.5,2372.3,2348.7,2360.5
2017-03-29,2403.0,2415.0,2391.0,2403.0
2017-03-30,2407.1,2419.2,2395.1,2407.1
2017-03-31,2392.9,2404.9,2381.0,2392.9
2017-04-03,2425.3,2437.4,2413.1,2425.3
2017-04-04,2377.6,2389.5,2365.7,2377.6
2017-04-05,2340.3,2352.0,2328.6,2340.3
2017-04-06,2358.2,2370.0,2346.4,2358.2
2017-04-07,2360.3,2372.1,2348.5,2360.3
2017-04-10,2347.0,2358.7,2335.2,2347.0
2017-04-11,2353.7,2365.5,2341.9,2353.7
2017-04-12,2375.5,2387.4,2363.6,2375.5
2017-04-13,2347.8,2359.6,2336.1,2347.8
2017-04-14,2343.7,2355.4,2332.0,2343.7
2017-04-17,2344.8,2356.6,2333.1,2344.8
2017-04-18,2350.1,2361.8,2338.3,2350.1
2017-04-19,2362.9,2374.7,2351.0,2362.9
2017-04-20,2315.2,2326.8,2303.6,2315.2
2017-04-21,2327.3,2339.0,2315.7,2327.3
2017-04-24,2285.0,2296.4,2273.5,2285.0
2017-04-25,2285.7,2297.1,2274.3,2285.7
2017-04-26,2263.0,2274.3,2251.7,2263.0
2017-04-27,2270.3,2281.6,2258.9,2270.3
2017-04-28,2288.1,2299.5,2276.6,2288.1
2017-05-01,2293.5,2305.0,2282.1,2293.5
2017-05-02,2280.0,2291.4,2268.6,2280.0
2017-05-03,2251.9,2263.2,2240.7,2251.9
2017-05-04,2254.8,2266.1,2243.5,2254.8
2017-05-05,2249.0,2260.2,2237.8,2249.0
2017-05-08,2262.8,2274.1,2251.5,2262.8
2017-05-09,2256.3,2267.5,2245.0,2256.3
2017-05-10,2292.5,2303.9,2281.0,2292.5
2017-05-11,2295.6,2307.1,2284.1,2295.6
2017-05-12,2318.9,2330.5,2307.3,2318.9
2017-05-15,2310.3,2321.8,2298.7,2310.3
2017-05-16,2328.8,2340.4,2317.1,2328.8
2017-05-17,2343.8,2355.5,2332.1,2343.8
2017-05-18,2327.9,2339.5,2316.3,2327.9
2017-05-19,2293.9,2305.3,2282.4,2293.9
2017-05-22,2327.9,2339.6,2316.3,2327.9
2017-05-23,2319.1,2330.7,2307.5,2319.1
2017-05-24,2305.5,2317.0,2293.9,2305.5
2017-05-25,2300.6,2312.1,2289.1,2300.6
2017-05-26,2281.0,2292.4,2269.6,2281.0
2017-05-29,2301.3,2312.8,2289.8,2301.3
2017-05-30,2303.7,2315.2,2292.2,2303.7
2017-05-31,2307.5,2319.0,2296.0,2307.5
2017-06-01,2335.9,2347.6,2324.3,2335.9
2017-06-02,2339.3,2351.0,2327.6,2339.3
2017-06-05,2379.2,2391.1,2367.4,2379.2
2017-06-06,2377.9,2389.8,2366.0,2377.9
2017-06-07,2341.9,2353.6,2330.2,2341.9
2017-06-08,2322.2,2333.8,2310.6,2322.2
2017-06-09,2307.2,2318.8,2295.7,2307.2
2017-06-12,2314.9,2326.5,2303.3,2314.9
2017-06-13,2353.3,2365.1,2341.5,2353.3
2017-06-14,2358.6,2370.4,2346.8,2358.6
2017-06-15,2353.8,2365.6,2342.0,2353.8
2017-06-16,2347.6,2359.3,2335.9,2347.6
2017-06-19,2363.9,2375.7,2352.0,2363.9
2017-06-20,2374.3,2386.1,2362.4,2374.3
2017-06-21,2393.2,2405.2,2381.3,2393.2
2017-06-22,2375.9,2387.8,2364.1,2375.9
2017-06-23,2429.2,2441.4,2417.1,2429.2
2017-06-26,2420.9,2433.0,2408.8,2420.9
2017-06-27,2404.1,2416.1,2392.1,2404.1
2017-06-28,2431.4,2443.5,2419.2,2431.4
2017-06-29,2450.5,2462.8,2438.3,2450.5
2017-06-30,2432.1,2444.3,2420.0,2432.1
2017-07-03,2448.8,2461.0,2436.5,2448.8
2017-07-04,2435.9,2448.0,2423.7,2435.9
2017-07-05,2443.7,2455.9,2431.5,2443.7
2017-07-06,2446.8,2459.1,2434.6,2446.8
2017-07-07,2504.7,2517.3,2492.2,2504.7
2017-07-10,2534.7,2547.4,2522.1,2534.7
2017-07-11,2553.4,2566.2,2540.7,2553.4
2017-07-12,2564.1,2576.9,2551.3,2564.1
2017-07-13,2526.2,2538.9,2513.6,2526.2
2017-07-14,2524.5,2537.2,2511.9,2524.5
2017-07-17,2510.4,2523.0,2497.9,2510.4
2017-07-18,2504.1,2516.6,2491.6,2504.1
2017-07-19,2501.4,2513.9,2488.9,2501.4
2017-07-20,2455.9,2468.2,2443.6,2455.9
2017-07-21,2446.9,2459.2,2434.7,2446.9
2017-07-24,2450.5,2462.7,2438.2,2450.5
2017-07-25,2470.9,2483.2,2458.5,2470.9
2017-07-26,2449.4,2461.7,2437.2,2449.4
2017-07-27,2428.9,2441.1,2416.8,2428.9
2017-07-28,2407.9,2419.9,2395.8,2407.9
2017-07-31,2403.0,2415.0,2391.0,2403.0
2017-08-01,2376.3,2388.2,2364.4,2376.3
2017-08-02,2410.5,2422.6,2398.5,2410.5
2017-08-03,2429.9,2442.0,2417.7,2429.9
2017-08-04,2495.0,2507.5,2482.5,2495.0
2017-08-07,2481.1,2493.5,2468.7,2481.1
2017-08-08,2499.3,2511.8,2486.8,2499.3
2017-08-09,2466.7,2479.0,2454.4,2466.7
2017-08-10,2500.4,2512.9,2487.9,2500.4
2017-08-11,2492.0,2504.4,2479.5,2492.0
2017-08-14,2489.4,2501.8,2476.9,2489.4
2017-08-15,2517.7,2530.2,2505.1,2517.7
2017-08-16,2543.1,2555.9,2530.4,2543.1
2017-08-17,2514.3,2526.9,2501.8,2514.3
2017-08-18,2508.2,2520.7,2495.6,2508.2
2017-08-21,2541.7,2554.4,2529.0,2541.7
2017-08-22,2528.1,2540.7,2515.4,2528.1
2017-08-23,2531.5,2544.1,2518.8,2531.5
2017-08-24,2540.4,2553.1,2527.7,2540.4
2017-08-25,2570.1,2582.9,2557.2,2570.1
2017-08-28,2582.7,2595.7,2569.8,2582.7
2017-08-29,2570.4,2583.3,2557.6,2570.4
2017-08-30,2516.9,2529.5,2504.3,2516.9
2017-08-31,2531.0,2543.7,2518.4,2531.0
2017-09-01,2530.9,2543.6,2518.3,2530.9
2017-09-04,2572.9,2585.8,2560.0,2572.9
2017-09-05,2581.4,2594.3,2568.5,2581.4
2017-09-06,2561.7,2574.5,2548.9,2561.7
2017-09-07,2526.4,2539.0,2513.7,2526.4
2017-09-08,2519.1,2531.7,2506.5,2519.1
2017-09-11,2527.6,2540.2,2515.0,2527.6
2017-09-12,2527.3,2539.9,2514.6,2527.3
2017-09-13,2493.5,2506.0,2481.1,2493.5
2017-09-14,2424.1,2436.3,2412.0,2424.1
2017-09-15,2403.1,2415.1,2391.1,2403.1
2017-09-18,2348.9,2360.7,2337.2,2348.9
2017-09-19,2331.2,2342.8,2319.5,2331.2
2017-09-20,2344.4,2356.1,2332.6,2344.4
2017-09-21,2386.6,2398.5,2374.6,2386.6
2017-09-22,2331.0,2342.7,2319.4,2331.0
2017-09-25,2315.4,2327.0,2303.8,2315.4
2017-09-26,2333.5,2345.2,2321.9,2333.5
2017-09-27,2330.0,2341.6,2318.3,2330.0
2017-09-28,2341.8,2353.5,2330.1,2341.8
2017-09-29,2358.3,2370.1,2346.6,2358.3
2017-10-02,2357.3,2369.1,2345.5,2357.3
2017-10-03,2393.8,2405.8,2381.8,2393.8
2017-10-04,2458.9,2471.2,2446.6,2458.9
2017-10-05,2434.3,2446.5,2422.1,2434.3
2017-10-06,2460.3,2472.6,2448.0,2460.3
2017-10-09,2516.7,2529.3,2504.1,2516.7
2017-10-10,2551.8,2564.6,2539.0,2551.8
2017-10-11,2532.3,2544.9,2519.6,2532.3
2017-10-12,2522.7,2535.3,2510.1,2522.7
2017-10-13,2478.8,2491.2,2466.4,2478.8
2017-10-16,2468.2,2480.6,2455.9,2468.2
2017-10-17,2456.8,2469.1,2444.6,2456.8
2017-10-18,2470.9,2483.2,2458.5,2470.9
2017-10-19,2444.6,2456.8,2432.4,2444.6
2017-10-20,2449.8,2462.0,2437.5,2449.8
2017-10-23,2460.4,2472.7,2448.1,2460.4
2017-10-24,2451.6,2463.9,2439.4,2451.6
2017-10-25,2475.9,2488.2,2463.5,2475.9
2017-10-26,2466.7,2479.1,2454.4,2466.7
2017-10-27,2477.6,2489.9,2465.2,2477.6
2017-10-30,2449.5,2461.8,2437.3,2449.5
2017-10-31,2433.8,2446.0,2421.6,2433.8
2017-11-01,2461.8,2474.1,2449.5,2461.8
2017-11-02,2423.2,2435.3,2411.1,2423.2
2017-11-03,2447.3,2459.5,2435.0,2447.3
2017-11-06,2445.4,2457.6,2433.1,2445.4
2017-11-07,2398.7,2410.7,2386.7,2398.7
2017-11-08,2394.2,2406.2,2382.3,2394.2
2017-11-09,2419.7,2431.8,2407.6,2419.7
2017-11-10,2483.5,2495.9,2471.0,2483.5
2017-11-13,2535.4,2548.1,2522.7,2535.4
2017-11-14,2512.2,2524.8,2499.7,2512.2
2017-11-15,2533.9,2546.5,2521.2,2533.9
2017-11-16,2523.0,2535.6,2510.4,2523.0
2017-11-17,2508.7,2521.2,2496.1,2508.7
2017-11-20,2538.2,2550.9,2525.5,2538.2
2017-11-21,2544.5,2557.2,2531.8,2544.5
2017-11-22,2550.6,2563.4,2537.9,2550.6
2017-11-23,2508.3,2520.8,2495.7,2508.3
2017-11-24,2486.0,2498.4,2473.6,2486.0
2017-11-27,2468.8,2481.2,2456.5,2468.8
2017-11-28,2486.2,2498.6,2473.8,2486.2
2017-11-29,2508.4,2520.9,2495.8,2508.4
2017-11-30,2554.9,2567.7,2542.2,2554.9
2017-12-01,2531.9,2544.5,2519.2,2531.9
2017-12-04,2580.4,2593.3,2567.5,2580.4
2017-12-05,2573.1,2586.0,2560.2,2573.1
2017-12-06,2574.8,2587.7,2561.9,2574.8
2017-12-07,2571.5,2584.4,2558.7,2571.5
2017-12-08,2577.9,2590.8,2565.0,2577.9
2017-12-11,2597.7,2610.7,2584.7,2597.7
2017-12-12,2623.0,2636.1,2609.9,2623.0
2017-12-13,2614.4,2627.5,2601.3,2614.4
2017-12-14,2614.8,2627.9,2601.7,2614.8
2017-12-15,2589.7,2602.6,2576.8,2589.7
2017-12-18,2608.9,2621.9,2595.8,2608.9
2017-12-19,2614.4,2627.5,2601.3,2614.4
2017-12-20,2593.0,2605.9,2580.0,2593.0
2017-12-21,2560.7,2573.5,2547.9,2560.7
2017-12-22,2566.1,2578.9,2553.3,2566.1
2017-12-25,2603.0,2616.1,2590.0,2603.0
2017-12-26,2643.2,2656.4,2630.0,2643.2
2017-12-27,2607.4,2620.4,2594.4,2607.4
2017-12-28,2630.7,2643.9,2617.6,2630.7
2017-12-29,2649.4,2662.7,2636.2,2649.4
2018-01-01,2684.2,2697.6,2670.8,2684.2
2018-01-02,2692.2,2705.6,2678.7,2692.2
2018-01-03,2679.0,2692.4,2665.6,2679.0
2018-01-04,2695.4,2708.9,2681.9,2695.4
2018-01-05,2624.3,2637.4,2611.2,2624.3
2018-01-08,2600.0,2613.0,2587.0,2600.0
2018-01-09,2577.9,2590.8,2565.0,2577.9
2018-01-10,2562.0,2574.8,2549.2,2562.0
2018-01-11,2525.0,2537.7,2512.4,2525.0
2018-01-12,2514.7,2527.2,2502.1,2514.7
2018-01-15,2507.4,2520.0,2494.9,2507.4
2018-01-16,2506.0,2518.5,2493.4,2506.0
2018-01-17,2518.8,2531.4,2506.2,2518.8
2018-01-18,2491.2,2503.7,2478.8,2491.2
2018-01-19,2485.8,2498.2,2473.4,2485.8
2018-01-22,2492.4,2504.8,2479.9,2492.4
2018-01-23,2448.6,2460.8,2436.3,2448.6
2018-01-24,2452.3,2464.6,2440.1,2452.3
2018-01-25,2463.9,2476.2,2451.6,2463.9
2018-01-26,2488.2,2500.7,2475.8,2488.2
2018-01-29,2453.7,2466.0,2441.4,2453.7
2018-01-30,2454.6,2466.9,2442.3,2454.6
2018-01-31,2491.3,2503.7,2478.8,2491.3
2018-02-01,2450.2,2462.5,2438.0,2450.2
2018-02-02,2454.8,2467.1,2442.5,2454.8
2018-02-05,2416.3,2428.4,2404.2,2416.3
2018-02-06,2411.4,2423.4,2399.3,2411.4
2018-02-07,2396.9,2408.9,2384.9,2396.9
2018-02-08,2413.4,2425.5,2401.3,2413.4
2018-02-09,2411.8,2423.8,2399.7,2411.8
2018-02-12,2381.4,2393.3,2369.4,2381.4
2018-02-13,2427.5,2439.7,2415.4,2427.5
2018-02-14,2436.8,2449.0,2424.6,2436.8
2018-02-15,2466.2,2478.5,2453.9,2466.2
2018-02-16,2440.8,2453.0,2428.6,2440.8
2018-02-19,2430.9,2443.1,2418.8,2430.9
2018-02-20,2460.3,2472.6,2448.0,2460.3
2018-02-21,2443.7,2455.9,2431.5,2443.7
2018-02-22,2446.7,2458.9,2434.5,2446.7
2018-02-23,2447.9,2460.2,2435.7,2447.9
2018-02-26,2387.1,2399.1,2375.2,2387.1
2018-02-27,2390.9,2402.9,2379.0,2390.9
2018-02-28,2385.6,2397.5,2373.7,2385.6
2018-03-01,2382.5,2394.4,2370.6,2382.5
2018-03-02,2369.6,2381.4,2357.7,2369.6
2018-03-05,2339.4,2351.1,2327.7,2339.4
2018-03-06,2326.0,2337.7,2314.4,2326.0
2018-03-07,2320.4,2332.0,2308.8,2320.4
2018-03-08,2343.5,2355.2,2331.8,2343.5
2018-03-09,2336.1,2347.7,2324.4,2336.1
2018-03-12,2342.2,2353.9,2330.4,2342.2
2018-03-13,2353.5,2365.2,2341.7,2353.5
2018-03-14,2345.5,2357.3,2333.8,2345.5
2018-03-15,2375.7,2387.6,2363.8,2375.7
2018-03-16,2370.6,2382.5,2358.8,2370.6
2018-03-19,2357.6,2369.3,2345.8,2357.6
2018-03-20,2389.9,2401.8,2377.9,2389.9
2018-03-21,2396.4,2408.4,2384.4,2396.4
2018-03-22,2339.6,2351.3,2327.9,2339.6
2018-03-23,2279.1,2290.5,2267.7,2279.1
2018-03-26,2323.6,2335.2,2312.0,2323.6
2018-03-27,2331.5,2343.2,2319.9,2331.5
2018-03-28,2332.6,2344.3,2321.0,2332.6
2018-03-29,2283.1,2294.5,2271.7,2283.1
2018-03-30,2287.1,2298.6,2275.7,2287.1
2018-04-02,2266.0,2277.4,2254.7,2266.0
2018-04-03,2266.5,2277.8,2255.2,2266.5
2018-04-04,2256.7,2268.0,2245.4,2256.7
2018-04-05,2258.1,2269.4,2246.8,2258.1
2018-04-06,2271.2,2282.5,2259.8,2271.2
2018-04-09,2284.5,2295.9,2273.1,2284.5
2018-04-10,2289.5,2301.0,2278.1,2289.5
2018-04-11,2298.4,2309.9,2286.9,2298.4
2018-04-12,2260.5,2271.8,2249.2,2260.5
2018-04-13,2266.1,2277.4,2254.7,2266.1
2018-04-16,2274.9,2286.3,2263.5,2274.9
2018-04-17,2279.4,2290.8,2268.0,2279.4
2018-04-18,2321.8,2333.4,2310.2,2321.8
2018-04-19,2319.3,2330.9,2307.7,2319.3
2018-04-20,2291.0,2302.5,2279.6,2291.0
2018-04-23,2292.9,2304.3,2281.4,2292.9
2018-04-24,2283.9,2295.3,2272.5,2283.9
2018-04-25,2247.4,2258.6,2236.2,2247.4
2018-04-26,2247.1,2258.3,2235.8,2247.1
2018-04-27,2289.8,2301.2,2278.3,2289.8
2018-04-30,2282.1,2293.5,2270.7,2282.1
2018-05-01,2312.3,2323.9,2300.8,2312.3
2018-05-02,2332.8,2344.5,2321.1,2332.8
2018-05-03,2391.8,2403.8,2379.9,2391.8
2018-05-04,2401.7,2413.7,2389.7,2401.7
2018-05-07,2398.3,2410.3,2386.3,2398.3
2018-05-08,2398.7,2410.7,2386.7,2398.7
2018-05-09,2403.6,2415.6,2391.5,2403.6
2018-05-10,2395.2,2407.1,2383.2,2395.2
2018-05-11,2381.2,2393.1,2369.3,2381.2
2018-05-14,2387.4,2399.3,2375.4,2387.4
2018-05-15,2370.5,2382.3,2358.6,2370.5
2018-05-16,2325.0,2336.6,2313.3,2325.0
2018-05-17,2294.9,2306.4,2283.5,2294.9
2018-05-18,2336.8,2348.4,2325.1,2336.8
2018-05-21,2326.1,2337.7,2314.4,2326.1
2018-05-22,2345.0,2356.7,2333.3,2345.0
2018-05-23,2328.1,2339.7,2316.4,2328.1
2018-05-24,2349.5,2361.3,2337.8,2349.5
2018-05-25,2358.3,2370.1,2346.5,2358.3
2018-05-28,2400.5,2412.5,2388.5,2400.5
2018-05-29,2427.8,2440.0,2415.7,2427.8
2018-05-30,2440.0,2452.2,2427.8,2440.0
2018-05-31,2420.2,2432.3,2408.1,2420.2
2018-06-01,2388.6,2400.5,2376.6,2388.6
2018-06-04,2378.3,2390.2,2366.4,2378.3
2018-06-05,2375.6,2387.4,2363.7,2375.6
2018-06-06,2362.9,2374.7,2351.0,2362.9
2018-06-07,2376.8,2388.7,2365.0,2376.8
2018-06-08,2375.3,2387.2,2363.4,2375.3
2018-06-11,2368.3,2380.2,2356.5,2368.3
2018-06-12,2400.7,2412.7,2388.7,2400.7
2018-06-13,2398.1,2410.1,2386.1,2398.1
2018-06-14,2361.5,2373.3,2349.7,2361.5
2018-06-15,2382.2,2394.1,2370.3,2382.2
2018-06-18,2379.2,2391.1,2367.3,2379.2
2018-06-19,2368.4,2380.3,2356.6,2368.4
2018-06-20,2342.2,2354.0,2330.5,2342.2
2018-06-21,2368.8,2380.6,2356.9,2368.8
2018-06-22,2403.8,2415.8,2391.8,2403.8
2018-06-25,2378.6,2390.5,2366.7,2378.6
2018-06-26,2380.5,2392.4,2368.6,2380.5
2018-06-27,2385.4,2397.4,2373.5,2385.4
2018-06-28,2339.6,2351.3,2327.9,2339.6
2018-06-29,2335.3,2347.0,2323.6,2335.3
2018-07-02,2287.8,2299.3,2276.4,2287.8
2018-07-03,2286.3,2297.8,2274.9,2286.3
2018-07-04,2337.3,2349.0,2325.6,2337.3
2018-07-05,2300.3,2311.8,2288.8,2300.3
2018-07-06,2341.4,2353.1,2329.7,2341.4
2018-07-09,2374.4,2386.3,2362.5,2374.4
2018-07-10,2368.2,2380.1,2356.4,2368.2
2018-07-11,2374.2,2386.0,2362.3,2374.2
2018-07-12,2361.5,2373.3,2349.7,2361.5
2018-07-13,2345.6,2357.3,2333.9,2345.6
2018-07-16,2341.8,2353.5,2330.1,2341.8
2018-07-17,2319.2,2330.8,2307.6,2319.2
2018-07-18,2326.0,2337.6,2314.4,2326.0
2018-07-19,2322.6,2334.2,2310.9,2322.6
2018-07-20,2294.1,2305.5,2282.6,2294.1
2018-07-23,2303.8,2315.3,2292.2,2303.8
2018-07-24,2316.7,2328.3,2305.2,2316.7
2018-07-25,2337.7,2349.4,2326.0,2337.7
2018-07-26,2321.3,2332.9,2309.7,2321.3
2018-07-27,2339.8,2351.4,2328.1,2339.8
2018-07-30,2379.2,2391.1,2367.3,2379.2
2018-07-31,2371.8,2383.7,2359.9,2371.8
2018-08-01,2367.7,2379.5,2355.8,2367.7
2018-08-02,2375.3,2387.2,2363.4,2375.3
2018-08-03,2318.6,2330.1,2307.0,2318.6
2018-08-06,2279.1,2290.5,2267.7,2279.1
2018-08-07,2263.2,2274.6,2251.9,2263.2
2018-08-08,2252.8,2264.0,2241.5,2252.8
2018-08-09,2252.9,2264.2,2241.6,2252.9
2018-08-10,2256.4,2267.7,2245.1,2256.4
2018-08-13,2219.6,2230.7,2208.5,2219.6
2018-08-14,2244.2,2255.4,2233.0,2244.2
2018-08-15,2249.2,2260.4,2237.9,2249.2
2018-08-16,2247.7,2258.9,2236.5,2247.7
2018-08-17,2255.8,2267.1,2244.5,2255.8
2018-08-20,2235.5,2246.6,2224.3,2235.5
2018-08-21,2227.7,2238.8,2216.5,2227.7
2018-08-22,2201.5,2212.5,2190.5,2201.5
2018-08-23,2151.7,2162.5,2141.0,2151.7
2018-08-24,2148.0,2158.7,2137.2,2148.0
2018-08-27,2184.4,2195.3,2173.5,2184.4
2018-08-28,2171.3,2182.2,2160.5,2171.3
2018-08-29,2137.1,2147.8,2126.4,2137.1
2018-08-30,2151.3,2162.0,2140.5,2151.3
2018-08-31,2141.7,2152.4,2130.9,2141.7
2018-09-03,2150.3,2161.0,2139.5,2150.3
2018-09-04,2165.5,2176.3,2154.6,2165.5
2018-09-05,2154.2,2165.0,2143.4,2154.2
2018-09-06,2163.6,2174.4,2152.8,2163.6
2018-09-07,2162.6,2173.4,2151.8,2162.6
2018-09-10,2116.1,2126.7,2105.5,2116.1
2018-09-11,2106.5,2117.0,2095.9,2106.5
2018-09-12,2090.6,2101.1,2080.2,2090.6
2018-09-13,2060.7,2071.0,2050.4,2060.7
2018-09-14,2046.7,2056.9,2036.4,2046.7
2018-09-17,2063.2,2073.5,2052.9,2063.2
2018-09-18,2067.5,2077.8,2057.1,2067.5
2018-09-19,2030.9,2041.0,2020.7,2030.9
2018-09-20,2012.2,2022.3,2002.1,2012.2
2018-09-21,2018.8,2028.9,2008.7,2018.8
2018-09-24,2021.6,2031.7,2011.5,2021.6
2018-09-25,2020.2,2030.3,2010.1,2020.2
2018-09-26,2041.9,2052.1,2031.7,2041.9
2018-09-27,2054.2,2064.5,2043.9,2054.2
2018-09-28,2045.5,2055.7,2035.2,2045.5
2018-10-01,2031.2,2041.3,2021.0,2031.2
2018-10-02,2031.2,2041.4,2021.1,2031.2
2018-10-03,1990.8,2000.8,1980.9,1990.8
2018-10-04,2003.4,2013.4,1993.4,2003.4
2018-10-05,1982.0,1991.9,1972.1,1982.0
2018-10-08,2011.5,2021.5,2001.4,2011.5
2018-10-09,1979.7,1989.6,1969.8,1979.7
2018-10-10,1994.0,2004.0,1984.0,1994.0
2018-10-11,1957.1,1966.9,1947.3,1957.1
2018-10-12,1950.7,1960.4,1940.9,1950.7
2018-10-15,1963.7,1973.6,1953.9,1963.7
2018-10-16,1989.9,1999.9,1980.0,1989.9
2018-10-17,2013.7,2023.7,2003.6,2013.7
2018-10-18,2032.3,2042.4,2022.1,2032.3
2018-10-19,2052.2,2062.4,2041.9,2052.2
2018-10-22,2069.7,2080.0,2059.3,2069.7
2018-10-23,2058.5,2068.8,2048.2,2058.5
2018-10-24,2051.5,2061.8,2041.3,2051.5
2018-10-25,2067.2,2077.5,2056.9,2067.2
2018-10-26,2090.8,2101.2,2080.3,2090.8
2018-10-29,2083.5,2093.9,2073.0,2083.5
2018-10-30,2071.3,2081.6,2060.9,2071.3
2018-10-31,2058.9,2069.2,2048.6,2058.9
2018-11-01,2042.5,2052.7,2032.3,2042.5
2018-11-02,2053.2,2063.5,2042.9,2053.2
2018-11-05,2074.1,2084.5,2063.7,2074.1
2018-11-06,2083.2,2093.6,2072.8,2083.2
2018-11-07,2081.2,2091.6,2070.8,2081.2
2018-11-08,2119.7,2130.3,2109.1,2119.7
2018-11-09,2116.3,2126.8,2105.7,2116.3
2018-11-12,2138.6,2149.3,2128.0,2138.6
2018-11-13,2111.4,2122.0,2100.9,2111.4
2018-11-14,2112.7,2123.3,2102.2,2112.7
2018-11-15,2089.0,2099.4,2078.5,2089.0
2018-11-16,2067.7,2078.0,2057.3,2067.7
2018-11-19,2046.6,2056.9,2036.4,2046.6
2018-11-20,2047.7,2057.9,2037.4,2047.7
2018-11-21,2037.7,2047.9,2027.5,2037.7
2018-11-22,1995.0,2004.9,1985.0,1995.0
2018-11-23,1988.1,1998.1,1978.2,1988.1
2018-11-26,1974.6,1984.5,1964.8,1974.6
2018-11-27,1941.5,1951.2,1931.8,1941.5
2018-11-28,1955.3,1965.1,1945.5,1955.3
2018-11-29,1972.7,1982.6,1962.8,1972.7
2018-11-30,1988.1,1998.1,1978.2,1988.1
2018-12-03,2021.3,2031.4,2011.2,2021.3
2018-12-04,1998.3,2008.2,1988.3,1998.3
2018-12-05,1976.8,1986.7,1966.9,1976.8
2018-12-06,1978.2,1988.1,1968.3,1978.2
2018-12-07,1977.6,1987.5,1967.7,1977.6
2018-12-10,1979.2,1989.1,1969.3,1979.2
2018-12-11,1997.8,2007.8,1987.8,1997.8
2018-12-12,1993.1,2003.1,1983.2,1993.1
2018-12-13,2014.8,2024.9,2004.7,2014.8
2018-12-14,1998.6,2008.6,1988.6,1998.6
2018-12-17,1985.6,1995.5,1975.7,1985.6
2018-12-18,1963.8,1973.6,1953.9,1963.8
2018-12-19,1896.3,1905.8,1886.9,1896.3
2018-12-20,1866.0,1875.3,1856.6,1866.0
2018-12-21,1890.6,1900.0,1881.1,1890.6
2018-12-24,1915.2,1924.8,1905.6,1915.2
2018-12-25,1893.1,1902.6,1883.6,1893.1
2018-12-26,1916.6,1926.2,1907.1,1916.6
2018-12-27,1871.2,1880.6,1861.9,1871.2
2018-12-28,1856.2,1865.5,1846.9,1856.2
2018-12-31,1850.4,1859.7,1841.2,1850.4
2019-01-01,1878.8,1888.2,1869.4,1878.8
2019-01-02,1920.1,1929.7,1910.5,1920.1
2019-01-03,1913.6,1923.2,1904.0,1913.6
2019-01-04,1915.3,1924.9,1905.8,1915.3
2019-01-07,1936.2,1945.8,1926.5,1936.2
2019-01-08,1982.7,1992.6,1972.8,1982.7
2019-01-09,2005.6,2015.6,1995.6,2005.6
2019-01-10,1979.4,1989.3,1969.5,1979.4
2019-01-11,1996.1,2006.1,1986.1,1996.1
2019-01-14,1978.6,1988.5,1968.7,1978.6
2019-01-15,2005.4,2015.4,1995.3,2005.4
2019-01-16,2015.5,2025.5,2005.4,2015.5
2019-01-17,1992.1,2002.1,1982.2,1992.1
2019-01-18,2012.1,2022.1,2002.0,2012.1
2019-01-21,2016.5,2026.6,2006.4,2016.5
2019-01-22,2020.9,2031.0,2010.8,2020.9
2019-01-23,2017.7,2027.8,2007.6,2017.7
2019-01-24,2003.7,2013.7,1993.7,2003.7
2019-01-25,2012.8,2022.9,2002.7,2012.8
2019-01-28,2049.5,2059.7,2039.2,2049.5
2019-01-29,2081.3,2091.7,2070.9,2081.3
2019-01-30,2070.3,2080.7,2060.0,2070.3
2019-01-31,2022.2,2032.3,2012.1,2022.2
2019-02-01,2007.8,2017.8,1997.7,2007.8
2019-02-04,2003.8,2013.8,1993.8,2003.8
2019-02-05,2005.6,2015.6,1995.5,2005.6
2019-02-06,2019.1,2029.2,2009.0,2019.1
2019-02-07,2028.6,2038.7,2018.4,2028.6
2019-02-08,2037.7,2047.9,2027.5,2037.7
2019-02-11,2016.5,2026.6,2006.4,2016.5
2019-02-12,2001.3,2011.3,1991.3,2001.3
2019-02-13,1976.0,1985.9,1966.1,1976.0
2019-02-14,1978.0,1987.9,1968.1,1978.0
2019-02-15,1991.5,2001.5,1981.6,1991.5
2019-02-18,2005.2,2015.3,1995.2,2005.2
2019-02-19,1951.8,1961.5,1942.0,1951.8
2019-02-20,1958.6,1968.4,1948.8,1958.6
2019-02-21,1935.7,1945.4,1926.1,1935.7
2019-02-22,1945.5,1955.2,1935.8,1945.5
2019-02-25,1920.2,1929.8,1910.6,1920.2
2019-02-26,1933.2,1942.9,1923.6,1933.2
2019-02-27,1918.9,1928.5,1909.3,1918.9
2019-02-28,1905.7,1915.2,1896.1,1905.7
2019-03-01,1917.0,1926.6,1907.4,1917.0
2019-03-04,1902.1,1911.6,1892.6,1902.1
2019-03-05,1919.6,1929.2,1910.0,1919.6
2019-03-06,1931.9,1941.6,1922.2,1931.9
2019-03-07,1927.2,1936.9,1917.6,1927.2
2019-03-08,1916.2,1925.8,1906.6,1916.2
2019-03-11,1935.7,1945.4,1926.1,1935.7
2019-03-12,1948.4,1958.2,1938.7,1948.4
2019-03-13,1975.8,1985.7,1965.9,1975.8
2019-03-14,1937.5,1947.2,1927.8,1937.5
2019-03-15,1928.6,1938.2,1918.9,1928.6
2019-03-18,1914.1,1923.6,1904.5,1914.1
2019-03-19,1921.3,1930.9,1911.6,1921.3
2019-03-20,1900.4,1909.9,1890.9,1900.4
2019-03-21,1883.2,1892.6,1873.8,1883.2
2019-03-22,1882.8,1892.2,1873.4,1882.8
2019-03-25,1843.5,1852.7,1834.3,1843.5
2019-03-26,1806.2,1815.2,1797.2,1806.2
2019-03-27,1806.5,1815.5,1797.4,1806.5
2019-03-28,1858.6,1867.9,1849.4,1858.6
2019-03-29,1860.4,1869.7,1851.1,1860.4
2019-04-01,1850.8,1860.0,1841.5,1850.8
2019-04-02,1858.6,1867.9,1849.3,1858.6
2019-04-03,1868.7,1878.1,1859.4,1868.7
2019-04-04,1865.1,1874.4,1855.7,1865.1
2019-04-05,1851.2,1860.5,1842.0,1851.2
2019-04-08,1818.7,1827.8,1809.6,1818.7
2019-04-09,1836.4,1845.5,1827.2,1836.4
2019-04-10,1827.5,1836.7,1818.4,1827.5
2019-04-11,1836.7,1845.9,1827.5,1836.7
2019-04-12,1856.1,1865.4,1846.8,1856.1
2019-04-15,1846.3,1855.6,1837.1,1846.3
2019-04-16,1818.2,1827.3,1809.1,1818.2
2019-04-17,1814.4,1823.4,1805.3,1814.4
2019-04-18,1812.0,1821.0,1802.9,1812.0
2019-04-19,1821.7,1830.8,1812.6,1821.7
2019-04-22,1808.4,1817.4,1799.3,1808.4
2019-04-23,1797.3,1806.3,1788.3,1797.3
2019-04-24,1791.2,1800.1,1782.2,1791.2
2019-04-25,1799.2,1808.2,1790.2,1799.2
2019-04-26,1816.5,1825.5,1807.4,1816.5
2019-04-29,1856.3,1865.6,1847.0,1856.3
2019-04-30,1889.2,1898.6,1879.8,1889.2
2019-05-01,1881.9,1891.3,1872.5,1881.9
2019-05-02,1864.8,1874.2,1855.5,1864.8
2019-05-03,1850.3,1859.6,1841.1,1850.3
2019-05-06,1821.1,1830.2,1812.0,1821.1
2019-05-07,1822.2,1831.3,1813.1,1822.2
2019-05-08,1802.8,1811.8,1793.8,1802.8
2019-05-09,1782.3,1791.2,1773.4,1782.3
2019-05-10,1763.9,1772.7,1755.1,1763.9
2019-05-13,1778.8,1787.7,1769.9,1778.8
2019-05-14,1777.8,1786.7,1768.9,1777.8
2019-05-15,1753.5,1762.3,1744.8,1753.5
2019-05-16,1771.1,1780.0,1762.3,1771.1
2019-05-17,1793.3,1802.3,1784.4,1793.3
2019-05-20,1781.8,1790.7,1772.9,1781.8
2019-05-21,1767.5,1776.3,1758.7,1767.5
2019-05-22,1752.3,1761.0,1743.5,1752.3
2019-05-23,1758.3,1767.1,1749.5,1758.3
2019-05-24,1775.5,1784.4,1766.6,1775.5
2019-05-27,1775.8,1784.6,1766.9,1775.8
2019-05-28,1751.3,1760.0,1742.5,1751.3
2019-05-29,1771.2,1780.1,1762.4,1771.2
2019-05-30,1770.0,1778.9,1761.2,1770.0
2019-05-31,1766.2,1775.0,1757.4,1766.2
2019-06-03,1771.9,1780.7,1763.0,1771.9
2019-06-04,1790.0,1798.9,1781.0,1790.0
2019-06-05,1768.1,1776.9,1759.3,1768.1
2019-06-06,1743.7,1752.4,1734.9,1743.7
2019-06-07,1743.5,1752.2,1734.8,1743.5
2019-06-10,1740.8,1749.5,1732.1,1740.8
2019-06-11,1757.4,1766.2,1748.6,1757.4
2019-06-12,1779.6,1788.5,1770.7,1779.6
2019-06-13,1769.1,1777.9,1760.2,1769.1
2019-06-14,1773.8,1782.7,1764.9,1773.8
2019-06-17,1777.9,1786.8,1769.0,1777.9
2019-06-18,1785.9,1794.9,1777.0,1785.9
2019-06-19,1755.0,1763.8,1746.2,1755.0
2019-06-20,1763.5,1772.3,1754.6,1763.5
2019-06-21,1747.5,1756.3,1738.8,1747.5
2019-06-24,1754.4,1763.2,1745.7,1754.4
2019-06-25,1733.0,1741.7,1724.4,1733.0
2019-06-26,1734.0,1742.7,1725.3,1734.0
2019-06-27,1728.4,1737.0,1719.8,1728.4
2019-06-28,1765.8,1774.6,1757.0,1765.8
2019-07-01,1745.0,1753.7,1736.2,1745.0
2019-07-02,1726.9,1735.5,1718.2,1726.9
2019-07-03,1752.2,1761.0,1743.5,1752.2
2019-07-04,1765.4,1774.3,1756.6,1765.4
2019-07-05,1767.3,1776.1,1758.4,1767.3
2019-07-08,1753.1,1761.8,1744.3,1753.1
2019-07-09,1730.4,1739.0,1721.7,1730.4
2019-07-10,1721.3,1729.9,1712.7,1721.3
2019-07-11,1710.7,1719.3,1702.2,1710.7
2019-07-12,1697.8,1706.3,1689.3,1697.8
2019-07-15,1686.2,1694.6,1677.8,1686.2
2019-07-16,1676.7,1685.1,1668.4,1676.7
2019-07-17,1694.0,1702.5,1685.6,1694.0
2019-07-18,1669.7,1678.0,1661.3,1669.7
2019-07-19,1677.4,1685.8,1669.0,1677.4
2019-07-22,1679.9,1688.3,1671.5,1679.9
2019-07-23,1678.9,1687.3,1670.5,1678.9
2019-07-24,1690.5,1699.0,1682.1,1690.5
2019-07-25,1697.4,1705.9,1688.9,1697.4
2019-07-26,1698.2,1706.7,1689.7,1698.2
2019-07-29,1713.5,1722.0,1704.9,1713.5
2019-07-30,1669.4,1677.8,1661.1,1669.4
2019-07-31,1707.1,1715.6,1698.6,1707.1
2019-08-01,1726.1,1734.7,1717.5,1726.1
2019-08-02,1752.8,1761.6,1744.0,1752.8
2019-08-05,1731.1,1739.8,1722.5,1731.1
2019-08-06,1729.2,1737.8,1720.5,1729.2
2019-08-07,1731.3,1740.0,1722.7,1731.3
2019-08-08,1721.8,1730.4,1713.1,1721.8
2019-08-09,1722.0,1730.6,1713.4,1722.0
2019-08-12,1721.0,1729.6,1712.4,1721.0
2019-08-13,1697.6,1706.1,1689.1,1697.6
2019-08-14,1708.3,1716.8,1699.8,1708.3
2019-08-15,1717.0,1725.6,1708.4,1717.0
2019-08-16,1702.6,1711.1,1694.0,1702.6
2019-08-19,1675.8,1684.2,1667.4,1675.8
2019-08-20,1676.8,1685.2,1668.5,1676.8
2019-08-21,1661.8,1670.1,1653.5,1661.8
2019-08-22,1666.2,1674.5,1657.9,1666.2
2019-08-23,1652.5,1660.7,1644.2,1652.5
2019-08-26,1675.3,1683.7,1666.9,1675.3
2019-08-27,1662.7,1671.0,1654.4,1662.7
2019-08-28,1647.1,1655.4,1638.9,1647.1
2019-08-29,1647.7,1656.0,1639.5,1647.7
2019-08-30,1621.1,1629.2,1613.0,1621.1
2019-09-02,1606.2,1614.3,1598.2,1606.2
2019-09-03,1580.6,1588.5,1572.7,1580.6
2019-09-04,1587.3,1595.3,1579.4,1587.3
2019-09-05,1605.6,1613.6,1597.6,1605.6
2019-09-06,1600.3,1608.3,1592.3,1600.3
2019-09-09,1620.7,1628.8,1612.6,1620.7
2019-09-10,1607.4,1615.4,1599.4,1607.4
2019-09-11,1601.1,1609.1,1593.1,1601.1
2019-09-12,1617.6,1625.7,1609.5,1617.6
2019-09-13,1630.2,1638.4,1622.1,1630.2
2019-09-16,1635.4,1643.6,1627.2,1635.4
2019-09-17,1653.3,1661.6,1645.1,1653.3
2019-09-18,1651.1,1659.4,1642.9,1651.1
2019-09-19,1654.8,1663.1,1646.6,1654.8
2019-09-20,1642.1,1650.3,1633.8,1642.1
2019-09-23,1670.3,1678.6,1661.9,1670.3
2019-09-24,1660.3,1668.6,1652.0,1660.3
2019-09-25,1654.7,1663.0,1646.4,1654.7
2019-09-26,1656.2,1664.5,1647.9,1656.2
2019-09-27,1665.1,1673.4,1656.8,1665.1
2019-09-30,1670.8,1679.1,1662.4,1670.8
2019-10-01,1622.9,1631.0,1614.8,1622.9
2019-10-02,1651.1,1659.3,1642.8,1651.1
2019-10-03,1675.1,1683.5,1666.8,1675.1
2019-10-04,1692.1,1700.5,1683.6,1692.1
2019-10-07,1687.5,1696.0,1679.1,1687.5
2019-10-08,1703.5,1712.0,1694.9,1703.5
2019-10-09,1702.5,1711.0,1694.0,1702.5
2019-10-10,1701.3,1709.8,1692.8,1701.3
2019-10-11,1707.4,1716.0,1698.9,1707.4
2019-10-14,1708.1,1716.6,1699.5,1708.1
2019-10-15,1718.8,1727.4,1710.2,1718.8
2019-10-16,1677.6,1686.0,1669.2,1677.6
2019-10-17,1671.8,1680.2,1663.5,1671.8
2019-10-18,1648.0,1656.2,1639.7,1648.0
2019-10-21,1657.5,1665.8,1649.2,1657.5
2019-10-22,1639.1,1647.3,1630.9,1639.1
2019-10-23,1631.8,1639.9,1623.6,1631.8
2019-10-24,1644.3,1652.5,1636.1,1644.3
2019-10-25,1662.1,1670.4,1653.8,1662.1
2019-10-28,1669.6,1678.0,1661.3,1669.6
2019-10-29,1677.0,1685.3,1668.6,1677.0
2019-10-30,1652.8,1661.1,1644.6,1652.8
2019-10-31,1632.6,1640.8,1624.5,1632.6
2019-11-01,1608.9,1616.9,1600.9,1608.9
2019-11-04,1587.8,1595.8,1579.9,1587.8
2019-11-05,1589.4,1597.4,1581.5,1589.4
2019-11-06,1604.3,1612.3,1596.3,1604.3
2019-11-07,1618.3,1626.4,1610.2,1618.3
2019-11-08,1586.3,1594.2,1578.3,1586.3
2019-11-11,1582.2,1590.1,1574.3,1582.2
2019-11-12,1576.8,1584.7,1568.9,1576.8
2019-11-13,1539.3,1546.9,1531.6,1539.3
2019-11-14,1553.4,1561.1,1545.6,1553.4
2019-11-15,1566.2,1574.1,1558.4,1566.2
2019-11-18,1553.8,1561.6,1546.0,1553.8
2019-11-19,1548.9,1556.6,1541.1,1548.9
2019-11-20,1551.3,1559.0,1543.5,1551.3
2019-11-21,1557.7,1565.5,1550.0,1557.7
2019-11-22,1547.1,1554.9,1539.4,1547.1
2019-11-25,1531.4,1539.0,1523.7,1531.4
2019-11-26,1515.0,1522.6,1507.5,1515.0
2019-11-27,1539.8,1547.5,1532.1,1539.8
2019-11-28,1559.0,1566.8,1551.2,1559.0
2019-11-29,1541.0,1548.7,1533.3,1541.0
2019-12-02,1524.2,1531.8,1516.5,1524.2
2019-12-03,1508.2,1515.8,1500.7,1508.2
2019-12-04,1486.5,1493.9,1479.0,1486.5
2019-12-05,1519.2,1526.8,1511.6,1519.2
2019-12-06,1508.5,1516.0,1500.9,1508.5
2019-12-09,1519.1,1526.7,1511.5,1519.1
2019-12-10,1514.3,1521.9,1506.8,1514.3
2019-12-11,1511.6,1519.1,1504.0,1511.6
2019-12-12,1507.8,1515.3,1500.3,1507.8
2019-12-13,1514.3,1521.9,1506.8,1514.3
2019-12-16,1509.7,1517.2,1502.1,1509.7
2019-12-17,1521.7,1529.3,1514.1,1521.7
2019-12-18,1539.3,1547.0,1531.6,1539.3
2019-12-19,1528.7,1536.3,1521.0,1528.7
2019-12-20,1531.2,1538.8,1523.5,1531.2
2019-12-23,1503.0,1510.5,1495.5,1503.0
2019-12-24,1495.4,1502.9,1488.0,1495.4
2019-12-25,1496.5,1504.0,1489.0,1496.5
2019-12-26,1494.1,1501.6,1486.7,1494.1
2019-12-27,1493.2,1500.6,1485.7,1493.2
2019-12-30,1499.5,1507.0,1492.0,1499.5
2019-12-31,1510.8,1518.4,1503.3,1510.8
2020-01-01,1478.6,1486.0,1471.2,1478.6
2020-01-02,1482.6,1490.0,1475.2,1482.6
2020-01-03,1478.8,1486.2,1471.4,1478.8
2020-01-06,1470.3,1477.7,1463.0,1470.3
2020-01-07,1492.8,1500.3,1485.4,1492.8
2020-01-08,1466.3,1473.7,1459.0,1466.3
2020-01-09,1466.9,1474.3,1459.6,1466.9
2020-01-10,1490.1,1497.5,1482.6,1490.1
2020-01-13,1489.0,1496.5,1481.6,1489.0
2020-01-14,1474.7,1482.1,1467.3,1474.7
2020-01-15,1472.1,1479.4,1464.7,1472.1
2020-01-16,1499.5,1507.0,1492.0,1499.5
2020-01-17,1516.5,1524.0,1508.9,1516.5
2020-01-20,1504.8,1512.3,1497.2,1504.8
2020-01-21,1526.6,1534.2,1519.0,1526.6
2020-01-22,1533.8,1541.5,1526.1,1533.8
2020-01-23,1492.9,1500.4,1485.4,1492.9
2020-01-24,1490.5,1498.0,1483.1,1490.5
2020-01-27,1514.9,1522.4,1507.3,1514.9
2020-01-28,1510.4,1518.0,1502.9,1510.4
2020-01-29,1531.2,1538.8,1523.5,1531.2
2020-01-30,1506.7,1514.3,1499.2,1506.7
2020-01-31,1485.3,1492.8,1477.9,1485.3
2020-02-03,1499.7,1507.2,1492.3,1499.7
2020-02-04,1510.7,1518.3,1503.2,1510.7
2020-02-05,1508.0,1515.5,1500.5,1508.0
2020-02-06,1518.7,1526.3,1511.1,1518.7
2020-02-07,1507.0,1514.6,1499.5,1507.0
2020-02-10,1485.8,1493.2,1478.4,1485.8
2020-02-11,1490.1,1497.6,1482.7,1490.1
2020-02-12,1484.2,1491.7,1476.8,1484.2
2020-02-13,1489.0,1496.4,1481.5,1489.0
2020-02-14,1490.3,1497.7,1482.8,1490.3
2020-02-17,1481.3,1488.7,1473.9,1481.3
2020-02-18,1507.5,1515.0,1499.9,1507.5
2020-02-19,1489.3,1496.7,1481.8,1489.3
2020-02-20,1489.4,1496.9,1482.0,1489.4
2020-02-21,1486.0,1493.4,1478.5,1486.0
2020-02-24,1486.2,1493.6,1478.8,1486.2
2020-02-25,1484.7,1492.1,1477.3,1484.7
2020-02-26,1498.3,1505.8,1490.8,1498.3
2020-02-27,1500.0,1507.5,1492.5,1500.0
2020-02-28,1487.4,1494.9,1480.0,1487.4
2020-03-02,1480.9,1488.3,1473.5,1480.9
2020-03-03,1471.6,1478.9,1464.2,1471.6
2020-03-04,1462.2,1469.5,1454.9,1462.2
2020-03-05,1475.4,1482.7,1468.0,1475.4
2020-03-06,1476.8,1484.2,1469.4,1476.8
2020-03-09,1490.5,1497.9,1483.0,1490.5
2020-03-10,1472.4,1479.8,1465.0,1472.4
2020-03-11,1471.1,1478.5,1463.8,1471.1
2020-03-12,1482.0,1489.4,1474.6,1482.0
2020-03-13,1500.8,1508.3,1493.3,1500.8
2020-03-16,1486.0,1493.5,1478.6,1486.0
2020-03-17,1513.2,1520.8,1505.7,1513.2
2020-03-18,1537.4,1545.1,1529.7,1537.4
2020-03-19,1554.1,1561.9,1546.3,1554.1
2020-03-20,1574.0,1581.8,1566.1,1574.0
2020-03-23,1573.4,1581.3,1565.6,1573.4
2020-03-24,1561.5,1569.3,1553.7,1561.5
2020-03-25,1563.7,1571.5,1555.9,1563.7
2020-03-26,1569.3,1577.2,1561.5,1569.3
2020-03-27,1560.5,1568.3,1552.7,1560.5
2020-03-30,1576.4,1584.3,1568.5,1576.4
2020-03-31,1599.2,1607.2,1591.2,1599.2
2020-04-01,1611.5,1619.6,1603.5,1611.5
2020-04-02,1611.8,1619.8,1603.7,1611.8
2020-04-03,1573.5,1581.4,1565.7,1573.5
2020-04-06,1556.6,1564.4,1548.8,1556.6
2020-04-07,1558.0,1565.8,1550.2,1558.0
2020-04-08,1570.9,1578.8,1563.1,1570.9
2020-04-09,1551.0,1558.8,1543.3,1551.0
2020-04-10,1556.1,1563.8,1548.3,1556.1
2020-04-13,1576.1,1583.9,1568.2,1576.1
2020-04-14,1577.9,1585.8,1570.0,1577.9
2020-04-15,1570.9,1578.8,1563.1,1570.9
2020-04-16,1550.7,1558.5,1543.0,1550.7
2020-04-17,1567.5,1575.3,1559.7,1567.5
2020-04-20,1566.2,1574.1,1558.4,1566.2
2020-04-21,1596.9,1604.8,1588.9,1596.9
2020-04-22,1602.6,1610.6,1594.6,1602.6
2020-04-23,1611.3,1619.4,1603.3,1611.3
2020-04-24,1627.2,1635.4,1619.1,1627.2
2020-04-27,1628.8,1637.0,1620.7,1628.8
2020-04-28,1638.6,1646.8,1630.4,1638.6
2020-04-29,1630.0,1638.2,1621.9,1630.0
2020-04-30,1619.4,1627.5,1611.4,1619.4
2020-05-01,1608.9,1616.9,1600.9,1608.9
2020-05-04,1610.2,1618.3,1602.2,1610.2
2020-05-05,1648.1,1656.4,1639.9,1648.1
2020-05-06,1635.8,1643.9,1627.6,1635.8
2020-05-07,1649.1,1657.3,1640.8,1649.1
2020-05-08,1648.0,1656.2,1639.8,1648.0
2020-05-11,1637.7,1645.9,1629.6,1637.7
2020-05-12,1654.7,1663.0,1646.4,1654.7
2020-05-13,1649.5,1657.7,1641.2,1649.5
2020-05-14,1645.6,1653.8,1637.3,1645.6
2020-05-15,1667.5,1675.8,1659.2,1667.5
2020-05-18,1671.8,1680.1,1663.4,1671.8
2020-05-19,1678.7,1687.1,1670.3,1678.7
2020-05-20,1681.2,1689.6,1672.8,1681.2
2020-05-21,1682.6,1691.1,1674.2,1682.6
2020-05-22,1663.4,1671.7,1655.1,1663.4
2020-05-25,1687.9,1696.3,1679.4,1687.9
2020-05-26,1695.1,1703.5,1686.6,1695.1
2020-05-27,1712.1,1720.7,1703.6,1712.1
2020-05-28,1716.6,1725.2,1708.1,1716.6
2020-05-29,1737.1,1745.8,1728.5,1737.1
2020-06-01,1745.7,1754.4,1736.9,1745.7
2020-06-02,1770.8,1779.7,1762.0,1770.8
2020-06-03,1755.7,1764.5,1746.9,1755.7
2020-06-04,1743.4,1752.1,1734.7,1743.4
2020-06-05,1776.4,1785.3,1767.5,1776.4
2020-06-08,1797.6,1806.6,1788.6,1797.6
2020-06-09,1830.1,1839.3,1821.0,1830.1
2020-06-10,1839.5,1848.7,1830.3,1839.5
2020-06-11,1833.0,1842.2,1823.8,1833.0
2020-06-12,1864.5,1873.8,1855.2,1864.5
2020-06-15,1836.4,1845.5,1827.2,1836.4
2020-06-16,1849.7,1859.0,1840.5,1849.7
2020-06-17,1803.7,1812.7,1794.6,1803.7
2020-06-18,1831.4,1840.6,1822.3,1831.4
2020-06-19,1813.2,1822.3,1804.1,1813.2
2020-06-22,1815.0,1824.0,1805.9,1815.0
2020-06-23,1799.1,1808.1,1790.1,1799.1
2020-06-24,1812.0,1821.0,1802.9,1812.0
2020-06-25,1810.5,1819.5,1801.4,1810.5
2020-06-26,1837.3,1846.5,1828.1,1837.3
2020-06-29,1832.6,1841.8,1823.5,1832.6
2020-06-30,1812.9,1822.0,1803.8,1812.9
2020-07-01,1808.5,1817.5,1799.4,1808.5
2020-07-02,1841.3,1850.5,1832.1,1841.3
2020-07-03,1861.9,1871.2,1852.6,1861.9
2020-07-06,1890.3,1899.7,1880.8,1890.3
2020-07-07,1880.2,1889.6,1870.8,1880.2
2020-07-08,1856.6,1865.9,1847.3,1856.6
2020-07-09,1884.6,1894.0,1875.2,1884.6
2020-07-10,1860.0,1869.3,1850.7,1860.0
2020-07-13,1868.6,1877.9,1859.2,1868.6
2020-07-14,1858.4,1867.7,1849.1,1858.4
2020-07-15,1862.5,1871.8,1853.2,1862.5
2020-07-16,1833.5,1842.7,1824.4,1833.5
2020-07-17,1853.6,1862.9,1844.4,1853.6
2020-07-20,1889.1,1898.6,1879.7,1889.1
2020-07-21,1910.9,1920.5,1901.4,1910.9
2020-07-22,1891.4,1900.8,1881.9,1891.4
2020-07-23,1902.0,1911.5,1892.5,1902.0
2020-07-24,1900.9,1910.4,1891.4,1900.9
2020-07-27,1909.7,1919.3,1900.2,1909.7
2020-07-28,1943.5,1953.3,1933.8,1943.5
2020-07-29,1936.2,1945.9,1926.5,1936.2
2020-07-30,1950.5,1960.3,1940.8,1950.5
2020-07-31,1918.2,1927.8,1908.6,1918.2
2020-08-03,1926.9,1936.5,1917.3,1926.9
2020-08-04,1947.3,1957.1,1937.6,1947.3
2020-08-05,1946.2,1956.0,1936.5,1946.2
2020-08-06,1960.0,1969.8,1950.2,1960.0
2020-08-07,1945.9,1955.7,1936.2,1945.9
2020-08-10,1945.9,1955.7,1936.2,1945.9
2020-08-11,1946.2,1955.9,1936.4,1946.2
2020-08-12,1938.6,1948.3,1928.9,1938.6
2020-08-13,1959.6,1969.4,1949.8,1959.6
2020-08-14,1983.6,1993.5,1973.7,1983.6
2020-08-17,2004.8,2014.8,1994.8,2004.8
2020-08-18,1956.3,1966.1,1946.5,1956.3
2020-08-19,1953.7,1963.5,1943.9,1953.7
2020-08-20,1974.3,1984.1,1964.4,1974.3
2020-08-21,1974.2,1984.0,1964.3,1974.2
2020-08-24,1979.9,1989.8,1970.0,1979.9
2020-08-25,2002.0,2012.0,1992.0,2002.0
2020-08-26,2024.3,2034.4,2014.2,2024.3
2020-08-27,2038.0,2048.2,2027.8,2038.0
2020-08-28,2009.5,2019.5,1999.5,2009.5
2020-08-31,1996.8,2006.8,1986.8,1996.8
2020-09-01,2006.7,2016.7,1996.6,2006.7
2020-09-02,1968.4,1978.2,1958.5,1968.4
2020-09-03,2007.0,2017.0,1996.9,2007.0
2020-09-04,2013.6,2023.6,2003.5,2013.6
2020-09-07,2010.0,2020.0,1999.9,2010.0
2020-09-08,2003.6,2013.6,1993.5,2003.6
2020-09-09,2033.0,2043.2,2022.9,2033.0
2020-09-10,2011.0,2021.1,2000.9,2011.0
2020-09-11,1976.6,1986.5,1966.7,1976.6
2020-09-14,1969.8,1979.6,1959.9,1969.8
2020-09-15,1983.4,1993.3,1973.5,1983.4
2020-09-16,2023.5,2033.7,2013.4,2023.5
2020-09-17,2054.0,2064.3,2043.7,2054.0
2020-09-18,2049.0,2059.3,2038.8,2049.0
2020-09-21,2066.4,2076.8,2056.1,2066.4
2020-09-22,2077.9,2088.2,2067.5,2077.9
2020-09-23,2086.3,2096.7,2075.8,2086.3
2020-09-24,2048.7,2058.9,2038.4,2048.7
2020-09-25,2047.7,2057.9,2037.4,2047.7
2020-09-28,2077.1,2087.5,2066.7,2077.1
2020-09-29,2121.3,2132.0,2110.7,2121.3
2020-09-30,2132.7,2143.3,2122.0,2132.7
2020-10-01,2160.0,2170.8,2149.2,2160.0
2020-10-02,2180.2,2191.1,2169.3,2180.2
2020-10-05,2180.3,2191.2,2169.4,2180.3
2020-10-06,2153.1,2163.9,2142.3,2153.1
2020-10-07,2180.1,2191.0,2169.2,2180.1
2020-10-08,2221.4,2232.5,2210.3,2221.4
2020-10-09,2212.1,2223.2,2201.1,2212.1
2020-10-12,2245.9,2257.1,2234.7,2245.9
2020-10-13,2248.5,2259.8,2237.3,2248.5
2020-10-14,2218.1,2229.2,2207.0,2218.1
2020-10-15,2220.2,2231.3,2209.1,2220.2
2020-10-16,2209.1,2220.1,2198.0,2209.1
2020-10-19,2228.3,2239.4,2217.1,2228.3
2020-10-20,2238.5,2249.7,2227.3,2238.5
2020-10-21,2225.6,2236.8,2214.5,2225.6
2020-10-22,2199.0,2210.0,2188.0,2199.0
2020-10-23,2192.4,2203.4,2181.5,2192.4
2020-10-26,2238.3,2249.5,2227.1,2238.3
2020-10-27,2214.7,2225.7,2203.6,2214.7
2020-10-28,2234.4,2245.6,2223.3,2234.4
2020-10-29,2250.7,2261.9,2239.4,2250.7
2020-10-30,2240.8,2252.0,2229.6,2240.8
2020-11-02,2230.5,2241.6,2219.3,2230.5
2020-11-03,2247.8,2259.0,2236.5,2247.8
2020-11-04,2250.5,2261.7,2239.2,2250.5
2020-11-05,2242.6,2253.8,2231.4,2242.6
2020-11-06,2257.2,2268.5,2245.9,2257.2
2020-11-09,2305.2,2316.7,2293.6,2305.2
2020-11-10,2335.0,2346.6,2323.3,2335.0
2020-11-11,2338.4,2350.1,2326.7,2338.4
2020-11-12,2262.1,2273.4,2250.8,2262.1
2020-11-13,2261.0,2272.3,2249.7,2261.0
2020-11-16,2250.5,2261.8,2239.3,2250.5
2020-11-17,2251.6,2262.8,2240.3,2251.6
2020-11-18,2249.4,2260.7,2238.2,2249.4
2020-11-19,2248.4,2259.6,2237.1,2248.4
2020-11-20,2279.6,2291.0,2268.2,2279.6
2020-11-23,2287.3,2298.8,2275.9,2287.3
2020-11-24,2286.4,2297.8,2274.9,2286.4
2020-11-25,2303.0,2314.5,2291.5,2303.0
2020-11-26,2283.4,2294.8,2272.0,2283.4
2020-11-27,2281.7,2293.1,2270.3,2281.7
2020-11-30,2263.8,2275.2,2252.5,2263.8
2020-12-01,2288.1,2299.5,2276.6,2288.1
2020-12-02,2300.5,2312.0,2289.0,2300.5
2020-12-03,2355.9,2367.7,2344.1,2355.9
2020-12-04,2321.4,2333.0,2309.8,2321.4
2020-12-07,2358.5,2370.3,2346.7,2358.5
2020-12-08,2321.6,2333.2,2310.0,2321.6
2020-12-09,2304.7,2316.2,2293.1,2304.7
2020-12-10,2261.3,2272.6,2250.0,2261.3
2020-12-11,2273.1,2284.4,2261.7,2273.1
2020-12-14,2297.3,2308.7,2285.8,2297.3
2020-12-15,2298.7,2310.2,2287.2,2298.7
2020-12-16,2255.4,2266.7,2244.1,2255.4
2020-12-17,2254.2,2265.5,2242.9,2254.2
2020-12-18,2269.2,2280.6,2257.9,2269.2
2020-12-21,2266.2,2277.6,2254.9,2266.2
2020-12-22,2277.7,2289.1,2266.3,2277.7
2020-12-23,2315.9,2327.5,2304.3,2315.9
2020-12-24,2312.1,2323.6,2300.5,2312.1
2020-12-25,2296.0,2307.5,2284.6,2296.0
2020-12-28,2313.6,2325.1,2302.0,2313.6
2020-12-29,2369.7,2381.5,2357.8,2369.7
2020-12-30,2391.0,2402.9,2379.0,2391.0
2020-12-31,2361.7,2373.5,2349.9,2361.7
2021-01-01,2402.6,2414.6,2390.6,2402.6
2021-01-04,2408.4,2420.4,2396.4,2408.4
2021-01-05,2410.7,2422.8,2398.7,2410.7
2021-01-06,2386.8,2398.7,2374.8,2386.8
2021-01-07,2400.1,2412.1,2388.1,2400.1
2021-01-08,2360.3,2372.1,2348.5,2360.3
2021-01-11,2351.4,2363.2,2339.7,2351.4
2021-01-12,2379.2,2391.1,2367.3,2379.2
2021-01-13,2393.6,2405.6,2381.7,2393.6
2021-01-14,2385.3,2397.3,2373.4,2385.3
2021-01-15,2391.8,2403.8,2379.9,2391.8
2021-01-18,2429.2,2441.3,2417.0,2429.2
2021-01-19,2449.1,2461.4,2436.9,2449.1
2021-01-20,2475.5,2487.9,2463.1,2475.5
2021-01-21,2453.4,2465.7,2441.1,2453.4
2021-01-22,2444.9,2457.1,2432.7,2444.9
2021-01-25,2513.6,2526.1,2501.0,2513.6
2021-01-26,2510.9,2523.5,2498.4,2510.9
2021-01-27,2507.0,2519.6,2494.5,2507.0
2021-01-28,2518.6,2531.2,2506.0,2518.6
2021-01-29,2532.4,2545.0,2519.7,2532.4
2021-02-01,2520.2,2532.8,2507.6,2520.2
2021-02-02,2463.9,2476.3,2451.6,2463.9
2021-02-03,2467.2,2479.6,2454.9,2467.2
2021-02-04,2478.5,2490.9,2466.1,2478.5
2021-02-05,2443.4,2455.7,2431.2,2443.4
2021-02-08,2472.3,2484.6,2459.9,2472.3
2021-02-09,2493.8,2506.3,2481.3,2493.8
2021-02-10,2531.4,2544.1,2518.7,2531.4
2021-02-11,2512.5,2525.1,2499.9,2512.5
2021-02-12,2533.6,2546.3,2521.0,2533.6
2021-02-15,2567.7,2580.6,2554.9,2567.7
2021-02-16,2616.9,2630.0,2603.8,2616.9
2021-02-17,2647.2,2660.4,2634.0,2647.2
2021-02-18,2681.8,2695.2,2668.4,2681.8
2021-02-19,2690.7,2704.2,2677.3,2690.7
2021-02-22,2692.4,2705.8,2678.9,2692.4
2021-02-23,2732.0,2745.6,2718.3,2732.0
2021-02-24,2701.1,2714.6,2687.6,2701.1
2021-02-25,2747.8,2761.5,2734.0,2747.8
2021-02-26,2772.6,2786.4,2758.7,2772.6
2021-03-01,2786.8,2800.8,2772.9,2786.8
2021-03-02,2745.9,2759.7,2732.2,2745.9
2021-03-03,2749.1,2762.8,2735.3,2749.1
2021-03-04,2736.7,2750.4,2723.0,2736.7
2021-03-05,2698.9,2712.4,2685.4,2698.9
2021-03-08,2700.4,2713.9,2686.9,2700.4
2021-03-09,2734.2,2747.9,2720.6,2734.2
2021-03-10,2741.3,2755.0,2727.5,2741.3
2021-03-11,2741.7,2755.4,2728.0,2741.7
2021-03-12,2705.2,2718.7,2691.7,2705.2
2021-03-15,2718.8,2732.4,2705.3,2718.8
2021-03-16,2772.7,2786.6,2758.9,2772.7
2021-03-17,2780.9,2794.8,2767.0,2780.9
2021-03-18,2777.7,2791.6,2763.8,2777.7
2021-03-19,2806.2,2820.3,2792.2,2806.2
2021-03-22,2858.2,2872.5,2843.9,2858.2
2021-03-23,2902.1,2916.6,2887.6,2902.1
2021-03-24,2914.5,2929.1,2899.9,2914.5
2021-03-25,2869.7,2884.1,2855.4,2869.7
2021-03-26,2902.8,2917.3,2888.3,2902.8
2021-03-29,2904.8,2919.3,2890.3,2904.8
2021-03-30,2893.5,2908.0,2879.0,2893.5
2021-03-31,2870.0,2884.4,2855.7,2870.0
2021-04-01,2889.1,2903.5,2874.6,2889.1
2021-04-02,2922.1,2936.8,2907.5,2922.1
2021-04-05,2916.7,2931.3,2902.1,2916.7
2021-04-06,2940.4,2955.1,2925.7,2940.4
2021-04-07,2976.7,2991.5,2961.8,2976.7
2021-04-08,2989.9,3004.9,2975.0,2989.9
2021-04-09,2992.1,3007.1,2977.2,2992.1
2021-04-12,3000.3,3015.3,2985.3,3000.3
2021-04-13,2983.6,2998.5,2968.6,2983.6
2021-04-14,3009.8,3024.9,2994.8,3009.8
2021-04-15,3046.4,3061.6,3031.1,3046.4
2021-04-16,3051.5,3066.8,3036.2,3051.5
2021-04-19,3050.0,3065.2,3034.7,3050.0
2021-04-20,3066.7,3082.1,3051.4,3066.7
2021-04-21,3041.2,3056.4,3026.0,3041.2
2021-04-22,3082.0,3097.4,3066.5,3082.0
2021-04-23,3117.6,3133.2,3102.0,3117.6
2021-04-26,3143.2,3158.9,3127.4,3143.2
2021-04-27,3129.6,3145.2,3113.9,3129.6
2021-04-28,3124.0,3139.7,3108.4,3124.0
2021-04-29,3072.0,3087.3,3056.6,3072.0
2021-04-30,3052.3,3067.5,3037.0,3052.3
2021-05-03,3092.4,3107.9,3076.9,3092.4
2021-05-04,3072.5,3087.8,3057.1,3072.5
2021-05-05,3150.8,3166.6,3135.0,3150.8
2021-05-06,3137.0,3152.7,3121.3,3137.0
2021-05-07,3110.8,3126.4,3095.3,3110.8
2021-05-10,3135.9,3151.6,3120.2,3135.9
2021-05-11,3151.3,3167.0,3135.5,3151.3
2021-05-12,3196.8,3212.8,3180.8,3196.8
2021-05-13,3189.9,3205.9,3174.0,3189.9
2021-05-14,3163.9,3179.7,3148.1,3163.9
2021-05-17,3159.8,3175.6,3144.0,3159.8
2021-05-18,3201.8,3217.8,3185.8,3201.8
2021-05-19,3255.9,3272.2,3239.7,3255.9
2021-05-20,3237.3,3253.5,3221.1,3237.3
2021-05-21,3233.9,3250.0,3217.7,3233.9
2021-05-24,3290.6,3307.1,3274.2,3290.6
2021-05-25,3313.8,3330.4,3297.3,3313.8
2021-05-26,3294.1,3310.5,3277.6,3294.1
2021-05-27,3256.4,3272.7,3240.1,3256.4
2021-05-28,3237.1,3253.2,3220.9,3237.1
2021-05-31,3278.2,3294.5,3261.8,3278.2
2021-06-01,3228.5,3244.6,3212.3,3228.5
2021-06-02,3239.0,3255.2,3222.8,3239.0
2021-06-03,3231.0,3247.1,3214.8,3231.0
2021-06-04,3211.8,3227.8,3195.7,3211.8
2021-06-07,3212.7,3228.7,3196.6,3212.7
2021-06-08,3247.6,3263.8,3231.3,3247.6
2021-06-09,3269.9,3286.3,3253.6,3269.9
2021-06-10,3307.9,3324.5,3291.4,3307.9
2021-06-11,3284.0,3300.4,3267.6,3284.0
2021-06-14,3244.2,3260.4,3228.0,3244.2
2021-06-15,3257.1,3273.4,3240.8,3257.1
2021-06-16,3263.2,3279.5,3246.8,3263.2
2021-06-17,3247.0,3263.2,3230.8,3247.0
2021-06-18,3180.7,3196.6,3164.8,3180.7
2021-06-21,3205.9,3222.0,3189.9,3205.9
2021-06-22,3109.5,3125.1,3094.0,3109.5
2021-06-23,3138.1,3153.8,3122.4,3138.1
2021-06-24,3163.6,3179.4,3147.8,3163.6
2021-06-25,3185.6,3201.5,3169.7,3185.6
2021-06-28,3179.1,3195.0,3163.2,3179.1
2021-06-29,3105.7,3121.3,3090.2,3105.7
2021-06-30,3057.8,3073.1,3042.5,3057.8
2021-07-01,3036.2,3051.4,3021.0,3036.2
2021-07-02,3104.1,3119.6,3088.6,3104.1
2021-07-05,3134.0,3149.7,3118.3,3134.0
2021-07-06,3130.3,3145.9,3114.6,3130.3
2021-07-07,3112.5,3128.1,3097.0,3112.5
2021-07-08,3119.8,3135.4,3104.2,3119.8
2021-07-09,3149.7,3165.4,3133.9,3149.7
2021-07-12,3154.9,3170.7,3139.2,3154.9
2021-07-13,3110.2,3125.8,3094.6,3110.2
2021-07-14,3158.7,3174.5,3142.9,3158.7
2021-07-15,3173.9,3189.8,3158.0,3173.9
2021-07-16,3156.4,3172.2,3140.6,3156.4
2021-07-19,3162.0,3177.8,3146.2,3162.0
2021-07-20,3199.8,3215.8,3183.8,3199.8
2021-07-21,3209.0,3225.0,3192.9,3209.0
2021-07-22,3219.3,3235.4,3203.2,3219.3
2021-07-23,3263.9,3280.3,3247.6,3263.9
2021-07-26,3231.8,3248.0,3215.6,3231.8
2021-07-27,3195.7,3211.7,3179.7,3195.7
2021-07-28,3177.8,3193.7,3161.9,3177.8
2021-07-29,3202.4,3218.4,3186.4,3202.4
2021-07-30,3229.3,3245.4,3213.2,3229.3
2021-08-02,3225.5,3241.6,3209.4,3225.5
2021-08-03,3193.4,3209.4,3177.5,3193.4
2021-08-04,3246.2,3262.4,3229.9,3246.2
2021-08-05,3202.9,3218.9,3186.8,3202.9
2021-08-06,3183.9,3199.8,3168.0,3183.9
2021-08-09,3152.8,3168.6,3137.0,3152.8
2021-08-10,3183.8,3199.8,3167.9,3183.8
2021-08-11,3174.1,3190.0,3158.3,3174.1
2021-08-12,3222.2,3238.3,3206.0,3222.2
2021-08-13,3241.0,3257.2,3224.8,3241.0
2021-08-16,3199.0,3215.0,3183.0,3199.0
2021-08-17,3183.4,3199.3,3167.5,3183.4
2021-08-18,3161.6,3177.4,3145.8,3161.6
2021-08-19,3200.9,3216.9,3184.9,3200.9
2021-08-20,3221.2,3237.3,3205.1,3221.2
2021-08-23,3159.0,3174.8,3143.3,3159.0
2021-08-24,3170.9,3186.7,3155.0,3170.9
2021-08-25,3163.6,3179.4,3147.8,3163.6
2021-08-26,3118.9,3134.4,3103.3,3118.9
2021-08-27,3090.2,3105.7,3074.8,3090.2
2021-08-30,3076.8,3092.2,3061.4,3076.8
2021-08-31,3006.9,3022.0,2991.9,3006.9
2021-09-01,3017.3,3032.4,3002.2,3017.3
2021-09-02,3021.5,3036.6,3006.4,3021.5
2021-09-03,3014.8,3029.9,2999.8,3014.8
2021-09-06,3012.4,3027.4,2997.3,3012.4
2021-09-07,3006.6,3021.6,2991.5,3006.6
2021-09-08,2973.3,2988.1,2958.4,2973.3
2021-09-09,2956.4,2971.2,2941.7,2956.4
2021-09-10,2936.2,2950.8,2921.5,2936.2
2021-09-13,2955.1,2969.9,2940.4,2955.1
2021-09-14,2925.6,2940.3,2911.0,2925.6
2021-09-15,2913.3,2927.8,2898.7,2913.3
2021-09-16,2919.1,2933.7,2904.5,2919.1
2021-09-17,2877.1,2891.5,2862.8,2877.1
2021-09-20,2865.1,2879.4,2850.8,2865.1
2021-09-21,2872.7,2887.0,2858.3,2872.7
2021-09-22,2883.7,2898.1,2869.3,2883.7
2021-09-23,2899.6,2914.1,2885.1,2899.6
2021-09-24,2880.9,2895.3,2866.5,2880.9
2021-09-27,2848.1,2862.4,2833.9,2848.1
2021-09-28,2840.4,2854.7,2826.2,2840.4
2021-09-29,2853.1,2867.4,2838.8,2853.1
2021-09-30,2850.3,2864.5,2836.0,2850.3
2021-10-01,2821.5,2835.6,2807.4,2821.5
2021-10-04,2890.9,2905.3,2876.4,2890.9
2021-10-05,2870.5,2884.8,2856.1,2870.5
2021-10-06,2834.9,2849.1,2820.7,2834.9
2021-10-07,2820.1,2834.2,2806.0,2820.1
2021-10-08,2852.9,2867.2,2838.7,2852.9
2021-10-11,2870.4,2884.8,2856.1,2870.4
2021-10-12,2927.8,2942.4,2913.1,2927.8
2021-10-13,2898.4,2912.9,2883.9,2898.4
2021-10-14,2891.6,2906.0,2877.1,2891.6
2021-10-15,2924.3,2938.9,2909.7,2924.3
2021-10-18,2888.8,2903.3,2874.4,2888.8
2021-10-19,2925.5,2940.1,2910.8,2925.5
2021-10-20,2926.6,2941.2,2912.0,2926.6
2021-10-21,2902.8,2917.3,2888.3,2902.8
2021-10-22,2852.9,2867.2,2838.6,2852.9
2021-10-25,2867.1,2881.4,2852.7,2867.1
2021-10-26,2913.1,2927.7,2898.5,2913.1
2021-10-27,2923.0,2937.7,2908.4,2923.0
2021-10-28,2934.0,2948.7,2919.4,2934.0
2021-10-29,2940.4,2955.1,2925.7,2940.4
2021-11-01,2962.2,2977.0,2947.4,2962.2
2021-11-02,2995.0,3010.0,2980.0,2995.0
2021-11-03,2905.1,2919.7,2890.6,2905.1
2021-11-04,2895.1,2909.6,2880.6,2895.1
2021-11-05,2876.7,2891.1,2862.3,2876.7
2021-11-08,2878.1,2892.5,2863.7,2878.1
2021-11-09,2866.6,2881.0,2852.3,2866.6
2021-11-10,2880.3,2894.7,2865.9,2880.3
2021-11-11,2889.8,2904.3,2875.4,2889.8
2021-11-12,2833.1,2847.2,2818.9,2833.1
2021-11-15,2766.9,2780.8,2753.1,2766.9
2021-11-16,2793.9,2807.9,2779.9,2793.9
2021-11-17,2773.2,2787.1,2759.3,2773.2
2021-11-18,2827.5,2841.6,2813.4,2827.5
2021-11-19,2853.8,2868.0,2839.5,2853.8
2021-11-22,2797.3,2811.3,2783.3,2797.3
2021-11-23,2776.8,2790.7,2762.9,2776.8
2021-11-24,2787.2,2801.2,2773.3,2787.2
2021-11-25,2777.2,2791.1,2763.3,2777.2
2021-11-26,2775.4,2789.3,2761.5,2775.4
2021-11-29,2742.1,2755.8,2728.4,2742.1
2021-11-30,2756.6,2770.4,2742.8,2756.6
2021-12-01,2759.8,2773.6,2746.0,2759.8
2021-12-02,2784.9,2798.8,2770.9,2784.9
2021-12-03,2785.4,2799.4,2771.5,2785.4
2021-12-06,2764.6,2778.5,2750.8,2764.6
2021-12-07,2771.0,2784.9,2757.2,2771.0
2021-12-08,2783.5,2797.4,2769.6,2783.5
2021-12-09,2784.8,2798.8,2770.9,2784.8
2021-12-10,2821.0,2835.1,2806.9,2821.0
2021-12-13,2784.6,2798.5,2770.7,2784.6
2021-12-14,2811.1,2825.1,2797.0,2811.1
2021-12-15,2775.7,2789.5,2761.8,2775.7
2021-12-16,2795.1,2809.0,2781.1,2795.1
2021-12-17,2736.6,2750.3,2722.9,2736.6
2021-12-20,2726.2,2739.9,2712.6,2726.2
2021-12-21,2756.0,2769.8,2742.2,2756.0
2021-12-22,2745.5,2759.2,2731.7,2745.5
2021-12-23,2744.1,2757.8,2730.4,2744.1
2021-12-24,2753.1,2766.8,2739.3,2753.1
2021-12-27,2683.8,2697.2,2670.4,2683.8
2021-12-28,2695.9,2709.3,2682.4,2695.9
2021-12-29,2672.0,2685.4,2658.7,2672.0
2021-12-30,2702.4,2715.9,2688.9,2702.4
2021-12-31,2701.8,2715.3,2688.3,2701.8
2022-01-03,2708.1,2721.7,2694.6,2708.1
2022-01-04,2676.1,2689.5,2662.8,2676.1
2022-01-05,2701.1,2714.6,2687.6,2701.1
2022-01-06,2701.4,2715.0,2687.9,2701.4
2022-01-07,2660.3,2673.6,2647.0,2660.3
2022-01-10,2644.5,2657.8,2631.3,2644.5
2022-01-11,2666.4,2679.7,2653.0,2666.4
2022-01-12,2672.0,2685.4,2658.7,2672.0
2022-01-13,2693.2,2706.7,2679.7,2693.2
2022-01-14,2683.4,2696.9,2670.0,2683.4
2022-01-17,2713.1,2726.7,2699.6,2713.1
2022-01-18,2750.9,2764.6,2737.1,2750.9
2022-01-19,2699.2,2712.7,2685.7,2699.2
2022-01-20,2714.7,2728.3,2701.2,2714.7
2022-01-21,2754.8,2768.6,2741.0,2754.8
2022-01-24,2759.6,2773.4,2745.8,2759.6
2022-01-25,2754.1,2767.9,2740.4,2754.1
2022-01-26,2713.6,2727.1,2700.0,2713.6
2022-01-27,2702.8,2716.3,2689.3,2702.8
2022-01-28,2687.1,2700.5,2673.6,2687.1
2022-01-31,2705.6,2719.1,2692.0,2705.6
2022-02-01,2731.6,2745.3,2718.0,2731.6
2022-02-02,2723.3,2737.0,2709.7,2723.3
2022-02-03,2694.0,2707.5,2680.5,2694.0
2022-02-04,2633.9,2647.1,2620.8,2633.9
2022-02-07,2646.4,2659.7,2633.2,2646.4
2022-02-08,2660.0,2673.3,2646.7,2660.0
2022-02-09,2602.4,2615.5,2589.4,2602.4
2022-02-10,2618.5,2631.5,2605.4,2618.5
2022-02-11,2643.1,2656.3,2629.9,2643.1
2022-02-14,2564.0,2576.8,2551.1,2564.0
2022-02-15,2540.0,2552.7,2527.3,2540.0
2022-02-16,2611.6,2624.6,2598.5,2611.6
2022-02-17,2614.3,2627.4,2601.2,2614.3
2022-02-18,2676.7,2690.1,2663.3,2676.7
2022-02-21,2676.0,2689.4,2662.6,2676.0
2022-02-22,2703.2,2716.7,2689.6,2703.2
2022-02-23,2691.1,2704.5,2677.6,2691.1
2022-02-24,2669.9,2683.2,2656.5,2669.9
2022-02-25,2624.8,2637.9,2611.6,2624.8
2022-02-28,2634.8,2647.9,2621.6,2634.8
2022-03-01,2605.9,2618.9,2592.9,2605.9
2022-03-02,2580.6,2593.5,2567.7,2580.6
2022-03-03,2540.6,2553.3,2527.9,2540.6
2022-03-04,2544.9,2557.6,2532.2,2544.9
2022-03-07,2564.0,2576.8,2551.2,2564.0
2022-03-08,2559.6,2572.4,2546.8,2559.6
2022-03-09,2553.0,2565.8,2540.2,2553.0
2022-03-10,2595.7,2608.7,2582.7,2595.7
2022-03-11,2553.1,2565.9,2540.3,2553.1
2022-03-14,2598.7,2611.6,2585.7,2598.7
2022-03-15,2562.6,2575.4,2549.8,2562.6
2022-03-16,2560.7,2573.5,2547.9,2560.7
2022-03-17,2571.7,2584.5,2558.8,2571.7
2022-03-18,2598.0,2611.0,2585.0,2598.0
2022-03-21,2551.0,2563.7,2538.2,2551.0
2022-03-22,2556.5,2569.3,2543.8,2556.5
2022-03-23,2541.3,2554.0,2528.6,2541.3
2022-03-24,2568.8,2581.7,2556.0,2568.8
2022-03-25,2552.5,2565.2,2539.7,2552.5
2022-03-28,2498.5,2511.0,2486.0,2498.5
2022-03-29,2511.2,2523.8,2498.7,2511.2
2022-03-30,2512.8,2525.4,2500.3,2512.8
2022-03-31,2561.2,2574.0,2548.4,2561.2
2022-04-01,2587.0,2599.9,2574.1,2587.0
2022-04-04,2558.3,2571.1,2545.5,2558.3
2022-04-05,2582.9,2595.8,2570.0,2582.9
2022-04-06,2583.5,2596.5,2570.6,2583.5
2022-04-07,2599.9,2612.9,2586.9,2599.9
2022-04-08,2577.4,2590.3,2564.5,2577.4
2022-04-11,2561.4,2574.2,2548.6,2561.4
2022-04-12,2576.7,2589.6,2563.8,2576.7
2022-04-13,2593.2,2606.1,2580.2,2593.2
2022-04-14,2535.8,2548.5,2523.1,2535.8
2022-04-15,2550.2,2562.9,2537.4,2550.2
2022-04-18,2523.1,2535.7,2510.4,2523.1
2022-04-19,2528.8,2541.5,2516.2,2528.8
2022-04-20,2485.9,2498.3,2473.5,2485.9
2022-04-21,2509.9,2522.5,2497.4,2509.9
2022-04-22,2527.3,2539.9,2514.7,2527.3
2022-04-25,2501.2,2513.7,2488.7,2501.2
2022-04-26,2511.6,2524.2,2499.0,2511.6
2022-04-27,2510.2,2522.7,2497.6,2510.2
2022-04-28,2525.0,2537.6,2512.4,2525.0
2022-04-29,2488.5,2501.0,2476.1,2488.5
2022-05-02,2453.2,2465.5,2440.9,2453.2
2022-05-03,2436.5,2448.7,2424.3,2436.5
2022-05-04,2437.8,2449.9,2425.6,2437.8
2022-05-05,2481.3,2493.7,2468.9,2481.3
2022-05-06,2485.7,2498.1,2473.3,2485.7
2022-05-09,2505.1,2517.6,2492.6,2505.1
2022-05-10,2481.5,2493.9,2469.1,2481.5
2022-05-11,2466.7,2479.0,2454.3,2466.7
2022-05-12,2449.9,2462.2,2437.7,2449.9
2022-05-13,2445.9,2458.1,2433.6,2445.9
2022-05-16,2459.5,2471.8,2447.2,2459.5
2022-05-17,2451.1,2463.4,2438.9,2451.1
2022-05-18,2443.9,2456.2,2431.7,2443.9
2022-05-19,2459.0,2471.3,2446.7,2459.0
2022-05-20,2446.1,2458.4,2433.9,2446.1
2022-05-23,2423.1,2435.2,2411.0,2423.1
2022-05-24,2415.9,2428.0,2403.9,2415.9
2022-05-25,2462.7,2475.0,2450.3,2462.7
2022-05-26,2483.4,2495.8,2471.0,2483.4
2022-05-27,2528.2,2540.9,2515.6,2528.2
2022-05-30,2487.3,2499.7,2474.8,2487.3
2022-05-31,2494.1,2506.5,2481.6,2494.1
2022-06-01,2482.8,2495.2,2470.3,2482.8
2022-06-02,2472.3,2484.7,2459.9,2472.3
2022-06-03,2432.0,2444.2,2419.9,2432.0
2022-06-06,2459.6,2471.9,2447.3,2459.6
2022-06-07,2417.7,2429.7,2405.6,2417.7
2022-06-08,2439.4,2451.6,2427.2,2439.4
2022-06-09,2428.5,2440.7,2416.4,2428.5
2022-06-10,2405.4,2417.4,2393.4,2405.4
2022-06-13,2378.3,2390.2,2366.4,2378.3
2022-06-14,2380.9,2392.8,2369.0,2380.9
2022-06-15,2373.0,2384.9,2361.2,2373.0
2022-06-16,2374.6,2386.4,2362.7,2374.6
2022-06-17,2327.4,2339.0,2315.8,2327.4
2022-06-20,2276.9,2288.3,2265.5,2276.9
2022-06-21,2238.4,2249.6,2227.3,2238.4
2022-06-22,2265.6,2276.9,2254.2,2265.6
2022-06-23,2306.8,2318.4,2295.3,2306.8
2022-06-24,2304.4,2315.9,2292.9,2304.4
2022-06-27,2322.5,2334.2,2310.9,2322.5
2022-06-28,2333.7,2345.3,2322.0,2333.7
2022-06-29,2364.0,2375.8,2352.1,2364.0
2022-06-30,2393.5,2405.4,2381.5,2393.5
2022-07-01,2361.7,2373.5,2349.9,2361.7
2022-07-04,2362.8,2374.6,2350.9,2362.8
2022-07-05,2383.3,2395.2,2371.4,2383.3
2022-07-06,2402.8,2414.8,2390.7,2402.8
2022-07-07,2418.9,2431.0,2406.8,2418.9
2022-07-08,2414.9,2427.0,2402.8,2414.9
2022-07-11,2424.0,2436.1,2411.9,2424.0
2022-07-12,2386.3,2398.2,2374.4,2386.3
2022-07-13,2351.6,2363.3,2339.8,2351.6
2022-07-14,2387.2,2399.1,2375.2,2387.2
2022-07-15,2410.8,2422.9,2398.8,2410.8
2022-07-18,2440.9,2453.1,2428.7,2440.9
2022-07-19,2431.8,2444.0,2419.7,2431.8
2022-07-20,2403.7,2415.7,2391.6,2403.7
2022-07-21,2395.5,2407.5,2383.6,2395.5
2022-07-22,2438.0,2450.2,2425.8,2438.0
2022-07-25,2408.6,2420.6,2396.6,2408.6
2022-07-26,2400.1,2412.1,2388.1,2400.1
2022-07-27,2424.7,2436.8,2412.6,2424.7
2022-07-28,2421.2,2433.3,2409.0,2421.2
2022-07-29,2406.7,2418.7,2394.6,2406.7
2022-08-01,2416.8,2428.9,2404.8,2416.8
2022-08-02,2400.2,2412.2,2388.2,2400.2
2022-08-03,2406.7,2418.7,2394.6,2406.7
2022-08-04,2345.0,2356.7,2333.3,2345.0
2022-08-05,2301.9,2313.4,2290.4,2301.9
2022-08-08,2292.6,2304.1,2281.2,2292.6
2022-08-09,2323.9,2335.5,2312.3,2323.9
2022-08-10,2318.6,2330.2,2307.0,2318.6
2022-08-11,2316.0,2327.6,2304.4,2316.0
2022-08-12,2320.5,2332.1,2308.9,2320.5
2022-08-15,2305.5,2317.0,2293.9,2305.5
2022-08-16,2267.0,2278.3,2255.7,2267.0
2022-08-17,2283.6,2295.1,2272.2,2283.6
2022-08-18,2289.6,2301.0,2278.1,2289.6
2022-08-19,2296.8,2308.3,2285.4,2296.8
2022-08-22,2266.2,2277.5,2254.9,2266.2
2022-08-23,2301.6,2313.1,2290.1,2301.6
2022-08-24,2289.9,2301.4,2278.5,2289.9
2022-08-25,2321.6,2333.2,2310.0,2321.6
2022-08-26,2270.2,2281.5,2258.8,2270.2
2022-08-29,2256.2,2267.5,2244.9,2256.2
2022-08-30,2291.1,2302.6,2279.7,2291.1
2022-08-31,2286.0,2297.4,2274.6,2286.0
2022-09-01,2229.2,2240.3,2218.0,2229.2
2022-09-02,2208.3,2219.4,2197.3,2208.3
2022-09-05,2213.2,2224.2,2202.1,2213.2
2022-09-06,2247.5,2258.7,2236.2,2247.5
2022-09-07,2240.7,2251.9,2229.5,2240.7
2022-09-08,2265.6,2276.9,2254.3,2265.6
2022-09-09,2273.2,2284.6,2261.8,2273.2
2022-09-12,2258.3,2269.5,2247.0,2258.3
2022-09-13,2274.7,2286.1,2263.3,2274.7
2022-09-14,2294.2,2305.6,2282.7,2294.2
2022-09-15,2284.3,2295.7,2272.9,2284.3
2022-09-16,2265.0,2276.4,2253.7,2265.0
2022-09-19,2222.7,2233.9,2211.6,2222.7
2022-09-20,2231.9,2243.1,2220.8,2231.9
2022-09-21,2218.2,2229.3,2207.1,2218.2
2022-09-22,2229.7,2240.9,2218.6,2229.7
2022-09-23,2235.5,2246.6,2224.3,2235.5
2022-09-26,2238.4,2249.6,2227.2,2238.4
2022-09-27,2233.1,2244.2,2221.9,2233.1
2022-09-28,2203.0,2214.0,2192.0,2203.0
2022-09-29,2213.5,2224.6,2202.5,2213.5
2022-09-30,2231.6,2242.7,2220.4,2231.6
2022-10-03,2277.2,2288.6,2265.8,2277.2
2022-10-04,2259.6,2270.9,2248.3,2259.6
2022-10-05,2232.8,2244.0,2221.7,2232.8
2022-10-06,2204.6,2215.6,2193.6,2204.6
2022-10-07,2202.6,2213.6,2191.6,2202.6
2022-10-10,2215.8,2226.9,2204.7,2215.8
2022-10-11,2233.7,2244.8,2222.5,2233.7
2022-10-12,2265.5,2276.8,2254.2,2265.5
2022-10-13,2269.5,2280.8,2258.1,2269.5
2022-10-14,2238.1,2249.3,2226.9,2238.1
2022-10-17,2236.4,2247.5,2225.2,2236.4
2022-10-18,2186.6,2197.6,2175.7,2186.6
2022-10-19,2177.9,2188.8,2167.0,2177.9
2022-10-20,2167.8,2178.7,2157.0,2167.8
2022-10-21,2177.6,2188.5,2166.7,2177.6
2022-10-24,2182.7,2193.6,2171.8,2182.7
2022-10-25,2165.1,2175.9,2154.2,2165.1
2022-10-26,2148.9,2159.7,2138.2,2148.9
2022-10-27,2150.4,2161.2,2139.6,2150.4
2022-10-28,2160.7,2171.5,2149.9,2160.7
2022-10-31,2172.5,2183.3,2161.6,2172.5
2022-11-01,2161.3,2172.1,2150.5,2161.3
2022-11-02,2159.2,2170.0,2148.4,2159.2
2022-11-03,2135.6,2146.3,2124.9,2135.6
2022-11-04,2113.3,2123.9,2102.8,2113.3
2022-11-07,2069.1,2079.4,2058.8,2069.1
2022-11-08,2058.5,2068.8,2048.2,2058.5
2022-11-09,2089.7,2100.2,2079.3,2089.7
2022-11-10,2122.2,2132.8,2111.6,2122.2
2022-11-11,2136.8,2147.5,2126.2,2136.8
2022-11-14,2162.2,2173.1,2151.4,2162.2
2022-11-15,2180.6,2191.5,2169.7,2180.6
2022-11-16,2184.4,2195.3,2173.5,2184.4
2022-11-17,2131.5,2142.2,2120.8,2131.5
2022-11-18,2183.1,2194.0,2172.2,2183.1
2022-11-21,2180.3,2191.2,2169.4,2180.3
2022-11-22,2175.9,2186.8,2165.1,2175.9
2022-11-23,2208.2,2219.2,2197.1,2208.2
2022-11-24,2210.6,2221.7,2199.6,2210.6
2022-11-25,2264.2,2275.5,2252.9,2264.2
2022-11-28,2244.1,2255.3,2232.9,2244.1
2022-11-29,2264.1,2275.4,2252.7,2264.1
2022-11-30,2255.2,2266.4,2243.9,2255.2
2022-12-01,2254.6,2265.9,2243.4,2254.6
2022-12-02,2232.5,2243.6,2221.3,2232.5
2022-12-05,2218.6,2229.7,2207.5,2218.6
2022-12-06,2245.7,2256.9,2234.5,2245.7
2022-12-07,2254.7,2265.9,2243.4,2254.7
2022-12-08,2261.2,2272.5,2249.9,2261.2
2022-12-09,2222.5,2233.6,2211.4,2222.5
2022-12-12,2188.1,2199.0,2177.1,2188.1
2022-12-13,2168.6,2179.5,2157.8,2168.6
2022-12-14,2161.8,2172.6,2150.9,2161.8
2022-12-15,2161.7,2172.5,2150.9,2161.7
2022-12-16,2170.8,2181.7,2159.9,2170.8
2022-12-19,2196.7,2207.7,2185.7,2196.7
2022-12-20,2229.6,2240.7,2218.4,2229.6
2022-12-21,2232.9,2244.0,2221.7,2232.9
2022-12-22,2213.2,2224.3,2202.2,2213.2
2022-12-23,2229.2,2240.3,2218.0,2229.2
2022-12-26,2234.1,2245.3,2223.0,2234.1
2022-12-27,2243.5,2254.7,2232.3,2243.5
2022-12-28,2268.7,2280.0,2257.3,2268.7
2022-12-29,2257.6,2268.9,2246.3,2257.6
2022-12-30,2287.7,2299.1,2276.2,2287.7
2023-01-02,2254.1,2265.4,2242.8,2254.1
2023-01-03,2268.5,2279.9,2257.2,2268.5
2023-01-04,2251.8,2263.1,2240.6,2251.8
2023-01-05,2255.4,2266.6,2244.1,2255.4
2023-01-06,2261.0,2272.3,2249.7,2261.0
2023-01-09,2253.2,2264.4,2241.9,2253.2
2023-01-10,2237.7,2248.9,2226.5,2237.7
2023-01-11,2218.4,2229.5,2207.3,2218.4
2023-01-12,2225.3,2236.4,2214.1,2225.3
2023-01-13,2239.5,2250.7,2228.3,2239.5
2023-01-16,2281.1,2292.5,2269.7,2281.1
2023-01-17,2273.0,2284.4,2261.7,2273.0
2023-01-18,2237.0,2248.2,2225.8,2237.0
2023-01-19,2247.4,2258.6,2236.1,2247.4
2023-01-20,2208.2,2219.2,2197.1,2208.2
2023-01-23,2246.9,2258.1,2235.6,2246.9
2023-01-24,2263.3,2274.6,2252.0,2263.3
2023-01-25,2239.7,2250.9,2228.5,2239.7
2023-01-26,2204.5,2215.5,2193.5,2204.5
2023-01-27,2187.1,2198.1,2176.2,2187.1
2023-01-30,2203.4,2214.4,2192.4,2203.4
2023-01-31,2188.3,2199.2,2177.3,2188.3
2023-02-01,2207.2,2218.3,2196.2,2207.2
2023-02-02,2230.1,2241.2,2218.9,2230.1
2023-02-03,2218.2,2229.2,2207.1,2218.2
2023-02-06,2241.0,2252.3,2229.8,2241.0
2023-02-07,2268.5,2279.8,2257.2,2268.5
2023-02-08,2280.3,2291.7,2268.9,2280.3
2023-02-09,2291.1,2302.5,2279.6,2291.1
2023-02-10,2276.6,2288.0,2265.2,2276.6
2023-02-13,2322.7,2334.3,2311.1,2322.7
2023-02-14,2297.4,2308.9,2285.9,2297.4
2023-02-15,2285.5,2296.9,2274.0,2285.5
2023-02-16,2305.1,2316.7,2293.6,2305.1
2023-02-17,2294.4,2305.9,2282.9,2294.4
2023-02-20,2287.7,2299.1,2276.3,2287.7
2023-02-21,2255.9,2267.2,2244.6,2255.9
2023-02-22,2245.7,2256.9,2234.5,2245.7
2023-02-23,2300.9,2312.4,2289.4,2300.9
2023-02-24,2291.0,2302.5,2279.6,2291.0
2023-02-27,2320.3,2331.9,2308.7,2320.3
2023-02-28,2306.5,2318.0,2295.0,2306.5
2023-03-01,2282.8,2294.2,2271.3,2282.8
2023-03-02,2264.6,2276.0,2253.3,2264.6
2023-03-03,2281.4,2292.8,2270.0,2281.4
2023-03-06,2233.5,2244.7,2222.3,2233.5
2023-03-07,2274.2,2285.5,2262.8,2274.2
2023-03-08,2285.1,2296.5,2273.7,2285.1
2023-03-09,2276.3,2287.7,2264.9,2276.3
2023-03-10,2258.5,2269.8,2247.2,2258.5
2023-03-13,2249.5,2260.7,2238.2,2249.5
2023-03-14,2277.2,2288.6,2265.8,2277.2
2023-03-15,2241.8,2253.0,2230.6,2241.8
2023-03-16,2242.6,2253.8,2231.4,2242.6
2023-03-17,2270.4,2281.7,2259.0,2270.4
2023-03-20,2226.9,2238.0,2215.7,2226.9
2023-03-21,2215.7,2226.7,2204.6,2215.7
2023-03-22,2184.9,2195.9,2174.0,2184.9
2023-03-23,2160.9,2171.7,2150.1,2160.9
2023-03-24,2172.3,2183.1,2161.4,2172.3
2023-03-27,2194.7,2205.7,2183.7,2194.7
2023-03-28,2190.3,2201.3,2179.4,2190.3
2023-03-29,2161.4,2172.2,2150.6,2161.4
2023-03-30,2148.4,2159.1,2137.6,2148.4
2023-03-31,2164.8,2175.6,2154.0,2164.8
2023-04-03,2171.8,2182.7,2161.0,2171.8
2023-04-04,2151.3,2162.0,2140.5,2151.3
2023-04-05,2147.6,2158.3,2136.8,2147.6
2023-04-06,2173.1,2183.9,2162.2,2173.1
2023-04-07,2184.1,2195.1,2173.2,2184.1
2023-04-10,2167.8,2178.7,2157.0,2167.8
2023-04-11,2180.6,2191.5,2169.7,2180.6
2023-04-12,2174.0,2184.9,2163.1,2174.0
2023-04-13,2165.9,2176.7,2155.0,2165.9
2023-04-14,2176.0,2186.9,2165.1,2176.0
2023-04-17,2159.2,2170.0,2148.4,2159.2
2023-04-18,2156.7,2167.5,2145.9,2156.7
2023-04-19,2188.5,2199.5,2177.6,2188.5
2023-04-20,2251.5,2262.8,2240.3,2251.5
2023-04-21,2215.3,2226.4,2204.3,2215.3
2023-04-24,2201.8,2212.8,2190.8,2201.8
2023-04-25,2233.7,2244.8,2222.5,2233.7
2023-04-26,2209.0,2220.1,2198.0,2209.0
2023-04-27,2211.7,2222.7,2200.6,2211.7
2023-04-28,2258.5,2269.8,2247.2,2258.5
2023-05-01,2247.0,2258.3,2235.8,2247.0
2023-05-02,2245.1,2256.4,2233.9,2245.1
2023-05-03,2219.4,2230.5,2208.3,2219.4
2023-05-04,2240.7,2251.9,2229.4,2240.7
2023-05-05,2203.7,2214.7,2192.6,2203.7
2023-05-08,2195.6,2206.6,2184.6,2195.6
2023-05-09,2172.3,2183.2,2161.4,2172.3
2023-05-10,2172.8,2183.7,2162.0,2172.8
2023-05-11,2223.8,2234.9,2212.7,2223.8
2023-05-12,2238.3,2249.4,2227.1,2238.3
2023-05-15,2250.3,2261.6,2239.1,2250.3
2023-05-16,2261.6,2272.9,2250.2,2261.6
2023-05-17,2264.9,2276.2,2253.5,2264.9
2023-05-18,2298.4,2309.9,2286.9,2298.4
2023-05-19,2318.5,2330.1,2306.9,2318.5
2023-05-22,2291.2,2302.6,2279.7,2291.2
2023-05-23,2316.5,2328.1,2304.9,2316.5
2023-05-24,2323.4,2335.0,2311.8,2323.4
2023-05-25,2335.1,2346.8,2323.5,2335.1
2023-05-26,2288.9,2300.4,2277.5,2288.9
2023-05-29,2293.6,2305.1,2282.1,2293.6
2023-05-30,2293.2,2304.7,2281.7,2293.2
2023-05-31,2279.9,2291.3,2268.5,2279.9
2023-06-01,2308.1,2319.6,2296.5,2308.1
2023-06-02,2272.1,2283.5,2260.7,2272.1
2023-06-05,2348.7,2360.4,2336.9,2348.7
2023-06-06,2322.9,2334.5,2311.3,2322.9
2023-06-07,2335.6,2347.3,2324.0,2335.6
2023-06-08,2341.8,2353.5,2330.1,2341.8
2023-06-09,2370.0,2381.9,2358.2,2370.0
2023-06-12,2410.5,2422.6,2398.5,2410.5
2023-06-13,2397.9,2409.9,2385.9,2397.9
2023-06-14,2400.4,2412.4,2388.4,2400.4
2023-06-15,2388.6,2400.5,2376.6,2388.6
2023-06-16,2364.7,2376.5,2352.9,2364.7
2023-06-19,2367.4,2379.2,2355.6,2367.4
2023-06-20,2366.8,2378.7,2355.0,2366.8
2023-06-21,2367.3,2379.1,2355.4,2367.3
2023-06-22,2358.5,2370.3,2346.7,2358.5
2023-06-23,2367.2,2379.0,2355.4,2367.2
2023-06-26,2387.7,2399.7,2375.8,2387.7
2023-06-27,2358.7,2370.5,2346.9,2358.7
2023-06-28,2374.1,2386.0,2362.2,2374.1
2023-06-29,2411.1,2423.2,2399.1,2411.1
2023-06-30,2379.4,2391.3,2367.5,2379.4
2023-07-03,2385.2,2397.1,2373.3,2385.2
2023-07-04,2395.8,2407.8,2383.8,2395.8
2023-07-05,2413.7,2425.8,2401.7,2413.7
2023-07-06,2433.5,2445.6,2421.3,2433.5
2023-07-07,2459.6,2471.9,2447.3,2459.6
2023-07-10,2461.0,2473.3,2448.7,2461.0
2023-07-11,2433.8,2445.9,2421.6,2433.8
2023-07-12,2423.1,2435.2,2411.0,2423.1
2023-07-13,2455.7,2468.0,2443.4,2455.7
2023-07-14,2431.6,2443.8,2419.5,2431.6
2023-07-17,2443.9,2456.1,2431.6,2443.9
2023-07-18,2461.5,2473.8,2449.2,2461.5
2023-07-19,2472.8,2485.2,2460.5,2472.8
2023-07-20,2491.2,2503.6,2478.7,2491.2
2023-07-21,2485.8,2498.2,2473.3,2485.8
2023-07-24,2480.9,2493.3,2468.5,2480.9
2023-07-25,2520.3,2532.9,2507.7,2520.3
2023-07-26,2561.5,2574.3,2548.6,2561.5
2023-07-27,2588.1,2601.1,2575.2,2588.1
2023-07-28,2592.1,2605.0,2579.1,2592.1
2023-07-31,2571.0,2583.9,2558.2,2571.0
2023-08-01,2565.6,2578.5,2552.8,2565.6
2023-08-02,2554.7,2567.5,2541.9,2554.7
2023-08-03,2573.8,2586.7,2561.0,2573.8
2023-08-04,2575.0,2587.9,2562.2,2575.0
2023-08-07,2582.8,2595.7,2569.9,2582.8
2023-08-08,2573.6,2586.5,2560.8,2573.6
2023-08-09,2506.0,2518.5,2493.4,2506.0
2023-08-10,2532.9,2545.6,2520.3,2532.9
2023-08-11,2525.6,2538.2,2513.0,2525.6
2023-08-14,2545.4,2558.1,2532.7,2545.4
2023-08-15,2531.1,2543.7,2518.4,2531.1
2023-08-16,2564.6,2577.4,2551.8,2564.6
2023-08-17,2544.7,2557.4,2531.9,2544.7
2023-08-18,2536.9,2549.6,2524.2,2536.9
2023-08-21,2533.6,2546.3,2521.0,2533.6
2023-08-22,2492.0,2504.4,2479.5,2492.0
2023-08-23,2498.7,2511.2,2486.2,2498.7
2023-08-24,2515.1,2527.7,2502.6,2515.1
2023-08-25,2521.0,2533.6,2508.4,2521.0
2023-08-28,2574.4,2587.3,2561.5,2574.4
2023-08-29,2545.9,2558.6,2533.1,2545.9
2023-08-30,2498.6,2511.1,2486.1,2498.6
2023-08-31,2466.7,2479.0,2454.4,2466.7
2023-09-01,2466.7,2479.0,2454.3,2466.7
2023-09-04,2496.1,2508.5,2483.6,2496.1
2023-09-05,2497.5,2510.0,2485.0,2497.5
2023-09-06,2482.7,2495.1,2470.3,2482.7
2023-09-07,2516.9,2529.5,2504.3,2516.9
2023-09-08,2510.4,2522.9,2497.8,2510.4
2023-09-11,2475.6,2488.0,2463.2,2475.6
2023-09-12,2498.3,2510.8,2485.9,2498.3
2023-09-13,2511.4,2524.0,2498.9,2511.4
2023-09-14,2514.0,2526.6,2501.5,2514.0
2023-09-15,2550.2,2563.0,2537.5,2550.2
2023-09-18,2544.6,2557.3,2531.9,2544.6
2023-09-19,2546.8,2559.6,2534.1,2546.8
2023-09-20,2518.4,2531.0,2505.8,2518.4
2023-09-21,2498.1,2510.6,2485.6,2498.1
2023-09-22,2484.4,2496.8,2472.0,2484.4
2023-09-25,2501.8,2514.3,2489.3,2501.8
2023-09-26,2483.2,2495.6,2470.7,2483.2
2023-09-27,2479.6,2492.0,2467.2,2479.6
2023-09-28,2473.3,2485.6,2460.9,2473.3
2023-09-29,2471.4,2483.7,2459.0,2471.4
2023-10-02,2454.5,2466.8,2442.3,2454.5
2023-10-03,2450.0,2462.3,2437.8,2450.0
2023-10-04,2422.6,2434.8,2410.5,2422.6
2023-10-05,2423.9,2436.0,2411.8,2423.9
2023-10-06,2425.4,2437.6,2413.3,2425.4
2023-10-09,2431.3,2443.4,2419.1,2431.3
2023-10-10,2447.0,2459.3,2434.8,2447.0
2023-10-11,2492.8,2505.2,2480.3,2492.8
2023-10-12,2451.1,2463.4,2438.8,2451.1
2023-10-13,2443.2,2455.4,2431.0,2443.2
2023-10-16,2424.2,2436.3,2412.1,2424.2
2023-10-17,2434.6,2446.8,2422.4,2434.6
2023-10-18,2454.3,2466.6,2442.0,2454.3
2023-10-19,2425.7,2437.9,2413.6,2425.7
2023-10-20,2436.4,2448.5,2424.2,2436.4
2023-10-23,2461.9,2474.2,2449.6,2461.9
2023-10-24,2473.5,2485.9,2461.2,2473.5
2023-10-25,2465.8,2478.2,2453.5,2465.8
2023-10-26,2483.6,2496.0,2471.2,2483.6
2023-10-27,2477.6,2489.9,2465.2,2477.6
2023-10-30,2502.4,2514.9,2489.9,2502.4
2023-10-31,2510.7,2523.2,2498.1,2510.7
2023-11-01,2504.6,2517.1,2492.1,2504.6
2023-11-02,2472.9,2485.3,2460.5,2472.9
2023-11-03,2474.4,2486.8,2462.0,2474.4
2023-11-06,2450.8,2463.0,2438.5,2450.8
2023-11-07,2426.2,2438.3,2414.1,2426.2
2023-11-08,2421.2,2433.3,2409.1,2421.2
2023-11-09,2423.2,2435.3,2411.1,2423.2
2023-11-10,2397.4,2409.4,2385.5,2397.4
2023-11-13,2400.4,2412.4,2388.4,2400.4
2023-11-14,2399.7,2411.7,2387.7,2399.7
2023-11-15,2390.0,2402.0,2378.1,2390.0
2023-11-16,2389.4,2401.4,2377.5,2389.4
2023-11-17,2411.4,2423.4,2399.3,2411.4
2023-11-20,2408.4,2420.4,2396.4,2408.4
2023-11-21,2428.0,2440.2,2415.9,2428.0
2023-11-22,2430.2,2442.4,2418.1,2430.2
2023-11-23,2459.8,2472.1,2447.5,2459.8
2023-11-24,2482.8,2495.2,2470.4,2482.8
2023-11-27,2481.0,2493.4,2468.6,2481.0
2023-11-28,2465.9,2478.2,2453.5,2465.9
2023-11-29,2480.6,2493.1,2468.2,2480.6
2023-11-30,2469.5,2481.8,2457.2,2469.5
2023-12-01,2433.3,2445.4,2421.1,2433.3
2023-12-04,2458.0,2470.3,2445.7,2458.0
2023-12-05,2446.0,2458.2,2433.8,2446.0
2023-12-06,2398.1,2410.1,2386.1,2398.1
2023-12-07,2402.6,2414.6,2390.6,2402.6
2023-12-08,2432.3,2444.5,2420.2,2432.3
2023-12-11,2424.2,2436.3,2412.1,2424.2
2023-12-12,2420.8,2432.9,2408.7,2420.8
2023-12-13,2439.0,2451.2,2426.8,2439.0
2023-12-14,2432.3,2444.4,2420.1,2432.3
2023-12-15,2434.8,2446.9,2422.6,2434.8
2023-12-18,2464.2,2476.5,2451.9,2464.2
2023-12-19,2485.0,2497.4,2472.6,2485.0
2023-12-20,2493.5,2505.9,2481.0,2493.5
2023-12-21,2453.8,2466.0,2441.5,2453.8
2023-12-22,2472.9,2485.3,2460.5,2472.9
2023-12-25,2468.3,2480.6,2456.0,2468.3
2023-12-26,2484.5,2497.0,2472.1,2484.5
2023-12-27,2449.3,2461.5,2437.0,2449.3
2023-12-28,2477.9,2490.3,2465.5,2477.9
2023-12-29,2460.2,2472.5,2447.9,2460.2
2024-01-01,2476.9,2489.3,2464.5,2476.9
2024-01-02,2504.3,2516.8,2491.8,2504.3
2024-01-03,2516.6,2529.2,2504.0,2516.6
2024-01-04,2528.3,2540.9,2515.6,2528.3
2024-01-05,2531.8,2544.5,2519.2,2531.8
2024-01-08,2504.0,2516.5,2491.5,2504.0
2024-01-09,2540.4,2553.1,2527.7,2540.4
2024-01-10,2569.2,2582.1,2556.4,2569.2
2024-01-11,2559.1,2571.9,2546.3,2559.1
2024-01-12,2472.1,2484.4,2459.7,2472.1
2024-01-15,2504.1,2516.6,2491.6,2504.1
2024-01-16,2460.8,2473.1,2448.5,2460.8
2024-01-17,2479.6,2492.0,2467.2,2479.6
2024-01-18,2465.4,2477.8,2453.1,2465.4
2024-01-19,2482.8,2495.2,2470.4,2482.8
2024-01-22,2463.3,2475.6,2451.0,2463.3
2024-01-23,2468.9,2481.2,2456.6,2468.9
2024-01-24,2430.5,2442.7,2418.4,2430.5
2024-01-25,2438.1,2450.3,2425.9,2438.1
2024-01-26,2444.8,2457.0,2432.6,2444.8
2024-01-29,2471.6,2484.0,2459.2,2471.6
2024-01-30,2464.7,2477.0,2452.4,2464.7
2024-01-31,2477.7,2490.1,2465.3,2477.7
2024-02-01,2472.2,2484.5,2459.8,2472.2
2024-02-02,2489.3,2501.7,2476.8,2489.3
2024-02-05,2505.9,2518.4,2493.3,2505.9
2024-02-06,2532.4,2545.1,2519.8,2532.4
2024-02-07,2505.0,2517.6,2492.5,2505.0
2024-02-08,2506.8,2519.3,2494.3,2506.8
2024-02-09,2518.2,2530.8,2505.6,2518.2
2024-02-12,2570.5,2583.3,2557.6,2570.5
2024-02-13,2622.6,2635.8,2609.5,2622.6
2024-02-14,2586.2,2599.1,2573.3,2586.2
2024-02-15,2570.8,2583.7,2558.0,2570.8
2024-02-16,2507.7,2520.2,2495.1,2507.7
2024-02-19,2570.7,2583.5,2557.8,2570.7
2024-02-20,2580.3,2593.2,2567.4,2580.3
2024-02-21,2596.3,2609.3,2583.4,2596.3
2024-02-22,2588.5,2601.4,2575.5,2588.5
2024-02-23,2589.1,2602.0,2576.1,2589.1
2024-02-26,2621.0,2634.1,2607.9,2621.0
2024-02-27,2593.2,2606.2,2580.3,2593.2
2024-02-28,2564.7,2577.5,2551.9,2564.7
2024-02-29,2560.7,2573.5,2547.9,2560.7
2024-03-01,2564.8,2577.6,2552.0,2564.8
2024-03-04,2583.5,2596.4,2570.6,2583.5
2024-03-05,2585.6,2598.5,2572.7,2585.6
2024-03-06,2565.2,2578.0,2552.4,2565.2
2024-03-07,2557.9,2570.7,2545.1,2557.9
2024-03-08,2565.5,2578.3,2552.7,2565.5
2024-03-11,2587.3,2600.2,2574.4,2587.3
2024-03-12,2615.1,2628.1,2602.0,2615.1
2024-03-13,2608.3,2621.4,2595.3,2608.3
2024-03-14,2590.7,2603.6,2577.7,2590.7
2024-03-15,2569.0,2581.8,2556.2,2569.0
2024-03-18,2604.3,2617.3,2591.2,2604.3
2024-03-19,2594.1,2607.1,2581.1,2594.1
2024-03-20,2576.0,2588.8,2563.1,2576.0
2024-03-21,2583.1,2596.0,2570.2,2583.1
2024-03-22,2627.7,2640.9,2614.6,2627.7
2024-03-25,2605.8,2618.8,2592.8,2605.8
2024-03-26,2622.8,2635.9,2609.7,2622.8
2024-03-27,2611.6,2624.7,2598.6,2611.6
2024-03-28,2615.9,2628.9,2602.8,2615.9
2024-03-29,2638.3,2651.5,2625.1,2638.3
2024-04-01,2671.7,2685.1,2658.4,2671.7
2024-04-02,2656.4,2669.7,2643.1,2656.4
2024-04-03,2675.5,2688.9,2662.1,2675.5
2024-04-04,2680.2,2693.6,2666.8,2680.2
2024-04-05,2689.1,2702.5,2675.6,2689.1
2024-04-08,2721.5,2735.1,2707.9,2721.5
2024-04-09,2699.3,2712.8,2685.8,2699.3
2024-04-10,2717.3,2730.9,2703.7,2717.3
2024-04-11,2718.2,2731.7,2704.6,2718.2
2024-04-12,2746.1,2759.8,2732.4,2746.1
2024-04-15,2754.4,2768.2,2740.7,2754.4
2024-04-16,2745.6,2759.3,2731.9,2745.6
2024-04-17,2764.3,2778.1,2750.4,2764.3
2024-04-18,2744.0,2757.8,2730.3,2744.0
2024-04-19,2729.3,2742.9,2715.7,2729.3
2024-04-22,2708.1,2721.7,2694.6,2708.1
2024-04-23,2689.4,2702.8,2675.9,2689.4
2024-04-24,2615.8,2628.9,2602.7,2615.8
2024-04-25,2604.8,2617.8,2591.8,2604.8
2024-04-26,2605.9,2619.0,2592.9,2605.9
2024-04-29,2631.2,2644.3,2618.0,2631.2
2024-04-30,2608.7,2621.8,2595.7,2608.7
2024-05-01,2599.1,2612.1,2586.1,2599.1
2024-05-02,2598.1,2611.1,2585.1,2598.1
2024-05-03,2622.2,2635.3,2609.1,2622.2
2024-05-06,2631.7,2644.8,2618.5,2631.7
2024-05-07,2644.0,2657.2,2630.8,2644.0
2024-05-08,2669.2,2682.6,2655.9,2669.2
2024-05-09,2683.2,2696.6,2669.8,2683.2
2024-05-10,2667.1,2680.4,2653.7,2667.1
2024-05-13,2715.5,2729.1,2701.9,2715.5
2024-05-14,2663.3,2676.6,2650.0,2663.3
2024-05-15,2688.5,2701.9,2675.0,2688.5
2024-05-16,2700.2,2713.7,2686.7,2700.2
2024-05-17,2732.8,2746.5,2719.2,2732.8
2024-05-20,2726.6,2740.2,2713.0,2726.6
2024-05-21,2711.7,2725.2,2698.1,2711.7
2024-05-22,2681.3,2694.7,2667.9,2681.3
2024-05-23,2653.6,2666.8,2640.3,2653.6
2024-05-24,2651.2,2664.5,2638.0,2651.2
2024-05-27,2633.0,2646.1,2619.8,2633.0
2024-05-28,2617.2,2630.3,2604.1,2617.2
2024-05-29,2593.0,2605.9,2580.0,2593.0
2024-05-30,2626.2,2639.3,2613.0,2626.2
2024-05-31,2610.6,2623.7,2597.5,2610.6
2024-06-03,2627.5,2640.6,2614.4,2627.5
2024-06-04,2628.1,2641.2,2614.9,2628.1
2024-06-05,2641.4,2654.6,2628.1,2641.4
2024-06-06,2637.7,2650.9,2624.5,2637.7
2024-06-07,2662.1,2675.4,2648.8,2662.1
2024-06-10,2683.1,2696.5,2669.7,2683.1
2024-06-11,2717.3,2730.8,2703.7,2717.3
2024-06-12,2699.3,2712.8,2685.8,2699.3
2024-06-13,2677.4,2690.7,2664.0,2677.4
2024-06-14,2668.9,2682.2,2655.5,2668.9
2024-06-17,2676.0,2689.4,2662.6,2676.0
2024-06-18,2692.0,2705.4,2678.5,2692.0
2024-06-19,2676.0,2689.4,2662.6,2676.0
2024-06-20,2683.2,2696.6,2669.8,2683.2
2024-06-21,2679.7,2693.1,2666.3,2679.7
2024-06-24,2675.2,2688.5,2661.8,2675.2
2024-06-25,2676.9,2690.2,2663.5,2676.9
2024-06-26,2719.4,2732.9,2705.8,2719.4
2024-06-27,2740.5,2754.2,2726.8,2740.5
2024-06-28,2767.7,2781.5,2753.9,2767.7
2024-07-01,2776.2,2790.1,2762.3,2776.2
2024-07-02,2821.0,2835.1,2806.9,2821.0
2024-07-03,2840.0,2854.2,2825.8,2840.0
2024-07-04,2795.4,2809.4,2781.4,2795.4
2024-07-05,2811.3,2825.4,2797.3,2811.3
2024-07-08,2817.0,2831.1,2802.9,2817.0
2024-07-09,2829.1,2843.3,2815.0,2829.1
2024-07-10,2783.1,2797.0,2769.2,2783.1
2024-07-11,2740.4,2754.1,2726.7,2740.4
2024-07-12,2737.0,2750.6,2723.3,2737.0
2024-07-15,2689.7,2703.1,2676.2,2689.7
2024-07-16,2710.5,2724.1,2697.0,2710.5
2024-07-17,2715.3,2728.9,2701.7,2715.3
2024-07-18,2768.8,2782.6,2754.9,2768.8
2024-07-19,2776.9,2790.7,2763.0,2776.9
2024-07-22,2794.3,2808.3,2780.3,2794.3
2024-07-23,2806.8,2820.8,2792.8,2806.8
2024-07-24,2805.1,2819.1,2791.0,2805.1
2024-07-25,2804.5,2818.5,2790.5,2804.5
2024-07-26,2799.3,2813.3,2785.3,2799.3
2024-07-29,2732.0,2745.6,2718.3,2732.0
2024-07-30,2762.6,2776.4,2748.7,2762.6
2024-07-31,2791.9,2805.9,2778.0,2791.9
2024-08-01,2812.2,2826.3,2798.2,2812.2
2024-08-02,2810.7,2824.8,2796.7,2810.7
2024-08-05,2804.3,2818.3,2790.3,2804.3
2024-08-06,2770.0,2783.8,2756.1,2770.0
2024-08-07,2734.2,2747.8,2720.5,2734.2
2024-08-08,2718.1,2731.7,2704.5,2718.1
2024-08-09,2724.6,2738.2,2711.0,2724.6
2024-08-12,2736.5,2750.2,2722.8,2736.5
2024-08-13,2722.6,2736.2,2709.0,2722.6
2024-08-14,2687.9,2701.3,2674.4,2687.9
2024-08-15,2672.3,2685.6,2658.9,2672.3
2024-08-16,2672.4,2685.8,2659.1,2672.4
2024-08-19,2634.2,2647.4,2621.0,2634.2
2024-08-20,2644.6,2657.9,2631.4,2644.6
2024-08-21,2693.6,2707.1,2680.2,2693.6
2024-08-22,2674.2,2687.6,2660.8,2674.2
2024-08-23,2735.7,2749.3,2722.0,2735.7
2024-08-26,2717.9,2731.5,2704.3,2717.9
2024-08-27,2713.2,2726.8,2699.7,2713.2
2024-08-28,2728.1,2741.8,2714.5,2728.1
2024-08-29,2727.9,2741.5,2714.2,2727.9
2024-08-30,2682.4,2695.9,2669.0,2682.4
2024-09-02,2693.3,2706.8,2679.9,2693.3
2024-09-03,2698.3,2711.8,2684.8,2698.3
2024-09-04,2693.7,2707.2,2680.2,2693.7
2024-09-05,2698.5,2712.0,2685.0,2698.5
2024-09-06,2713.3,2726.9,2699.7,2713.3
2024-09-09,2691.9,2705.4,2678.5,2691.9
2024-09-10,2709.7,2723.3,2696.2,2709.7
2024-09-11,2695.2,2708.7,2681.7,2695.2
2024-09-12,2740.3,2754.0,2726.6,2740.3
2024-09-13,2769.6,2783.5,2755.8,2769.6
2024-09-16,2742.6,2756.3,2728.9,2742.6
2024-09-17,2777.1,2791.0,2763.2,2777.1
2024-09-18,2787.4,2801.3,2773.4,2787.4
2024-09-19,2800.5,2814.5,2786.5,2800.5
2024-09-20,2793.4,2807.4,2779.5,2793.4
2024-09-23,2783.4,2797.3,2769.4,2783.4
2024-09-24,2774.8,2788.7,2760.9,2774.8
2024-09-25,2747.9,2761.7,2734.2,2747.9
2024-09-26,2697.1,2710.6,2683.6,2697.1
2024-09-27,2682.8,2696.2,2669.4,2682.8
2024-09-30,2670.1,2683.5,2656.8,2670.1
2024-10-01,2645.1,2658.3,2631.8,2645.1
2024-10-02,2667.1,2680.4,2653.8,2667.1
2024-10-03,2678.7,2692.1,2665.3,2678.7
2024-10-04,2666.8,2680.1,2653.4,2666.8
2024-10-07,2664.2,2677.5,2650.9,2664.2
2024-10-08,2675.5,2688.9,2662.2,2675.5
2024-10-09,2660.1,2673.4,2646.8,2660.1
2024-10-10,2595.1,2608.1,2582.1,2595.1
2024-10-11,2636.9,2650.0,2623.7,2636.9
2024-10-14,2641.4,2654.6,2628.1,2641.4
2024-10-15,2655.3,2668.6,2642.1,2655.3
2024-10-16,2665.9,2679.3,2652.6,2665.9
2024-10-17,2631.4,2644.6,2618.3,2631.4
2024-10-18,2619.5,2632.6,2606.4,2619.5
2024-10-21,2627.9,2641.0,2614.7,2627.9
2024-10-22,2629.7,2642.9,2616.6,2629.7
2024-10-23,2605.6,2618.7,2592.6,2605.6
2024-10-24,2623.7,2636.8,2610.5,2623.7
2024-10-25,2647.1,2660.3,2633.8,2647.1
2024-10-28,2644.1,2657.3,2630.8,2644.1
2024-10-29,2678.6,2692.0,2665.2,2678.6
2024-10-30,2698.4,2711.9,2684.9,2698.4
2024-10-31,2713.2,2726.8,2699.6,2713.2
2024-11-01,2702.5,2716.0,2688.9,2702.5
2024-11-04,2702.7,2716.2,2689.2,2702.7
2024-11-05,2729.8,2743.5,2716.2,2729.8
2024-11-06,2692.3,2705.7,2678.8,2692.3
2024-11-07,2658.5,2671.7,2645.2,2658.5
2024-11-08,2653.4,2666.7,2640.2,2653.4
2024-11-11,2660.4,2673.7,2647.1,2660.4
2024-11-12,2664.0,2677.3,2650.7,2664.0
2024-11-13,2684.6,2698.1,2671.2,2684.6
2024-11-14,2696.5,2710.0,2683.0,2696.5
2024-11-15,2701.6,2715.1,2688.1,2701.6
2024-11-18,2698.6,2712.1,2685.1,2698.6
2024-11-19,2725.9,2739.5,2712.3,2725.9
2024-11-20,2762.5,2776.3,2748.7,2762.5
2024-11-21,2755.7,2769.5,2741.9,2755.7
2024-11-22,2768.3,2782.2,2754.5,2768.3
2024-11-25,2763.4,2777.2,2749.6,2763.4
2024-11-26,2731.3,2744.9,2717.6,2731.3
2024-11-27,2688.0,2701.4,2674.6,2688.0
2024-11-28,2726.1,2739.7,2712.4,2726.1
2024-11-29,2751.8,2765.6,2738.1,2751.8
2024-12-02,2766.5,2780.3,2752.7,2766.5
2024-12-03,2795.9,2809.9,2781.9,2795.9
2024-12-04,2773.7,2787.6,2759.8,2773.7
2024-12-05,2799.8,2813.8,2785.8,2799.8
2024-12-06,2809.5,2823.6,2795.5,2809.5
2024-12-09,2798.1,2812.1,2784.1,2798.1
2024-12-10,2733.9,2747.6,2720.3,2733.9
2024-12-11,2697.4,2710.9,2683.9,2697.4
2024-12-12,2750.7,2764.4,2736.9,2750.7
2024-12-13,2800.4,2814.4,2786.4,2800.4
2024-12-16,2762.0,2775.8,2748.2,2762.0
2024-12-17,2708.3,2721.9,2694.8,2708.3
2024-12-18,2749.6,2763.4,2735.9,2749.6
2024-12-19,2750.2,2763.9,2736.4,2750.2
2024-12-20,2732.9,2746.5,2719.2,2732.9
2024-12-23,2703.1,2716.6,2689.6,2703.1
2024-12-24,2673.6,2687.0,2660.2,2673.6
2024-12-25,2716.9,2730.5,2703.3,2716.9
2024-12-26,2728.5,2742.2,2714.9,2728.5
2024-12-27,2682.4,2695.8,2669.0,2682.4
2024-12-30,2670.2,2683.5,2656.8,2670.2
2024-12-31,2721.6,2735.3,2708.0,2721.6
2025-01-01,2734.4,2748.0,2720.7,2734.4
2025-01-02,2699.2,2712.7,2685.7,2699.2
2025-01-03,2686.7,2700.1,2673.2,2686.7
2025-01-06,2691.0,2704.4,2677.5,2691.0
2025-01-07,2723.9,2737.5,2710.3,2723.9
2025-01-08,2725.7,2739.4,2712.1,2725.7
2025-01-09,2769.0,2782.8,2755.1,2769.0
2025-01-10,2778.8,2792.7,2764.9,2778.8
2025-01-13,2717.4,2731.0,2703.8,2717.4
2025-01-14,2737.5,2751.2,2723.9,2737.5
2025-01-15,2736.6,2750.2,2722.9,2736.6
2025-01-16,2726.6,2740.2,2712.9,2726.6
2025-01-17,2742.4,2756.1,2728.7,2742.4
2025-01-20,2740.4,2754.1,2726.7,2740.4
2025-01-21,2750.2,2764.0,2736.5,2750.2
2025-01-22,2739.2,2752.9,2725.5,2739.2
2025-01-23,2727.6,2741.2,2713.9,2727.6
2025-01-24,2763.6,2777.4,2749.8,2763.6
2025-01-27,2771.0,2784.8,2757.1,2771.0
2025-01-28,2785.3,2799.3,2771.4,2785.3
2025-01-29,2771.2,2785.0,2757.3,2771.2
2025-01-30,2804.0,2818.0,2790.0,2804.0
2025-01-31,2811.1,2825.1,2797.0,2811.1
2025-02-03,2803.2,2817.3,2789.2,2803.2
2025-02-04,2840.3,2854.5,2826.1,2840.3
2025-02-05,2830.4,2844.5,2816.2,2830.4
2025-02-06,2835.5,2849.7,2821.4,2835.5
2025-02-07,2801.4,2815.4,2787.4,2801.4
2025-02-10,2786.4,2800.3,2772.5,2786.4
2025-02-11,2810.7,2824.8,2796.7,2810.7
2025-02-12,2810.5,2824.6,2796.5,2810.5
2025-02-13,2814.4,2828.5,2800.3,2814.4
2025-02-14,2812.9,2827.0,2798.9,2812.9
2025-02-17,2813.8,2827.9,2799.7,2813.8
2025-02-18,2799.8,2813.8,2785.8,2799.8
2025-02-19,2788.4,2802.3,2774.5,2788.4
2025-02-20,2782.6,2796.5,2768.7,2782.6
2025-02-21,2777.3,2791.2,2763.4,2777.3
2025-02-24,2794.6,2808.5,2780.6,2794.6
2025-02-25,2809.1,2823.1,2795.0,2809.1
2025-02-26,2848.1,2862.3,2833.8,2848.1
2025-02-27,2867.5,2881.8,2853.1,2867.5
2025-02-28,2841.2,2855.4,2827.0,2841.2
2025-03-03,2824.7,2838.8,2810.6,2824.7
2025-03-04,2852.2,2866.5,2838.0,2852.2
2025-03-05,2870.7,2885.1,2856.4,2870.7
2025-03-06,2899.1,2913.6,2884.6,2899.1
2025-03-07,2896.5,2911.0,2882.0,2896.5
2025-03-10,2887.9,2902.3,2873.4,2887.9
2025-03-11,2895.8,2910.2,2881.3,2895.8
2025-03-12,2854.5,2868.8,2840.2,2854.5
2025-03-13,2848.8,2863.0,2834.5,2848.8
2025-03-14,2904.7,2919.2,2890.1,2904.7
2025-03-17,2893.8,2908.3,2879.3,2893.8
2025-03-18,2891.4,2905.9,2877.0,2891.4
2025-03-19,2883.8,2898.3,2869.4,2883.8
2025-03-20,2925.2,2939.8,2910.6,2925.2
2025-03-21,2888.1,2902.5,2873.6,2888.1
2025-03-24,2906.8,2921.3,2892.3,2906.8
2025-03-25,2893.0,2907.5,2878.6,2893.0
2025-03-26,2872.8,2887.2,2858.5,2872.8
2025-03-27,2824.4,2838.5,2810.3,2824.4
2025-03-28,2875.1,2889.4,2860.7,2875.1
2025-03-31,2896.1,2910.5,2881.6,2896.1
2025-04-01,2856.2,2870.5,2842.0,2856.2
2025-04-02,2820.6,2834.7,2806.5,2820.6
2025-04-03,2804.3,2818.3,2790.3,2804.3
2025-04-04,2821.5,2835.6,2807.4,2821.5
2025-04-07,2821.1,2835.2,2807.0,2821.1
2025-04-08,2797.2,2811.2,2783.2,2797.2
2025-04-09,2798.4,2812.3,2784.4,2798.4
2025-04-10,2838.0,2852.2,2823.8,2838.0
2025-04-11,2856.5,2870.7,2842.2,2856.5
2025-04-14,2806.5,2820.5,2792.4,2806.5
2025-04-15,2779.5,2793.4,2765.6,2779.5
2025-04-16,2780.3,2794.2,2766.4,2780.3
2025-04-17,2788.6,2802.6,2774.7,2788.6
2025-04-18,2830.2,2844.4,2816.1,2830.2
2025-04-21,2833.1,2847.2,2818.9,2833.1
2025-04-22,2850.5,2864.8,2836.3,2850.5
2025-04-23,2789.1,2803.0,2775.1,2789.1
2025-04-24,2781.9,2795.8,2768.0,2781.9
2025-04-25,2806.6,2820.6,2792.6,2806.6
2025-04-28,2865.2,2879.5,2850.9,2865.2
2025-04-29,2827.4,2841.5,2813.3,2827.4
2025-04-30,2825.0,2839.1,2810.9,2825.0
2025-05-01,2777.4,2791.3,2763.5,2777.4
2025-05-02,2776.6,2790.5,2762.7,2776.6
2025-05-05,2812.7,2826.7,2798.6,2812.7
2025-05-06,2842.6,2856.8,2828.4,2842.6
2025-05-07,2843.1,2857.4,2828.9,2843.1
2025-05-08,2837.7,2851.9,2823.5,2837.7
2025-05-09,2914.6,2929.2,2900.1,2914.6
2025-05-12,2907.9,2922.5,2893.4,2907.9
2025-05-13,2891.0,2905.4,2876.5,2891.0
2025-05-14,2874.5,2888.9,2860.1,2874.5
2025-05-15,2832.8,2847.0,2818.7,2832.8
2025-05-16,2848.1,2862.4,2833.9,2848.1
2025-05-19,2869.8,2884.1,2855.4,2869.8
2025-05-20,2888.4,2902.8,2873.9,2888.4
2025-05-21,2910.7,2925.2,2896.1,2910.7
2025-05-22,2892.5,2906.9,2878.0,2892.5
2025-05-23,2887.6,2902.0,2873.2,2887.6
2025-05-26,2922.0,2936.6,2907.4,2922.0
2025-05-27,2907.0,2921.5,2892.4,2907.0
2025-05-28,2890.0,2904.5,2875.6,2890.0
2025-05-29,2918.9,2933.5,2904.3,2918.9
2025-05-30,2894.7,2909.1,2880.2,2894.7
2025-06-02,2862.4,2876.7,2848.1,2862.4
2025-06-03,2833.7,2847.9,2819.6,2833.7
2025-06-04,2914.8,2929.4,2900.3,2914.8
2025-06-05,2943.0,2957.7,2928.3,2943.0
2025-06-06,2958.7,2973.5,2943.9,2958.7
2025-06-09,2929.6,2944.3,2915.0,2929.6
2025-06-10,2942.5,2957.2,2927.8,2942.5
2025-06-11,2989.4,3004.3,2974.4,2989.4
2025-06-12,2995.4,3010.4,2980.4,2995.4
2025-06-13,2958.8,2973.6,2944.0,2958.8
2025-06-16,2972.5,2987.4,2957.7,2972.5
2025-06-17,2964.5,2979.3,2949.6,2964.5
2025-06-18,2965.4,2980.3,2950.6,2965.4
2025-06-19,2934.5,2949.1,2919.8,2934.5
2025-06-20,2911.0,2925.5,2896.4,2911.0
2025-06-23,2898.1,2912.6,2883.6,2898.1
2025-06-24,2876.1,2890.4,2861.7,2876.1
2025-06-25,2876.0,2890.3,2861.6,2876.0
2025-06-26,2857.8,2872.1,2843.5,2857.8
2025-06-27,2907.8,2922.3,2893.3,2907.8
2025-06-30,2923.3,2937.9,2908.7,2923.3
2025-07-01,2944.9,2959.7,2930.2,2944.9
2025-07-02,2939.3,2954.0,2924.6,2939.3
2025-07-03,2879.8,2894.2,2865.4,2879.8
2025-07-04,2905.8,2920.3,2891.3,2905.8
2025-07-07,2904.1,2918.7,2889.6,2904.1
2025-07-08,2916.8,2931.4,2902.2,2916.8
2025-07-09,2914.7,2929.3,2900.2,2914.7
2025-07-10,2850.1,2864.4,2835.9,2850.1
2025-07-11,2841.0,2855.2,2826.8,2841.0
2025-07-14,2821.8,2835.9,2807.7,2821.8
2025-07-15,2832.7,2846.9,2818.6,2832.7
2025-07-16,2850.4,2864.7,2836.2,2850.4
2025-07-17,2916.6,2931.2,2902.1,2916.6
2025-07-18,2930.5,2945.1,2915.8,2930.5
2025-07-21,2914.8,2929.4,2900.2,2914.8
2025-07-22,2902.9,2917.4,2888.4,2902.9
2025-07-23,2919.0,2933.6,2904.4,2919.0
2025-07-24,2943.9,2958.6,2929.2,2943.9
2025-07-25,2906.7,2921.2,2892.1,2906.7
2025-07-28,2901.5,2916.0,2887.0,2901.5
2025-07-29,2898.3,2912.8,2883.8,2898.3
2025-07-30,2852.6,2866.9,2838.4,2852.6
2025-07-31,2877.4,2891.8,2863.0,2877.4
2025-08-01,2886.2,2900.7,2871.8,2886.2
2025-08-04,2883.7,2898.2,2869.3,2883.7
2025-08-05,2893.2,2907.7,2878.7,2893.2
2025-08-06,2914.2,2928.8,2899.6,2914.2
2025-08-07,2971.6,2986.4,2956.7,2971.6
2025-08-08,2988.8,3003.7,2973.8,2988.8
2025-08-11,2953.7,2968.4,2938.9,2953.7
2025-08-12,3035.2,3050.4,3020.0,3035.2
2025-08-13,2997.4,3012.4,2982.4,2997.4
2025-08-14,3005.7,3020.8,2990.7,3005.7
2025-08-15,2996.2,3011.2,2981.2,2996.2
2025-08-18,2990.9,3005.9,2976.0,2990.9
2025-08-19,2999.4,3014.4,2984.4,2999.4
2025-08-20,3009.8,3024.8,2994.7,3009.8
2025-08-21,3046.7,3061.9,3031.5,3046.7
2025-08-22,3022.1,3037.2,3007.0,3022.1
2025-08-25,3030.9,3046.1,3015.8,3030.9
2025-08-26,3044.4,3059.6,3029.1,3044.4
2025-08-27,3108.3,3123.9,3092.8,3108.3
2025-08-28,3114.8,3130.4,3099.2,3114.8
2025-08-29,3072.5,3087.9,3057.2,3072.5
2025-09-01,3107.4,3122.9,3091.8,3107.4
2025-09-02,3086.3,3101.7,3070.9,3086.3
2025-09-03,3054.1,3069.3,3038.8,3054.1
2025-09-04,3087.7,3103.2,3072.3,3087.7
2025-09-05,3084.6,3100.1,3069.2,3084.6
2025-09-08,3073.2,3088.5,3057.8,3073.2
2025-09-09,3116.6,3132.2,3101.0,3116.6
2025-09-10,3093.2,3108.7,3077.8,3093.2
2025-09-11,3070.9,3086.2,3055.5,3070.9
2025-09-12,3079.5,3094.9,3064.1,3079.5
2025-09-15,3007.9,3023.0,2992.9,3007.9
2025-09-16,3010.0,3025.1,2995.0,3010.0
2025-09-17,3009.6,3024.6,2994.5,3009.6
2025-09-18,2981.7,2996.6,2966.8,2981.7
2025-09-19,2979.9,2994.8,2965.0,2979.9
2025-09-22,2987.5,3002.5,2972.6,2987.5
2025-09-23,2984.8,2999.7,2969.8,2984.8
2025-09-24,3007.5,3022.6,2992.5,3007.5
2025-09-25,3013.1,3028.1,2998.0,3013.1
2025-09-26,3005.4,3020.4,2990.4,3005.4
2025-09-29,3025.0,3040.1,3009.8,3025.0
2025-09-30,3029.7,3044.9,3014.6,3029.7
2025-10-01,3115.2,3130.8,3099.7,3115.2
2025-10-02,3137.9,3153.6,3122.2,3137.9
2025-10-03,3113.6,3129.1,3098.0,3113.6
2025-10-06,3056.5,3071.8,3041.2,3056.5
2025-10-07,3032.0,3047.1,3016.8,3032.0
2025-10-08,2968.3,2983.2,2953.5,2968.3
2025-10-09,2987.9,3002.9,2973.0,2987.9
2025-10-10,2978.3,2993.2,2963.4,2978.3
2025-10-13,2956.2,2971.0,2941.4,2956.2
2025-10-14,2974.6,2989.5,2959.7,2974.6
2025-10-15,2963.4,2978.3,2948.6,2963.4
2025-10-16,2975.5,2990.4,2960.6,2975.5
2025-10-17,2967.4,2982.3,2952.6,2967.4
2025-10-20,2971.1,2985.9,2956.2,2971.1
2025-10-21,3009.4,3024.5,2994.4,3009.4
2025-10-22,3034.8,3050.0,3019.6,3034.8
2025-10-23,3074.3,3089.7,3058.9,3074.3
2025-10-24,3079.6,3095.0,3064.2,3079.6
2025-10-27,3021.9,3037.0,3006.8,3021.9
2025-10-28,2999.4,3014.4,2984.4,2999.4
2025-10-29,2950.4,2965.2,2935.7,2950.4
2025-10-30,2979.1,2994.0,2964.2,2979.1
2025-10-31,2979.6,2994.5,2964.7,2979.6
2025-11-03,3017.8,3032.9,3002.7,3017.8
2025-11-04,3046.8,3062.1,3031.6,3046.8
2025-11-05,3039.9,3055.1,3024.7,3039.9
2025-11-06,3088.9,3104.3,3073.4,3088.9
2025-11-07,3112.1,3127.7,3096.6,3112.1
2025-11-10,3109.3,3124.9,3093.8,3109.3
2025-11-11,3116.1,3131.7,3100.5,3116.1
2025-11-12,3151.7,3167.4,3135.9,3151.7
2025-11-13,3156.8,3172.5,3141.0,3156.8
2025-11-14,3128.5,3144.1,3112.8,3128.5
2025-11-17,3087.6,3103.0,3072.2,3087.6
2025-11-18,3074.8,3090.2,3059.5,3074.8
2025-11-19,3050.3,3065.6,3035.1,3050.3
2025-11-20,3053.4,3068.7,3038.1,3053.4
2025-11-21,3035.0,3050.1,3019.8,3035.0
2025-11-24,3022.5,3037.6,3007.4,3022.5
2025-11-25,3057.2,3072.5,3041.9,3057.2
2025-11-26,3103.5,3119.0,3087.9,3103.5
2025-11-27,3074.8,3090.2,3059.5,3074.8
2025-11-28,3060.1,3075.4,3044.8,3060.1
2025-12-01,3051.5,3066.7,3036.2,3051.5
2025-12-02,3058.1,3073.4,3042.9,3058.1
2025-12-03,3065.4,3080.8,3050.1,3065.4
2025-12-04,3046.9,3062.2,3031.7,3046.9
2025-12-05,3059.8,3075.1,3044.5,3059.8
2025-12-08,3044.1,3059.4,3028.9,3044.1
2025-12-09,3030.9,3046.0,3015.7,3030.9
2025-12-10,3002.2,3017.2,2987.2,3002.2
2025-12-11,3033.2,3048.4,3018.1,3033.2
2025-12-12,3058.9,3074.2,3043.6,3058.9
2025-12-15,3067.7,3083.0,3052.4,3067.7
2025-12-16,3084.5,3099.9,3069.0,3084.5
2025-12-17,3113.8,3129.3,3098.2,3113.8
2025-12-18,3130.9,3146.6,3115.3,3130.9
2025-12-19,3146.6,3162.3,3130.8,3146.6
2025-12-22,3128.0,3143.6,3112.4,3128.0
2025-12-23,3077.0,3092.4,3061.6,3077.0
2025-12-24,3050.0,3065.2,3034.7,3050.0
2025-12-25,3113.8,3129.4,3098.3,3113.8
2025-12-26,3101.6,3117.1,3086.1,3101.6
2025-12-29,3146.3,3162.1,3130.6,3146.3
2025-12-30,3156.0,3171.8,3140.2,3156.0
2025-12-31,3148.0,3163.7,3132.3,3148.0
2026-01-01,3113.9,3129.5,3098.4,3113.9
2026-01-02,3087.9,3103.3,3072.4,3087.9
2026-01-05,3081.5,3096.9,3066.0,3081.5
2026-01-06,3074.2,3089.6,3058.8,3074.2
2026-01-07,3087.8,3103.3,3072.4,3087.8
2026-01-08,3063.9,3079.3,3048.6,3063.9
2026-01-09,3042.4,3057.6,3027.2,3042.4
2026-01-12,3068.7,3084.0,3053.3,3068.7
2026-01-13,3123.4,3139.0,3107.8,3123.4
2026-01-14,3120.9,3136.5,3105.3,3120.9
2026-01-15,3129.4,3145.0,3113.7,3129.4
2026-01-16,3119.6,3135.2,3104.0,3119.6
2026-01-19,3114.1,3129.7,3098.5,3114.1
2026-01-20,3103.3,3118.8,3087.8,3103.3
2026-01-21,3088.9,3104.3,3073.4,3088.9
2026-01-22,3102.5,3118.0,3087.0,3102.5
2026-01-23,3117.3,3132.9,3101.7,3117.3
2026-01-26,3106.6,3122.2,3091.1,3106.6
2026-01-27,3085.5,3100.9,3070.0,3085.5
2026-01-28,3068.3,3083.6,3052.9,3068.3
2026-01-29,3086.0,3101.5,3070.6,3086.0
2026-01-30,3059.1,3074.4,3043.8,3059.1
2026-02-02,3027.8,3042.9,3012.7,3027.8
2026-02-03,3036.6,3051.8,3021.4,3036.6
2026-02-04,3034.4,3049.6,3019.2,3034.4
2026-02-05,3030.2,3045.3,3015.0,3030.2
2026-02-06,3055.6,3070.9,3040.3,3055.6
2026-02-09,3054.1,3069.4,3038.9,3054.1
2026-02-10,3033.5,3048.6,3018.3,3033.5
2026-02-11,3038.8,3054.0,3023.6,3038.8
2026-02-12,3019.0,3034.1,3004.0,3019.0
2026-02-13,3046.8,3062.1,3031.6,3046.8
2026-02-16,3048.3,3063.5,3033.0,3048.3
2026-02-17,3016.7,3031.8,3001.6,3016.7
2026-02-18,3022.7,3037.8,3007.6,3022.7
2026-02-19,2999.5,3014.5,2984.5,2999.5
2026-02-20,3032.8,3048.0,3017.7,3032.8
2026-02-23,3031.5,3046.6,3016.3,3031.5
2026-02-24,3051.3,3066.5,3036.0,3051.3
2026-02-25,3032.2,3047.4,3017.0,3032.2
2026-02-26,3027.0,3042.2,3011.9,3027.0
2026-02-27,3040.6,3055.8,3025.4,3040.6
2026-03-02,3038.7,3053.9,3023.5,3038.7
2026-03-03,3012.2,3027.2,2997.1,3012.2
2026-03-04,3035.9,3051.1,3020.7,3035.9
2026-03-05,3045.3,3060.5,3030.0,3045.3
2026-03-06,3012.9,3028.0,2997.8,3012.9
2026-03-09,3005.0,3020.0,2990.0,3005.0
2026-03-10,2982.5,2997.4,2967.6,2982.5
2026-03-11,2971.3,2986.2,2956.5,2971.3
2026-03-12,2961.8,2976.6,2946.9,2961.8
2026-03-13,2959.2,2974.0,2944.4,2959.2
2026-03-16,2922.0,2936.6,2907.4,2922.0
2026-03-17,2916.1,2930.7,2901.5,2916.1
2026-03-18,2952.6,2967.3,2937.8,2952.6
2026-03-19,3010.5,3025.5,2995.4,3010.5
2026-03-20,2978.2,2993.0,2963.3,2978.2
2026-03-23,3016.3,3031.4,3001.2,3016.3
2026-03-24,3086.8,3102.3,3071.4,3086.8
2026-03-25,3079.6,3095.0,3064.3,3079.6
2026-03-26,3094.4,3109.9,3079.0,3094.4
2026-03-27,3123.9,3139.5,3108.3,3123.9
2026-03-30,3108.8,3124.4,3093.3,3108.8
2026-03-31,3135.8,3151.4,3120.1,3135.8
2026-04-01,3126.2,3141.8,3110.5,3126.2
2026-04-02,3152.5,3168.3,3136.8,3152.5
2026-04-03,3194.7,3210.6,3178.7,3194.7
2026-04-06,3228.1,3244.2,3211.9,3228.1
2026-04-07,3210.6,3226.7,3194.6,3210.6
2026-04-08,3222.0,3238.1,3205.9,3222.0
2026-04-09,3200.1,3216.1,3184.1,3200.1
2026-04-10,3158.9,3174.6,3143.1,3158.9
2026-04-13,3149.0,3164.7,3133.2,3149.0
2026-04-14,3170.3,3186.2,3154.5,3170.3
2026-04-15,3157.2,3173.0,3141.4,3157.2
2026-04-16,3197.8,3213.7,3181.8,3197.8
2026-04-17,3194.1,3210.0,3178.1,3194.1
2026-04-20,3156.6,3172.4,3140.8,3156.6
2026-04-21,3144.3,3160.0,3128.6,3144.3
2026-04-22,3121.4,3137.0,3105.8,3121.4
2026-04-23,3159.8,3175.6,3144.0,3159.8
2026-04-24,3171.3,3187.1,3155.4,3171.3
2026-04-27,3166.1,3181.9,3150.3,3166.1
2026-04-28,3184.8,3200.7,3168.9,3184.8
2026-04-29,3156.0,3171.8,3140.2,3156.0
2026-04-30,3117.5,3133.1,3101.9,3117.5
2026-05-01,3077.5,3092.9,3062.1,3077.5
2026-05-04,3022.8,3037.9,3007.7,3022.8
2026-05-05,2993.4,3008.3,2978.4,2993.4
2026-05-06,3015.4,3030.5,3000.3,3015.4
2026-05-07,3041.5,3056.7,3026.3,3041.5
2026-05-08,3017.1,3032.2,3002.0,3017.1
2026-05-11,2960.0,2974.8,2945.2,2960.0
2026-05-12,2954.0,2968.8,2939.3,2954.0
2026-05-13,2976.3,2991.2,2961.4,2976.3
2026-05-14,3007.7,3022.8,2992.7,3007.7
2026-05-15,3019.5,3034.6,3004.4,3019.5
2026-05-18,2993.2,3008.2,2978.3,2993.2
2026-05-19,3020.8,3035.9,3005.7,3020.8
2026-05-20,3036.7,3051.8,3021.5,3036.7
2026-05-21,3062.4,3077.8,3047.1,3062.4
2026-05-22,3036.7,3051.8,3021.5,3036.7
2026-05-25,3056.7,3072.0,3041.4,3056.7
2026-05-26,3085.6,3101.0,3070.2,3085.6
2026-05-27,3044.6,3059.8,3029.4,3044.6
2026-05-28,3028.3,3043.5,3013.2,3028.3
2026-05-29,2985.0,2999.9,2970.0,2985.0
2026-06-01,2966.5,2981.3,2951.6,2966.5
2026-06-02,2970.0,2984.9,2955.2,2970.0
2026-06-03,2931.9,2946.6,2917.3,2931.9
2026-06-04,2974.9,2989.8,2960.0,2974.9
2026-06-05,3016.2,3031.3,3001.1,3016.2
2026-06-08,3017.8,3032.8,3002.7,3017.8
2026-06-09,3001.9,3016.9,2986.9,3001.9
2026-06-10,3005.8,3020.8,2990.7,3005.8
2026-06-11,3056.1,3071.3,3040.8,3056.1
2026-06-12,3078.0,3093.4,3062.6,3078.0
2026-06-15,3025.0,3040.1,3009.9,3025.0
2026-06-16,2959.4,2974.2,2944.6,2959.4
2026-06-17,2938.5,2953.2,2923.8,2938.5
2026-06-18,2945.2,2959.9,2930.5,2945.2
2026-06-19,2900.2,2914.7,2885.7,2900.2
2026-06-22,2903.8,2918.3,2889.3,2903.8
2026-06-23,2861.6,2875.9,2847.3,2861.6
2026-06-24,2873.8,2888.2,2859.4,2873.8
2026-06-25,2891.8,2906.3,2877.4,2891.8
2026-06-26,2955.1,2969.9,2940.3,2955.1
2026-06-29,2958.2,2973.0,2943.4,2958.2
2026-06-30,2954.3,2969.1,2939.5,2954.3
