date,open,high,low,close
1980-01-02,82.29,82.42,82.04,82.17
1980-01-03,81.02,81.31,80.83,81.12
1980-01-04,80.43,80.56,80.32,80.46
1980-01-07,81.01,81.03,80.93,80.95
1980-01-08,81.0,81.25,80.65,80.91
1980-01-09,81.65,81.74,81.2,81.29
1980-01-10,81.44,81.62,81.12,81.3
1980-01-11,81.0,82.03,80.16,81.19
1980-01-14,80.95,81.16,80.55,80.77
1980-01-15,79.59,80.2,79.41,80.01
1980-01-16,80.89,81.05,80.82,80.98
1980-01-17,81.97,82.19,81.83,82.04
1980-01-18,81.53,81.55,81.34,81.37
1980-01-21,81.09,81.36,80.4,80.66
1980-01-22,80.52,80.73,80.27,80.47
1980-01-23,80.64,81.01,80.37,80.73
1980-01-24,80.48,81.12,80.0,80.65
1980-01-25,81.21,81.27,80.95,81.01
1980-01-28,80.96,81.02,80.95,81.01
1980-01-29,80.84,81.29,80.52,80.96
1980-01-30,82.81,83.12,82.28,82.58
1980-01-31,82.52,82.79,81.96,82.23
1980-02-01,83.07,83.78,82.61,83.31
1980-02-04,83.93,84.5,83.74,84.31
1980-02-05,84.6,84.71,84.51,84.62
1980-02-06,83.04,83.93,82.45,83.33
1980-02-07,83.03,83.5,82.89,83.35
1980-02-08,82.76,83.22,82.55,83.01
1980-02-11,83.34,83.38,83.05,83.08
1980-02-12,82.55,82.57,82.36,82.39
1980-02-13,83.52,84.03,82.41,82.91
1980-02-14,83.41,83.61,83.38,83.58
1980-02-15,84.69,84.69,84.34,84.35
1980-02-18,84.25,84.31,84.07,84.13
1980-02-19,83.28,83.47,83.23,83.42
1980-02-20,83.62,83.76,83.52,83.66
1980-02-21,84.68,84.97,84.52,84.82
1980-02-22,84.91,85.26,84.49,84.84
1980-02-25,85.42,85.75,84.83,85.17
1980-02-26,84.89,85.4,84.47,84.99
1980-02-27,84.85,84.9,84.58,84.63
1980-02-28,85.38,86.0,84.43,85.05
1980-02-29,85.34,85.72,84.58,84.96
1980-03-03,84.97,85.44,84.79,85.27
1980-03-04,85.56,85.66,85.47,85.57
1980-03-05,85.95,85.99,85.72,85.76
1980-03-06,85.81,86.4,85.5,86.09
1980-03-07,85.14,85.57,85.06,85.48
1980-03-10,84.86,85.06,84.66,84.87
1980-03-11,84.71,84.95,84.58,84.82
1980-03-12,84.74,85.05,84.47,84.78
1980-03-13,84.3,84.83,83.88,84.42
1980-03-14,85.11,85.17,84.51,84.56
1980-03-17,85.06,85.25,85.0,85.18
1980-03-18,86.1,86.75,85.29,85.94
1980-03-19,86.98,87.76,86.06,86.84
1980-03-20,85.47,86.05,85.33,85.91
1980-03-21,85.47,85.69,84.87,85.1
1980-03-24,85.07,85.21,84.77,84.91
1980-03-25,84.98,85.13,84.79,84.94
1980-03-26,85.03,85.11,84.68,84.76
1980-03-27,84.37,84.8,83.95,84.38
1980-03-28,84.39,85.23,83.33,84.17
1980-03-31,84.04,84.91,83.65,84.52
1980-04-01,83.82,84.0,83.43,83.61
1980-04-02,85.22,85.53,84.86,85.17
1980-04-03,85.2,85.35,84.99,85.15
1980-04-04,85.59,86.09,85.31,85.81
1980-04-07,85.32,85.61,85.08,85.37
1980-04-08,85.65,85.86,85.51,85.72
1980-04-09,85.44,86.08,85.1,85.73
1980-04-10,86.35,86.85,85.76,86.26
1980-04-11,86.47,86.66,85.88,86.07
1980-04-14,86.67,87.17,86.55,87.04
1980-04-15,86.1,86.75,85.33,85.98
1980-04-16,86.45,86.75,86.25,86.56
1980-04-17,86.43,86.71,86.29,86.57
1980-04-18,85.84,85.95,85.72,85.83
1980-04-21,87.1,87.8,86.37,87.08
1980-04-22,88.28,88.41,88.11,88.23
1980-04-23,86.46,86.96,86.26,86.75
1980-04-24,87.09,87.17,86.72,86.8
1980-04-25,87.22,87.6,86.83,87.2
1980-04-28,87.57,87.97,87.02,87.42
1980-04-29,88.67,88.68,88.34,88.35
1980-04-30,88.6,89.26,88.46,89.12
1980-05-01,89.35,89.5,89.02,89.18
1980-05-02,90.55,91.22,89.92,90.59
1980-05-05,91.38,91.42,91.07,91.11
1980-05-06,90.51,90.76,90.48,90.73
1980-05-07,90.48,90.77,89.93,90.23
1980-05-08,90.64,91.6,89.98,90.93
1980-05-09,90.37,90.45,90.19,90.26
1980-05-12,89.96,90.08,89.77,89.89
1980-05-13,89.57,89.75,89.43,89.61
1980-05-14,89.46,90.09,89.1,89.74
1980-05-15,89.39,89.64,89.25,89.49
1980-05-16,88.75,88.81,88.44,88.5
1980-05-19,89.61,89.92,88.91,89.22
1980-05-20,89.36,89.71,88.5,88.84
1980-05-21,90.24,90.66,89.68,90.1
1980-05-22,90.25,90.8,89.64,90.18
1980-05-23,91.03,91.07,90.87,90.91
1980-05-26,91.75,91.9,91.07,91.22
1980-05-27,92.1,92.39,91.67,91.96
1980-05-28,92.21,92.59,91.81,92.18
1980-05-29,92.11,92.36,91.93,92.18
1980-05-30,92.71,92.82,92.64,92.76
1980-06-02,94.39,95.16,93.52,94.28
1980-06-03,93.7,94.36,93.25,93.91
1980-06-04,94.09,94.89,93.47,94.27
1980-06-05,94.06,94.15,93.99,94.08
1980-06-06,94.11,94.25,94.1,94.24
1980-06-09,94.31,94.76,93.68,94.14
1980-06-10,92.7,93.45,91.76,92.51
1980-06-11,92.3,92.46,92.07,92.23
1980-06-12,92.89,93.33,92.33,92.76
1980-06-13,92.13,92.46,91.75,92.09
1980-06-16,91.57,92.82,91.38,92.63
1980-06-17,92.36,93.1,91.86,92.6
1980-06-18,92.52,92.71,92.14,92.33
1980-06-19,92.56,93.01,92.35,92.8
1980-06-20,93.35,93.42,93.03,93.11
1980-06-23,93.54,94.19,92.64,93.29
1980-06-24,93.74,94.59,92.97,93.81
1980-06-25,93.62,93.84,93.57,93.79
1980-06-26,92.51,92.77,92.26,92.51
1980-06-27,92.1,92.54,91.68,92.12
1980-06-30,90.99,91.45,90.36,90.82
1980-07-01,90.53,91.33,90.37,91.17
1980-07-02,91.46,91.92,91.2,91.66
1980-07-03,91.9,92.38,91.7,92.18
1980-07-04,91.68,92.74,91.32,92.38
1980-07-07,92.81,93.4,92.36,92.95
1980-07-08,91.32,91.76,91.31,91.74
1980-07-09,91.44,91.62,91.36,91.54
1980-07-10,90.34,90.57,90.24,90.47
1980-07-11,90.26,90.31,90.09,90.14
1980-07-14,91.12,91.81,90.5,91.19
1980-07-15,91.36,92.6,90.59,91.83
1980-07-16,92.25,92.53,91.89,92.16
1980-07-17,92.58,92.82,91.67,91.91
1980-07-18,91.41,91.5,91.03,91.12
1980-07-21,91.38,91.58,90.99,91.19
1980-07-22,91.79,92.18,91.45,91.84
1980-07-23,91.87,92.35,91.52,92.0
1980-07-24,90.66,91.18,90.29,90.81
1980-07-25,90.85,90.94,90.7,90.79
1980-07-28,89.14,89.67,88.91,89.44
1980-07-29,89.98,90.26,89.64,89.92
1980-07-30,89.2,89.49,89.08,89.38
1980-07-31,88.03,88.76,87.74,88.48
1980-08-01,88.8,88.98,88.79,88.98
1980-08-04,89.57,90.06,88.75,89.24
1980-08-05,89.33,89.63,89.0,89.3
1980-08-06,89.72,91.03,89.38,90.68
1980-08-07,90.8,91.33,90.46,90.99
1980-08-08,90.66,90.75,90.32,90.41
1980-08-11,90.53,91.28,89.87,90.61
1980-08-12,90.43,90.94,89.78,90.29
1980-08-13,90.92,91.25,90.69,91.03
1980-08-14,91.13,91.31,90.9,91.08
1980-08-15,91.21,91.71,90.7,91.2
1980-08-18,89.87,90.06,89.86,90.05
1980-08-19,90.12,90.22,89.87,89.97
1980-08-20,90.23,90.88,89.16,89.81
1980-08-21,89.11,89.41,88.7,89.0
1980-08-22,88.78,88.96,88.57,88.75
1980-08-25,88.7,89.52,88.11,88.92
1980-08-26,89.07,89.89,88.01,88.82
1980-08-27,87.63,88.13,87.27,87.77
1980-08-28,87.66,88.12,87.04,87.51
1980-08-29,87.32,87.44,87.0,87.12
1980-09-01,87.42,87.48,87.12,87.17
1980-09-02,87.43,87.43,87.16,87.16
1980-09-03,87.08,87.41,86.49,86.82
1980-09-04,86.14,86.52,86.09,86.46
1980-09-05,86.24,86.95,85.75,86.46
1980-09-08,86.69,87.08,86.66,87.05
1980-09-09,86.8,87.46,86.51,87.17
1980-09-10,88.48,88.61,87.95,88.07
1980-09-11,88.5,88.92,88.34,88.76
1980-09-12,89.37,90.39,88.67,89.68
1980-09-15,90.45,91.21,89.71,90.47
1980-09-16,91.19,91.51,91.07,91.39
1980-09-17,91.08,91.46,90.09,90.47
1980-09-18,90.7,90.86,90.61,90.77
1980-09-19,91.58,92.37,90.67,91.46
1980-09-22,92.02,92.76,91.48,92.23
1980-09-23,91.09,91.79,90.84,91.54
1980-09-24,91.63,91.89,91.58,91.84
1980-09-25,91.53,91.9,91.36,91.73
1980-09-26,92.61,93.03,92.4,92.82
1980-09-29,91.24,92.07,90.85,91.68
1980-09-30,91.04,91.27,90.78,91.0
1980-10-01,89.54,89.68,89.49,89.63
1980-10-02,89.23,89.77,89.1,89.64
1980-10-03,91.11,91.29,90.9,91.08
1980-10-06,91.18,91.23,90.92,90.97
1980-10-07,91.26,91.31,90.88,90.93
1980-10-08,90.53,91.25,90.46,91.19
1980-10-09,90.79,91.29,90.5,90.99
1980-10-10,90.75,91.47,90.42,91.13
1980-10-13,91.14,91.51,90.95,91.32
1980-10-14,91.01,91.02,90.62,90.63
1980-10-15,90.26,91.14,89.59,90.46
1980-10-16,90.73,91.21,90.39,90.86
1980-10-17,91.16,91.39,91.15,91.38
1980-10-20,92.63,93.03,91.79,92.18
1980-10-21,91.64,92.88,91.05,92.28
1980-10-22,92.23,92.4,92.22,92.39
1980-10-23,92.52,93.25,92.02,92.76
1980-10-24,91.74,92.79,91.16,92.21
1980-10-27,91.99,92.49,91.19,91.69
1980-10-28,90.99,91.82,90.66,91.48
1980-10-29,90.38,90.62,90.26,90.5
1980-10-30,90.66,90.85,90.5,90.68
1980-10-31,91.09,91.99,90.4,91.3
1980-11-03,90.2,90.79,90.08,90.67
1980-11-04,90.79,91.14,90.48,90.83
1980-11-05,90.07,90.51,89.83,90.27
1980-11-06,89.68,89.69,89.45,89.46
1980-11-07,90.89,91.23,90.41,90.75
1980-11-10,90.44,90.85,89.51,89.91
1980-11-11,88.96,89.61,88.28,88.93
1980-11-12,89.14,89.41,88.71,88.98
1980-11-13,88.97,89.3,88.73,89.06
1980-11-14,89.88,90.08,89.21,89.42
1980-11-17,90.64,90.88,90.41,90.64
1980-11-18,89.95,90.05,89.89,89.98
1980-11-19,89.62,89.7,89.39,89.47
1980-11-20,90.28,90.5,90.23,90.45
1980-11-21,90.82,91.26,90.52,90.96
1980-11-24,91.48,91.54,91.27,91.33
1980-11-25,90.99,91.38,90.39,90.79
1980-11-26,91.58,91.84,91.14,91.41
1980-11-27,91.78,92.07,91.52,91.81
1980-11-28,91.85,91.85,91.77,91.78
1980-12-01,91.45,91.69,90.95,91.19
1980-12-02,90.81,91.23,90.7,91.11
1980-12-03,92.08,92.41,91.75,92.08
1980-12-04,90.38,91.19,90.36,91.17
1980-12-05,90.68,90.74,90.43,90.48
1980-12-08,89.68,90.84,88.74,89.89
1980-12-09,89.29,89.93,88.85,89.49
1980-12-10,89.33,90.32,88.38,89.36
1980-12-11,90.06,90.29,89.67,89.89
1980-12-12,90.73,91.35,89.46,90.08
1980-12-15,89.54,90.22,89.28,89.96
1980-12-16,89.79,90.49,89.32,90.02
1980-12-17,90.37,90.7,89.98,90.31
1980-12-18,88.85,89.42,88.47,89.04
1980-12-19,89.88,90.22,89.31,89.65
1980-12-22,88.9,88.96,88.88,88.94
1980-12-23,88.77,89.15,88.15,88.53
1980-12-24,88.59,88.67,88.58,88.66
1980-12-25,88.65,88.98,88.18,88.5
1980-12-26,88.48,88.84,88.37,88.73
1980-12-29,89.21,89.77,88.12,88.69
1980-12-30,87.94,88.55,87.77,88.39
1980-12-31,89.13,89.59,88.85,89.32
1981-01-01,89.3,89.9,89.08,89.68
1981-01-02,89.98,89.99,89.76,89.77
1981-01-05,90.25,90.32,90.03,90.1
1981-01-06,89.18,89.54,89.14,89.5
1981-01-07,91.12,91.4,90.58,90.85
1981-01-08,89.79,90.74,89.03,89.98
1981-01-09,90.04,90.16,89.81,89.93
1981-01-12,89.78,90.02,89.36,89.61
1981-01-13,89.21,89.36,89.12,89.27
1981-01-14,89.1,89.5,88.46,88.86
1981-01-15,88.2,89.07,87.36,88.24
1981-01-16,89.04,89.64,88.34,88.95
1981-01-19,87.95,88.09,87.89,88.03
1981-01-20,88.1,89.14,87.57,88.6
1981-01-21,88.91,89.22,88.62,88.94
1981-01-22,88.35,88.86,88.07,88.58
1981-01-23,89.21,90.1,87.95,88.84
1981-01-26,88.26,88.79,88.1,88.62
1981-01-27,88.11,88.12,87.77,87.79
1981-01-28,86.93,87.13,86.77,86.97
1981-01-29,87.45,87.84,86.96,87.35
1981-01-30,87.32,87.74,87.26,87.68
1981-02-02,87.69,87.83,87.62,87.77
1981-02-03,87.26,87.78,86.92,87.44
1981-02-04,87.79,87.9,87.14,87.24
1981-02-05,86.79,87.12,86.63,86.97
1981-02-06,86.03,86.13,85.64,85.74
1981-02-09,86.06,86.36,85.46,85.76
1981-02-10,86.38,86.66,85.8,86.08
1981-02-11,85.94,87.15,84.88,86.09
1981-02-12,87.72,87.8,87.16,87.24
1981-02-13,87.03,87.11,86.43,86.51
1981-02-16,86.13,86.53,85.64,86.03
1981-02-17,85.97,86.61,85.45,86.09
1981-02-18,86.0,86.42,85.8,86.22
1981-02-19,85.02,85.06,84.86,84.9
1981-02-20,85.31,85.35,85.26,85.3
1981-02-23,85.5,86.28,84.68,85.46
1981-02-24,83.67,84.6,83.08,84.01
1981-02-25,83.95,84.33,83.56,83.94
1981-02-26,83.69,83.75,83.34,83.4
1981-02-27,83.32,83.32,83.12,83.12
1981-03-02,82.16,82.7,81.72,82.26
1981-03-03,82.55,82.58,82.55,82.58
1981-03-04,83.42,83.92,83.3,83.79
1981-03-05,83.81,84.19,83.6,83.98
1981-03-06,82.44,83.01,81.96,82.53
1981-03-09,82.91,83.2,82.46,82.75
1981-03-10,82.47,83.3,81.82,82.65
1981-03-11,81.68,82.05,81.57,81.93
1981-03-12,82.4,82.66,81.96,82.22
1981-03-13,82.74,82.91,82.67,82.84
1981-03-16,82.21,82.52,82.11,82.42
1981-03-17,81.54,81.75,81.14,81.35
1981-03-18,80.16,80.59,79.62,80.05
1981-03-19,79.63,79.8,79.51,79.68
1981-03-20,79.58,79.92,79.33,79.66
1981-03-23,79.5,79.62,79.28,79.41
1981-03-24,79.17,79.51,78.7,79.04
1981-03-25,79.57,80.48,78.62,79.52
1981-03-26,79.95,80.05,79.83,79.92
1981-03-27,80.0,80.31,79.82,80.14
1981-03-30,80.64,81.01,80.4,80.77
1981-03-31,80.35,80.44,80.3,80.39
1981-04-01,79.5,79.89,79.34,79.73
1981-04-02,79.2,79.85,78.81,79.46
1981-04-03,79.13,79.42,78.86,79.15
1981-04-06,78.08,78.18,77.76,77.85
1981-04-07,77.12,77.65,77.07,77.6
1981-04-08,78.38,78.5,78.34,78.47
1981-04-09,79.18,79.4,78.89,79.11
1981-04-10,79.81,80.55,78.82,79.56
1981-04-13,80.15,80.34,79.52,79.72
1981-04-14,80.71,81.03,80.45,80.77
1981-04-15,80.59,80.65,80.06,80.12
1981-04-16,79.65,80.25,78.94,79.54
1981-04-17,80.58,81.05,79.91,80.38
1981-04-20,80.19,81.01,79.64,80.45
1981-04-21,80.17,80.22,80.02,80.06
1981-04-22,80.72,80.94,80.29,80.51
1981-04-23,80.11,81.1,79.28,80.28
1981-04-24,79.16,79.78,79.16,79.78
1981-04-27,79.3,79.36,79.21,79.26
1981-04-28,79.52,79.8,79.28,79.57
1981-04-29,80.11,80.24,79.65,79.79
1981-04-30,80.75,81.47,80.17,80.88
1981-05-01,80.57,81.09,80.22,80.74
1981-05-04,80.29,80.84,80.03,80.58
1981-05-05,81.45,81.84,81.21,81.6
1981-05-06,82.96,83.09,82.18,82.3
1981-05-07,82.03,82.63,81.83,82.43
1981-05-08,81.08,81.45,81.03,81.4
1981-05-11,80.88,81.23,80.53,80.89
1981-05-12,80.71,81.37,79.58,80.24
1981-05-13,80.51,80.69,80.14,80.33
1981-05-14,80.42,80.68,79.8,80.05
1981-05-15,81.1,81.64,80.65,81.2
1981-05-18,79.84,80.5,79.52,80.18
1981-05-19,79.36,79.48,79.35,79.47
1981-05-20,79.68,79.77,79.62,79.71
1981-05-21,80.14,80.55,79.72,80.14
1981-05-22,78.42,78.48,78.41,78.47
1981-05-25,77.53,77.77,77.16,77.4
1981-05-26,77.18,77.95,76.57,77.34
1981-05-27,78.15,78.67,77.86,78.37
1981-05-28,79.45,80.29,78.9,79.74
1981-05-29,79.58,79.9,79.22,79.54
1981-06-01,79.52,79.75,79.26,79.49
1981-06-02,79.27,79.41,78.87,79.01
1981-06-03,79.89,80.47,78.94,79.52
1981-06-04,80.33,81.07,79.89,80.62
1981-06-05,81.53,81.54,81.51,81.52
1981-06-08,81.48,82.01,80.99,81.53
1981-06-09,80.63,81.22,80.41,81.0
1981-06-10,80.93,81.11,80.87,81.05
1981-06-11,82.41,83.2,81.24,82.02
1981-06-12,81.63,81.81,81.6,81.78
1981-06-15,80.39,80.72,80.27,80.59
1981-06-16,80.39,80.93,79.86,80.4
1981-06-17,80.49,80.81,79.96,80.27
1981-06-18,79.04,79.53,78.63,79.12
1981-06-19,79.39,79.67,79.07,79.35
1981-06-22,79.21,80.15,78.82,79.76
1981-06-23,81.21,81.27,81.02,81.07
1981-06-24,80.28,80.52,79.99,80.23
1981-06-25,80.99,81.06,80.71,80.78
1981-06-26,81.02,81.54,80.96,81.47
1981-06-29,81.77,82.46,81.16,81.84
1981-06-30,81.43,81.56,81.08,81.2
1981-07-01,80.39,80.78,80.14,80.53
1981-07-02,80.66,80.98,80.32,80.64
1981-07-03,80.65,80.77,80.64,80.75
1981-07-06,80.32,80.85,79.89,80.41
1981-07-07,81.61,81.85,81.1,81.33
1981-07-08,80.75,81.18,80.67,81.1
1981-07-09,79.86,80.01,79.73,79.87
1981-07-10,79.85,80.08,79.55,79.79
1981-07-13,80.38,80.62,79.92,80.16
1981-07-14,80.41,81.24,79.62,80.44
1981-07-15,80.95,81.5,80.18,80.72
1981-07-16,81.75,81.77,81.74,81.76
1981-07-17,81.07,81.26,80.85,81.04
1981-07-20,80.81,81.21,80.39,80.79
1981-07-21,82.02,82.66,81.22,81.86
1981-07-22,80.7,80.97,80.3,80.57
1981-07-23,80.31,80.6,80.3,80.58
1981-07-24,81.5,81.58,81.37,81.45
1981-07-27,82.41,82.5,82.19,82.27
1981-07-28,83.09,83.51,82.31,82.73
1981-07-29,82.94,83.53,82.6,83.19
1981-07-30,82.62,82.9,82.21,82.49
1981-07-31,83.33,84.07,82.67,83.41
1981-08-03,82.71,82.78,82.59,82.66
1981-08-04,81.68,82.05,81.57,81.94
1981-08-05,82.25,82.36,82.15,82.26
1981-08-06,82.06,82.74,81.29,81.98
1981-08-07,81.93,82.83,81.28,82.17
1981-08-10,82.93,83.05,82.44,82.57
1981-08-11,83.41,83.88,83.34,83.8
1981-08-12,84.25,84.37,84.0,84.12
1981-08-13,83.11,83.92,82.91,83.72
1981-08-14,84.13,84.51,83.82,84.2
1981-08-17,83.83,84.0,83.54,83.71
1981-08-18,84.53,85.2,83.69,84.35
1981-08-19,84.39,84.94,83.86,84.41
1981-08-20,84.63,84.96,84.37,84.7
1981-08-21,83.65,84.46,82.71,83.51
1981-08-24,82.32,82.94,81.48,82.09
1981-08-25,81.48,81.83,80.8,81.14
1981-08-26,82.08,82.93,81.55,82.4
1981-08-27,81.64,81.87,81.46,81.69
1981-08-28,81.71,82.35,81.61,82.25
1981-08-31,81.6,82.38,81.16,81.94
1981-09-01,81.66,82.08,81.41,81.83
1981-09-02,82.06,82.44,81.48,81.85
1981-09-03,82.89,83.62,82.27,83.01
1981-09-04,83.36,83.54,83.24,83.43
1981-09-07,83.79,84.38,83.12,83.71
1981-09-08,84.43,84.78,84.25,84.6
1981-09-09,83.66,84.49,83.35,84.17
1981-09-10,84.7,84.9,84.69,84.89
1981-09-11,85.46,85.52,85.42,85.49
1981-09-14,86.19,86.68,85.59,86.07
1981-09-15,85.88,86.16,85.65,85.93
1981-09-16,85.72,85.99,85.35,85.61
1981-09-17,85.23,85.4,84.84,85.0
1981-09-18,84.73,84.73,84.43,84.44
1981-09-21,83.87,84.41,83.29,83.83
1981-09-22,83.8,84.34,83.56,84.09
1981-09-23,83.63,84.0,83.57,83.94
1981-09-24,83.95,84.53,83.66,84.24
1981-09-25,84.3,85.29,83.59,84.57
1981-09-28,83.89,84.18,83.58,83.87
1981-09-29,83.61,84.06,82.7,83.14
1981-09-30,83.07,83.21,82.87,83.01
1981-10-01,82.5,82.53,82.49,82.52
1981-10-02,82.21,82.49,81.69,81.97
1981-10-05,82.99,83.61,82.56,83.19
1981-10-06,82.45,82.62,82.02,82.19
1981-10-07,83.85,84.05,83.41,83.61
1981-10-08,83.84,84.4,83.27,83.83
1981-10-09,85.04,85.3,84.25,84.51
1981-10-12,85.41,85.68,84.85,85.12
1981-10-13,85.55,85.98,85.1,85.54
1981-10-14,86.61,86.69,86.56,86.64
1981-10-15,85.77,85.89,85.76,85.88
1981-10-16,85.72,85.79,85.68,85.75
1981-10-19,85.16,85.51,84.83,85.18
1981-10-20,83.95,84.62,83.36,84.03
1981-10-21,83.55,83.61,83.54,83.6
1981-10-22,84.59,85.48,84.01,84.9
1981-10-23,84.64,84.84,84.58,84.78
1981-10-26,85.73,86.63,85.25,86.15
1981-10-27,87.64,87.71,87.46,87.53
1981-10-28,89.53,89.71,89.33,89.51
1981-10-29,90.67,91.41,89.98,90.71
1981-10-30,92.44,92.65,91.97,92.19
1981-11-02,92.03,92.51,91.79,92.27
1981-11-03,92.06,92.72,91.6,92.26
1981-11-04,91.89,92.77,91.42,92.3
1981-11-05,92.42,92.98,91.58,92.14
1981-11-06,92.25,92.39,91.94,92.08
1981-11-09,92.79,93.15,92.06,92.42
1981-11-10,92.38,92.38,91.94,91.94
1981-11-11,90.74,90.96,90.63,90.85
1981-11-12,90.77,91.34,90.4,90.97
1981-11-13,89.87,90.54,89.7,90.36
1981-11-16,89.53,90.01,89.35,89.83
1981-11-17,89.53,89.83,89.31,89.62
1981-11-18,88.7,89.36,88.6,89.26
1981-11-19,89.61,90.54,88.98,89.9
1981-11-20,89.65,90.28,89.05,89.68
1981-11-23,90.58,90.72,90.2,90.34
1981-11-24,90.16,90.67,89.84,90.35
1981-11-25,90.2,90.27,90.1,90.17
1981-11-26,90.66,90.8,90.01,90.15
1981-11-27,88.68,89.56,88.27,89.16
1981-11-30,89.56,89.84,89.0,89.27
1981-12-01,89.84,90.11,89.48,89.74
1981-12-02,90.64,90.65,90.29,90.3
1981-12-03,89.53,90.0,88.79,89.27
1981-12-04,87.97,88.29,87.81,88.14
1981-12-07,87.7,88.01,87.38,87.7
1981-12-08,88.18,88.59,88.14,88.56
1981-12-09,88.49,88.65,88.46,88.63
1981-12-10,88.02,88.15,87.89,88.02
1981-12-11,87.04,87.05,86.96,86.96
1981-12-14,86.65,86.91,86.18,86.44
1981-12-15,86.3,86.55,85.64,85.89
1981-12-16,86.38,86.61,86.26,86.49
1981-12-17,87.43,87.77,86.78,87.13
1981-12-18,86.43,86.59,86.2,86.36
1981-12-21,86.48,87.27,86.04,86.82
1981-12-22,87.17,87.71,86.67,87.21
1981-12-23,86.38,86.85,85.88,86.35
1981-12-24,86.04,86.36,85.94,86.26
1981-12-25,86.18,86.62,86.0,86.45
1981-12-28,86.23,86.92,85.81,86.51
1981-12-29,85.17,85.58,84.9,85.31
1981-12-30,85.15,85.48,85.05,85.37
1981-12-31,86.1,86.2,85.68,85.78
1982-01-01,86.18,87.03,85.97,86.82
1982-01-04,86.32,86.32,86.29,86.29
1982-01-05,86.01,86.85,85.03,85.88
1982-01-06,85.45,86.29,84.86,85.69
1982-01-07,85.79,86.24,85.4,85.85
1982-01-08,85.79,85.89,85.79,85.88
1982-01-11,86.21,86.38,86.06,86.23
1982-01-12,85.59,86.29,84.74,85.42
1982-01-13,85.81,86.07,85.4,85.66
1982-01-14,84.97,85.61,84.48,85.12
1982-01-15,84.62,85.28,84.34,85.0
1982-01-18,86.15,86.75,85.51,86.11
1982-01-19,84.96,85.56,84.52,85.12
1982-01-20,84.77,85.31,84.38,84.91
1982-01-21,84.08,84.09,84.02,84.03
1982-01-22,84.02,84.83,83.31,84.13
1982-01-25,84.89,85.29,84.4,84.81
1982-01-26,85.54,85.6,84.84,84.9
1982-01-27,84.97,85.11,84.66,84.8
1982-01-28,86.02,86.56,85.13,85.67
1982-01-29,85.99,86.0,85.84,85.85
1982-02-01,86.37,86.65,86.07,86.35
1982-02-02,86.89,87.24,86.41,86.76
1982-02-03,84.86,85.0,84.6,84.74
1982-02-04,84.86,85.01,84.49,84.64
1982-02-05,83.89,84.25,83.52,83.88
1982-02-08,82.91,83.52,82.62,83.23
1982-02-09,83.84,84.51,83.54,84.21
1982-02-10,84.04,84.07,83.88,83.92
1982-02-11,84.87,85.19,84.84,85.16
1982-02-12,84.33,84.42,84.06,84.16
1982-02-15,83.67,83.92,83.08,83.33
1982-02-16,83.77,84.2,83.39,83.82
1982-02-17,83.86,84.38,83.05,83.56
1982-02-18,83.8,83.97,83.57,83.74
1982-02-19,83.64,83.65,83.62,83.63
1982-02-22,83.46,83.62,83.29,83.45
1982-02-23,83.01,83.43,82.79,83.21
1982-02-24,83.07,83.81,82.57,83.31
1982-02-25,83.3,83.74,83.27,83.71
1982-02-26,84.56,84.99,84.32,84.75
1982-03-01,84.97,85.02,84.38,84.43
1982-03-02,83.75,84.23,83.64,84.13
1982-03-03,83.45,83.92,83.28,83.74
1982-03-04,84.49,85.06,84.13,84.7
1982-03-05,84.92,85.17,84.86,85.11
1982-03-08,83.83,84.38,83.22,83.77
1982-03-09,82.3,82.51,82.24,82.45
1982-03-10,81.85,82.24,81.5,81.9
1982-03-11,81.85,82.17,81.74,82.06
1982-03-12,81.93,82.77,81.19,82.04
1982-03-15,82.35,82.38,82.33,82.36
1982-03-16,82.21,82.79,81.67,82.25
1982-03-17,83.67,84.07,82.78,83.17
1982-03-18,83.66,84.16,83.17,83.67
1982-03-19,83.64,83.91,83.42,83.69
1982-03-22,83.76,84.71,83.45,84.39
1982-03-23,83.32,83.89,82.69,83.26
1982-03-24,82.69,83.33,82.54,83.18
1982-03-25,83.39,83.82,82.82,83.25
1982-03-26,83.66,83.67,83.62,83.63
1982-03-29,82.63,83.22,81.84,82.43
1982-03-30,82.1,82.36,82.0,82.26
1982-03-31,82.52,82.57,82.47,82.52
1982-04-01,83.0,83.08,82.75,82.83
1982-04-02,83.37,84.12,82.85,83.6
1982-04-05,84.19,84.52,83.7,84.03
1982-04-06,84.09,84.38,83.66,83.95
1982-04-07,84.32,85.02,83.64,84.35
1982-04-08,84.56,85.01,83.72,84.17
1982-04-09,84.34,84.67,83.89,84.21
1982-04-12,84.23,84.91,83.98,84.65
1982-04-13,84.81,85.07,84.31,84.56
1982-04-14,84.58,84.88,84.44,84.74
1982-04-15,85.52,85.58,85.25,85.32
1982-04-16,85.79,85.81,85.69,85.71
1982-04-19,85.72,86.58,85.55,86.41
1982-04-20,88.0,88.1,87.75,87.84
1982-04-21,88.12,88.19,88.12,88.18
1982-04-22,87.62,87.86,87.51,87.74
1982-04-23,87.84,88.03,87.77,87.95
1982-04-26,88.3,88.38,88.02,88.09
1982-04-27,88.12,88.52,87.97,88.36
1982-04-28,89.51,90.18,88.54,89.21
1982-04-29,87.54,88.1,87.39,87.94
1982-04-30,88.88,89.37,88.32,88.81
1982-05-03,90.02,90.27,89.57,89.82
1982-05-04,90.22,90.51,89.72,90.01
1982-05-05,90.27,90.92,89.58,90.22
1982-05-06,89.82,90.0,89.7,89.88
1982-05-07,89.55,89.94,89.31,89.7
1982-05-10,89.61,90.09,89.45,89.94
1982-05-11,89.98,90.18,89.98,90.17
1982-05-12,90.19,90.57,90.08,90.45
1982-05-13,90.37,90.69,90.35,90.67
1982-05-14,91.56,91.71,90.91,91.06
1982-05-17,90.85,92.04,90.14,91.32
1982-05-18,90.74,90.82,90.37,90.44
1982-05-19,90.45,91.01,90.23,90.79
1982-05-20,91.52,92.1,91.21,91.8
1982-05-21,91.27,91.87,90.96,91.56
1982-05-24,91.96,92.79,91.44,92.27
1982-05-25,91.69,92.39,90.73,91.43
1982-05-26,91.36,91.48,91.07,91.2
1982-05-27,90.5,90.67,90.39,90.56
1982-05-28,92.0,92.7,90.57,91.26
1982-05-31,92.06,92.41,91.71,92.06
1982-06-01,91.8,91.87,91.7,91.78
1982-06-02,92.14,92.76,91.7,92.33
1982-06-03,92.95,93.77,92.36,93.18
1982-06-04,92.77,92.94,92.74,92.91
1982-06-07,92.98,93.27,92.45,92.74
1982-06-08,93.14,93.23,92.89,92.98
1982-06-09,92.55,92.88,91.86,92.19
1982-06-10,91.84,92.27,91.62,92.04
1982-06-11,93.38,93.81,92.79,93.22
1982-06-14,92.71,93.51,91.82,92.62
1982-06-15,93.07,94.04,91.97,92.95
1982-06-16,92.81,93.32,92.53,93.05
1982-06-17,92.41,92.87,92.24,92.7
1982-06-18,92.75,92.78,92.58,92.6
1982-06-21,93.74,94.33,92.9,93.49
1982-06-22,93.42,93.93,93.09,93.6
1982-06-23,93.98,94.52,93.26,93.8
1982-06-24,94.93,94.99,94.52,94.59
1982-06-25,94.02,94.21,93.94,94.12
1982-06-28,92.75,93.46,92.45,93.15
1982-06-29,93.69,94.56,93.19,94.06
1982-06-30,93.69,93.99,93.59,93.88
1982-07-01,94.07,94.69,93.58,94.19
1982-07-02,93.47,93.74,93.21,93.48
1982-07-05,93.6,94.21,93.0,93.61
1982-07-06,92.61,92.9,92.4,92.69
1982-07-07,92.73,93.13,92.15,92.55
1982-07-08,91.73,92.03,91.64,91.94
1982-07-09,91.54,91.79,90.95,91.2
1982-07-12,91.18,91.25,90.86,90.92
1982-07-13,89.51,89.56,89.22,89.28
1982-07-14,88.23,88.97,87.66,88.41
1982-07-15,88.79,88.85,88.76,88.82
1982-07-16,89.14,89.31,88.78,88.94
1982-07-19,88.16,88.61,87.76,88.21
1982-07-20,88.29,88.93,87.84,88.48
1982-07-21,87.62,87.96,87.47,87.81
1982-07-22,88.02,88.32,87.91,88.2
1982-07-23,87.73,88.41,87.37,88.04
1982-07-26,88.57,89.3,87.1,87.82
1982-07-27,87.17,87.77,87.08,87.68
1982-07-28,89.03,89.34,88.98,89.29
1982-07-29,88.85,88.85,88.69,88.69
1982-07-30,88.56,88.91,88.4,88.75
1982-08-02,89.15,89.37,89.02,89.24
1982-08-03,88.64,88.76,88.41,88.53
1982-08-04,87.69,88.01,87.1,87.42
1982-08-05,86.91,87.01,86.88,86.98
1982-08-06,87.69,88.17,86.98,87.45
1982-08-09,86.86,87.34,86.82,87.3
1982-08-10,86.96,87.25,86.83,87.12
1982-08-11,87.82,88.27,87.25,87.69
1982-08-12,87.64,87.64,87.11,87.12
1982-08-13,86.78,87.08,86.74,87.04
1982-08-16,85.83,86.13,85.82,86.12
1982-08-17,86.42,86.93,85.83,86.33
1982-08-18,86.49,86.6,86.38,86.48
1982-08-19,86.82,87.44,86.38,87.0
1982-08-20,85.91,86.31,85.83,86.22
1982-08-23,86.08,86.59,85.7,86.21
1982-08-24,85.49,85.57,85.28,85.36
1982-08-25,85.13,85.52,84.83,85.22
1982-08-26,86.54,86.87,85.9,86.23
1982-08-27,85.99,86.35,85.67,86.02
1982-08-30,85.39,85.41,85.21,85.23
1982-08-31,84.88,85.2,84.48,84.8
1982-09-01,83.63,84.1,83.26,83.73
1982-09-02,83.14,83.56,82.52,82.94
1982-09-03,83.18,83.52,83.14,83.48
1982-09-06,82.59,83.24,82.09,82.73
1982-09-07,82.94,83.26,82.72,83.05
1982-09-08,83.26,83.75,82.66,83.16
1982-09-09,83.06,83.15,82.81,82.9
1982-09-10,82.95,83.55,82.56,83.16
1982-09-13,82.52,83.12,82.17,82.76
1982-09-14,83.46,83.96,82.95,83.44
1982-09-15,82.69,83.64,82.12,83.07
1982-09-16,83.17,83.41,82.67,82.92
1982-09-17,82.63,83.16,82.15,82.68
1982-09-20,83.12,83.6,82.94,83.41
1982-09-21,83.6,84.01,83.49,83.9
1982-09-22,82.28,82.53,81.95,82.2
1982-09-23,82.58,82.91,82.18,82.51
1982-09-24,81.26,81.51,81.19,81.45
1982-09-27,81.47,81.75,81.23,81.5
1982-09-28,81.31,81.58,81.3,81.58
1982-09-29,81.43,81.63,81.3,81.5
1982-09-30,82.36,82.56,81.8,82.0
1982-10-01,83.2,83.51,82.37,82.68
1982-10-04,82.34,82.44,82.28,82.39
1982-10-05,82.08,82.42,81.62,81.97
1982-10-06,82.19,82.34,81.94,82.09
1982-10-07,80.75,81.38,80.54,81.17
1982-10-08,80.73,81.07,80.67,81.01
1982-10-11,81.66,82.32,81.56,82.23
1982-10-12,81.44,82.25,80.53,81.33
1982-10-13,81.74,82.16,80.85,81.27
1982-10-14,81.28,81.44,80.86,81.02
1982-10-15,82.61,82.96,82.25,82.6
1982-10-18,82.47,82.6,82.35,82.49
1982-10-19,82.22,82.36,82.17,82.31
1982-10-20,82.01,82.14,81.62,81.75
1982-10-21,81.98,81.98,81.92,81.92
1982-10-22,82.3,82.59,81.98,82.28
1982-10-25,81.67,82.0,81.6,81.94
1982-10-26,82.96,83.99,81.78,82.81
1982-10-27,83.12,83.3,82.97,83.15
1982-10-28,84.0,84.47,83.44,83.9
1982-10-29,84.06,84.25,83.63,83.81
1982-11-01,83.8,84.25,83.76,84.21
1982-11-02,84.13,84.7,83.63,84.2
1982-11-03,85.26,85.92,84.72,85.37
1982-11-04,85.44,85.72,85.3,85.58
1982-11-05,85.42,85.95,85.17,85.7
1982-11-08,85.44,85.78,85.29,85.63
1982-11-09,85.1,85.55,84.94,85.39
1982-11-10,85.9,86.23,85.35,85.68
1982-11-11,86.49,87.06,85.82,86.39
1982-11-12,86.1,86.23,85.88,86.02
1982-11-15,85.86,86.38,85.84,86.36
1982-11-16,87.12,87.22,86.51,86.61
1982-11-17,86.87,87.24,86.61,86.98
1982-11-18,86.32,86.48,85.72,85.87
1982-11-19,85.53,85.63,85.25,85.34
1982-11-22,84.58,85.67,83.55,84.64
1982-11-23,85.34,85.69,84.48,84.82
1982-11-24,84.48,85.3,83.51,84.33
1982-11-25,84.09,84.29,83.95,84.15
1982-11-26,83.37,83.55,83.28,83.46
1982-11-29,83.75,84.16,83.07,83.49
1982-11-30,82.74,82.98,82.63,82.87
1982-12-01,83.55,83.84,83.36,83.65
1982-12-02,84.02,85.18,83.01,84.17
1982-12-03,84.25,84.68,84.02,84.44
1982-12-06,84.3,84.55,84.22,84.47
1982-12-07,83.61,84.09,82.68,83.16
1982-12-08,83.27,83.45,82.84,83.02
1982-12-09,82.72,83.02,82.37,82.66
1982-12-10,82.91,83.35,82.6,83.04
1982-12-13,83.64,84.37,83.04,83.78
1982-12-14,84.1,84.23,84.06,84.19
1982-12-15,85.74,86.38,84.66,85.29
1982-12-16,85.1,85.27,84.86,85.03
1982-12-17,84.94,85.04,84.65,84.75
1982-12-20,85.81,86.02,85.56,85.76
1982-12-21,85.8,86.2,85.63,86.03
1982-12-22,86.03,86.36,85.67,86.0
1982-12-23,87.21,88.26,86.45,87.49
1982-12-24,88.35,88.47,87.92,88.04
1982-12-27,87.9,88.4,87.6,88.1
1982-12-28,87.56,87.73,87.54,87.71
1982-12-29,89.02,89.14,88.67,88.8
1982-12-30,88.87,89.37,88.55,89.05
1982-12-31,89.11,89.27,89.01,89.17
1983-01-03,89.15,90.43,88.59,89.86
1983-01-04,90.52,91.01,90.12,90.61
1983-01-05,91.27,91.62,90.75,91.1
1983-01-06,91.66,92.38,91.11,91.83
1983-01-07,92.39,92.58,92.04,92.24
1983-01-10,92.84,92.95,92.72,92.84
1983-01-11,92.66,93.09,91.92,92.35
1983-01-12,93.55,93.78,93.53,93.76
1983-01-13,92.82,93.03,92.67,92.88
1983-01-14,92.76,93.41,92.52,93.17
1983-01-17,92.34,92.49,92.21,92.37
1983-01-18,92.25,92.43,92.19,92.37
1983-01-19,92.28,92.45,91.85,92.02
1983-01-20,92.02,92.71,91.51,92.2
1983-01-21,92.41,92.62,92.33,92.53
1983-01-24,91.84,92.07,91.79,92.03
1983-01-25,92.1,92.64,91.55,92.09
1983-01-26,93.78,93.97,93.03,93.22
1983-01-27,91.34,92.48,91.16,92.31
1983-01-28,91.74,92.11,91.39,91.76
1983-01-31,92.96,93.44,92.14,92.63
1983-02-01,92.59,92.9,92.43,92.74
1983-02-02,93.08,93.9,92.12,92.94
1983-02-03,94.12,94.35,93.56,93.79
1983-02-04,93.18,93.33,93.12,93.26
1983-02-07,92.91,93.24,92.76,93.09
1983-02-08,92.96,93.18,92.47,92.7
1983-02-09,92.67,93.02,92.18,92.53
1983-02-10,93.63,93.81,93.46,93.64
1983-02-11,92.61,92.68,92.37,92.44
1983-02-14,92.05,92.26,91.57,91.78
1983-02-15,90.86,90.98,90.75,90.87
1983-02-16,92.16,92.51,91.73,92.08
1983-02-17,91.88,92.55,91.06,91.73
1983-02-18,91.49,91.73,91.36,91.61
1983-02-21,90.98,91.2,90.43,90.65
1983-02-22,90.33,90.76,90.17,90.61
1983-02-23,91.39,91.52,91.29,91.42
1983-02-24,91.97,92.04,91.7,91.76
1983-02-25,91.52,91.92,91.42,91.81
1983-02-28,91.13,91.49,90.53,90.89
1983-03-01,91.02,91.64,90.33,90.96
1983-03-02,91.59,92.33,90.48,91.22
1983-03-03,90.77,91.22,90.16,90.61
1983-03-04,91.22,91.27,91.21,91.27
1983-03-07,92.26,92.35,92.11,92.19
1983-03-08,91.99,92.49,91.42,91.92
1983-03-09,93.17,94.16,91.63,92.61
1983-03-10,92.68,92.98,92.35,92.65
1983-03-11,93.62,94.14,93.14,93.66
1983-03-14,95.38,95.7,95.12,95.44
1983-03-15,94.72,95.25,94.14,94.67
1983-03-16,95.03,95.98,94.41,95.35
1983-03-17,96.33,97.12,95.65,96.44
1983-03-18,95.46,95.91,95.3,95.75
1983-03-21,95.23,95.87,94.84,95.48
1983-03-22,95.34,95.49,94.96,95.11
1983-03-23,95.1,95.32,94.88,95.09
1983-03-24,94.7,95.01,94.6,94.91
1983-03-25,94.81,95.03,94.63,94.85
1983-03-28,95.63,95.98,95.36,95.7
1983-03-29,94.33,94.55,94.09,94.31
1983-03-30,93.24,93.68,93.23,93.67
1983-03-31,94.01,94.89,93.43,94.31
1983-04-01,94.42,95.05,94.2,94.83
1983-04-04,94.01,95.19,93.07,94.26
1983-04-05,94.63,94.97,94.49,94.83
1983-04-06,95.7,96.17,95.52,96.0
1983-04-07,96.28,96.59,95.76,96.06
1983-04-08,95.9,96.38,94.91,95.38
1983-04-11,96.56,96.72,96.16,96.32
1983-04-12,97.61,98.03,97.36,97.78
1983-04-13,97.22,97.35,97.02,97.16
1983-04-14,97.26,97.71,96.83,97.28
1983-04-15,98.05,98.27,98.01,98.23
1983-04-18,98.93,99.03,98.43,98.53
1983-04-19,97.81,97.9,97.14,97.23
1983-04-20,97.25,98.06,96.86,97.68
1983-04-21,97.41,97.47,96.93,96.99
1983-04-22,95.92,96.45,95.57,96.09
1983-04-25,94.91,95.19,94.71,94.98
1983-04-26,96.16,96.32,95.92,96.08
1983-04-27,95.99,96.62,94.92,95.55
1983-04-28,96.03,96.1,95.89,95.95
1983-04-29,96.67,96.99,96.22,96.55
1983-05-02,97.22,97.54,96.64,96.97
1983-05-03,97.62,97.69,97.26,97.33
1983-05-04,97.9,98.46,97.19,97.75
1983-05-05,98.27,98.39,97.85,97.97
1983-05-06,97.3,97.65,97.12,97.47
1983-05-09,96.54,97.5,96.09,97.05
1983-05-10,97.63,98.23,96.5,97.1
1983-05-11,96.82,97.16,96.79,97.13
1983-05-12,97.45,97.63,97.42,97.6
1983-05-13,98.51,98.63,98.5,98.61
1983-05-16,98.99,99.19,98.93,99.14
1983-05-17,98.37,98.6,98.36,98.58
1983-05-18,97.07,97.61,96.4,96.94
1983-05-19,96.6,97.08,95.98,96.46
1983-05-20,95.71,96.53,94.71,95.53
1983-05-23,95.41,95.42,95.25,95.25
1983-05-24,95.52,95.79,95.36,95.63
1983-05-25,95.76,96.25,95.39,95.88
1983-05-26,97.89,98.1,97.36,97.56
1983-05-27,97.95,98.38,97.67,98.1
1983-05-30,99.76,100.27,99.42,99.93
1983-05-31,100.89,101.17,100.34,100.61
1983-06-01,101.54,101.82,101.27,101.55
1983-06-02,101.16,101.59,100.9,101.32
1983-06-03,100.36,101.3,99.57,100.51
1983-06-06,100.68,101.01,100.0,100.34
1983-06-07,100.6,101.17,99.85,100.42
1983-06-08,100.07,100.23,99.83,99.99
1983-06-09,98.93,99.57,98.64,99.28
1983-06-10,99.8,100.27,99.26,99.73
1983-06-13,99.06,99.4,98.79,99.12
1983-06-14,97.72,98.15,97.56,97.99
1983-06-15,97.04,97.57,96.68,97.21
1983-06-16,97.38,97.99,96.58,97.18
1983-06-17,96.89,96.97,96.45,96.53
1983-06-20,96.32,96.9,96.05,96.62
1983-06-21,97.02,97.54,96.78,97.3
1983-06-22,98.14,98.78,97.3,97.94
1983-06-23,97.43,97.72,97.25,97.55
1983-06-24,96.79,96.83,96.59,96.63
1983-06-27,96.33,96.99,95.79,96.45
1983-06-28,97.35,97.39,97.14,97.18
1983-06-29,97.68,98.54,97.24,98.09
1983-06-30,98.7,98.79,98.45,98.54
1983-07-01,99.08,100.63,98.17,99.71
1983-07-04,101.65,101.86,101.15,101.36
1983-07-05,101.05,101.28,100.83,101.06
1983-07-06,102.53,102.71,102.21,102.39
1983-07-07,102.32,102.92,101.65,102.25
1983-07-08,102.65,103.51,102.32,103.18
1983-07-11,104.36,104.87,103.43,103.93
1983-07-12,102.44,102.45,102.33,102.34
1983-07-13,101.85,101.87,101.59,101.62
1983-07-14,100.46,101.18,99.97,100.7
1983-07-15,99.4,99.44,99.29,99.33
1983-07-18,99.91,100.71,99.51,100.3
1983-07-19,102.21,102.84,101.52,102.16
1983-07-20,101.75,103.24,100.55,102.04
1983-07-21,104.39,104.41,102.83,102.85
1983-07-22,104.36,104.45,104.08,104.17
1983-07-25,104.92,104.93,104.5,104.5
1983-07-26,104.46,104.75,104.25,104.54
1983-07-27,104.51,104.56,104.34,104.38
1983-07-28,105.18,105.39,104.68,104.89
1983-07-29,105.34,105.93,105.08,105.68
1983-08-01,105.96,106.79,105.34,106.17
1983-08-02,106.87,106.89,106.54,106.56
1983-08-03,106.47,106.98,106.03,106.54
1983-08-04,104.99,105.53,104.68,105.22
1983-08-05,105.83,106.52,105.33,106.03
1983-08-08,104.7,105.74,104.04,105.08
1983-08-09,105.04,106.14,104.56,105.66
1983-08-10,105.8,106.75,105.4,106.35
1983-08-11,105.43,105.46,105.39,105.42
1983-08-12,105.17,105.59,104.53,104.96
1983-08-15,107.72,107.88,106.76,106.92
1983-08-16,106.86,107.71,106.03,106.88
1983-08-17,105.47,106.26,105.08,105.87
1983-08-18,106.59,106.89,106.31,106.6
1983-08-19,106.21,106.74,105.45,105.98
1983-08-22,104.83,105.11,104.22,104.51
1983-08-23,105.32,106.05,104.31,105.03
1983-08-24,104.5,105.01,103.82,104.32
1983-08-25,104.71,105.25,104.15,104.68
1983-08-26,104.3,104.41,103.97,104.07
1983-08-29,104.5,105.02,104.35,104.87
1983-08-30,104.48,106.14,103.45,105.11
1983-08-31,103.63,103.67,102.94,102.98
1983-09-01,103.38,103.72,103.07,103.4
1983-09-02,103.45,103.52,103.22,103.28
1983-09-05,103.89,105.06,103.6,104.77
1983-09-06,105.71,105.77,105.16,105.22
1983-09-07,106.34,106.8,105.5,105.97
1983-09-08,104.96,105.89,104.51,105.45
1983-09-09,104.78,105.9,103.75,104.88
1983-09-12,105.19,105.37,104.93,105.11
1983-09-13,104.51,105.67,103.76,104.91
1983-09-14,106.34,106.9,105.62,106.18
1983-09-15,106.48,106.71,105.91,106.15
1983-09-16,105.29,105.73,104.75,105.19
1983-09-19,104.24,105.86,103.11,104.73
1983-09-20,105.37,105.7,105.36,105.7
1983-09-21,105.63,105.75,105.54,105.67
1983-09-22,105.51,105.91,105.2,105.59
1983-09-23,106.55,106.97,106.21,106.63
1983-09-26,105.99,106.56,105.51,106.07
1983-09-27,103.69,104.81,103.13,104.25
1983-09-28,103.91,104.13,103.44,103.66
1983-09-29,104.23,104.35,103.91,104.04
1983-09-30,104.14,104.52,103.59,103.98
1983-10-03,103.09,103.11,102.93,102.95
1983-10-04,103.94,104.78,103.19,104.03
1983-10-05,104.15,104.73,103.77,104.34
1983-10-06,104.53,104.97,104.41,104.85
1983-10-07,105.86,106.07,105.17,105.38
1983-10-10,104.53,104.59,104.47,104.54
1983-10-11,104.45,105.04,104.38,104.97
1983-10-12,105.92,106.41,105.44,105.93
1983-10-13,106.41,107.55,105.94,107.08
1983-10-14,107.92,108.08,107.67,107.84
1983-10-17,108.6,108.69,108.45,108.55
1983-10-18,106.95,107.58,106.49,107.12
1983-10-19,106.94,107.31,106.87,107.24
1983-10-20,106.71,107.02,106.22,106.53
1983-10-21,107.78,108.41,107.18,107.81
1983-10-24,108.44,109.31,108.22,109.08
1983-10-25,108.73,109.41,107.67,108.34
1983-10-26,108.11,108.44,108.09,108.42
1983-10-27,108.33,108.8,108.28,108.76
1983-10-28,110.12,110.17,109.62,109.67
1983-10-31,108.78,109.0,108.21,108.43
1983-11-01,106.42,107.05,105.92,106.55
1983-11-02,106.33,106.77,106.29,106.73
1983-11-03,104.34,105.54,103.43,104.63
1983-11-04,104.82,105.46,104.32,104.96
1983-11-07,106.17,106.57,105.38,105.78
1983-11-08,107.47,107.73,106.79,107.05
1983-11-09,106.69,107.87,105.47,106.64
1983-11-10,107.15,107.15,106.94,106.94
1983-11-11,107.61,108.06,107.22,107.67
1983-11-14,106.6,107.04,106.43,106.87
1983-11-15,107.37,107.94,107.28,107.85
1983-11-16,108.34,108.73,107.85,108.23
1983-11-17,108.12,108.18,107.76,107.82
1983-11-18,107.93,108.61,107.41,108.09
1983-11-21,108.61,108.68,108.15,108.22
1983-11-22,108.93,109.1,108.9,109.06
1983-11-23,108.89,109.28,108.47,108.86
1983-11-24,109.12,109.37,108.95,109.19
1983-11-25,109.16,109.64,108.28,108.76
1983-11-28,108.32,108.32,108.16,108.16
1983-11-29,108.44,108.72,108.19,108.46
1983-11-30,107.82,108.22,107.4,107.8
1983-12-01,108.31,109.11,107.91,108.7
1983-12-02,108.66,109.42,108.63,109.39
1983-12-05,108.81,109.06,108.74,108.99
1983-12-06,109.27,109.6,109.01,109.34
1983-12-07,108.96,109.07,108.68,108.79
1983-12-08,107.44,108.2,106.74,107.5
1983-12-09,106.99,107.15,106.98,107.14
1983-12-12,106.49,108.66,105.27,107.44
1983-12-13,108.28,108.93,107.46,108.11
1983-12-14,108.49,108.56,108.36,108.43
1983-12-15,109.7,109.87,109.27,109.43
1983-12-16,108.71,108.93,108.48,108.7
1983-12-19,109.05,109.47,108.25,108.67
1983-12-20,110.18,110.59,109.95,110.36
1983-12-21,108.73,108.98,108.5,108.74
1983-12-22,108.59,109.21,107.89,108.51
1983-12-23,107.93,108.34,107.31,107.72
1983-12-26,108.02,108.31,107.6,107.89
1983-12-27,107.85,108.27,107.28,107.7
1983-12-28,108.55,108.78,108.23,108.46
1983-12-29,108.83,109.15,108.58,108.9
1983-12-30,108.18,108.89,107.18,107.89
1984-01-02,107.13,107.99,106.8,107.67
1984-01-03,107.69,108.24,107.35,107.9
1984-01-04,109.33,109.47,108.66,108.81
1984-01-05,111.04,111.28,111.03,111.27
1984-01-06,112.05,112.13,112.0,112.08
1984-01-09,111.92,112.03,111.35,111.46
1984-01-10,111.5,112.14,110.9,111.54
1984-01-11,111.6,112.09,111.38,111.88
1984-01-12,111.96,112.49,111.03,111.56
1984-01-13,112.07,112.47,111.76,112.17
1984-01-16,110.3,110.85,109.83,110.38
1984-01-17,110.43,111.67,109.86,111.09
1984-01-18,110.79,110.85,110.78,110.84
1984-01-19,111.16,111.18,110.91,110.93
1984-01-20,112.35,112.54,112.3,112.49
1984-01-23,111.21,112.04,110.81,111.64
1984-01-24,111.92,112.18,111.83,112.08
1984-01-25,112.8,113.14,112.67,113.01
1984-01-26,113.25,113.86,112.72,113.33
1984-01-27,111.8,112.06,111.72,111.98
1984-01-30,114.17,114.44,113.33,113.6
1984-01-31,113.66,114.28,112.95,113.56
1984-02-01,112.59,113.87,111.9,113.18
1984-02-02,113.09,113.23,112.92,113.06
1984-02-03,112.87,113.24,112.51,112.88
1984-02-06,112.51,112.91,111.71,112.11
1984-02-07,112.41,112.58,112.3,112.46
1984-02-08,112.03,112.18,111.96,112.1
1984-02-09,113.57,113.9,112.61,112.94
1984-02-10,113.26,114.02,112.87,113.62
1984-02-13,115.79,116.84,114.47,115.51
1984-02-14,115.48,115.96,114.98,115.46
1984-02-15,114.68,114.96,114.56,114.85
1984-02-16,113.39,113.86,113.15,113.62
1984-02-17,116.37,116.6,115.66,115.9
1984-02-20,117.01,117.02,116.83,116.85
1984-02-21,116.53,116.76,116.08,116.32
1984-02-22,118.4,118.84,117.64,118.08
1984-02-23,119.62,119.96,119.16,119.5
1984-02-24,117.92,118.78,117.43,118.29
1984-02-27,117.3,118.49,116.67,117.85
1984-02-28,118.4,118.43,117.83,117.86
1984-02-29,117.03,118.08,115.9,116.96
1984-03-01,117.16,117.33,116.96,117.13
1984-03-02,118.62,118.9,117.71,117.98
1984-03-05,116.64,117.51,116.14,117.01
1984-03-06,116.58,117.57,116.48,117.47
1984-03-07,118.12,118.8,118.09,118.77
1984-03-08,119.11,119.6,118.81,119.3
1984-03-09,119.41,119.63,119.14,119.36
1984-03-12,119.55,119.75,118.86,119.06
1984-03-13,120.32,120.53,119.8,120.01
1984-03-14,118.09,119.64,117.45,119.0
1984-03-15,120.4,120.53,119.26,119.39
1984-03-16,119.42,119.83,119.15,119.57
1984-03-19,121.46,121.75,120.73,121.02
1984-03-20,120.77,121.1,120.24,120.57
1984-03-21,120.22,120.44,120.01,120.22
1984-03-22,119.07,120.38,117.84,119.15
1984-03-23,119.35,119.75,119.35,119.75
1984-03-26,119.23,120.47,118.45,119.69
1984-03-27,118.95,120.24,117.71,119.01
1984-03-28,117.94,118.82,117.55,118.43
1984-03-29,119.74,120.0,118.89,119.15
1984-03-30,118.28,118.96,117.57,118.25
1984-04-02,118.32,118.57,117.34,117.59
1984-04-03,118.53,119.16,118.06,118.69
1984-04-04,118.51,119.28,117.95,118.72
1984-04-05,120.08,120.42,119.53,119.87
1984-04-06,119.59,119.7,119.58,119.69
1984-04-09,120.41,120.88,119.59,120.06
1984-04-10,120.92,121.18,120.14,120.4
1984-04-11,122.36,122.38,121.94,121.96
1984-04-12,123.92,124.24,123.08,123.41
1984-04-13,124.99,125.0,124.67,124.68
1984-04-16,124.15,124.88,123.63,124.36
1984-04-17,123.9,123.96,123.43,123.48
1984-04-18,124.64,124.81,124.2,124.38
1984-04-19,125.64,125.89,125.62,125.87
1984-04-20,126.94,127.54,126.53,127.13
1984-04-23,127.38,127.92,126.87,127.41
1984-04-24,128.64,129.26,127.6,128.21
1984-04-25,129.06,129.91,128.17,129.02
1984-04-26,129.21,130.13,128.28,129.21
1984-04-27,129.38,129.74,129.08,129.44
1984-04-30,129.65,130.23,129.2,129.78
1984-05-01,128.62,129.69,127.99,129.07
1984-05-02,128.69,128.93,128.14,128.39
1984-05-03,127.31,128.0,127.02,127.7
1984-05-04,126.15,127.11,125.17,126.12
1984-05-07,126.32,127.31,125.48,126.47
1984-05-08,126.79,127.26,126.03,126.5
1984-05-09,127.22,128.09,126.47,127.35
1984-05-10,128.3,129.09,127.9,128.69
1984-05-11,130.45,130.74,129.78,130.07
1984-05-14,131.32,132.3,130.67,131.65
1984-05-15,130.92,131.47,130.3,130.86
1984-05-16,129.89,130.26,129.02,129.39
1984-05-17,130.08,130.75,129.7,130.37
1984-05-18,131.75,132.12,131.42,131.79
1984-05-21,133.32,133.51,133.3,133.49
1984-05-22,133.99,135.01,132.92,133.94
1984-05-23,131.81,132.08,131.58,131.84
1984-05-24,132.57,132.73,132.03,132.2
1984-05-25,132.5,132.82,132.43,132.75
1984-05-28,134.65,134.71,134.08,134.14
1984-05-29,136.21,136.84,134.93,135.55
1984-05-30,136.51,137.57,135.36,136.41
1984-05-31,135.39,136.58,134.53,135.71
1984-06-01,134.52,134.63,134.43,134.54
1984-06-04,135.27,135.7,134.89,135.32
1984-06-05,135.2,136.31,133.38,134.49
1984-06-06,135.97,136.69,135.3,136.01
1984-06-07,134.79,134.95,134.07,134.23
1984-06-08,134.88,134.92,134.78,134.83
1984-06-11,135.42,136.35,134.47,135.4
1984-06-12,135.04,135.6,134.62,135.18
1984-06-13,134.12,134.9,133.46,134.23
1984-06-14,132.47,133.13,131.45,132.11
1984-06-15,131.34,132.0,130.97,131.63
1984-06-18,131.78,131.96,131.21,131.4
1984-06-19,133.23,133.76,132.12,132.65
1984-06-20,131.67,132.07,131.5,131.9
1984-06-21,132.94,133.28,132.13,132.46
1984-06-22,131.6,131.88,130.91,131.19
1984-06-25,132.36,132.77,131.62,132.02
1984-06-26,129.52,130.03,129.25,129.76
1984-06-27,132.06,132.81,131.36,132.11
1984-06-28,132.01,132.25,131.81,132.06
1984-06-29,130.02,130.2,129.04,129.21
1984-07-02,128.84,129.31,128.37,128.84
1984-07-03,127.98,128.96,127.08,128.05
1984-07-04,127.07,127.57,127.02,127.51
1984-07-05,126.92,127.55,126.65,127.29
1984-07-06,126.5,127.52,125.73,126.76
1984-07-09,126.35,126.69,125.87,126.21
1984-07-10,124.64,126.18,123.65,125.18
1984-07-11,126.02,126.63,125.65,126.27
1984-07-12,127.03,128.12,126.65,127.74
1984-07-13,128.18,128.38,127.44,127.64
1984-07-16,127.98,128.71,127.2,127.94
1984-07-17,127.03,127.97,125.97,126.91
1984-07-18,126.76,127.48,126.46,127.18
1984-07-19,128.06,128.59,127.09,127.61
1984-07-20,128.14,128.32,127.38,127.56
1984-07-23,128.34,128.55,128.1,128.31
1984-07-24,128.63,129.61,127.84,128.82
1984-07-25,128.07,128.6,127.32,127.85
1984-07-26,129.6,129.99,128.93,129.32
1984-07-27,129.59,130.31,128.54,129.25
1984-07-30,131.62,132.05,130.92,131.36
1984-07-31,132.31,132.54,131.7,131.93
1984-08-01,133.84,134.21,133.76,134.12
1984-08-02,135.86,136.86,134.48,135.49
1984-08-03,135.63,135.94,135.49,135.81
1984-08-06,134.3,135.83,133.79,135.32
1984-08-07,134.47,134.74,134.38,134.65
1984-08-08,135.11,136.33,134.11,135.33
1984-08-09,135.68,135.83,135.44,135.58
1984-08-10,135.38,135.46,134.95,135.04
1984-08-13,136.33,136.41,136.17,136.25
1984-08-14,137.2,137.57,136.02,136.38
1984-08-15,137.16,137.72,136.82,137.38
1984-08-16,135.58,136.79,135.18,136.39
1984-08-17,137.68,137.85,137.4,137.56
1984-08-20,138.16,138.56,137.99,138.39
1984-08-21,139.3,140.34,138.71,139.76
1984-08-22,140.73,141.0,140.59,140.86
1984-08-23,140.45,141.56,139.68,140.78
1984-08-24,140.33,141.4,139.56,140.62
1984-08-27,143.46,143.81,142.47,142.81
1984-08-28,142.53,143.67,141.35,142.48
1984-08-29,143.18,143.51,142.98,143.3
1984-08-30,143.55,144.13,142.28,142.86
1984-08-31,140.69,141.58,139.92,140.81
1984-09-03,139.11,140.22,138.51,139.62
1984-09-04,139.56,140.3,139.37,140.11
1984-09-05,140.89,141.07,140.75,140.93
1984-09-06,140.7,141.76,140.35,141.4
1984-09-07,142.18,143.17,141.7,142.68
1984-09-10,143.13,143.91,142.51,143.29
1984-09-11,142.91,143.42,141.92,142.42
1984-09-12,143.64,144.22,142.51,143.09
1984-09-13,143.55,144.59,142.24,143.27
1984-09-14,142.62,143.69,141.56,142.63
1984-09-17,143.09,143.73,142.7,143.34
1984-09-18,143.59,143.88,143.14,143.43
1984-09-19,143.52,143.9,142.37,142.75
1984-09-20,142.63,143.06,142.14,142.57
1984-09-21,143.96,144.3,143.82,144.16
1984-09-24,145.8,146.11,145.56,145.87
1984-09-25,145.93,147.17,144.8,146.04
1984-09-26,146.31,146.44,145.94,146.07
1984-09-27,144.1,145.75,142.79,144.43
1984-09-28,146.52,147.18,145.69,146.35
1984-10-01,147.94,148.21,147.43,147.69
1984-10-02,148.62,148.81,148.28,148.47
1984-10-03,145.36,146.41,144.79,145.83
1984-10-04,145.78,146.32,145.32,145.85
1984-10-05,145.45,146.57,144.56,145.68
1984-10-08,146.56,147.88,145.27,146.59
1984-10-09,145.76,146.29,145.52,146.05
1984-10-10,146.31,147.42,144.66,145.76
1984-10-11,146.53,146.81,146.16,146.44
1984-10-12,144.84,145.98,144.41,145.54
1984-10-15,144.47,145.19,144.34,145.05
1984-10-16,145.8,145.93,145.15,145.28
1984-10-17,146.71,147.07,146.43,146.79
1984-10-18,147.51,147.76,147.43,147.68
1984-10-19,149.36,149.97,148.25,148.85
1984-10-22,148.97,149.86,148.14,149.03
1984-10-23,150.13,151.43,149.36,150.67
1984-10-24,148.1,148.9,147.79,148.6
1984-10-25,151.13,152.09,149.89,150.85
1984-10-26,154.13,155.26,152.07,153.2
1984-10-29,154.14,154.68,153.22,153.76
1984-10-30,154.38,155.8,153.15,154.56
1984-10-31,154.26,154.4,154.22,154.36
1984-11-01,153.94,154.12,153.75,153.92
1984-11-02,152.13,153.52,151.67,153.06
1984-11-05,152.98,153.62,152.34,152.97
1984-11-06,153.73,154.36,152.84,153.46
1984-11-07,154.61,154.77,153.62,153.79
1984-11-08,156.41,156.81,155.5,155.9
1984-11-09,156.72,157.12,155.42,155.82
1984-11-12,154.82,154.84,154.01,154.04
1984-11-13,156.42,156.7,155.48,155.76
1984-11-14,154.19,154.19,154.17,154.17
1984-11-15,153.53,153.88,153.03,153.38
1984-11-16,152.78,154.49,151.84,153.54
1984-11-19,154.06,154.53,153.53,154.0
1984-11-20,152.45,152.47,152.17,152.19
1984-11-21,151.09,152.17,150.15,151.22
1984-11-22,148.74,149.93,148.23,149.43
1984-11-23,150.8,150.8,150.08,150.09
1984-11-26,151.68,151.93,151.25,151.5
1984-11-27,150.77,150.83,149.94,150.0
1984-11-28,151.42,152.07,150.43,151.08
1984-11-29,152.7,152.96,151.81,152.07
1984-11-30,151.74,152.52,150.44,151.21
1984-12-03,148.75,149.86,147.95,149.06
1984-12-04,147.59,148.3,147.12,147.82
1984-12-05,146.97,147.32,146.81,147.16
1984-12-06,148.55,149.27,148.26,148.98
1984-12-07,149.64,151.08,147.42,148.85
1984-12-10,147.9,148.97,146.81,147.88
1984-12-11,148.29,148.31,148.07,148.09
1984-12-12,146.03,146.66,145.98,146.62
1984-12-13,147.64,147.78,147.14,147.28
1984-12-14,146.01,147.21,145.0,146.19
1984-12-17,146.03,146.54,144.97,145.48
1984-12-18,145.71,146.95,144.78,146.01
1984-12-19,148.73,149.64,147.23,148.14
1984-12-20,151.18,152.09,149.84,150.75
1984-12-21,149.32,149.69,149.17,149.53
1984-12-24,149.68,150.65,148.08,149.04
1984-12-25,150.2,150.29,149.59,149.68
1984-12-26,151.3,151.59,150.8,151.08
1984-12-27,148.1,149.14,147.51,148.54
1984-12-28,149.06,150.11,147.65,148.7
1984-12-31,148.39,148.85,147.91,148.36
1985-01-01,146.13,146.78,145.47,146.11
1985-01-02,144.65,145.52,143.75,144.62
1985-01-03,144.05,144.31,143.81,144.07
1985-01-04,143.89,144.92,143.22,144.26
1985-01-07,145.04,145.97,144.77,145.7
1985-01-08,145.46,146.78,144.9,146.22
1985-01-09,147.56,147.64,147.34,147.42
1985-01-10,146.45,147.81,146.17,147.52
1985-01-11,147.08,147.8,146.04,146.76
1985-01-14,146.98,147.4,146.33,146.75
1985-01-15,147.53,148.4,146.79,147.66
1985-01-16,149.41,149.85,148.53,148.96
1985-01-17,148.71,149.09,148.45,148.83
1985-01-18,147.96,148.18,147.56,147.78
1985-01-21,147.51,148.94,146.94,148.38
1985-01-22,148.01,149.31,147.71,149.01
1985-01-23,150.42,150.75,150.2,150.53
1985-01-24,149.93,150.39,149.29,149.74
1985-01-25,149.42,150.07,148.34,148.99
1985-01-28,150.0,150.77,149.31,150.08
1985-01-29,149.75,150.64,148.74,149.64
1985-01-30,149.5,150.08,148.57,149.15
1985-01-31,150.65,151.35,150.0,150.7
1985-02-01,149.33,150.26,148.13,149.06
1985-02-04,151.36,152.69,150.55,151.88
1985-02-05,150.46,151.82,149.86,151.21
1985-02-06,152.09,153.38,151.05,152.34
1985-02-07,152.63,153.41,151.49,152.27
1985-02-08,152.34,153.66,151.35,152.67
1985-02-11,152.96,153.59,152.03,152.66
1985-02-12,153.28,154.78,152.27,153.76
1985-02-13,153.12,153.45,153.07,153.39
1985-02-14,152.88,152.89,152.75,152.76
1985-02-15,154.72,155.04,154.71,155.03
1985-02-18,155.11,156.6,153.85,155.34
1985-02-19,153.35,155.44,152.47,154.56
1985-02-20,153.19,153.35,152.65,152.81
1985-02-21,155.1,155.54,154.72,155.16
1985-02-22,154.1,155.78,152.85,154.53
1985-02-25,158.21,159.02,156.54,157.34
1985-02-26,157.47,158.49,156.82,157.84
1985-02-27,157.78,158.79,157.0,158.02
1985-02-28,157.77,158.24,157.77,158.23
1985-03-01,161.78,162.63,160.39,161.24
1985-03-04,159.49,160.02,158.28,158.8
1985-03-05,159.72,161.01,157.8,159.09
1985-03-06,159.41,159.61,158.59,158.78
1985-03-07,158.26,159.14,157.67,158.55
1985-03-08,159.56,159.95,158.38,158.76
1985-03-11,158.65,159.04,158.35,158.74
1985-03-12,158.28,159.46,157.83,159.01
1985-03-13,158.82,159.17,158.67,159.02
1985-03-14,157.59,158.41,156.63,157.44
1985-03-15,157.68,158.05,157.61,157.98
1985-03-18,159.27,159.33,159.15,159.2
1985-03-19,158.84,159.1,158.32,158.58
1985-03-20,161.16,161.81,160.32,160.96
1985-03-21,162.96,163.66,161.94,162.64
1985-03-22,163.59,164.8,162.48,163.68
1985-03-25,164.61,165.32,164.26,164.97
1985-03-26,164.24,165.04,164.15,164.96
1985-03-27,166.3,166.42,166.23,166.35
1985-03-28,167.97,168.34,167.87,168.24
1985-03-29,169.09,169.92,168.33,169.15
1985-04-01,167.48,169.19,166.83,168.53
1985-04-02,167.57,168.66,167.24,168.34
1985-04-03,169.17,169.56,168.53,168.91
1985-04-04,168.98,170.56,168.24,169.82
1985-04-05,169.46,169.73,169.28,169.55
1985-04-08,168.44,169.22,168.09,168.87
1985-04-09,170.26,171.47,169.51,170.72
1985-04-10,169.24,169.54,168.89,169.19
1985-04-11,167.88,168.79,166.95,167.86
1985-04-12,166.35,168.5,163.92,166.07
1985-04-15,164.44,165.86,163.56,164.98
1985-04-16,166.06,166.9,165.67,166.5
1985-04-17,168.61,169.21,167.44,168.04
1985-04-18,167.73,168.95,166.61,167.84
1985-04-19,168.55,168.99,167.92,168.36
1985-04-22,168.17,168.84,167.75,168.42
1985-04-23,167.03,167.96,165.87,166.8
1985-04-24,168.27,170.18,167.63,169.54
1985-04-25,171.75,172.67,170.23,171.15
1985-04-26,171.21,171.78,170.88,171.45
1985-04-29,169.74,170.69,169.43,170.38
1985-04-30,169.42,170.19,169.19,169.96
1985-05-01,168.86,169.55,168.31,168.99
1985-05-02,168.98,169.94,168.08,169.04
1985-05-03,169.43,169.53,169.27,169.36
1985-05-06,168.47,169.44,168.11,169.08
1985-05-07,167.59,168.53,166.21,167.15
1985-05-08,169.58,170.18,169.26,169.85
1985-05-09,169.78,170.73,169.13,170.08
1985-05-10,170.47,170.72,170.33,170.58
1985-05-13,170.53,171.2,169.52,170.19
1985-05-14,168.09,168.64,167.55,168.1
1985-05-15,167.69,168.45,167.21,167.97
1985-05-16,167.36,167.59,167.3,167.52
1985-05-17,169.04,169.84,167.62,168.42
1985-05-20,170.33,170.43,169.69,169.79
1985-05-21,170.91,171.82,169.82,170.73
1985-05-22,172.01,172.71,171.24,171.94
1985-05-23,175.39,176.43,173.15,174.18
1985-05-24,174.8,175.08,174.28,174.55
1985-05-27,176.18,177.36,174.9,176.08
1985-05-28,176.46,177.67,175.36,176.57
1985-05-29,174.12,175.19,172.86,173.93
1985-05-30,172.03,174.34,171.32,173.62
1985-05-31,172.92,172.93,172.38,172.39
1985-06-03,172.08,173.89,170.93,172.74
1985-06-04,171.24,172.53,170.32,171.61
1985-06-05,171.6,172.69,171.23,172.32
1985-06-06,173.13,174.51,172.13,173.51
1985-06-07,174.79,175.61,174.15,174.97
1985-06-10,177.62,177.76,177.01,177.15
1985-06-11,175.46,176.71,173.53,174.78
1985-06-12,174.09,174.19,172.98,173.08
1985-06-13,176.88,177.09,176.62,176.83
1985-06-14,177.87,178.31,177.55,177.99
1985-06-17,178.71,178.83,178.18,178.3
1985-06-18,177.7,178.57,177.29,178.16
1985-06-19,177.39,177.93,177.36,177.9
1985-06-20,174.99,176.08,174.09,175.19
1985-06-21,174.03,174.79,173.29,174.05
1985-06-24,172.92,174.6,172.33,174.0
1985-06-25,173.52,173.67,172.82,172.97
1985-06-26,172.26,172.51,171.87,172.13
1985-06-27,175.88,175.9,175.44,175.46
1985-06-28,174.19,175.52,173.69,175.02
1985-07-01,175.17,175.84,174.86,175.52
1985-07-02,175.37,176.11,175.0,175.74
1985-07-03,176.31,176.99,175.75,176.42
1985-07-04,175.66,176.62,174.72,175.67
1985-07-05,177.69,177.75,177.17,177.23
1985-07-08,177.95,178.49,177.36,177.9
1985-07-09,175.66,176.76,174.96,176.05
1985-07-10,176.97,177.82,174.97,175.82
1985-07-11,175.36,175.76,175.1,175.5
1985-07-12,174.65,175.31,174.46,175.13
1985-07-15,174.94,175.94,174.94,175.93
1985-07-16,176.75,177.63,175.82,176.7
1985-07-17,177.66,178.15,176.81,177.29
1985-07-18,177.03,177.68,177.0,177.64
1985-07-19,177.98,178.17,177.46,177.65
1985-07-22,174.9,174.97,174.8,174.86
1985-07-23,174.92,176.82,173.96,175.85
1985-07-24,176.77,177.59,175.63,176.44
1985-07-25,174.91,175.59,174.36,175.05
1985-07-26,174.78,175.96,174.2,175.38
1985-07-29,176.9,177.38,175.92,176.4
1985-07-30,178.41,178.48,177.84,177.91
1985-07-31,177.89,179.17,177.23,178.5
1985-08-01,178.93,179.73,177.99,178.78
1985-08-02,180.09,181.0,179.08,179.98
1985-08-05,179.72,179.76,179.72,179.76
1985-08-06,179.96,180.77,179.42,180.23
1985-08-07,179.23,179.42,179.12,179.31
1985-08-08,181.26,181.62,180.39,180.75
1985-08-09,178.69,178.71,178.46,178.48
1985-08-12,178.78,180.69,177.9,179.82
1985-08-13,178.62,180.27,178.13,179.78
1985-08-14,180.02,181.54,179.52,181.03
1985-08-15,179.16,180.12,178.93,179.89
1985-08-16,179.55,181.02,178.49,179.95
1985-08-19,180.01,180.32,179.95,180.26
1985-08-20,180.76,181.69,179.87,180.8
1985-08-21,179.29,179.43,179.16,179.3
1985-08-22,180.12,181.0,179.26,180.14
1985-08-23,178.18,178.47,177.28,177.57
1985-08-26,176.05,177.33,175.65,176.94
1985-08-27,174.99,176.0,173.81,174.82
1985-08-28,176.2,177.32,174.91,176.03
1985-08-29,175.96,177.38,175.21,176.63
1985-08-30,177.58,178.33,176.55,177.3
1985-09-02,179.74,181.48,177.8,179.54
1985-09-03,179.06,180.14,177.99,179.08
1985-09-04,178.6,180.26,178.26,179.91
1985-09-05,180.49,181.23,179.24,179.97
1985-09-06,179.95,180.49,179.3,179.83
1985-09-09,182.08,182.44,181.49,181.86
1985-09-10,182.81,184.98,182.53,184.69
1985-09-11,183.7,184.48,183.21,183.99
1985-09-12,184.26,185.08,184.24,185.06
1985-09-13,186.11,186.73,184.78,185.39
1985-09-16,185.37,186.82,184.53,185.99
1985-09-17,187.04,187.56,185.7,186.21
1985-09-18,186.16,186.5,185.29,185.63
1985-09-19,180.64,180.74,180.42,180.52
1985-09-20,183.28,183.7,182.24,182.66
1985-09-23,181.37,182.28,180.98,181.88
1985-09-24,181.11,182.29,180.35,181.52
1985-09-25,181.7,181.79,181.12,181.2
1985-09-26,179.59,180.87,178.82,180.1
1985-09-27,179.74,180.49,179.71,180.46
1985-09-30,180.47,181.4,179.71,180.64
1985-10-01,179.23,179.99,178.94,179.7
1985-10-02,181.01,181.5,179.51,180.0
1985-10-03,180.45,181.03,179.46,180.03
1985-10-04,181.11,181.49,181.05,181.43
1985-10-07,179.38,181.66,177.64,179.92
1985-10-08,179.06,180.35,177.59,178.88
1985-10-09,180.67,181.25,179.45,180.03
1985-10-10,179.38,179.48,179.12,179.22
1985-10-11,177.55,178.58,177.04,178.06
1985-10-14,176.92,178.38,176.23,177.69
1985-10-15,177.5,178.16,177.05,177.7
1985-10-16,177.9,178.31,177.32,177.73
1985-10-17,177.35,178.16,176.79,177.6
1985-10-18,176.84,178.19,174.96,176.3
1985-10-21,178.21,178.38,177.76,177.93
1985-10-22,180.13,180.28,179.87,180.01
1985-10-23,177.68,178.01,177.08,177.41
1985-10-24,174.64,176.67,173.35,175.37
1985-10-25,176.79,177.47,176.37,177.05
1985-10-28,179.27,180.16,178.95,179.83
1985-10-29,177.13,177.14,176.93,176.93
1985-10-30,177.78,179.9,176.21,178.33
1985-10-31,180.94,181.32,180.51,180.89
1985-11-01,179.62,180.39,178.94,179.71
1985-11-04,182.67,183.26,181.75,182.34
1985-11-05,181.51,182.27,181.4,182.16
1985-11-06,182.95,183.19,182.47,182.71
1985-11-07,181.16,181.95,180.95,181.74
1985-11-08,182.76,184.74,181.32,183.29
1985-11-11,184.72,185.06,184.46,184.8
1985-11-12,188.03,188.35,187.03,187.36
1985-11-13,188.98,189.9,188.53,189.45
1985-11-14,188.39,189.45,188.34,189.4
1985-11-15,193.35,194.65,192.6,193.9
1985-11-18,195.75,196.66,195.08,195.98
1985-11-19,197.72,198.88,195.46,196.62
1985-11-20,195.22,195.99,194.22,195.0
1985-11-21,192.19,192.71,192.11,192.63
1985-11-22,190.35,190.95,189.83,190.43
1985-11-25,190.14,190.53,188.86,189.25
1985-11-26,191.12,191.84,190.55,191.26
1985-11-27,191.8,192.19,191.54,191.93
1985-11-28,190.74,191.07,190.65,190.97
1985-11-29,191.14,191.28,190.6,190.74
1985-12-02,190.35,191.09,189.91,190.65
1985-12-03,192.35,194.08,190.12,191.85
1985-12-04,191.16,191.8,189.91,190.55
1985-12-05,191.45,193.2,189.35,191.1
1985-12-06,191.43,192.18,190.82,191.56
1985-12-09,189.83,190.73,189.73,190.63
1985-12-10,192.89,193.32,192.6,193.02
1985-12-11,192.2,193.37,191.42,192.58
1985-12-12,190.67,191.87,189.93,191.12
1985-12-13,192.29,192.67,192.05,192.43
1985-12-16,193.11,194.41,191.54,192.84
1985-12-17,193.1,194.46,192.11,193.46
1985-12-18,190.92,191.73,190.89,191.71
1985-12-19,192.41,194.17,191.21,192.97
1985-12-20,197.23,197.52,195.95,196.24
1985-12-23,194.94,196.05,193.52,194.62
1985-12-24,194.6,195.43,194.33,195.16
1985-12-25,194.73,194.76,193.94,193.98
1985-12-26,197.9,198.86,197.07,198.04
1985-12-27,201.21,201.36,199.7,199.85
1985-12-30,200.66,200.87,200.3,200.5
1985-12-31,198.9,199.09,198.37,198.56
1986-01-01,197.44,198.01,196.37,196.94
1986-01-02,198.91,199.63,197.32,198.03
1986-01-03,195.66,196.02,195.56,195.92
1986-01-06,194.97,195.37,193.76,194.16
1986-01-07,193.84,194.6,193.44,194.2
1986-01-08,194.22,195.32,193.34,194.44
1986-01-09,195.05,195.74,194.35,195.04
1986-01-10,194.93,195.09,194.23,194.39
1986-01-13,195.89,197.06,194.93,196.09
1986-01-14,195.75,196.13,194.41,194.79
1986-01-15,196.56,197.61,194.73,195.78
1986-01-16,196.15,196.47,195.8,196.13
1986-01-17,196.49,198.15,195.39,197.06
1986-01-20,199.72,201.54,197.32,199.13
1986-01-21,197.15,198.48,197.07,198.4
1986-01-22,197.81,198.31,196.87,197.37
1986-01-23,194.32,194.93,194.18,194.8
1986-01-24,192.49,192.76,191.5,191.76
1986-01-27,191.07,192.61,190.34,191.87
1986-01-28,191.45,191.87,191.41,191.83
1986-01-29,190.54,191.31,189.52,190.29
1986-01-30,189.46,190.43,188.14,189.11
1986-01-31,191.28,191.67,191.26,191.64
1986-02-03,193.17,193.64,192.89,193.36
1986-02-04,192.1,192.39,191.26,191.55
1986-02-05,191.62,192.05,190.6,191.04
1986-02-06,191.65,192.74,190.77,191.85
1986-02-07,190.71,191.24,190.53,191.06
1986-02-10,189.51,190.48,189.32,190.29
1986-02-11,190.12,190.44,189.66,189.98
1986-02-12,192.36,192.89,191.36,191.89
1986-02-13,194.01,194.49,193.43,193.92
1986-02-14,192.39,193.9,191.43,192.93
1986-02-17,195.16,195.44,193.83,194.12
1986-02-18,193.04,195.16,192.16,194.27
1986-02-19,193.36,193.46,192.75,192.86
1986-02-20,192.71,193.58,191.71,192.58
1986-02-21,191.07,191.22,190.66,190.81
1986-02-24,192.7,194.07,191.78,193.15
1986-02-25,195.7,196.26,195.22,195.79
1986-02-26,195.47,195.63,195.13,195.29
1986-02-27,194.39,195.1,193.72,194.44
1986-02-28,195.22,197.41,194.1,196.28
1986-03-03,199.97,201.36,197.57,198.95
1986-03-04,197.66,198.02,196.91,197.27
1986-03-05,197.18,198.13,196.21,197.16
1986-03-06,197.25,198.95,195.49,197.19
1986-03-07,197.09,197.43,195.75,196.1
1986-03-10,196.65,198.13,195.62,197.09
1986-03-11,195.55,197.88,193.8,196.12
1986-03-12,195.92,196.49,194.85,195.42
1986-03-13,195.7,196.97,194.16,195.43
1986-03-14,192.66,194.14,191.76,193.24
1986-03-17,191.05,191.16,190.32,190.42
1986-03-18,192.34,192.37,192.13,192.17
1986-03-19,190.72,191.88,190.09,191.24
1986-03-20,195.2,195.57,194.53,194.91
1986-03-21,198.46,198.5,198.21,198.25
1986-03-24,197.77,198.87,196.72,197.82
1986-03-25,201.95,202.21,201.44,201.71
1986-03-26,203.67,204.13,202.83,203.29
1986-03-27,202.87,203.05,202.13,202.31
1986-03-28,198.32,198.93,197.64,198.25
1986-03-31,199.59,201.09,198.24,199.75
1986-04-01,200.01,200.89,198.98,199.86
1986-04-02,201.42,202.32,199.81,200.7
1986-04-03,200.85,201.1,200.22,200.47
1986-04-04,198.58,200.06,197.28,198.77
1986-04-07,198.56,200.0,197.08,198.52
1986-04-08,200.85,201.92,198.78,199.85
1986-04-09,199.89,201.05,198.28,199.44
1986-04-10,199.13,199.58,198.58,199.04
1986-04-11,197.44,197.61,196.6,196.77
1986-04-14,197.09,198.82,195.68,197.41
1986-04-15,196.03,196.63,195.24,195.84
1986-04-16,198.7,198.72,197.56,197.59
1986-04-17,197.01,198.23,195.4,196.63
1986-04-18,197.35,197.51,196.24,196.4
1986-04-21,200.38,201.54,199.27,200.43
1986-04-22,199.83,200.57,199.39,200.12
1986-04-23,200.29,201.16,198.73,199.6
1986-04-24,199.66,201.03,199.39,200.76
1986-04-25,198.15,198.66,197.52,198.04
1986-04-28,201.21,203.11,198.69,200.59
1986-04-29,202.76,203.56,201.61,202.41
1986-04-30,202.16,204.3,201.31,203.44
1986-05-01,197.32,198.54,196.91,198.12
1986-05-02,197.89,198.18,197.67,197.96
1986-05-05,196.68,197.02,196.06,196.4
1986-05-06,198.86,199.23,198.18,198.55
1986-05-07,200.54,201.93,199.16,200.55
1986-05-08,201.85,202.19,201.08,201.41
1986-05-09,199.91,200.2,199.36,199.65
1986-05-12,202.55,202.98,202.2,202.63
1986-05-13,202.72,203.07,202.05,202.4
1986-05-14,205.19,206.46,204.31,205.59
1986-05-15,206.57,207.58,205.17,206.18
1986-05-16,206.63,207.6,206.19,207.16
1986-05-19,207.09,208.64,205.25,206.79
1986-05-20,209.55,210.13,208.69,209.26
1986-05-21,210.18,211.0,209.54,210.37
1986-05-22,213.24,214.58,211.51,212.84
1986-05-23,214.15,214.79,212.52,213.16
1986-05-26,212.74,215.66,210.47,213.39
1986-05-27,215.03,215.31,214.13,214.41
1986-05-28,217.54,218.48,215.89,216.83
1986-05-29,218.36,219.8,217.05,218.49
1986-05-30,219.19,219.99,217.87,218.66
1986-06-02,215.52,215.92,215.29,215.69
1986-06-03,217.85,219.64,215.24,217.03
1986-06-04,212.82,214.98,212.43,214.58
1986-06-05,215.58,217.62,212.62,214.65
1986-06-06,213.76,215.02,213.21,214.47
1986-06-09,212.41,213.94,210.83,212.36
1986-06-10,212.53,213.06,212.51,213.05
1986-06-11,217.69,217.98,216.44,216.72
1986-06-12,216.03,216.74,215.48,216.18
1986-06-13,217.11,217.57,217.02,217.47
1986-06-16,222.4,222.48,221.58,221.66
1986-06-17,223.5,223.94,222.58,223.01
1986-06-18,221.58,223.41,219.98,221.8
1986-06-19,221.45,222.82,220.74,222.11
1986-06-20,222.07,223.46,221.42,222.82
1986-06-23,226.24,227.14,224.49,225.38
1986-06-24,227.57,227.89,226.96,227.28
1986-06-25,222.52,222.77,222.16,222.4
1986-06-26,221.19,221.54,220.51,220.86
1986-06-27,219.39,221.53,218.55,220.68
1986-06-30,218.94,220.4,217.69,219.15
1986-07-01,212.72,213.34,212.28,212.91
1986-07-02,212.45,212.51,211.76,211.83
1986-07-03,211.06,212.16,210.9,212.0
1986-07-04,211.95,213.74,209.5,211.28
1986-07-07,211.23,212.3,209.05,210.1
1986-07-08,209.31,210.41,209.3,210.4
1986-07-09,211.22,212.08,210.35,211.21
1986-07-10,210.94,211.29,210.27,210.62
1986-07-11,213.75,214.32,212.63,213.2
1986-07-14,212.41,214.26,211.97,213.8
1986-07-15,212.7,212.98,212.21,212.48
1986-07-16,210.62,211.5,209.88,210.76
1986-07-17,210.46,210.82,210.27,210.63
1986-07-18,214.12,215.08,211.85,212.8
1986-07-21,211.78,213.12,210.57,211.91
1986-07-22,213.47,214.52,212.12,213.18
1986-07-23,213.48,214.37,212.67,213.56
1986-07-24,217.37,217.72,216.87,217.22
1986-07-25,218.4,218.68,217.75,218.04
1986-07-28,217.87,218.41,216.75,217.29
1986-07-29,218.21,219.49,217.45,218.72
1986-07-30,220.29,221.06,219.42,220.19
1986-07-31,219.73,220.78,218.56,219.6
1986-08-01,216.53,218.43,215.71,217.61
1986-08-04,218.41,219.1,218.35,219.04
1986-08-05,219.88,220.95,218.23,219.3
1986-08-06,216.49,217.66,215.62,216.79
1986-08-07,219.13,219.72,216.85,217.43
1986-08-08,217.13,217.7,215.93,216.5
1986-08-11,214.68,214.81,214.25,214.38
1986-08-12,214.99,216.35,212.68,214.02
1986-08-13,217.04,217.32,216.27,216.54
1986-08-14,219.01,220.54,217.36,218.89
1986-08-15,219.79,222.55,217.98,220.73
1986-08-18,222.13,222.7,221.12,221.69
1986-08-19,223.81,224.63,222.06,222.88
1986-08-20,222.77,223.58,222.37,223.17
1986-08-21,220.12,222.93,218.54,221.34
1986-08-22,219.19,220.63,218.45,219.89
1986-08-25,220.49,221.79,218.05,219.34
1986-08-26,222.08,222.97,221.14,222.03
1986-08-27,225.08,226.26,222.91,224.09
1986-08-28,222.31,223.16,221.46,222.3
1986-08-29,222.22,223.17,221.6,222.55
1986-09-01,223.66,224.13,221.77,222.24
1986-09-02,221.89,222.74,221.28,222.13
1986-09-03,221.19,221.86,220.7,221.36
1986-09-04,224.37,224.95,223.49,224.06
1986-09-05,223.98,224.3,223.86,224.18
1986-09-08,225.58,226.68,223.96,225.06
1986-09-09,225.9,226.13,225.37,225.6
1986-09-10,224.22,224.83,223.29,223.9
1986-09-11,223.85,224.43,223.68,224.26
1986-09-12,225.21,227.71,223.85,226.34
1986-09-15,228.89,231.58,226.77,229.46
1986-09-16,226.97,228.06,226.38,227.48
1986-09-17,225.06,225.98,223.95,224.86
1986-09-18,224.6,225.22,224.54,225.15
1986-09-19,226.33,227.68,225.97,227.33
1986-09-22,227.67,229.68,226.45,228.45
1986-09-23,230.08,231.15,228.74,229.81
1986-09-24,227.92,228.36,227.0,227.45
1986-09-25,226.21,226.82,225.95,226.56
1986-09-26,222.48,222.75,222.47,222.75
1986-09-29,223.48,223.9,222.65,223.07
1986-09-30,219.49,220.47,218.4,219.38
1986-10-01,222.99,223.22,221.98,222.2
1986-10-02,225.24,225.83,224.75,225.34
1986-10-03,225.29,226.23,224.9,225.85
1986-10-06,224.45,226.0,222.19,223.73
1986-10-07,224.5,224.75,224.46,224.71
1986-10-08,227.86,230.64,225.62,228.4
1986-10-09,230.1,230.59,228.99,229.48
1986-10-10,232.86,233.8,230.93,231.86
1986-10-13,231.65,231.78,231.4,231.53
1986-10-14,229.4,231.41,228.09,230.09
1986-10-15,231.23,231.63,229.77,230.17
1986-10-16,227.08,227.35,226.55,226.82
1986-10-17,231.43,231.87,230.84,231.28
1986-10-20,231.85,232.27,231.71,232.13
1986-10-21,234.72,234.79,233.86,233.93
1986-10-22,232.46,233.36,232.33,233.23
1986-10-23,229.71,230.75,229.5,230.54
1986-10-24,234.75,234.77,233.4,233.42
1986-10-27,231.31,232.23,231.0,231.91
1986-10-28,233.45,233.66,232.58,232.78
1986-10-29,234.78,235.84,232.76,233.82
1986-10-30,234.3,234.81,233.64,234.15
1986-10-31,232.25,233.09,232.03,232.87
1986-11-03,233.54,235.82,230.82,233.1
1986-11-04,232.51,232.55,231.5,231.54
1986-11-05,233.56,233.56,233.31,233.32
1986-11-06,234.09,235.8,232.91,234.62
1986-11-07,235.0,235.67,234.11,234.78
1986-11-10,233.35,234.42,233.25,234.32
1986-11-11,237.83,239.04,237.32,238.53
1986-11-12,236.04,236.83,235.42,236.22
1986-11-13,233.54,233.85,233.2,233.5
1986-11-14,232.76,234.35,232.01,233.6
1986-11-17,233.94,234.88,232.83,233.77
1986-11-18,236.49,236.95,235.66,236.12
1986-11-19,237.42,237.58,237.4,237.57
1986-11-20,236.29,237.94,236.17,237.82
1986-11-21,239.05,239.4,238.63,238.98
1986-11-24,241.79,242.72,239.57,240.48
1986-11-25,245.0,246.19,243.48,244.66
1986-11-26,245.25,245.56,244.92,245.24
1986-11-27,243.74,244.5,243.26,244.01
1986-11-28,244.93,245.05,244.38,244.5
1986-12-01,240.23,240.25,240.07,240.08
1986-12-02,240.68,241.37,239.48,240.17
1986-12-03,241.62,242.9,241.13,242.42
1986-12-04,243.77,243.83,243.62,243.68
1986-12-05,244.0,244.7,243.65,244.34
1986-12-08,246.25,247.1,245.12,245.97
1986-12-09,246.7,248.79,246.07,248.15
1986-12-10,250.62,252.46,249.08,250.92
1986-12-11,252.15,252.2,251.69,251.74
1986-12-12,251.61,252.58,250.12,251.08
1986-12-15,246.85,247.01,246.72,246.88
1986-12-16,247.21,251.96,244.1,248.83
1986-12-17,250.33,250.52,249.65,249.85
1986-12-18,251.34,252.05,249.43,250.15
1986-12-19,248.19,248.92,248.08,248.81
1986-12-22,250.7,252.19,249.53,251.02
1986-12-23,251.12,253.09,248.56,250.52
1986-12-24,251.08,252.25,249.3,250.46
1986-12-25,251.19,251.72,249.83,250.36
1986-12-26,252.02,252.28,250.99,251.26
1986-12-29,248.18,251.3,246.21,249.32
1986-12-30,250.11,250.94,249.64,250.47
1986-12-31,249.56,250.92,247.72,249.09
1987-01-01,247.66,248.38,247.0,247.72
1987-01-02,249.84,250.87,248.54,249.57
1987-01-05,247.97,248.13,247.9,248.06
1987-01-06,249.59,250.98,248.53,249.92
1987-01-07,250.03,251.46,248.78,250.21
1987-01-08,246.22,247.06,246.22,247.06
1987-01-09,249.35,249.99,249.26,249.89
1987-01-12,250.92,251.9,249.98,250.97
1987-01-13,251.8,252.03,251.6,251.83
1987-01-14,254.33,254.54,253.69,253.9
1987-01-15,256.68,258.27,255.32,256.9
1987-01-16,258.58,259.97,255.91,257.29
1987-01-19,259.82,261.65,257.04,258.86
1987-01-20,259.17,260.62,258.11,259.56
1987-01-21,258.99,259.89,257.93,258.83
1987-01-22,256.59,258.4,253.85,255.66
1987-01-23,255.63,257.19,254.56,256.12
1987-01-26,258.68,260.36,257.58,259.26
1987-01-27,261.42,261.85,259.97,260.4
1987-01-28,258.77,259.08,257.92,258.23
1987-01-29,261.27,261.57,260.12,260.43
1987-01-30,260.02,261.08,258.72,259.78
1987-02-02,255.61,255.81,255.61,255.81
1987-02-03,256.84,257.98,256.75,257.88
1987-02-04,256.09,256.96,255.13,255.99
1987-02-05,260.56,260.6,259.55,259.6
1987-02-06,262.85,264.85,259.87,261.87
1987-02-09,262.49,262.9,261.25,261.65
1987-02-10,263.14,264.8,260.86,262.52
1987-02-11,269.1,269.13,267.29,267.32
1987-02-12,267.92,270.24,266.86,269.17
1987-02-13,269.65,270.19,268.91,269.46
1987-02-16,274.63,276.03,274.01,275.41
1987-02-17,276.62,277.45,274.52,275.34
1987-02-18,275.76,276.49,275.49,276.22
1987-02-19,274.84,275.1,273.75,274.01
1987-02-20,269.99,270.87,269.48,270.36
1987-02-23,270.24,271.13,269.01,269.9
1987-02-24,269.71,271.38,268.13,269.8
1987-02-25,270.28,270.8,269.78,270.3
1987-02-26,267.5,267.97,266.77,267.24
1987-02-27,269.2,269.32,268.34,268.46
1987-03-02,267.27,268.35,266.27,267.36
1987-03-03,269.24,269.46,268.31,268.53
1987-03-04,271.18,271.49,270.04,270.34
1987-03-05,269.08,269.79,268.7,269.41
1987-03-06,268.86,269.13,267.07,267.34
1987-03-09,271.42,271.79,270.44,270.81
1987-03-10,272.13,274.95,269.66,272.48
1987-03-11,273.15,273.97,271.84,272.65
1987-03-12,276.38,276.98,274.92,275.52
1987-03-13,275.98,276.84,274.64,275.5
1987-03-16,274.57,277.15,271.83,274.4
1987-03-17,269.36,272.53,269.02,272.18
1987-03-18,271.06,272.84,270.07,271.85
1987-03-19,273.89,273.98,273.24,273.33
1987-03-20,275.25,276.12,275.2,276.07
1987-03-23,276.74,277.78,275.27,276.31
1987-03-24,279.39,279.87,278.16,278.65
1987-03-25,277.89,278.91,276.97,277.99
1987-03-26,274.71,277.27,273.61,276.17
1987-03-27,272.7,274.94,271.06,273.3
1987-03-30,273.08,275.19,270.41,272.52
1987-03-31,270.82,271.74,268.89,269.81
1987-04-01,272.15,274.59,271.42,273.86
1987-04-02,274.72,275.55,273.83,274.66
1987-04-03,273.12,275.45,272.01,274.33
1987-04-06,278.21,279.32,277.02,278.13
1987-04-07,275.1,275.8,274.54,275.23
1987-04-08,276.77,277.74,273.86,274.82
1987-04-09,278.43,279.68,277.63,278.88
1987-04-10,279.27,280.45,277.22,278.39
1987-04-13,284.53,286.09,282.12,283.67
1987-04-14,284.88,285.37,284.56,285.05
1987-04-15,287.6,289.01,286.08,287.49
1987-04-16,289.95,291.53,288.38,289.95
1987-04-17,288.93,290.22,288.28,289.57
1987-04-20,287.81,288.74,287.59,288.52
1987-04-21,287.58,288.2,287.33,287.94
1987-04-22,284.56,287.17,282.93,285.53
1987-04-23,284.69,286.25,283.55,285.12
1987-04-24,284.67,285.45,284.06,284.84
1987-04-27,288.63,288.72,288.39,288.49
1987-04-28,289.8,290.41,288.82,289.42
1987-04-29,293.9,295.3,292.68,294.08
1987-04-30,288.42,289.64,287.87,289.09
1987-05-01,286.63,286.91,285.98,286.26
1987-05-04,286.53,288.19,284.2,285.86
1987-05-05,288.45,290.05,287.27,288.87
1987-05-06,287.58,289.37,286.65,288.43
1987-05-07,284.74,286.57,283.29,285.12
1987-05-08,284.32,285.05,283.73,284.47
1987-05-11,283.29,283.58,282.03,282.32
1987-05-12,279.87,280.51,278.64,279.29
1987-05-13,283.57,284.04,283.11,283.57
1987-05-14,284.37,284.46,282.66,282.75
1987-05-15,283.05,283.85,282.28,283.08
1987-05-18,284.54,285.29,282.59,283.34
1987-05-19,283.79,284.22,282.33,282.76
1987-05-20,281.89,281.92,280.89,280.92
1987-05-21,280.54,280.73,280.07,280.27
1987-05-22,281.13,282.09,280.07,281.03
1987-05-25,284.62,286.82,282.42,284.62
1987-05-26,287.37,288.22,285.79,286.64
1987-05-27,283.26,283.99,283.2,283.93
1987-05-28,285.84,287.76,284.14,286.06
1987-05-29,288.48,290.19,285.35,287.05
1987-06-01,286.53,286.58,285.95,286.0
1987-06-02,287.14,287.48,285.98,286.32
1987-06-03,286.44,287.55,286.38,287.49
1987-06-04,287.13,287.62,287.01,287.5
1987-06-05,288.75,289.59,287.61,288.46
1987-06-08,286.85,288.25,285.49,286.89
1987-06-09,290.12,291.94,289.37,291.19
1987-06-10,287.47,288.38,285.92,286.82
1987-06-11,288.96,289.75,287.25,288.03
1987-06-12,288.52,289.61,287.67,288.76
1987-06-15,291.21,291.34,290.38,290.51
1987-06-16,290.61,291.54,287.93,288.85
1987-06-17,292.69,293.27,290.77,291.35
1987-06-18,290.79,291.91,289.89,291.0
1987-06-19,287.33,289.05,286.56,288.28
1987-06-22,286.43,287.55,285.12,286.24
1987-06-23,288.53,289.3,285.76,286.52
1987-06-24,284.12,284.3,282.81,282.99
1987-06-25,287.04,288.39,285.7,287.05
1987-06-26,290.73,291.85,288.25,289.37
1987-06-29,294.83,296.66,291.98,293.8
1987-06-30,295.81,299.13,294.2,297.51
1987-07-01,297.58,300.31,293.92,296.64
1987-07-02,294.63,295.16,293.99,294.52
1987-07-03,287.68,289.17,286.93,288.43
1987-07-06,287.96,288.14,287.7,287.88
1987-07-07,292.19,292.6,291.42,291.83
1987-07-08,289.23,290.93,288.22,289.92
1987-07-09,289.32,291.0,287.74,289.42
1987-07-10,287.88,289.08,286.98,288.17
1987-07-13,290.09,291.07,288.43,289.4
1987-07-14,292.02,292.75,291.57,292.29
1987-07-15,287.31,289.67,286.43,288.79
1987-07-16,285.4,286.15,285.03,285.78
1987-07-17,288.38,291.1,286.5,289.2
1987-07-20,290.12,292.65,288.73,291.25
1987-07-21,291.69,294.22,288.14,290.66
1987-07-22,295.22,295.87,293.86,294.51
1987-07-23,290.52,291.91,289.98,291.37
1987-07-24,292.35,293.55,292.27,293.47
1987-07-27,293.57,294.46,292.76,293.66
1987-07-28,293.83,295.64,293.19,295.0
1987-07-29,289.33,289.63,289.25,289.54
1987-07-30,289.07,289.45,288.63,289.01
1987-07-31,291.01,292.1,289.66,290.75
1987-08-03,291.29,291.54,290.73,290.99
1987-08-04,293.24,295.47,291.7,293.93
1987-08-05,296.8,298.31,295.23,296.74
1987-08-06,295.67,297.19,293.03,294.54
1987-08-07,294.58,298.43,292.61,296.44
1987-08-10,294.92,295.4,294.15,294.63
1987-08-11,293.76,295.5,293.06,294.8
1987-08-12,297.59,297.6,296.33,296.34
1987-08-13,295.17,295.77,293.85,294.45
1987-08-14,297.01,298.41,294.92,296.31
1987-08-17,294.88,296.12,294.4,295.63
1987-08-18,294.59,296.52,292.42,294.35
1987-08-19,296.4,296.44,296.02,296.06
1987-08-20,292.1,294.9,291.4,294.19
1987-08-21,292.37,293.2,291.42,292.24
1987-08-24,295.77,296.88,294.13,295.23
1987-08-25,294.32,295.62,294.27,295.57
1987-08-26,292.83,294.98,290.15,292.3
1987-08-27,294.52,294.68,294.28,294.43
1987-08-28,294.83,295.16,293.28,293.61
1987-08-31,290.58,291.34,290.19,290.94
1987-09-01,285.35,285.82,284.74,285.2
1987-09-02,287.61,288.2,286.73,287.31
1987-09-03,282.89,286.3,281.89,285.29
1987-09-04,282.12,284.52,280.02,282.42
1987-09-07,283.88,284.53,283.16,283.81
1987-09-08,283.69,286.63,282.78,285.71
1987-09-09,284.46,285.19,283.15,283.88
1987-09-10,286.1,287.24,284.89,286.03
1987-09-11,290.84,291.27,290.34,290.77
1987-09-14,294.24,295.42,292.42,293.61
1987-09-15,295.82,298.83,293.17,296.18
1987-09-16,296.72,297.48,295.92,296.68
1987-09-17,296.18,297.66,293.94,295.42
1987-09-18,295.12,295.37,294.82,295.07
1987-09-21,294.07,295.97,293.81,295.71
1987-09-22,292.62,292.63,292.57,292.57
1987-09-23,290.69,292.08,289.25,290.63
1987-09-24,287.99,288.05,287.15,287.21
1987-09-25,287.39,288.65,286.44,287.69
1987-09-28,286.8,288.04,286.4,287.64
1987-09-29,285.23,286.5,284.78,286.06
1987-09-30,289.15,289.7,287.35,287.9
1987-10-01,285.62,285.96,285.05,285.38
1987-10-02,284.95,285.88,282.83,283.76
1987-10-05,286.73,287.75,284.4,285.42
1987-10-06,286.88,288.26,286.13,287.52
1987-10-07,284.91,287.04,283.48,285.61
1987-10-08,285.99,287.04,285.05,286.1
1987-10-09,284.79,284.93,284.12,284.26
1987-10-12,282.45,284.37,281.73,283.65
1987-10-13,284.36,285.27,283.05,283.97
1987-10-14,285.58,286.28,284.54,285.24
1987-10-15,284.96,286.04,284.84,285.92
1987-10-16,285.55,288.07,283.97,286.49
1987-10-19,284.18,284.38,283.6,283.8
1987-10-20,286.44,287.81,283.31,284.67
1987-10-21,285.64,288.05,283.47,285.89
1987-10-22,287.68,289.99,285.09,287.4
1987-10-23,285.13,286.35,284.44,285.65
1987-10-26,287.74,289.64,285.64,287.53
1987-10-27,283.88,284.57,283.72,284.41
1987-10-28,283.16,284.33,282.22,283.38
1987-10-29,284.8,285.12,282.41,282.73
1987-10-30,279.92,280.27,279.48,279.83
1987-11-02,277.9,281.58,275.54,279.21
1987-11-03,280.42,280.65,279.65,279.88
1987-11-04,276.79,280.09,272.56,275.86
1987-11-05,275.74,277.14,273.79,275.18
1987-11-06,271.29,271.49,271.23,271.43
1987-11-09,275.73,276.81,275.4,276.49
1987-11-10,276.45,277.55,276.1,277.19
1987-11-11,277.53,277.96,277.25,277.69
1987-11-12,278.11,279.04,277.48,278.42
1987-11-13,279.51,280.43,279.06,279.98
1987-11-16,283.48,285.04,280.89,282.45
1987-11-17,279.75,281.22,277.5,278.97
1987-11-18,283.22,284.32,281.05,282.15
1987-11-19,284.44,286.73,282.83,285.12
1987-11-20,284.23,285.21,284.04,285.02
1987-11-23,284.95,286.12,283.71,284.88
1987-11-24,278.18,279.21,276.81,277.84
1987-11-25,275.25,276.02,274.43,275.19
1987-11-26,276.93,278.01,275.55,276.64
1987-11-27,280.95,280.97,279.6,279.62
1987-11-30,281.35,281.97,280.91,281.53
1987-12-01,282.19,283.23,280.47,281.51
1987-12-02,286.48,291.36,281.16,286.03
1987-12-03,288.44,289.34,287.46,288.36
1987-12-04,288.08,288.7,286.81,287.43
1987-12-07,291.76,292.68,291.52,292.44
1987-12-08,288.97,290.57,288.22,289.81
1987-12-09,286.76,288.02,285.12,286.38
1987-12-10,284.03,285.81,283.65,285.43
1987-12-11,284.16,284.65,283.24,283.72
1987-12-14,282.01,285.44,279.54,282.97
1987-12-15,286.18,287.95,283.12,284.88
1987-12-16,284.51,286.37,282.98,284.85
1987-12-17,286.11,286.75,284.24,284.87
1987-12-18,284.87,285.42,284.5,285.05
1987-12-21,279.59,280.4,278.99,279.8
1987-12-22,277.19,277.91,275.76,276.47
1987-12-23,276.05,276.91,274.94,275.8
1987-12-24,274.04,275.11,273.03,274.1
1987-12-25,273.49,273.93,273.39,273.82
1987-12-28,277.0,278.43,275.9,277.33
1987-12-29,279.32,281.77,274.92,277.35
1987-12-30,273.14,275.1,272.55,274.52
1987-12-31,271.97,273.48,271.44,272.95
1988-01-01,278.13,278.45,276.84,277.15
1988-01-04,281.84,283.36,279.39,280.91
1988-01-05,281.63,282.85,281.19,282.41
1988-01-06,277.46,279.48,276.92,278.93
1988-01-07,280.87,282.02,278.67,279.81
1988-01-08,279.96,280.88,279.92,280.84
1988-01-11,280.65,282.86,278.87,281.07
1988-01-12,279.97,280.04,279.83,279.89
1988-01-13,278.32,279.65,277.89,279.22
1988-01-14,278.69,279.92,276.69,277.92
1988-01-15,275.5,276.4,274.58,275.49
1988-01-18,278.16,279.49,277.57,278.9
1988-01-19,280.43,281.83,279.71,281.1
1988-01-20,281.67,281.96,280.3,280.58
1988-01-21,281.3,282.62,280.22,281.54
1988-01-22,283.08,285.52,280.12,282.56
1988-01-25,288.07,289.28,286.87,288.08
1988-01-26,288.55,290.13,288.49,290.08
1988-01-27,292.61,292.78,291.78,291.95
1988-01-28,292.9,293.55,291.32,291.96
1988-01-29,292.49,293.48,289.9,290.88
1988-02-01,292.35,294.55,291.82,294.03
1988-02-02,292.55,297.22,290.69,295.35
1988-02-03,293.79,294.27,292.76,293.23
1988-02-04,293.58,294.12,293.57,294.11
1988-02-05,294.58,296.15,294.27,295.85
1988-02-08,290.82,292.24,289.31,290.73
1988-02-09,288.1,289.01,287.58,288.49
1988-02-10,288.14,289.39,288.0,289.25
1988-02-11,284.67,284.93,284.48,284.74
1988-02-12,281.17,282.12,279.73,280.69
1988-02-15,280.21,280.98,279.29,280.06
1988-02-16,281.43,282.42,280.29,281.28
1988-02-17,282.95,283.22,282.31,282.58
1988-02-18,284.79,287.59,283.45,286.24
1988-02-19,286.35,286.44,286.29,286.39
1988-02-22,285.61,285.73,285.3,285.41
1988-02-23,282.07,282.47,281.99,282.39
1988-02-24,280.84,281.95,280.44,281.54
1988-02-25,282.58,285.09,280.71,283.22
1988-02-26,284.71,286.03,283.63,284.96
1988-02-29,286.24,286.35,285.35,285.46
1988-03-01,287.93,288.04,286.51,286.62
1988-03-02,290.68,292.28,287.94,289.53
1988-03-03,288.28,290.32,287.61,289.64
1988-03-04,291.88,293.83,290.75,292.7
1988-03-07,291.51,291.77,290.67,290.93
1988-03-08,291.81,292.29,290.19,290.67
1988-03-09,288.65,290.05,288.08,289.49
1988-03-10,291.4,292.37,290.28,291.24
1988-03-11,287.84,289.67,287.0,288.82
1988-03-14,288.3,289.92,286.43,288.06
1988-03-15,283.22,284.43,282.56,283.77
1988-03-16,285.34,286.01,284.52,285.18
1988-03-17,287.02,289.13,285.96,288.06
1988-03-18,288.7,292.36,286.46,290.12
1988-03-21,294.64,294.81,291.75,291.92
1988-03-22,293.8,294.46,293.07,293.74
1988-03-23,297.09,299.14,293.16,295.19
1988-03-24,297.77,297.86,296.34,296.43
1988-03-25,296.32,298.25,295.87,297.79
1988-03-28,296.4,298.39,294.09,296.08
1988-03-29,294.28,295.54,294.18,295.43
1988-03-30,295.15,296.11,294.46,295.42
1988-03-31,292.81,294.49,292.79,294.47
1988-04-01,289.35,291.42,288.66,290.72
1988-04-04,287.33,288.63,286.76,288.06
1988-04-05,288.17,289.89,286.93,288.65
1988-04-06,290.8,291.67,289.9,290.77
1988-04-07,289.89,292.52,288.16,290.79
1988-04-08,297.27,298.76,295.66,297.14
1988-04-11,296.09,297.51,293.68,295.09
1988-04-12,296.28,297.54,294.78,296.04
1988-04-13,298.86,300.99,296.79,298.92
1988-04-14,301.53,302.48,300.27,301.22
1988-04-15,301.24,303.02,300.76,302.54
1988-04-18,305.84,306.02,304.79,304.97
1988-04-19,303.75,305.42,303.17,304.84
1988-04-20,309.85,311.33,306.95,308.42
1988-04-21,311.77,311.92,310.91,311.05
1988-04-22,309.24,311.02,306.94,308.72
1988-04-25,309.88,311.38,307.82,309.32
1988-04-26,305.42,307.43,303.41,305.42
1988-04-27,307.96,310.17,306.48,308.68
1988-04-28,308.02,310.65,306.26,308.89
1988-04-29,313.32,314.69,310.33,311.69
1988-05-02,311.34,311.51,311.06,311.24
1988-05-03,305.52,308.29,303.77,306.54
1988-05-04,312.81,314.13,311.01,312.33
1988-05-05,312.52,313.76,310.97,312.2
1988-05-06,309.16,309.52,309.11,309.47
1988-05-09,310.99,313.56,309.27,311.83
1988-05-10,316.83,318.58,314.38,316.13
1988-05-11,316.06,316.67,314.55,315.16
1988-05-12,314.76,317.58,311.64,314.46
1988-05-13,314.61,316.08,313.08,314.54
1988-05-16,310.86,313.07,309.38,311.59
1988-05-17,310.03,310.32,309.3,309.59
1988-05-18,312.76,313.8,312.31,313.35
1988-05-19,311.42,313.14,310.89,312.61
1988-05-20,311.3,312.23,309.32,310.25
1988-05-23,307.96,310.4,306.47,308.91
1988-05-24,309.28,313.63,306.72,311.05
1988-05-25,307.29,309.4,303.98,306.09
1988-05-26,304.79,307.4,303.79,306.39
1988-05-27,311.44,314.0,309.26,311.81
1988-05-30,315.16,316.42,314.95,316.2
1988-05-31,316.36,317.24,316.17,317.05
1988-06-01,321.71,322.52,318.78,319.58
1988-06-02,321.94,323.13,320.83,322.03
1988-06-03,321.46,322.97,319.61,321.11
1988-06-06,323.44,325.1,321.03,322.68
1988-06-07,325.56,326.65,325.1,326.19
1988-06-08,323.59,324.38,321.77,322.55
1988-06-09,323.62,323.96,322.91,323.25
1988-06-10,324.17,325.37,322.25,323.44
1988-06-13,322.35,326.11,319.31,323.06
1988-06-14,322.87,323.83,321.49,322.44
1988-06-15,322.34,323.42,321.27,322.35
1988-06-16,323.55,323.64,322.36,322.45
1988-06-17,323.89,326.03,322.28,324.42
1988-06-20,326.86,327.91,323.84,324.88
1988-06-21,324.12,325.36,322.55,323.79
1988-06-22,321.06,321.66,320.58,321.18
1988-06-23,319.25,320.04,318.69,319.48
1988-06-24,319.51,320.86,318.17,319.51
1988-06-27,316.73,317.47,316.6,317.33
1988-06-28,319.64,319.84,318.8,319.0
1988-06-29,319.43,320.03,318.84,319.44
1988-06-30,323.4,324.46,320.47,321.53
1988-07-01,319.02,320.65,317.82,319.44
1988-07-04,316.78,317.05,316.63,316.9
1988-07-05,318.58,319.3,318.26,318.99
1988-07-06,320.5,320.79,318.42,318.71
1988-07-07,316.28,318.56,315.39,317.66
1988-07-08,318.81,319.24,318.3,318.73
1988-07-11,319.96,321.17,318.45,319.66
1988-07-12,315.08,316.3,314.92,316.15
1988-07-13,321.36,321.75,318.44,318.83
1988-07-14,316.41,317.34,316.37,317.3
1988-07-15,320.72,322.24,319.17,320.69
1988-07-18,318.55,320.23,315.29,316.95
1988-07-19,316.79,320.18,313.76,317.14
1988-07-20,316.3,317.05,315.41,316.16
1988-07-21,310.73,312.48,309.3,311.05
1988-07-22,312.1,315.91,308.34,312.15
1988-07-25,308.21,310.36,305.06,307.21
1988-07-26,305.79,306.87,305.11,306.18
1988-07-27,305.96,309.24,305.14,308.41
1988-07-28,306.78,307.16,306.42,306.81
1988-07-29,304.42,304.93,303.85,304.36
1988-08-01,306.09,306.61,305.39,305.91
1988-08-02,304.84,306.0,303.85,305.01
1988-08-03,302.97,303.99,302.74,303.76
1988-08-04,306.21,306.48,306.17,306.44
1988-08-05,305.0,305.05,303.34,303.39
1988-08-08,302.0,303.8,300.23,302.03
1988-08-09,304.39,304.59,303.59,303.8
1988-08-10,299.72,301.89,298.49,300.65
1988-08-11,304.28,304.96,303.88,304.55
1988-08-12,302.84,304.34,302.24,303.75
1988-08-15,306.66,306.84,305.3,305.48
1988-08-16,305.75,307.25,305.69,307.18
1988-08-17,306.82,308.13,305.17,306.48
1988-08-18,305.34,305.46,304.91,305.03
1988-08-19,304.87,306.35,303.14,304.62
1988-08-22,303.8,306.26,303.5,305.95
1988-08-23,301.5,304.15,300.69,303.34
1988-08-24,300.38,301.56,299.09,300.27
1988-08-25,302.66,305.38,300.78,303.5
1988-08-26,300.93,302.89,299.55,301.51
1988-08-29,301.69,302.08,301.69,302.08
1988-08-30,300.4,301.73,300.03,301.36
1988-08-31,299.65,301.31,299.09,300.75
1988-09-01,303.85,303.96,303.73,303.85
1988-09-02,301.56,303.76,301.09,303.29
1988-09-05,301.51,302.08,301.4,301.97
1988-09-06,300.42,301.28,300.16,301.02
1988-09-07,299.53,301.45,297.62,299.55
1988-09-08,299.85,300.8,296.77,297.72
1988-09-09,295.45,296.63,295.14,296.32
1988-09-12,300.17,300.78,299.19,299.8
1988-09-13,301.36,301.89,300.63,301.16
1988-09-14,300.55,300.9,299.68,300.04
1988-09-15,301.82,303.66,300.17,302.01
1988-09-16,299.29,301.8,295.52,298.01
1988-09-19,301.39,302.71,299.46,300.77
1988-09-20,304.08,304.89,302.64,303.44
1988-09-21,306.92,309.31,305.84,308.22
1988-09-22,310.17,311.34,308.92,310.08
1988-09-23,310.1,311.16,309.52,310.58
1988-09-26,312.07,313.86,311.08,312.87
1988-09-27,310.27,311.65,309.48,310.86
1988-09-28,309.36,310.53,308.24,309.41
1988-09-29,309.18,309.29,308.64,308.75
1988-09-30,312.33,313.64,310.09,311.41
1988-10-03,309.77,311.48,307.19,308.9
1988-10-04,306.55,306.65,306.19,306.29
1988-10-05,306.53,308.19,304.83,306.48
1988-10-06,307.48,308.98,306.28,307.78
1988-10-07,305.56,307.54,303.8,305.79
1988-10-10,306.32,307.76,305.6,307.04
1988-10-11,309.43,310.97,308.3,309.83
1988-10-12,312.51,313.04,311.65,312.18
1988-10-13,313.97,314.72,311.79,312.53
1988-10-14,311.71,313.49,310.08,311.85
1988-10-17,314.68,316.45,313.68,315.44
1988-10-18,315.87,318.21,312.62,314.95
1988-10-19,314.7,318.95,312.38,316.61
1988-10-20,321.57,322.2,319.94,320.57
1988-10-21,320.49,322.01,320.35,321.87
1988-10-24,319.6,319.8,318.76,318.97
1988-10-25,315.07,318.17,312.43,315.52
1988-10-26,314.61,314.88,314.05,314.31
1988-10-27,317.42,318.09,314.78,315.45
1988-10-28,315.16,316.02,315.09,315.95
1988-10-31,319.6,320.6,319.56,320.56
1988-11-01,321.0,325.34,316.59,320.93
1988-11-02,321.03,321.66,318.94,319.57
1988-11-03,316.55,316.79,316.14,316.38
1988-11-04,318.63,319.05,318.18,318.59
1988-11-07,318.28,318.52,317.89,318.12
1988-11-08,313.15,314.16,313.09,314.1
1988-11-09,313.86,314.08,313.47,313.69
1988-11-10,310.57,311.28,310.23,310.94
1988-11-11,310.78,311.38,308.97,309.56
1988-11-14,310.04,310.39,308.95,309.3
1988-11-15,305.62,309.11,303.36,306.84
1988-11-16,305.14,306.29,304.26,305.4
1988-11-17,303.88,304.34,302.95,303.4
1988-11-18,300.61,303.54,298.58,301.5
1988-11-21,298.09,299.24,297.9,299.06
1988-11-22,297.37,298.9,296.27,297.79
1988-11-23,295.9,296.06,295.43,295.59
1988-11-24,297.79,298.06,296.6,296.87
1988-11-25,297.43,298.61,296.05,297.23
1988-11-28,302.19,302.81,299.35,299.97
1988-11-29,303.56,306.04,301.7,304.18
1988-11-30,306.18,306.39,305.29,305.5
1988-12-01,305.27,307.51,304.06,306.29
1988-12-02,309.11,310.68,306.06,307.62
1988-12-05,309.44,311.61,306.02,308.19
1988-12-06,308.53,310.85,305.57,307.88
1988-12-07,305.78,307.83,305.35,307.39
1988-12-08,305.25,305.81,304.05,304.61
1988-12-09,305.44,306.59,305.05,306.19
1988-12-12,306.04,307.19,304.48,305.63
1988-12-13,307.25,311.49,304.37,308.6
1988-12-14,310.52,312.01,308.79,310.27
1988-12-15,308.02,308.72,307.64,308.35
1988-12-16,310.06,312.03,308.83,310.79
1988-12-19,304.82,305.42,303.68,304.28
1988-12-20,308.33,309.74,306.96,308.38
1988-12-21,304.65,307.54,301.95,304.84
1988-12-22,306.28,306.39,305.51,305.61
1988-12-23,307.95,308.21,305.95,306.2
1988-12-26,308.54,309.18,307.65,308.29
1988-12-27,305.42,307.1,305.4,307.08
1988-12-28,300.3,302.28,299.73,301.71
1988-12-29,300.7,301.67,299.66,300.63
1988-12-30,300.75,302.51,298.08,299.83
1989-01-02,294.91,295.94,293.77,294.79
1989-01-03,295.21,295.69,294.27,294.75
1989-01-04,292.08,292.73,291.47,292.13
1989-01-05,294.38,295.59,292.34,293.54
1989-01-06,293.39,294.6,291.64,292.85
1989-01-09,296.33,297.4,296.18,297.24
1989-01-10,296.86,297.07,296.25,296.46
1989-01-11,295.9,298.33,294.84,297.27
1989-01-12,296.99,298.77,294.81,296.59
1989-01-13,292.42,293.78,291.3,292.67
1989-01-16,292.21,292.54,291.74,292.07
1989-01-17,294.0,295.57,292.15,293.71
1989-01-18,295.23,295.55,294.66,294.98
1989-01-19,295.4,295.79,293.77,294.15
1989-01-20,290.69,290.79,290.56,290.66
1989-01-23,292.23,292.29,291.99,292.06
1989-01-24,294.1,295.36,291.68,292.93
1989-01-25,296.44,297.12,294.09,294.77
1989-01-26,293.97,294.07,293.89,293.99
1989-01-27,289.53,290.36,289.14,289.98
1989-01-30,290.73,291.19,290.67,291.13
1989-01-31,291.43,291.46,291.0,291.04
1989-02-01,293.99,297.14,291.03,294.17
1989-02-02,292.54,295.8,290.84,294.08
1989-02-03,294.82,295.91,292.74,293.83
1989-02-06,295.3,296.57,293.32,294.58
1989-02-07,294.05,294.37,292.73,293.04
1989-02-08,292.6,292.87,291.15,291.42
1989-02-09,291.26,291.93,290.43,291.09
1989-02-10,289.1,290.14,287.84,288.88
1989-02-13,289.11,289.54,287.82,288.24
1989-02-14,291.6,293.76,290.5,292.66
1989-02-15,294.62,296.35,293.2,294.93
1989-02-16,295.41,297.98,292.89,295.46
1989-02-17,299.66,300.49,298.02,298.84
1989-02-20,296.15,298.16,294.62,296.63
1989-02-21,301.49,302.44,301.19,302.14
1989-02-22,300.36,300.84,300.28,300.75
1989-02-23,305.49,305.53,305.02,305.06
1989-02-24,309.2,310.76,307.71,309.27
1989-02-27,303.38,305.97,302.13,304.71
1989-02-28,306.54,309.29,304.96,307.7
1989-03-01,306.66,307.58,305.61,306.53
1989-03-02,304.97,306.72,303.07,304.82
1989-03-03,305.67,305.69,305.63,305.65
1989-03-06,302.47,305.09,300.29,302.9
1989-03-07,304.43,307.31,300.85,303.71
1989-03-08,301.53,303.49,299.25,301.2
1989-03-09,301.6,302.45,300.45,301.3
1989-03-10,304.39,305.03,303.42,304.06
1989-03-13,306.0,308.76,301.79,304.54
1989-03-14,302.41,303.42,302.33,303.34
1989-03-15,303.85,305.54,302.54,304.23
1989-03-16,300.33,301.0,299.97,300.64
1989-03-17,299.54,300.98,296.98,298.42
1989-03-20,296.8,299.35,294.6,297.14
1989-03-21,298.0,299.45,297.27,298.71
1989-03-22,299.29,302.16,296.51,299.38
1989-03-23,300.43,300.74,300.03,300.34
1989-03-24,301.06,302.33,298.71,299.98
1989-03-27,297.51,299.54,295.82,297.85
1989-03-28,300.39,301.4,300.0,301.01
1989-03-29,298.29,300.04,297.36,299.1
1989-03-30,299.48,301.1,298.18,299.79
1989-03-31,301.55,301.63,299.17,299.25
1989-04-03,300.67,301.73,299.27,300.32
1989-04-04,299.22,300.21,297.69,298.68
1989-04-05,300.87,301.35,300.4,300.88
1989-04-06,303.9,304.73,302.94,303.77
1989-04-07,306.45,307.51,304.66,305.72
1989-04-10,306.29,306.57,305.5,305.77
1989-04-11,304.74,305.96,303.2,304.42
1989-04-12,310.57,311.31,309.83,310.56
1989-04-13,307.51,308.6,306.74,307.83
1989-04-14,309.85,312.29,307.01,309.45
1989-04-17,309.91,310.84,308.91,309.84
1989-04-18,311.23,314.12,306.39,309.26
1989-04-19,310.23,310.99,308.5,309.26
1989-04-20,307.04,308.41,306.29,307.66
1989-04-21,307.17,309.27,306.16,308.25
1989-04-24,308.25,309.97,306.9,308.62
1989-04-25,313.34,314.69,313.01,314.36
1989-04-26,315.86,316.38,315.78,316.3
1989-04-27,316.0,319.35,313.58,316.92
1989-04-28,317.36,318.96,316.06,317.67
1989-05-01,321.06,321.51,320.92,321.37
1989-05-02,318.53,318.61,318.3,318.39
1989-05-03,317.08,318.24,316.12,317.28
1989-05-04,311.38,313.87,309.74,312.23
1989-05-05,314.08,316.49,310.53,312.94
1989-05-08,314.55,315.49,313.24,314.17
1989-05-09,310.77,311.36,310.68,311.27
1989-05-10,313.17,315.66,311.53,314.01
1989-05-11,310.37,314.36,307.77,311.75
1989-05-12,308.96,311.5,307.85,310.39
1989-05-15,310.97,311.62,309.35,310.0
1989-05-16,313.99,314.5,312.61,313.11
1989-05-17,310.0,310.87,309.67,310.54
1989-05-18,311.93,311.97,310.62,310.66
1989-05-19,312.45,313.19,311.14,311.88
1989-05-22,312.66,312.75,312.37,312.47
1989-05-23,314.07,314.79,312.53,313.26
1989-05-24,314.97,315.31,314.04,314.38
1989-05-25,312.62,313.04,312.06,312.48
1989-05-26,315.51,316.5,314.74,315.74
1989-05-29,314.58,315.53,313.73,314.68
1989-05-30,311.97,314.9,310.55,313.48
1989-05-31,315.17,315.97,315.13,315.93
1989-06-01,315.54,316.21,313.19,313.85
1989-06-02,313.28,314.08,313.27,314.06
1989-06-05,310.27,313.79,308.49,312.0
1989-06-06,318.14,318.6,316.82,317.28
1989-06-07,322.21,325.0,319.19,321.97
1989-06-08,321.34,321.62,320.77,321.05
1989-06-09,321.43,321.8,321.22,321.58
1989-06-12,321.92,321.94,321.02,321.04
1989-06-13,321.06,321.25,319.41,319.6
1989-06-14,318.75,319.66,318.34,319.25
1989-06-15,319.15,320.42,317.28,318.55
1989-06-16,315.52,315.82,314.18,314.47
1989-06-19,314.12,315.57,313.21,314.66
1989-06-20,315.47,316.77,312.76,314.05
1989-06-21,315.31,317.74,311.84,314.26
1989-06-22,312.41,313.78,312.21,313.58
1989-06-23,313.76,315.66,310.37,312.26
1989-06-26,312.79,314.45,312.25,313.91
1989-06-27,313.99,315.14,313.49,314.64
1989-06-28,317.98,320.29,315.03,317.33
1989-06-29,318.9,320.1,316.71,317.91
1989-06-30,316.98,320.17,313.69,316.88
1989-07-03,317.29,317.93,317.25,317.89
1989-07-04,312.53,313.64,311.67,312.78
1989-07-05,316.79,318.9,315.05,317.15
1989-07-06,318.04,320.08,315.19,317.23
1989-07-07,321.32,322.37,320.65,321.71
1989-07-10,318.57,320.58,317.19,319.19
1989-07-11,314.64,317.5,313.19,316.04
1989-07-12,315.8,317.99,314.19,316.37
1989-07-13,316.57,319.92,313.32,316.68
1989-07-14,315.85,317.57,315.21,316.93
1989-07-17,315.28,317.41,314.81,316.94
1989-07-18,315.89,316.33,314.53,314.97
1989-07-19,310.13,313.52,307.68,311.06
1989-07-20,310.08,311.41,309.97,311.3
1989-07-21,309.38,311.85,305.48,307.93
1989-07-24,305.3,305.94,303.89,304.53
1989-07-25,304.31,306.1,301.59,303.37
1989-07-26,304.58,305.11,303.58,304.12
1989-07-27,309.65,310.61,307.47,308.43
1989-07-28,311.16,313.39,308.13,310.34
1989-07-31,313.05,314.46,311.97,313.37
1989-08-01,313.4,315.17,312.65,314.41
1989-08-02,313.54,315.29,312.99,314.75
1989-08-03,319.88,321.27,318.63,320.02
1989-08-04,315.3,317.8,313.85,316.35
1989-08-07,314.12,315.22,313.78,314.87
1989-08-08,313.44,314.36,312.67,313.59
1989-08-09,316.48,318.91,312.75,315.16
1989-08-10,310.97,315.52,307.84,312.38
1989-08-11,313.71,316.19,311.2,313.68
1989-08-14,313.38,316.37,311.57,314.56
1989-08-15,315.4,316.82,314.51,315.93
1989-08-16,318.11,318.75,316.59,317.23
1989-08-17,319.41,320.74,318.9,320.22
1989-08-18,319.24,320.63,318.1,319.49
1989-08-21,320.27,321.54,318.87,320.14
1989-08-22,318.49,320.35,315.97,317.82
1989-08-23,314.51,315.09,314.44,315.02
1989-08-24,319.79,321.22,317.16,318.59
1989-08-25,315.7,317.33,314.5,316.13
1989-08-28,317.56,318.29,316.37,317.1
1989-08-29,317.59,320.29,315.08,317.77
1989-08-30,320.63,322.09,318.47,319.92
1989-08-31,317.4,318.06,314.83,315.48
1989-09-01,316.75,317.29,316.47,317.01
1989-09-04,316.06,316.29,315.84,316.07
1989-09-05,313.65,315.6,312.11,314.06
1989-09-06,312.34,313.19,312.04,312.89
1989-09-07,314.05,315.3,313.47,314.71
1989-09-08,315.77,317.36,314.2,315.79
1989-09-11,313.97,315.94,312.74,314.71
1989-09-12,310.77,311.74,310.51,311.47
1989-09-13,305.53,308.82,305.17,308.46
1989-09-14,310.99,311.58,309.12,309.71
1989-09-15,307.76,309.19,304.82,306.25
1989-09-18,305.97,308.66,302.69,305.37
1989-09-19,310.29,311.78,309.62,311.11
1989-09-20,310.43,311.98,310.06,311.61
1989-09-21,311.29,314.65,309.4,312.75
1989-09-22,310.32,311.24,308.81,309.73
1989-09-25,307.39,308.87,304.75,306.22
1989-09-26,307.74,309.81,305.52,307.59
1989-09-27,307.24,309.45,304.25,306.45
1989-09-28,309.09,309.79,307.98,308.67
1989-09-29,307.77,308.63,307.63,308.49
1989-10-02,316.96,317.2,315.76,316.0
1989-10-03,315.21,315.27,314.26,314.32
1989-10-04,313.71,315.16,313.19,314.64
1989-10-05,313.0,313.12,312.14,312.25
1989-10-06,314.18,315.55,312.94,314.32
1989-10-09,314.72,316.12,313.56,314.96
1989-10-10,312.77,314.69,310.5,312.41
1989-10-11,311.72,312.24,310.85,311.38
1989-10-12,315.08,316.02,313.3,314.24
1989-10-13,315.96,317.23,315.51,316.77
1989-10-16,313.65,314.18,312.58,313.12
1989-10-17,310.65,313.9,308.49,311.73
1989-10-18,315.45,316.22,314.84,315.62
1989-10-19,314.76,317.6,312.02,314.87
1989-10-20,315.85,316.7,314.08,314.93
1989-10-23,316.92,317.72,316.1,316.91
1989-10-24,313.21,313.83,312.84,313.46
1989-10-25,312.31,313.3,310.0,310.98
1989-10-26,309.57,310.65,308.88,309.96
1989-10-27,312.03,314.1,310.4,312.47
1989-10-30,312.7,317.07,310.12,314.47
1989-10-31,315.57,316.94,314.41,315.77
1989-11-01,314.2,316.37,312.92,315.09
1989-11-02,317.17,317.9,316.68,317.41
1989-11-03,316.98,319.19,314.55,316.75
1989-11-06,316.92,318.97,315.92,317.96
1989-11-07,318.95,323.61,315.09,319.74
1989-11-08,321.74,323.71,321.32,323.29
1989-11-09,322.25,324.13,320.86,322.74
1989-11-10,320.6,321.68,320.43,321.51
1989-11-13,326.37,329.73,320.95,324.28
1989-11-14,328.49,330.58,324.93,327.01
1989-11-15,326.59,327.6,324.29,325.28
1989-11-16,321.05,323.6,319.75,322.3
1989-11-17,324.55,326.4,322.87,324.72
1989-11-20,319.53,321.98,318.25,320.69
1989-11-21,318.2,319.46,315.2,316.45
1989-11-22,316.36,319.82,312.12,315.58
1989-11-23,314.35,316.19,313.5,315.34
1989-11-24,312.78,314.26,310.96,312.44
1989-11-27,311.32,314.05,309.99,312.71
1989-11-28,312.79,313.62,312.1,312.92
1989-11-29,311.24,311.77,310.88,311.4
1989-11-30,316.42,317.63,314.51,315.72
1989-12-01,317.23,318.86,314.66,316.29
1989-12-04,318.07,319.45,316.67,318.05
1989-12-05,313.79,314.88,312.91,314.0
1989-12-06,307.0,311.41,305.61,310.01
1989-12-07,311.99,312.6,309.92,310.54
1989-12-08,313.64,315.17,312.74,314.26
1989-12-11,311.22,311.43,310.91,311.12
1989-12-12,312.99,314.11,309.78,310.89
1989-12-13,306.38,307.68,306.19,307.48
1989-12-14,305.36,306.48,304.22,305.34
1989-12-15,305.78,306.82,304.3,305.33
1989-12-18,304.55,305.22,302.89,303.55
1989-12-19,300.13,300.88,299.39,300.13
1989-12-20,297.78,298.13,296.38,296.73
1989-12-21,291.75,294.04,289.83,292.11
1989-12-22,293.49,294.86,291.64,293.01
1989-12-25,294.35,294.87,293.45,293.98
1989-12-26,295.02,297.53,292.58,295.1
1989-12-27,293.03,293.19,292.59,292.75
1989-12-28,294.06,294.99,293.9,294.83
1989-12-29,295.92,296.7,295.41,296.18
1990-01-01,294.63,296.06,294.35,295.77
1990-01-02,294.83,299.32,290.73,295.22
1990-01-03,294.55,294.96,293.14,293.55
1990-01-04,294.21,295.71,292.34,293.84
1990-01-05,297.65,297.76,297.27,297.38
1990-01-08,298.32,301.16,296.92,299.75
1990-01-09,299.18,301.49,296.58,298.89
1990-01-10,299.81,302.2,297.48,299.87
1990-01-11,297.55,297.95,296.66,297.07
1990-01-12,299.75,300.08,298.2,298.52
1990-01-15,296.0,297.44,294.93,296.37
1990-01-16,297.46,297.91,297.28,297.74
1990-01-17,305.13,306.53,302.9,304.29
1990-01-18,302.08,305.56,299.15,302.62
1990-01-19,309.06,311.31,306.72,308.98
1990-01-22,307.79,309.92,307.51,309.64
1990-01-23,307.17,308.21,306.42,307.45
1990-01-24,306.4,307.05,304.55,305.2
1990-01-25,310.54,312.36,308.41,310.23
1990-01-26,311.71,312.32,310.26,310.87
1990-01-29,309.97,310.77,308.28,309.08
1990-01-30,309.4,309.82,307.74,308.15
1990-01-31,308.37,310.25,306.83,308.7
1990-02-01,309.09,310.21,307.11,308.22
1990-02-02,310.61,311.98,307.17,308.53
1990-02-05,312.01,312.88,311.16,312.03
1990-02-06,307.67,308.94,307.62,308.89
1990-02-07,309.31,309.99,309.19,309.87
1990-02-08,309.62,310.17,308.63,309.18
1990-02-09,306.0,309.96,303.59,307.54
1990-02-12,308.74,309.85,308.34,309.45
1990-02-13,305.29,306.0,304.89,305.6
1990-02-14,299.85,300.06,299.54,299.75
1990-02-15,301.57,302.7,298.82,299.95
1990-02-16,299.93,301.99,297.25,299.31
1990-02-19,294.85,296.0,294.7,295.84
1990-02-20,295.08,295.7,291.08,291.7
1990-02-21,295.93,295.94,295.92,295.94
1990-02-22,295.25,296.83,295.18,296.75
1990-02-23,295.61,297.6,294.55,296.53
1990-02-26,300.28,301.52,299.98,301.21
1990-02-27,301.96,303.39,301.76,303.19
1990-02-28,307.3,307.88,306.24,306.83
1990-03-01,301.15,303.97,300.76,303.58
1990-03-02,301.37,301.84,300.01,300.48
1990-03-05,302.46,304.05,300.13,301.72
1990-03-06,301.97,303.08,301.28,302.38
1990-03-07,305.78,306.36,304.35,304.94
1990-03-08,299.88,302.97,297.79,300.87
1990-03-09,301.45,303.49,300.18,302.21
1990-03-12,304.78,305.14,303.91,304.28
1990-03-13,305.89,306.18,305.8,306.09
1990-03-14,304.22,306.35,302.67,304.79
1990-03-15,305.54,308.2,302.98,305.64
1990-03-16,304.72,307.73,300.51,303.52
1990-03-19,303.8,305.6,300.83,302.63
1990-03-20,300.34,300.85,299.45,299.96
1990-03-21,297.67,300.26,295.4,297.99
1990-03-22,297.71,300.13,294.82,297.24
1990-03-23,295.17,296.55,294.57,295.94
1990-03-26,295.18,297.96,291.37,294.14
1990-03-27,291.88,292.38,290.56,291.05
1990-03-28,297.2,297.84,294.86,295.49
1990-03-29,293.5,296.22,291.49,294.21
1990-03-30,294.03,295.33,293.55,294.85
1990-04-02,291.18,294.26,287.62,290.7
1990-04-03,293.46,295.42,291.75,293.7
1990-04-04,294.8,295.39,293.34,293.92
1990-04-05,293.89,296.52,290.12,292.74
1990-04-06,293.08,293.49,291.19,291.59
1990-04-09,293.48,294.01,292.9,293.43
1990-04-10,287.26,287.64,286.14,286.51
1990-04-11,284.16,285.54,283.22,284.6
1990-04-12,284.53,285.22,283.65,284.34
1990-04-13,284.02,284.43,283.65,284.06
1990-04-16,289.7,290.2,289.29,289.79
1990-04-17,290.51,291.43,288.02,288.93
1990-04-18,289.95,293.62,287.46,291.12
1990-04-19,295.14,295.45,294.84,295.15
1990-04-20,296.53,297.11,295.91,296.49
1990-04-23,295.25,295.45,294.49,294.69
1990-04-24,290.6,292.03,290.13,291.56
1990-04-25,292.87,294.8,291.21,293.13
1990-04-26,296.21,298.33,294.61,296.74
1990-04-27,295.74,298.19,295.31,297.75
1990-04-30,301.33,301.43,300.19,300.29
1990-05-01,304.55,306.85,303.61,305.9
1990-05-02,305.96,309.02,304.39,307.44
1990-05-03,305.39,306.38,303.53,304.52
1990-05-04,303.99,305.56,302.71,304.29
1990-05-07,306.86,307.47,306.52,307.14
1990-05-08,305.91,307.55,304.54,306.17
1990-05-09,310.24,312.65,306.84,309.24
1990-05-10,308.14,309.66,307.13,308.65
1990-05-11,309.54,310.06,308.48,308.99
1990-05-14,306.76,309.72,304.85,307.81
1990-05-15,308.08,308.95,306.9,307.77
1990-05-16,308.69,308.84,307.7,307.85
1990-05-17,305.04,305.23,303.57,303.76
1990-05-18,301.02,303.21,300.24,302.43
1990-05-21,299.09,300.23,298.22,299.36
1990-05-22,299.62,300.02,297.79,298.19
1990-05-23,296.98,298.4,294.74,296.16
1990-05-24,298.13,299.22,297.21,298.31
1990-05-25,300.44,300.69,300.2,300.44
1990-05-28,301.79,302.18,301.14,301.52
1990-05-29,298.01,300.15,296.2,298.34
1990-05-30,298.4,298.55,297.75,297.91
1990-05-31,295.05,296.58,293.1,294.62
1990-06-01,293.15,294.94,292.35,294.13
1990-06-04,295.25,296.62,294.32,295.68
1990-06-05,297.45,297.94,297.36,297.85
1990-06-06,298.56,300.79,296.57,298.79
1990-06-07,301.76,301.85,301.43,301.52
1990-06-08,302.06,303.23,300.73,301.9
1990-06-11,300.64,302.24,299.68,301.29
1990-06-12,304.31,304.32,303.07,303.09
1990-06-13,304.94,306.54,303.33,304.93
1990-06-14,304.78,304.91,303.32,303.45
1990-06-15,305.39,306.04,303.43,304.08
1990-06-18,302.33,303.98,301.64,303.29
1990-06-19,297.99,298.62,297.8,298.43
1990-06-20,298.93,301.04,297.2,299.3
1990-06-21,296.45,297.48,295.13,296.17
1990-06-22,297.48,298.68,295.63,296.83
1990-06-25,293.46,293.76,293.03,293.33
1990-06-26,291.16,292.54,290.27,291.64
1990-06-27,292.09,292.91,289.83,290.65
1990-06-28,293.06,293.61,292.9,293.45
1990-06-29,292.84,293.36,291.67,292.19
1990-07-02,289.93,289.97,289.92,289.96
1990-07-03,290.89,292.24,289.59,290.94
1990-07-04,291.15,292.11,289.6,290.56
1990-07-05,293.88,296.28,290.14,292.52
1990-07-06,290.54,291.35,289.47,290.28
1990-07-09,290.8,293.68,288.35,291.23
1990-07-10,298.41,298.82,296.69,297.09
1990-07-11,297.0,297.84,295.72,296.56
1990-07-12,297.18,297.47,296.74,297.03
1990-07-13,294.11,294.21,293.1,293.2
1990-07-16,291.92,292.57,291.0,291.64
1990-07-17,295.02,295.14,292.75,292.86
1990-07-18,292.22,292.49,291.96,292.22
1990-07-19,294.81,296.16,292.45,293.8
1990-07-20,295.29,297.91,292.29,294.9
1990-07-23,292.62,294.17,290.69,292.24
1990-07-24,294.45,295.74,293.48,294.77
1990-07-25,291.66,293.95,289.69,291.97
1990-07-26,290.79,291.34,289.8,290.35
1990-07-27,290.34,291.77,289.66,291.09
1990-07-30,294.77,296.43,293.62,295.28
1990-07-31,293.06,293.16,292.94,293.04
1990-08-01,294.56,294.81,293.22,293.47
1990-08-02,293.98,294.43,293.46,293.91
1990-08-03,295.58,296.82,294.28,295.52
1990-08-06,297.55,299.56,296.49,298.49
1990-08-07,299.04,300.49,296.09,297.53
1990-08-08,300.91,302.37,298.46,299.91
1990-08-09,304.11,306.08,301.04,303.0
1990-08-10,305.76,307.92,304.94,307.1
1990-08-13,308.58,309.51,307.33,308.26
1990-08-14,307.56,309.01,306.98,308.43
1990-08-15,307.82,308.51,306.42,307.11
1990-08-16,303.79,303.88,303.41,303.5
1990-08-17,303.21,303.63,302.32,302.74
1990-08-20,302.42,304.5,301.01,303.08
1990-08-21,301.79,303.49,301.03,302.73
1990-08-22,303.48,304.15,303.4,304.06
1990-08-23,300.81,302.84,298.49,300.53
1990-08-24,299.85,301.67,298.25,300.07
1990-08-27,305.14,305.7,304.35,304.91
1990-08-28,306.21,308.41,304.96,307.15
1990-08-29,308.45,309.11,307.8,308.46
1990-08-30,310.5,311.61,308.1,309.2
1990-08-31,308.45,310.08,306.51,308.14
1990-09-03,304.34,304.73,303.59,303.98
1990-09-04,305.37,305.72,304.65,305.0
1990-09-05,298.66,301.84,295.95,299.12
1990-09-06,299.85,300.82,297.42,298.39
1990-09-07,298.75,298.78,298.41,298.43
1990-09-10,297.78,298.12,297.28,297.62
1990-09-11,303.48,303.55,302.79,302.86
1990-09-12,308.03,308.9,306.31,307.17
1990-09-13,308.36,310.58,307.3,309.52
1990-09-14,307.22,308.9,305.49,307.17
1990-09-17,313.92,315.59,310.18,311.83
1990-09-18,314.67,314.93,312.86,313.12
1990-09-19,310.57,311.69,309.54,310.66
1990-09-20,311.26,311.31,310.53,310.58
1990-09-21,312.4,313.94,311.16,312.71
1990-09-24,311.61,313.75,309.15,311.28
1990-09-25,311.03,311.66,310.81,311.45
1990-09-26,311.6,313.84,309.8,312.04
1990-09-27,308.69,309.59,308.35,309.24
1990-09-28,310.03,311.82,306.7,308.48
1990-10-01,305.73,306.37,305.53,306.17
1990-10-02,309.17,309.7,307.59,308.12
1990-10-03,305.38,306.69,304.47,305.78
1990-10-04,305.86,307.86,304.35,306.36
1990-10-05,303.26,303.27,302.89,302.9
1990-10-08,299.0,301.25,297.94,300.17
1990-10-09,297.93,299.58,295.7,297.34
1990-10-10,296.58,297.8,295.49,296.7
1990-10-11,296.71,298.9,295.0,297.2
1990-10-12,297.44,298.17,297.4,298.12
1990-10-15,295.7,296.86,292.81,293.96
1990-10-16,293.65,294.03,293.3,293.68
1990-10-17,291.94,292.09,291.86,292.01
1990-10-18,294.22,295.87,291.8,293.45
1990-10-19,292.2,294.23,290.91,292.94
1990-10-22,293.93,295.85,291.01,292.93
1990-10-23,291.26,291.62,290.94,291.29
1990-10-24,294.37,297.35,292.63,295.6
1990-10-25,292.15,293.1,291.66,292.62
1990-10-26,290.85,292.75,289.92,291.81
1990-10-29,292.35,294.32,290.31,292.28
1990-10-30,291.14,292.96,290.01,291.84
1990-10-31,289.39,290.65,288.91,290.18
1990-11-01,286.28,286.75,285.56,286.03
1990-11-02,284.8,285.7,283.86,284.76
1990-11-05,284.15,285.43,281.85,283.12
1990-11-06,288.62,288.82,287.41,287.61
1990-11-07,293.48,293.67,293.23,293.42
1990-11-08,294.0,294.71,292.86,293.56
1990-11-09,289.22,290.92,288.75,290.45
1990-11-12,293.41,294.05,292.15,292.8
1990-11-13,291.08,292.73,289.07,290.72
1990-11-14,290.56,290.65,289.63,289.73
1990-11-15,288.3,289.67,287.2,288.56
1990-11-16,287.48,287.83,287.38,287.73
1990-11-19,287.27,288.73,286.06,287.52
1990-11-20,285.98,287.51,283.23,284.75
1990-11-21,283.76,284.79,282.5,283.52
1990-11-22,285.19,287.09,284.58,286.48
1990-11-23,287.39,287.43,286.79,286.83
1990-11-26,287.41,288.21,287.01,287.81
1990-11-27,283.74,284.28,282.29,282.82
1990-11-28,286.1,286.68,285.06,285.64
1990-11-29,285.5,286.15,283.8,284.44
1990-11-30,288.56,291.49,284.74,287.66
1990-12-03,289.42,289.74,288.3,288.61
1990-12-04,288.57,289.8,286.36,287.59
1990-12-05,284.57,285.56,282.89,283.88
1990-12-06,288.99,291.56,287.02,289.59
1990-12-07,290.87,292.31,290.43,291.87
1990-12-10,293.6,294.4,293.54,294.33
1990-12-11,299.64,301.84,296.8,298.99
1990-12-12,297.68,301.01,296.35,299.67
1990-12-13,303.08,304.71,301.46,303.09
1990-12-14,301.75,303.42,300.32,301.99
1990-12-17,305.08,306.51,302.53,303.96
1990-12-18,302.37,304.1,300.75,302.48
1990-12-19,301.0,302.09,300.24,301.33
1990-12-20,302.86,303.21,301.32,301.67
1990-12-21,298.6,300.28,297.0,298.68
1990-12-24,299.51,300.03,299.21,299.73
1990-12-25,298.68,300.23,297.56,299.11
1990-12-26,294.68,296.14,292.97,294.43
1990-12-27,293.26,293.9,292.92,293.56
1990-12-28,292.69,293.01,292.66,292.98
1990-12-31,296.71,298.03,294.11,295.43
1991-01-01,296.37,296.73,295.97,296.33
1991-01-02,299.68,302.39,297.37,300.08
1991-01-03,300.6,302.41,299.69,301.5
1991-01-04,300.45,301.7,299.01,300.27
1991-01-07,299.88,302.34,297.92,300.38
1991-01-08,299.35,300.15,298.89,299.68
1991-01-09,300.27,302.04,299.27,301.04
1991-01-10,301.5,302.09,300.73,301.32
1991-01-11,298.75,300.42,298.25,299.92
1991-01-14,300.58,302.99,297.81,300.21
1991-01-15,301.01,302.83,299.67,301.5
1991-01-16,299.82,302.52,296.48,299.17
1991-01-17,300.57,301.79,298.91,300.13
1991-01-18,296.53,296.65,296.32,296.44
1991-01-21,300.25,301.25,298.49,299.49
1991-01-22,302.37,302.56,300.77,300.96
1991-01-23,306.26,307.54,303.83,305.1
1991-01-24,301.25,302.46,301.23,302.44
1991-01-25,304.79,305.69,304.45,305.34
1991-01-28,307.37,308.32,306.87,307.82
1991-01-29,307.99,310.3,305.09,307.4
1991-01-30,306.03,307.24,305.29,306.51
1991-01-31,303.39,305.5,301.79,303.9
1991-02-01,300.01,301.35,299.34,300.68
1991-02-04,299.44,300.16,298.46,299.18
1991-02-05,296.88,298.38,294.83,296.32
1991-02-06,299.43,301.39,298.56,300.52
1991-02-07,296.58,299.7,293.92,297.03
1991-02-08,295.98,297.88,295.77,297.67
1991-02-11,297.01,299.66,296.51,299.15
1991-02-12,300.71,302.21,298.76,300.27
1991-02-13,301.87,303.21,300.24,301.58
1991-02-14,304.26,304.8,303.56,304.1
1991-02-15,304.59,305.5,302.24,303.15
1991-02-18,302.15,304.06,301.77,303.68
1991-02-19,301.22,304.79,299.56,303.11
1991-02-20,305.46,307.06,304.89,306.49
1991-02-21,309.79,312.88,308.69,311.77
1991-02-22,308.26,309.49,307.61,308.83
1991-02-25,304.57,306.29,302.33,304.04
1991-02-26,305.88,306.17,305.32,305.61
1991-02-27,309.33,310.02,307.69,308.38
1991-02-28,313.64,314.65,312.28,313.29
1991-03-01,314.9,319.6,310.6,315.29
1991-03-04,318.14,320.25,316.53,318.64
1991-03-05,322.98,324.08,321.46,322.56
1991-03-06,324.42,326.39,323.95,325.92
1991-03-07,324.64,329.78,322.64,327.77
1991-03-08,324.61,326.49,322.36,324.23
1991-03-11,324.17,324.81,323.3,323.94
1991-03-12,325.92,326.87,323.45,324.4
1991-03-13,324.53,325.8,322.59,323.85
1991-03-14,323.77,325.63,321.62,323.47
1991-03-15,326.76,329.11,324.73,327.07
1991-03-18,324.08,325.01,323.94,324.87
1991-03-19,326.27,327.51,325.31,326.55
1991-03-20,327.93,328.26,326.66,326.99
1991-03-21,324.97,325.14,324.36,324.52
1991-03-22,322.47,322.53,321.5,321.56
1991-03-25,317.25,318.53,315.86,317.15
1991-03-26,317.34,318.75,316.78,318.2
1991-03-27,318.98,320.98,315.88,317.87
1991-03-28,316.68,316.79,315.56,315.67
1991-03-29,311.08,311.27,310.72,310.91
1991-04-01,312.49,312.64,311.83,311.97
1991-04-02,312.04,313.11,310.52,311.58
1991-04-03,309.42,310.74,308.53,309.85
1991-04-04,307.3,310.28,304.57,307.54
1991-04-05,306.24,307.72,305.61,307.08
1991-04-08,308.31,308.9,307.97,308.56
1991-04-09,308.8,309.07,307.59,307.85
1991-04-10,305.8,306.01,304.83,305.03
1991-04-11,305.59,307.13,303.53,305.08
1991-04-12,308.74,310.2,306.4,307.86
1991-04-15,307.93,308.27,307.92,308.27
1991-04-16,307.48,310.51,305.54,308.57
1991-04-17,307.74,308.3,307.33,307.88
1991-04-18,305.74,306.61,304.95,305.81
1991-04-19,304.32,304.68,303.34,303.7
1991-04-22,300.43,301.79,298.61,299.97
1991-04-23,304.14,305.45,301.91,303.22
1991-04-24,302.77,305.67,301.72,304.61
1991-04-25,304.31,305.73,303.61,305.04
1991-04-26,305.9,306.53,305.36,305.99
1991-04-29,307.64,308.22,306.63,307.2
1991-04-30,307.47,307.8,305.21,305.55
1991-05-01,304.09,306.07,303.0,304.98
1991-05-02,303.41,304.5,302.96,304.05
1991-05-03,310.2,312.81,308.0,310.6
1991-05-06,312.83,314.01,312.35,313.53
1991-05-07,313.21,317.95,309.33,314.05
1991-05-08,317.6,318.73,316.43,317.56
1991-05-09,321.63,322.42,319.89,320.68
1991-05-10,317.3,319.34,315.16,317.19
1991-05-13,316.09,319.67,313.33,316.91
1991-05-14,316.73,318.1,315.54,316.91
1991-05-15,317.5,319.3,316.71,318.5
1991-05-16,318.89,321.66,315.19,317.96
1991-05-17,319.14,320.67,316.22,317.74
1991-05-20,315.35,319.27,312.95,316.86
1991-05-21,319.78,322.15,317.2,319.56
1991-05-22,315.21,316.71,314.45,315.95
1991-05-23,315.02,317.38,312.6,314.96
1991-05-24,310.35,312.11,308.67,310.43
1991-05-27,307.03,308.95,306.35,308.27
1991-05-28,310.44,311.52,308.24,309.32
1991-05-29,310.26,311.3,309.36,310.4
1991-05-30,309.38,312.26,306.95,309.82
1991-05-31,312.99,315.68,310.19,312.88
1991-06-03,315.75,316.76,315.57,316.58
1991-06-04,316.3,316.66,316.11,316.47
1991-06-05,315.43,318.32,314.29,317.18
1991-06-06,313.86,316.81,313.16,316.1
1991-06-07,316.84,320.6,314.01,317.76
1991-06-10,314.47,318.45,311.0,314.97
1991-06-11,317.95,319.72,317.85,319.63
1991-06-12,322.06,323.68,320.92,322.54
1991-06-13,318.96,319.49,318.94,319.47
1991-06-14,317.44,318.53,316.41,317.5
1991-06-17,319.4,320.57,317.66,318.82
1991-06-18,319.64,321.41,316.24,318.01
1991-06-19,319.87,320.1,319.22,319.46
1991-06-20,317.64,318.94,317.29,318.58
1991-06-21,323.16,323.21,322.47,322.51
1991-06-24,324.05,324.39,322.36,322.7
1991-06-25,327.73,330.9,325.66,328.83
1991-06-26,329.17,331.78,327.63,330.23
1991-06-27,325.25,327.14,324.75,326.64
1991-06-28,331.29,332.44,330.71,331.86
1991-07-01,335.06,335.79,333.96,334.69
1991-07-02,336.82,338.63,333.53,335.33
1991-07-03,337.54,337.66,336.53,336.64
1991-07-04,333.64,334.33,332.56,333.25
1991-07-05,328.41,329.34,327.44,328.37
1991-07-08,328.47,329.83,326.72,328.08
1991-07-09,331.85,332.34,330.91,331.4
1991-07-10,333.45,335.5,330.12,332.15
1991-07-11,336.21,338.08,334.37,336.23
1991-07-12,339.51,339.78,338.98,339.25
1991-07-15,338.49,340.07,337.32,338.9
1991-07-16,341.63,342.84,340.3,341.51
1991-07-17,344.67,346.24,343.36,344.93
1991-07-18,342.97,344.92,342.26,344.2
1991-07-19,344.05,345.47,341.73,343.15
1991-07-22,344.57,347.1,340.52,343.03
1991-07-23,336.37,336.49,336.28,336.41
1991-07-24,337.1,337.95,335.92,336.77
1991-07-25,339.12,341.4,335.96,338.24
1991-07-26,338.07,339.07,337.23,338.22
1991-07-29,338.92,339.36,338.28,338.72
1991-07-30,337.99,338.79,337.42,338.21
1991-07-31,332.19,333.1,331.83,332.74
1991-08-01,337.22,338.49,335.42,336.69
1991-08-02,335.98,336.48,334.96,335.47
1991-08-05,334.71,335.55,332.95,333.78
1991-08-06,337.02,337.91,336.13,337.02
1991-08-07,338.01,339.45,337.79,339.23
1991-08-08,340.73,341.93,338.4,339.6
1991-08-09,340.47,342.35,339.35,341.23
1991-08-12,337.31,338.35,337.02,338.07
1991-08-13,337.02,338.41,336.18,337.56
1991-08-14,338.8,341.75,337.64,340.58
1991-08-15,338.28,340.46,336.33,338.51
1991-08-16,336.27,336.7,335.22,335.65
1991-08-19,335.32,336.85,334.23,335.76
1991-08-20,337.13,338.35,334.56,335.78
1991-08-21,338.48,341.0,334.68,337.19
1991-08-22,334.29,337.78,329.91,333.4
1991-08-23,324.78,327.54,323.93,326.68
1991-08-26,330.55,330.9,328.78,329.13
1991-08-27,326.02,326.26,326.02,326.25
1991-08-28,326.28,327.51,323.43,324.65
1991-08-29,318.46,319.14,318.36,319.04
1991-08-30,321.63,322.45,320.95,321.76
1991-09-02,322.94,324.26,321.54,322.86
1991-09-03,322.82,325.26,321.28,323.72
1991-09-04,322.98,325.52,322.02,324.56
1991-09-05,317.01,320.03,316.3,319.31
1991-09-06,319.73,320.22,316.44,316.92
1991-09-09,314.6,316.38,314.4,316.18
1991-09-10,312.91,315.29,312.09,314.47
1991-09-11,314.56,315.83,312.76,314.02
1991-09-12,313.58,315.81,312.7,314.92
1991-09-13,316.23,318.48,315.51,317.76
1991-09-16,311.65,315.3,310.72,314.36
1991-09-17,314.88,315.73,313.76,314.61
1991-09-18,315.69,318.44,313.96,316.71
1991-09-19,315.16,316.64,313.07,314.55
1991-09-20,314.25,315.73,312.85,314.32
1991-09-23,316.11,316.98,315.15,316.03
1991-09-24,315.88,316.53,315.65,316.31
1991-09-25,318.03,320.24,316.09,318.3
1991-09-26,317.9,318.97,317.68,318.75
1991-09-27,317.39,318.66,316.88,318.15
1991-09-30,314.51,315.71,314.36,315.55
1991-10-01,317.95,318.01,316.45,316.51
1991-10-02,316.55,317.5,315.96,316.92
1991-10-03,312.35,314.55,312.29,314.49
1991-10-04,316.43,317.02,315.6,316.19
1991-10-07,318.86,320.48,318.0,319.63
1991-10-08,317.96,318.81,317.15,318.0
1991-10-09,315.98,317.09,315.13,316.23
1991-10-10,315.81,316.27,313.95,314.41
1991-10-11,309.89,311.5,308.63,310.25
1991-10-14,316.49,317.07,315.13,315.71
1991-10-15,315.39,316.21,313.89,314.71
1991-10-16,311.39,313.01,311.06,312.67
1991-10-17,310.15,310.7,309.43,309.98
1991-10-18,308.55,310.87,306.93,309.25
1991-10-21,306.62,308.65,305.72,307.74
1991-10-22,310.66,311.79,310.66,311.79
1991-10-23,309.56,309.66,308.7,308.8
1991-10-24,307.53,307.65,305.0,305.11
1991-10-25,306.18,308.8,304.3,306.92
1991-10-28,307.18,308.19,305.97,306.98
1991-10-29,307.02,307.59,306.17,306.74
1991-10-30,308.04,310.49,306.09,308.53
1991-10-31,310.5,311.43,308.27,309.19
1991-11-01,311.41,311.9,308.88,309.37
1991-11-04,305.58,309.68,302.03,306.12
1991-11-05,303.77,304.58,301.38,302.19
1991-11-06,300.36,302.17,299.04,300.85
1991-11-07,297.67,299.5,296.71,298.54
1991-11-08,299.66,300.22,299.23,299.79
1991-11-11,296.48,298.57,293.63,295.71
1991-11-12,295.07,295.55,294.68,295.16
1991-11-13,295.98,296.58,294.73,295.33
1991-11-14,296.04,297.72,294.16,295.84
1991-11-15,298.69,299.16,297.02,297.48
1991-11-18,297.75,298.32,296.71,297.28
1991-11-19,297.49,298.2,295.41,296.13
1991-11-20,299.19,300.97,298.19,299.97
1991-11-21,299.48,300.52,298.62,299.66
1991-11-22,303.89,304.31,303.46,303.89
1991-11-25,302.79,303.95,302.4,303.56
1991-11-26,303.07,304.6,302.45,303.98
1991-11-27,304.43,305.08,303.43,304.08
1991-11-28,305.74,307.7,303.18,305.13
1991-11-29,304.58,306.52,302.53,304.47
1991-12-02,306.31,306.6,305.05,305.34
1991-12-03,308.81,310.27,308.39,309.84
1991-12-04,312.63,313.67,311.97,313.0
1991-12-05,315.0,316.52,314.61,316.12
1991-12-06,313.07,313.69,312.32,312.94
1991-12-09,310.93,311.18,310.23,310.48
1991-12-10,312.74,313.23,310.99,311.48
1991-12-11,312.8,314.35,312.36,313.91
1991-12-12,313.28,313.36,312.84,312.93
1991-12-13,312.84,313.55,310.78,311.5
1991-12-16,314.86,315.95,314.72,315.81
1991-12-17,316.77,318.72,316.0,317.95
1991-12-18,319.6,321.99,318.64,321.02
1991-12-19,320.72,320.72,320.11,320.12
1991-12-20,318.33,319.76,317.6,319.02
1991-12-23,322.51,323.46,321.11,322.05
1991-12-24,321.39,322.95,320.05,321.6
1991-12-25,321.98,322.49,319.75,320.25
1991-12-26,318.89,321.24,315.79,318.14
1991-12-27,316.35,317.91,315.56,317.12
1991-12-30,319.72,321.06,318.67,320.01
1991-12-31,317.08,318.56,314.87,316.34
1992-01-01,317.28,319.21,316.37,318.3
1992-01-02,317.86,320.37,314.24,316.74
1992-01-03,316.29,316.81,316.0,316.53
1992-01-06,317.45,318.13,315.99,316.68
1992-01-07,316.26,316.48,316.22,316.45
1992-01-08,315.55,316.38,315.21,316.04
1992-01-09,314.59,315.53,314.3,315.24
1992-01-10,315.75,316.92,312.95,314.11
1992-01-13,317.91,318.63,317.48,318.19
1992-01-14,321.54,322.86,317.29,318.59
1992-01-15,318.73,320.25,317.07,318.59
1992-01-16,316.4,319.17,314.46,317.21
1992-01-17,314.99,317.26,314.23,316.49
1992-01-20,316.53,317.08,314.81,315.36
1992-01-21,317.6,318.37,317.03,317.79
1992-01-22,316.93,319.29,313.79,316.15
1992-01-23,312.75,313.93,309.42,310.59
1992-01-24,311.87,313.29,309.83,311.25
1992-01-27,311.5,311.81,310.87,311.18
1992-01-28,311.27,311.96,309.44,310.13
1992-01-29,313.82,314.26,312.63,313.07
1992-01-30,305.12,306.49,304.9,306.28
1992-01-31,312.31,312.44,310.93,311.06
1992-02-03,314.48,315.92,313.08,314.52
1992-02-04,314.75,316.76,311.3,313.3
1992-02-05,313.06,313.37,312.27,312.58
1992-02-06,315.54,317.2,312.77,314.42
1992-02-07,316.08,318.37,314.0,316.29
1992-02-10,313.79,317.31,311.71,315.23
1992-02-11,311.9,312.4,310.87,311.37
1992-02-12,318.46,320.75,315.26,317.53
1992-02-13,319.96,320.91,319.54,320.49
1992-02-14,321.07,322.44,319.9,321.27
1992-02-17,320.14,323.97,318.46,322.28
1992-02-18,324.11,325.98,322.4,324.27
1992-02-19,325.31,326.54,325.3,326.54
1992-02-20,321.71,322.31,320.61,321.21
1992-02-21,320.95,321.69,319.89,320.63
1992-02-24,319.99,320.13,319.84,319.98
1992-02-25,321.21,322.31,318.84,319.94
1992-02-26,322.62,323.33,321.68,322.39
1992-02-27,318.13,319.04,317.03,317.94
1992-02-28,315.07,315.67,314.16,314.76
1992-03-02,313.28,314.99,312.13,313.83
1992-03-03,315.77,315.86,314.75,314.83
1992-03-04,316.77,318.0,316.41,317.64
1992-03-05,322.95,324.96,320.54,322.55
1992-03-06,323.38,327.06,318.54,322.2
1992-03-09,324.2,326.04,323.37,325.21
1992-03-10,326.19,328.22,325.48,327.51
1992-03-11,328.29,330.88,326.73,329.32
1992-03-12,331.36,331.85,329.08,329.57
1992-03-13,328.2,328.89,328.12,328.81
1992-03-16,325.42,327.76,324.26,326.59
1992-03-17,324.28,324.79,323.41,323.92
1992-03-18,322.64,325.56,322.38,325.3
1992-03-19,324.64,326.36,323.85,325.57
1992-03-20,326.24,328.72,322.4,324.86
1992-03-23,326.49,329.48,324.45,327.43
1992-03-24,327.02,328.93,325.36,327.28
1992-03-25,325.49,326.43,324.25,325.2
1992-03-26,325.21,325.77,324.36,324.92
1992-03-27,327.08,328.55,326.13,327.6
1992-03-30,326.08,327.09,324.54,325.55
1992-03-31,327.99,328.26,326.3,326.57
1992-04-01,325.72,329.09,323.41,326.76
1992-04-02,324.59,325.76,323.89,325.07
1992-04-03,324.57,324.97,324.28,324.67
1992-04-06,321.68,322.14,320.55,321.01
1992-04-07,321.83,321.95,321.68,321.8
1992-04-08,318.44,321.31,315.69,318.56
1992-04-09,320.54,323.67,318.92,322.04
1992-04-10,321.17,323.06,320.38,322.27
1992-04-13,321.57,322.75,320.2,321.38
1992-04-14,324.56,325.2,324.42,325.06
1992-04-15,322.34,324.26,320.76,322.67
1992-04-16,321.05,322.03,320.13,321.11
1992-04-17,318.84,318.85,316.61,316.62
1992-04-20,320.53,322.19,319.34,321.0
1992-04-21,328.02,329.49,325.19,326.66
1992-04-22,323.76,324.71,321.54,322.49
1992-04-23,321.53,321.92,320.36,320.75
1992-04-24,320.67,323.32,318.84,321.48
1992-04-27,320.92,320.99,320.72,320.79
1992-04-28,320.87,322.47,319.65,321.25
1992-04-29,323.4,323.49,321.38,321.46
1992-04-30,323.51,325.22,321.42,323.12
1992-05-01,320.82,322.1,319.74,321.02
1992-05-04,324.05,324.36,322.01,322.32
1992-05-05,319.45,320.11,319.13,319.79
1992-05-06,319.77,320.46,318.56,319.24
1992-05-07,315.73,317.57,313.23,315.06
1992-05-08,314.96,316.6,313.01,314.64
1992-05-11,313.86,315.21,312.61,313.96
1992-05-12,318.08,320.01,315.36,317.28
1992-05-13,317.17,319.15,315.8,317.77
1992-05-14,319.82,319.91,318.67,318.76
1992-05-15,319.06,321.34,317.05,319.33
1992-05-18,315.54,316.77,313.05,314.28
1992-05-19,310.45,310.78,309.16,309.48
1992-05-20,309.93,310.58,308.78,309.42
1992-05-21,310.94,313.41,308.55,311.02
1992-05-22,312.2,314.35,309.03,311.17
1992-05-25,310.31,310.37,309.72,309.78
1992-05-26,306.95,311.31,305.6,309.94
1992-05-27,309.11,310.03,308.95,309.87
1992-05-28,313.02,313.12,312.76,312.86
1992-05-29,315.91,316.44,315.11,315.64
1992-06-01,315.65,316.08,314.55,314.98
1992-06-02,317.14,317.54,315.28,315.67
1992-06-03,317.82,319.02,316.06,317.26
1992-06-04,317.24,320.92,315.57,319.23
1992-06-05,324.78,325.68,323.69,324.59
1992-06-08,326.75,327.84,324.47,325.56
1992-06-09,329.58,330.31,328.75,329.47
1992-06-10,327.01,327.12,326.71,326.81
1992-06-11,325.19,326.28,324.58,325.67
1992-06-12,321.28,321.8,319.84,320.36
1992-06-15,321.6,322.57,320.96,321.94
1992-06-16,325.08,326.72,322.87,324.5
1992-06-17,318.46,319.04,317.46,318.05
1992-06-18,319.46,320.82,318.05,319.41
1992-06-19,322.38,322.61,321.69,321.92
1992-06-22,324.8,326.03,323.37,324.6
1992-06-23,323.2,323.84,321.34,321.97
1992-06-24,325.59,326.3,324.21,324.93
1992-06-25,326.7,327.23,325.15,325.68
1992-06-26,327.31,328.63,326.75,328.07
1992-06-29,327.96,328.92,327.81,328.78
1992-06-30,330.59,331.48,329.63,330.53
1992-07-01,335.14,336.87,332.67,334.39
1992-07-02,334.79,335.2,333.85,334.26
1992-07-03,334.75,336.8,333.46,335.51
1992-07-06,340.39,341.7,338.29,339.6
1992-07-07,338.93,340.7,337.79,339.57
1992-07-08,337.41,338.79,335.36,336.73
1992-07-09,339.34,339.85,338.55,339.05
1992-07-10,343.24,345.82,340.9,343.48
1992-07-13,346.98,347.89,346.62,347.53
1992-07-14,349.9,350.79,348.87,349.76
1992-07-15,343.36,344.46,342.17,343.27
1992-07-16,340.68,342.48,339.97,341.76
1992-07-17,341.03,342.35,339.1,340.42
1992-07-20,342.2,343.39,339.84,341.02
1992-07-21,347.04,347.8,345.39,346.15
1992-07-22,343.64,346.25,340.71,343.32
1992-07-23,349.51,350.72,348.77,349.98
1992-07-24,349.19,349.26,348.99,349.06
1992-07-27,347.06,347.33,346.92,347.2
1992-07-28,349.95,350.41,349.36,349.82
1992-07-29,353.61,354.59,351.65,352.62
1992-07-30,354.48,355.4,353.66,354.59
1992-07-31,350.54,353.27,349.76,352.48
1992-08-03,354.93,355.93,353.08,354.08
1992-08-04,351.63,351.63,351.21,351.21
1992-08-05,349.23,353.65,344.65,349.07
1992-08-06,347.74,349.44,347.28,348.97
1992-08-07,345.95,347.42,345.34,346.82
1992-08-10,349.36,350.55,348.93,350.11
1992-08-11,348.01,349.09,347.54,348.62
1992-08-12,347.67,350.35,345.49,348.18
1992-08-13,344.64,347.25,343.26,345.87
1992-08-14,351.32,353.78,346.61,349.06
1992-08-17,348.99,350.42,346.0,347.43
1992-08-18,351.18,351.38,350.7,350.89
1992-08-19,354.05,354.82,353.32,354.08
1992-08-20,354.83,356.97,350.77,352.9
1992-08-21,354.81,354.97,352.92,353.09
1992-08-24,351.14,354.57,348.51,351.93
1992-08-25,353.87,354.05,353.43,353.61
1992-08-26,352.96,354.19,351.93,353.15
1992-08-27,351.79,353.3,350.56,352.07
1992-08-28,352.16,352.54,351.95,352.33
1992-08-31,347.94,350.13,345.83,348.03
1992-09-01,348.22,348.68,347.54,348.0
1992-09-02,350.35,351.54,348.94,350.13
1992-09-03,352.27,353.31,349.72,350.75
1992-09-04,352.84,355.85,350.69,353.69
1992-09-07,354.01,354.01,352.98,352.98
1992-09-08,350.72,354.08,348.51,351.86
1992-09-09,349.12,351.02,346.98,348.87
1992-09-10,349.07,349.43,347.63,347.98
1992-09-11,354.51,355.08,353.33,353.9
1992-09-14,354.73,355.32,354.48,355.07
1992-09-15,353.85,355.01,352.39,353.55
1992-09-16,352.6,353.44,350.02,350.86
1992-09-17,345.91,347.28,345.16,346.52
1992-09-18,345.06,347.3,342.25,344.48
1992-09-21,348.23,348.35,347.11,347.23
1992-09-22,345.93,347.53,344.73,346.33
1992-09-23,345.72,347.74,341.91,343.93
1992-09-24,344.01,345.01,340.9,341.89
1992-09-25,345.32,347.42,342.1,344.19
1992-09-28,345.68,347.14,343.1,344.55
1992-09-29,341.36,343.62,340.89,343.14
1992-09-30,341.32,344.6,339.41,342.68
1992-10-01,349.42,350.36,348.57,349.51
1992-10-02,352.63,354.82,351.13,353.32
1992-10-05,358.66,359.55,357.1,357.99
1992-10-06,350.07,353.84,349.32,353.08
1992-10-07,353.55,354.88,351.57,352.89
1992-10-08,351.1,351.56,350.83,351.28
1992-10-09,352.56,354.74,350.97,353.14
1992-10-12,358.69,360.76,354.59,356.65
1992-10-13,357.45,358.77,356.45,357.78
1992-10-14,353.7,357.62,351.51,355.42
1992-10-15,354.21,356.52,351.43,353.73
1992-10-16,356.18,356.3,355.65,355.77
1992-10-19,358.08,358.92,357.42,358.27
1992-10-20,361.37,362.31,357.91,358.84
1992-10-21,359.6,359.94,359.04,359.38
1992-10-22,360.77,362.45,358.0,359.67
1992-10-23,360.95,361.51,360.04,360.6
1992-10-26,364.39,365.89,361.52,363.01
1992-10-27,364.56,366.32,363.18,364.93
1992-10-28,363.88,367.24,361.7,365.05
1992-10-29,365.8,367.0,363.76,364.96
1992-10-30,365.09,366.74,363.12,364.76
1992-11-02,363.53,365.33,360.86,362.66
1992-11-03,359.75,361.02,359.16,360.42
1992-11-04,362.63,363.01,361.73,362.11
1992-11-05,358.39,360.32,358.19,360.11
1992-11-06,362.07,363.36,361.31,362.59
1992-11-09,361.86,365.07,359.42,362.63
1992-11-10,365.62,366.46,364.25,365.08
1992-11-11,366.42,368.72,364.65,366.95
1992-11-12,367.87,370.24,367.02,369.39
1992-11-13,367.32,370.73,364.54,367.95
1992-11-16,369.88,370.85,368.25,369.22
1992-11-17,371.46,373.97,368.81,371.32
1992-11-18,365.89,368.47,364.13,366.71
1992-11-19,372.6,374.28,369.98,371.66
1992-11-20,379.94,380.13,377.97,378.16
1992-11-23,381.85,382.09,380.57,380.81
1992-11-24,380.24,384.13,379.0,382.89
1992-11-25,384.56,384.72,384.13,384.29
1992-11-26,382.84,384.48,381.36,383.0
1992-11-27,380.03,382.95,379.46,382.37
1992-11-30,383.51,386.45,382.06,385.0
1992-12-01,382.75,383.77,380.82,381.84
1992-12-02,378.64,380.93,376.14,378.43
1992-12-03,377.12,378.97,375.18,377.03
1992-12-04,377.99,379.98,376.75,378.73
1992-12-07,377.25,378.69,374.59,376.03
1992-12-08,373.8,375.88,373.1,375.18
1992-12-09,373.7,375.2,373.2,374.7
1992-12-10,371.23,371.65,371.15,371.58
1992-12-11,362.69,366.83,360.22,364.36
1992-12-14,360.51,362.14,359.84,361.47
1992-12-15,363.49,363.84,361.99,362.34
1992-12-16,362.92,366.33,360.44,363.84
1992-12-17,366.2,368.3,363.26,365.35
1992-12-18,367.86,370.53,364.49,367.16
1992-12-21,365.2,366.29,364.3,365.39
1992-12-22,361.42,363.27,361.11,362.96
1992-12-23,364.21,364.32,364.02,364.14
1992-12-24,361.27,365.55,359.31,363.58
1992-12-25,365.71,366.92,365.09,366.3
1992-12-28,367.76,369.91,365.35,367.49
1992-12-29,372.21,372.65,370.8,371.24
1992-12-30,369.63,370.81,368.62,369.8
1992-12-31,372.19,373.55,371.52,372.87
1993-01-01,377.91,381.1,375.51,378.69
1993-01-04,378.67,379.65,378.22,379.2
1993-01-05,381.32,385.1,376.84,380.61
1993-01-06,378.2,381.15,374.85,377.8
1993-01-07,380.38,381.68,379.1,380.41
1993-01-08,384.38,384.63,383.4,383.65
1993-01-11,382.49,382.64,382.33,382.49
1993-01-12,382.58,384.49,382.21,384.12
1993-01-13,383.54,384.9,383.47,384.82
1993-01-14,386.54,386.64,385.74,385.85
1993-01-15,386.49,390.14,384.45,388.09
1993-01-18,389.41,393.89,385.38,389.85
1993-01-19,389.1,390.25,388.09,389.24
1993-01-20,390.29,391.59,390.21,391.51
1993-01-21,392.59,397.47,389.69,394.56
1993-01-22,391.25,394.31,389.57,392.63
1993-01-25,390.67,394.16,389.31,392.8
1993-01-26,388.03,388.89,386.46,387.32
1993-01-27,389.38,390.01,388.29,388.92
1993-01-28,391.5,393.06,390.83,392.39
1993-01-29,389.8,395.07,386.16,391.41
1993-02-01,393.28,395.53,389.66,391.91
1993-02-02,391.47,393.95,388.47,390.95
1993-02-03,388.8,389.92,388.41,389.53
1993-02-04,391.36,394.49,386.85,389.97
1993-02-05,387.54,389.57,385.35,387.38
1993-02-08,387.05,387.39,386.34,386.68
1993-02-09,382.6,384.27,382.13,383.8
1993-02-10,383.67,387.97,381.14,385.43
1993-02-11,384.17,389.23,380.93,385.98
1993-02-12,386.94,387.38,384.09,384.53
1993-02-15,383.76,387.08,381.4,384.71
1993-02-16,384.0,385.58,382.34,383.92
1993-02-17,387.76,389.62,385.36,387.22
1993-02-18,385.7,385.88,385.55,385.73
1993-02-19,387.3,388.52,386.26,387.48
1993-02-22,385.19,387.02,383.57,385.39
1993-02-23,388.26,390.28,385.68,387.7
1993-02-24,389.41,393.61,386.43,390.62
1993-02-25,393.12,393.66,393.1,393.64
1993-02-26,395.0,399.57,393.19,397.75
1993-03-01,396.5,400.32,394.91,398.72
1993-03-02,400.44,402.77,399.67,402.0
1993-03-03,407.42,408.48,405.32,406.38
1993-03-04,402.1,405.76,398.78,402.43
1993-03-05,400.96,403.09,397.99,400.12
1993-03-08,395.73,396.11,394.91,395.28
1993-03-09,398.41,399.36,397.16,398.1
1993-03-10,392.05,394.35,390.87,393.17
1993-03-11,387.6,389.87,385.24,387.51
1993-03-12,384.31,384.4,383.93,384.02
1993-03-15,381.27,382.6,377.44,378.77
1993-03-16,379.17,380.46,378.27,379.56
1993-03-17,377.09,377.16,376.2,376.27
1993-03-18,371.08,371.68,370.62,371.22
1993-03-19,370.44,372.52,369.16,371.23
1993-03-22,372.47,374.6,369.38,371.5
1993-03-23,368.09,369.17,364.93,366.01
1993-03-24,364.39,365.38,363.11,364.1
1993-03-25,363.41,366.14,361.44,364.16
1993-03-26,363.87,366.62,360.62,363.36
1993-03-29,363.06,364.71,361.11,362.76
1993-03-30,369.05,370.39,365.28,366.61
1993-03-31,374.14,375.7,371.74,373.31
1993-04-01,371.4,372.62,371.22,372.44
1993-04-02,370.07,371.27,367.48,368.66
1993-04-05,369.35,370.87,366.98,368.5
1993-04-06,370.41,370.51,369.27,369.37
1993-04-07,369.98,370.51,368.96,369.49
1993-04-08,372.73,374.19,370.16,371.61
1993-04-09,379.02,379.67,377.88,378.52
1993-04-12,373.43,374.55,372.6,373.72
1993-04-13,372.54,373.15,371.79,372.39
1993-04-14,377.16,377.72,376.72,377.29
1993-04-15,376.24,376.56,375.52,375.85
1993-04-16,378.5,379.7,377.21,378.41
1993-04-19,380.35,382.81,378.26,380.71
1993-04-20,384.34,386.25,382.64,384.55
1993-04-21,390.35,392.05,388.66,390.36
1993-04-22,389.18,391.5,388.95,391.27
1993-04-23,387.05,387.54,385.38,385.87
1993-04-26,384.41,386.05,382.37,384.01
1993-04-27,389.97,392.11,388.55,390.69
1993-04-28,386.99,389.25,384.04,386.3
1993-04-29,387.22,388.46,386.58,387.82
1993-04-30,379.57,381.85,377.86,380.15
1993-05-03,376.81,378.19,375.01,376.38
1993-05-04,380.87,382.22,377.89,379.24
1993-05-05,379.77,380.55,378.67,379.45
1993-05-06,377.52,378.46,377.47,378.4
1993-05-07,375.65,377.39,374.31,376.05
1993-05-10,371.24,373.35,368.18,370.29
1993-05-11,373.15,373.59,372.25,372.7
1993-05-12,373.15,374.2,371.03,372.08
1993-05-13,368.13,369.12,366.7,367.69
1993-05-14,368.98,371.46,365.66,368.13
1993-05-17,372.63,372.87,370.17,370.4
1993-05-18,368.58,371.59,367.08,370.08
1993-05-19,373.42,374.29,369.88,370.74
1993-05-20,372.2,372.45,370.9,371.15
1993-05-21,372.19,373.02,368.46,369.28
1993-05-24,368.84,372.88,365.9,369.93
1993-05-25,372.92,373.58,371.84,372.5
1993-05-26,376.11,376.41,375.62,375.93
1993-05-27,379.55,380.45,377.65,378.55
1993-05-28,377.17,379.3,374.51,376.64
1993-05-31,379.34,382.64,375.64,378.94
1993-06-01,381.36,382.87,378.95,380.47
1993-06-02,378.29,379.87,376.83,378.41
1993-06-03,376.56,379.74,373.98,377.15
1993-06-04,379.93,381.33,378.01,379.41
1993-06-07,383.32,385.79,381.46,383.92
1993-06-08,378.28,380.75,375.96,378.42
1993-06-09,381.96,384.49,381.1,383.62
1993-06-10,387.32,387.89,386.68,387.25
1993-06-11,386.78,390.12,384.52,387.86
1993-06-14,387.22,389.26,385.21,387.25
1993-06-15,387.19,389.9,385.74,388.45
1993-06-16,386.44,389.11,383.8,386.47
1993-06-17,386.98,388.93,384.0,385.94
1993-06-18,380.76,383.15,379.05,381.44
1993-06-21,375.31,376.84,374.83,376.36
1993-06-22,384.65,385.85,382.56,383.75
1993-06-23,385.08,385.61,383.5,384.03
1993-06-24,385.22,386.93,383.02,384.73
1993-06-25,384.17,387.06,381.82,384.7
1993-06-28,381.65,382.38,381.64,382.37
1993-06-29,381.17,382.6,380.12,381.55
1993-06-30,381.9,382.38,381.48,381.96
1993-07-01,379.55,383.57,377.51,381.52
1993-07-02,378.27,381.39,376.26,379.39
1993-07-05,382.75,383.05,381.03,381.32
1993-07-06,382.34,383.15,381.29,382.1
1993-07-07,384.9,386.57,381.83,383.49
1993-07-08,387.0,389.51,383.32,385.82
1993-07-09,385.05,387.65,382.81,385.41
1993-07-12,384.91,385.61,384.55,385.25
1993-07-13,391.09,392.9,388.16,389.96
1993-07-14,387.97,388.08,386.98,387.09
1993-07-15,382.53,383.28,380.65,381.4
1993-07-16,383.32,383.62,383.04,383.33
1993-07-19,381.96,382.53,381.23,381.8
1993-07-20,378.39,380.39,376.69,378.68
1993-07-21,381.65,381.85,381.51,381.71
1993-07-22,380.7,382.04,380.14,381.48
1993-07-23,377.71,378.54,376.97,377.8
1993-07-26,384.15,385.53,382.95,384.34
1993-07-27,379.0,380.34,378.19,379.52
1993-07-28,380.44,381.91,378.06,379.54
1993-07-29,372.37,375.23,371.1,373.95
1993-07-30,375.57,377.05,373.71,375.19
1993-08-02,372.61,373.93,372.33,373.64
1993-08-03,375.55,377.07,374.99,376.51
1993-08-04,375.85,377.78,374.79,376.71
1993-08-05,381.71,383.8,379.08,381.17
1993-08-06,377.43,380.2,377.23,380.0
1993-08-09,375.44,376.45,374.25,375.25
1993-08-10,376.33,377.48,375.13,376.28
1993-08-11,374.67,376.27,374.16,375.76
1993-08-12,370.59,371.81,369.16,370.39
1993-08-13,366.15,369.36,364.29,367.49
1993-08-16,365.64,365.93,365.39,365.69
1993-08-17,369.62,371.35,369.28,371.01
1993-08-18,375.88,376.08,373.39,373.58
1993-08-19,373.79,374.04,372.58,372.83
1993-08-20,374.91,376.07,373.48,374.64
1993-08-23,367.58,370.8,365.43,368.64
1993-08-24,367.01,367.34,366.97,367.31
1993-08-25,368.75,369.8,367.96,369.01
1993-08-26,370.22,370.84,369.32,369.95
1993-08-27,369.11,369.71,368.07,368.67
1993-08-30,369.27,370.76,367.54,369.02
1993-08-31,370.88,370.89,370.49,370.5
1993-09-01,370.66,374.23,367.28,370.85
1993-09-02,374.39,376.76,371.63,374.0
1993-09-03,374.69,375.64,374.45,375.41
1993-09-06,376.39,378.15,375.84,377.6
1993-09-07,385.41,388.83,379.89,383.29
1993-09-08,386.59,387.36,385.34,386.11
1993-09-09,393.85,393.97,391.6,391.73
1993-09-10,389.38,390.2,388.89,389.71
1993-09-13,387.86,388.24,384.69,385.07
1993-09-14,384.94,385.9,383.89,384.85
1993-09-15,385.69,387.23,382.83,384.37
1993-09-16,389.2,389.63,388.74,389.17
1993-09-17,385.97,386.14,385.6,385.77
1993-09-20,385.83,387.32,384.46,385.96
1993-09-21,386.87,390.04,384.28,387.44
1993-09-22,389.08,390.25,386.78,387.94
1993-09-23,387.57,388.8,386.36,387.58
1993-09-24,389.87,390.67,388.09,388.9
1993-09-27,393.73,395.92,390.48,392.67
1993-09-28,399.27,400.33,396.53,397.58
1993-09-29,398.19,400.3,395.58,397.69
1993-09-30,393.34,395.68,392.79,395.13
1993-10-01,399.67,400.49,399.23,400.05
1993-10-04,397.07,398.67,395.5,397.1
1993-10-05,402.86,403.85,401.86,402.85
1993-10-06,408.69,409.13,406.65,407.08
1993-10-07,413.1,414.65,410.16,411.7
1993-10-08,413.52,416.49,410.73,413.7
1993-10-11,410.21,411.31,406.16,407.24
1993-10-12,403.48,404.06,403.33,403.91
1993-10-13,404.56,405.77,403.67,404.89
1993-10-14,401.43,403.27,400.91,402.75
1993-10-15,399.91,404.66,397.06,401.79
1993-10-18,402.76,407.3,399.66,404.19
1993-10-19,404.9,405.01,403.57,403.68
1993-10-20,400.75,401.51,399.09,399.86
1993-10-21,401.72,404.25,400.25,402.78
1993-10-22,404.61,406.35,402.74,404.48
1993-10-25,405.1,405.32,403.91,404.12
1993-10-26,403.96,408.56,401.86,406.44
1993-10-27,408.92,409.14,406.54,406.76
1993-10-28,412.3,414.47,408.84,411.0
1993-10-29,412.42,413.04,410.8,411.42
1993-11-01,417.35,418.09,415.11,415.85
1993-11-02,407.14,411.87,404.94,409.65
1993-11-03,410.74,411.27,410.48,411.01
1993-11-04,411.16,411.2,409.57,409.61
1993-11-05,406.76,407.38,406.15,406.77
1993-11-08,411.58,412.55,409.69,410.66
1993-11-09,415.19,416.69,411.9,413.39
1993-11-10,407.68,408.25,406.25,406.82
1993-11-11,408.76,409.45,408.38,409.07
1993-11-12,411.61,414.08,408.44,410.9
1993-11-15,406.67,408.8,406.59,408.72
1993-11-16,406.58,406.9,405.68,405.99
1993-11-17,401.8,402.17,400.52,400.89
1993-11-18,400.1,400.28,399.73,399.91
1993-11-19,400.86,403.38,396.96,399.47
1993-11-22,402.73,403.85,401.27,402.39
1993-11-23,403.52,406.06,400.8,403.34
1993-11-24,402.2,404.04,398.18,400.0
1993-11-25,399.75,401.92,398.74,400.91
1993-11-26,401.88,403.62,398.48,400.21
1993-11-29,399.14,401.21,395.51,397.57
1993-11-30,393.66,395.49,390.83,392.66
1993-12-01,394.53,395.67,393.88,395.01
1993-12-02,397.06,398.41,395.31,396.66
1993-12-03,397.66,401.09,395.2,398.62
1993-12-06,395.89,399.37,393.08,396.56
1993-12-07,397.45,398.7,396.04,397.29
1993-12-08,392.0,394.07,390.96,393.04
1993-12-09,389.84,390.34,389.62,390.12
1993-12-10,389.25,391.71,388.08,390.54
1993-12-13,392.6,393.76,390.68,391.84
1993-12-14,388.77,388.96,386.68,386.87
1993-12-15,386.38,386.55,383.69,383.85
1993-12-16,381.94,385.6,379.47,383.12
1993-12-17,385.68,387.87,384.49,386.68
1993-12-20,384.53,387.6,381.52,384.59
1993-12-21,386.43,386.95,384.96,385.48
1993-12-22,386.59,388.18,385.11,386.7
1993-12-23,387.54,388.14,385.7,386.3
1993-12-24,388.32,388.51,387.39,387.57
1993-12-27,381.85,385.11,380.5,383.75
1993-12-28,382.3,383.25,381.15,382.1
1993-12-29,385.93,388.29,384.89,387.24
1993-12-30,391.97,394.5,389.98,392.5
1993-12-31,395.17,396.81,393.88,395.53
1994-01-03,400.44,401.15,398.7,399.41
1994-01-04,393.77,393.97,393.47,393.67
1994-01-05,390.47,391.82,389.53,390.88
1994-01-06,392.79,394.48,388.53,390.21
1994-01-07,397.44,400.79,395.02,398.37
1994-01-10,398.15,398.27,397.56,397.68
1994-01-11,401.23,401.28,400.24,400.29
1994-01-12,402.01,402.93,400.76,401.67
1994-01-13,402.0,403.88,401.08,402.96
1994-01-14,401.97,404.68,400.28,402.98
1994-01-17,400.21,401.07,398.48,399.33
1994-01-18,392.11,395.42,387.47,390.76
1994-01-19,395.34,396.24,394.37,395.27
1994-01-20,392.11,393.75,391.89,393.53
1994-01-21,387.92,388.4,387.3,387.78
1994-01-24,391.65,393.05,388.35,389.75
1994-01-25,390.43,393.61,388.31,391.49
1994-01-26,394.08,394.47,393.93,394.33
1994-01-27,398.44,400.19,396.5,398.24
1994-01-28,396.9,398.02,394.35,395.47
1994-01-31,392.54,393.26,392.32,393.03
1994-02-01,392.99,394.75,390.53,392.29
1994-02-02,397.09,399.38,393.02,395.31
1994-02-03,387.16,390.58,385.35,388.76
1994-02-04,388.2,390.78,387.02,389.6
1994-02-07,393.2,395.23,391.15,393.18
1994-02-08,397.71,399.5,394.63,396.42
1994-02-09,399.53,401.35,397.18,399.0
1994-02-10,404.11,404.47,402.33,402.68
1994-02-11,392.02,394.37,391.55,393.9
1994-02-14,400.18,402.37,397.44,399.63
1994-02-15,397.63,402.63,395.94,400.93
1994-02-16,407.22,409.28,403.42,405.47
1994-02-17,403.32,405.95,399.13,401.75
1994-02-18,395.96,396.59,395.59,396.22
1994-02-21,399.83,403.58,398.74,402.49
1994-02-22,399.52,400.14,399.02,399.64
1994-02-23,400.33,400.5,398.69,398.86
1994-02-24,401.46,402.59,399.7,400.83
1994-02-25,405.94,406.45,403.05,403.56
1994-02-28,407.17,408.75,405.81,407.39
1994-03-01,411.02,411.34,408.07,408.39
1994-03-02,402.71,406.75,401.0,405.03
1994-03-03,406.7,408.57,405.62,407.49
1994-03-04,408.5,411.68,406.79,409.96
1994-03-07,405.28,405.52,404.02,404.26
1994-03-08,407.72,409.81,406.99,409.07
1994-03-09,402.36,403.57,399.81,401.02
1994-03-10,405.61,406.36,403.9,404.65
1994-03-11,403.1,403.3,402.54,402.75
1994-03-14,405.43,407.08,403.79,405.44
1994-03-15,406.12,410.31,403.09,407.27
1994-03-16,408.15,409.13,406.3,407.28
1994-03-17,408.4,409.74,407.55,408.89
1994-03-18,409.78,410.19,408.3,408.71
1994-03-21,413.31,414.22,410.42,411.33
1994-03-22,418.3,418.56,418.3,418.56
1994-03-23,415.85,418.03,411.9,414.08
1994-03-24,403.98,404.63,402.97,403.62
1994-03-25,403.32,403.53,402.27,402.48
1994-03-28,399.83,403.65,397.48,401.3
1994-03-29,399.62,400.8,399.15,400.33
1994-03-30,396.86,398.17,396.27,397.57
1994-03-31,402.53,405.19,398.14,400.79
1994-04-01,396.19,398.21,394.46,396.49
1994-04-04,399.36,400.63,397.23,398.49
1994-04-05,400.95,402.68,399.2,400.92
1994-04-06,401.94,404.29,399.9,402.25
1994-04-07,402.45,406.07,400.5,404.11
1994-04-08,405.25,408.45,404.27,407.46
1994-04-11,407.67,408.17,407.46,407.96
1994-04-12,406.75,407.49,406.24,406.97
1994-04-13,407.8,409.5,407.05,408.75
1994-04-14,411.18,411.24,410.81,410.87
1994-04-15,416.47,416.66,413.73,413.91
1994-04-18,410.42,410.92,407.97,408.47
1994-04-19,408.12,409.8,406.34,408.02
1994-04-20,404.81,407.55,401.93,404.67
1994-04-21,407.61,409.89,404.48,406.75
1994-04-22,409.73,412.33,406.74,409.35
1994-04-25,409.61,410.49,407.86,408.75
1994-04-26,406.91,408.02,405.39,406.5
1994-04-27,408.87,409.55,408.0,408.68
1994-04-28,407.68,410.16,405.93,408.41
1994-04-29,413.8,413.8,413.29,413.29
1994-05-02,416.72,420.42,415.81,419.51
1994-05-03,423.25,423.87,422.24,422.85
1994-05-04,421.03,424.85,419.79,423.6
1994-05-05,430.01,432.34,427.28,429.61
1994-05-06,429.05,430.47,428.83,430.25
1994-05-09,430.52,431.41,427.93,428.82
1994-05-10,426.62,426.65,426.43,426.45
1994-05-11,424.1,428.65,419.48,424.04
1994-05-12,424.57,426.08,422.48,423.99
1994-05-13,424.46,425.58,424.39,425.51
1994-05-16,422.54,425.1,418.51,421.07
1994-05-17,420.55,423.05,417.13,419.62
1994-05-18,419.77,420.47,419.71,420.41
1994-05-19,421.33,423.8,420.15,422.62
1994-05-20,422.08,424.06,420.58,422.56
1994-05-23,423.57,424.16,423.13,423.71
1994-05-24,418.23,420.0,417.83,419.6
1994-05-25,416.08,419.26,413.48,416.66
1994-05-26,415.87,418.59,413.9,416.61
1994-05-27,418.23,418.79,417.92,418.48
1994-05-30,419.45,419.98,419.16,419.69
1994-05-31,417.58,418.21,416.35,416.97
1994-06-01,416.31,418.91,413.67,416.27
1994-06-02,421.88,423.43,419.82,421.37
1994-06-03,423.44,425.22,421.35,423.13
1994-06-06,422.26,422.74,422.02,422.51
1994-06-07,419.85,420.63,418.22,418.99
1994-06-08,413.17,417.14,412.63,416.6
1994-06-09,416.21,418.09,414.77,416.66
1994-06-10,416.9,418.99,415.53,417.62
1994-06-13,419.69,419.74,419.48,419.54
1994-06-14,420.02,420.86,419.97,420.82
1994-06-15,420.22,420.29,419.47,419.53
1994-06-16,418.71,420.5,416.01,417.8
1994-06-17,422.9,428.38,419.2,424.66
1994-06-20,422.98,423.16,422.51,422.69
1994-06-21,416.68,419.08,415.9,418.29
1994-06-22,413.41,414.73,411.49,412.81
1994-06-23,411.17,413.45,409.47,411.75
1994-06-24,414.03,415.89,413.17,415.03
1994-06-27,411.06,418.38,405.89,413.19
1994-06-28,418.12,421.03,415.33,418.24
1994-06-29,416.77,421.81,413.19,418.22
1994-06-30,420.06,423.61,418.4,421.94
1994-07-01,419.58,421.46,417.46,419.34
1994-07-04,418.52,422.4,413.43,417.3
1994-07-05,418.29,419.84,416.24,417.79
1994-07-06,417.79,420.12,417.26,419.59
1994-07-07,418.96,421.31,416.79,419.13
1994-07-08,421.13,421.38,420.03,420.27
1994-07-11,422.53,422.79,422.44,422.7
1994-07-12,418.43,419.82,416.64,418.03
1994-07-13,416.53,421.14,412.47,417.08
1994-07-14,415.07,416.4,414.22,415.55
1994-07-15,413.4,418.78,408.84,414.22
1994-07-18,416.94,418.02,415.09,416.17
1994-07-19,415.56,416.48,413.81,414.72
1994-07-20,407.56,411.21,404.6,408.24
1994-07-21,408.78,408.84,407.8,407.86
1994-07-22,402.96,405.92,401.73,404.69
1994-07-25,406.94,408.8,405.3,407.15
1994-07-26,408.66,411.34,407.64,410.32
1994-07-27,401.99,403.81,401.55,403.36
1994-07-28,399.63,403.63,397.28,401.28
1994-07-29,402.25,403.38,401.91,403.04
1994-08-01,399.77,402.03,396.77,399.03
1994-08-02,402.15,404.46,399.93,402.24
1994-08-03,405.58,409.12,402.76,406.29
1994-08-04,405.95,407.51,404.61,406.16
1994-08-05,401.48,404.72,400.73,403.97
1994-08-08,397.45,397.87,396.35,396.77
1994-08-09,397.45,401.77,395.84,400.15
1994-08-10,406.63,409.26,404.86,407.49
1994-08-11,413.89,415.04,412.84,413.99
1994-08-12,414.16,414.19,413.58,413.61
1994-08-15,410.65,412.4,408.62,410.36
1994-08-16,413.5,414.87,412.2,413.56
1994-08-17,415.24,417.19,411.49,413.43
1994-08-18,417.87,418.05,415.18,415.36
1994-08-19,416.66,418.33,414.98,416.65
1994-08-22,417.26,419.05,415.58,417.38
1994-08-23,420.91,422.08,419.94,421.11
1994-08-24,424.12,425.17,423.84,424.9
1994-08-25,423.68,425.03,421.87,423.21
1994-08-26,421.79,425.26,416.74,420.19
1994-08-29,408.96,412.42,408.58,412.04
1994-08-30,411.0,412.18,410.03,411.21
1994-08-31,409.68,409.71,407.83,407.86
1994-09-01,410.16,411.59,408.25,409.68
1994-09-02,409.49,411.38,407.09,408.98
1994-09-05,406.95,409.65,406.22,408.91
1994-09-06,413.02,413.65,411.52,412.15
1994-09-07,415.17,416.51,412.59,413.92
1994-09-08,414.14,416.22,411.82,413.89
1994-09-09,419.2,421.32,417.92,420.03
1994-09-12,423.63,425.21,421.49,423.07
1994-09-13,420.54,423.86,418.55,421.86
1994-09-14,419.35,422.98,417.2,420.82
1994-09-15,424.8,426.54,422.04,423.78
1994-09-16,426.07,426.51,424.24,424.67
1994-09-19,420.34,422.45,419.18,421.28
1994-09-20,423.12,426.34,421.4,424.61
1994-09-21,427.98,429.69,427.41,429.12
1994-09-22,433.53,436.09,430.72,433.28
1994-09-23,437.07,439.7,435.97,438.6
1994-09-26,447.61,449.57,443.94,445.9
1994-09-27,451.0,452.3,450.32,451.63
1994-09-28,452.98,453.24,452.22,452.48
1994-09-29,450.43,451.7,450.17,451.44
1994-09-30,445.62,447.43,443.04,444.85
1994-10-03,445.75,445.94,444.67,444.86
1994-10-04,444.14,446.95,443.59,446.39
1994-10-05,445.34,448.68,442.92,446.25
1994-10-06,439.27,439.95,438.8,439.48
1994-10-07,437.65,439.21,436.79,438.34
1994-10-10,441.68,444.19,438.03,440.53
1994-10-11,436.06,443.34,429.57,436.84
1994-10-12,438.26,441.04,434.54,437.32
1994-10-13,439.34,440.29,437.76,438.7
1994-10-14,442.28,443.43,441.28,442.43
1994-10-17,449.23,453.02,444.44,448.22
1994-10-18,444.54,447.68,443.48,446.6
1994-10-19,446.88,447.75,446.09,446.96
1994-10-20,446.38,448.42,445.37,447.42
1994-10-21,449.22,451.23,447.35,449.36
1994-10-24,450.34,452.0,449.31,450.97
1994-10-25,455.61,456.92,454.21,455.52
1994-10-26,447.05,447.43,446.67,447.04
1994-10-27,448.39,449.51,447.08,448.2
1994-10-28,449.82,453.25,446.15,449.58
1994-10-31,449.31,451.58,446.27,448.54
1994-11-01,438.74,440.67,438.47,440.4
1994-11-02,440.87,441.06,440.0,440.19
1994-11-03,435.77,437.76,435.77,437.75
1994-11-04,439.89,448.17,435.37,443.61
1994-11-07,447.88,448.19,444.94,445.25
1994-11-08,441.18,446.89,436.74,442.43
1994-11-09,434.73,435.66,434.39,435.32
1994-11-10,435.05,437.7,434.85,437.5
1994-11-11,439.4,440.43,438.98,440.0
1994-11-14,439.96,441.23,438.42,439.69
1994-11-15,442.17,444.51,439.51,441.85
1994-11-16,439.07,444.48,435.28,440.67
1994-11-17,443.84,445.0,443.27,444.43
1994-11-18,448.36,448.7,447.52,447.86
1994-11-21,442.79,446.56,438.71,442.47
1994-11-22,437.83,439.35,436.14,437.66
1994-11-23,445.88,446.95,443.79,444.86
1994-11-24,447.96,450.35,445.73,448.11
1994-11-25,445.5,446.84,442.32,443.65
1994-11-28,438.2,440.58,436.21,438.59
1994-11-29,440.37,441.2,438.63,439.45
1994-11-30,436.55,439.96,432.19,435.59
1994-12-01,432.64,434.94,432.47,434.77
1994-12-02,435.46,439.28,431.07,434.89
1994-12-05,434.5,435.39,434.43,435.33
1994-12-06,438.24,440.41,437.39,439.57
1994-12-07,445.64,447.82,444.03,446.21
1994-12-08,444.83,447.45,441.99,444.61
1994-12-09,438.7,443.45,436.02,440.77
1994-12-12,442.85,443.08,442.58,442.82
1994-12-13,448.44,449.91,447.25,448.73
1994-12-14,448.77,450.78,445.37,447.37
1994-12-15,449.61,451.44,448.64,450.46
1994-12-16,449.15,450.01,446.7,447.55
1994-12-19,448.74,451.16,445.8,448.22
1994-12-20,444.17,445.87,442.53,444.22
1994-12-21,446.14,447.14,443.44,444.44
1994-12-22,446.78,447.93,443.07,444.22
1994-12-23,446.28,447.22,445.62,446.56
1994-12-26,452.49,454.98,451.02,453.5
1994-12-27,452.73,453.26,451.63,452.15
1994-12-28,443.22,446.5,441.86,445.12
1994-12-29,442.88,447.99,439.51,444.61
1994-12-30,447.64,449.35,444.19,445.89
1995-01-02,447.97,449.22,445.96,447.2
1995-01-03,445.72,447.32,445.28,446.87
1995-01-04,456.67,457.93,451.16,452.41
1995-01-05,451.16,454.03,450.18,453.04
1995-01-06,453.64,454.25,452.2,452.8
1995-01-09,449.67,451.73,448.7,450.75
1995-01-10,447.09,448.07,443.73,444.71
1995-01-11,445.5,446.3,445.41,446.21
1995-01-12,447.01,448.13,446.26,447.39
1995-01-13,441.47,446.62,438.74,443.88
1995-01-16,447.42,447.97,444.1,444.64
1995-01-17,443.66,446.27,441.88,444.49
1995-01-18,443.25,443.72,442.14,442.61
1995-01-19,440.17,440.46,439.88,440.17
1995-01-20,441.35,445.62,437.83,442.09
1995-01-23,439.31,445.53,436.07,442.27
1995-01-24,440.28,440.69,440.16,440.58
1995-01-25,437.59,437.98,437.56,437.95
1995-01-26,438.44,438.95,437.5,438.02
1995-01-27,444.74,446.32,440.34,441.9
1995-01-30,444.54,446.2,442.02,443.68
1995-01-31,444.42,446.88,440.82,443.28
1995-02-01,444.3,446.17,442.83,444.7
1995-02-02,448.18,451.05,447.08,449.95
1995-02-03,451.55,452.03,451.44,451.93
1995-02-06,452.32,454.76,450.88,453.32
1995-02-07,455.71,459.69,451.81,455.78
1995-02-08,454.63,459.99,449.96,455.31
1995-02-09,453.79,456.31,453.57,456.09
1995-02-10,456.14,458.2,452.36,454.41
1995-02-13,449.0,452.79,445.4,449.19
1995-02-14,450.24,451.81,449.11,450.68
1995-02-15,450.67,454.96,447.88,452.17
1995-02-16,450.67,451.48,450.5,451.31
1995-02-17,454.12,455.78,453.63,455.3
1995-02-20,451.46,453.59,450.96,453.09
1995-02-21,447.04,451.17,442.69,446.82
1995-02-22,443.97,446.17,442.39,444.59
1995-02-23,440.32,442.51,437.16,439.33
1995-02-24,440.56,444.28,437.32,441.04
1995-02-27,439.15,439.92,438.23,439.0
1995-02-28,443.2,445.21,441.07,443.08
1995-03-01,447.87,450.3,444.92,447.35
1995-03-02,443.33,445.34,442.44,444.45
1995-03-03,443.22,444.77,440.48,442.03
1995-03-06,443.57,446.3,442.42,445.15
1995-03-07,449.35,449.84,448.81,449.29
1995-03-08,440.78,444.24,438.92,442.38
1995-03-09,443.87,444.04,443.86,444.03
1995-03-10,437.7,438.31,435.93,436.53
1995-03-13,436.53,440.62,431.72,435.8
1995-03-14,442.01,442.98,439.64,440.61
1995-03-15,451.98,456.29,448.09,452.39
1995-03-16,453.21,453.21,451.97,451.97
1995-03-17,446.91,448.5,446.25,447.84
1995-03-20,446.45,447.91,445.6,447.06
1995-03-21,448.08,450.05,445.92,447.9
1995-03-22,447.14,448.32,444.82,446.0
1995-03-23,442.47,444.9,440.76,443.19
1995-03-24,443.22,444.24,441.28,442.29
1995-03-27,445.33,447.2,443.16,445.03
1995-03-28,445.52,446.47,444.12,445.07
1995-03-29,441.33,444.15,439.64,442.46
1995-03-30,440.19,441.56,439.33,440.7
1995-03-31,439.8,439.98,439.75,439.93
1995-04-03,437.78,437.84,437.29,437.34
1995-04-04,434.48,435.69,434.32,435.54
1995-04-05,437.11,440.2,435.73,438.82
1995-04-06,435.96,441.43,433.32,438.77
1995-04-07,434.0,434.99,432.05,433.03
1995-04-10,439.55,442.24,435.63,438.31
1995-04-11,438.07,441.79,437.01,440.72
1995-04-12,436.45,436.89,435.9,436.35
1995-04-13,435.38,437.98,433.28,435.88
1995-04-14,435.4,436.93,432.29,433.82
1995-04-17,437.54,438.66,436.7,437.82
1995-04-18,438.03,439.37,435.99,437.32
1995-04-19,437.4,439.77,435.59,437.96
1995-04-20,437.25,440.93,434.47,438.15
1995-04-21,434.48,436.41,431.54,433.48
1995-04-24,441.71,443.98,438.01,440.28
1995-04-25,441.98,443.94,441.72,443.67
1995-04-26,443.19,444.82,440.04,441.67
1995-04-27,441.97,445.21,440.04,443.27
1995-04-28,444.67,449.99,442.5,447.8
1995-05-01,449.41,451.22,447.58,449.39
1995-05-02,456.63,456.65,455.91,455.93
1995-05-03,465.39,470.56,462.35,467.51
1995-05-04,464.54,467.43,464.42,467.31
1995-05-05,464.7,467.59,462.5,465.39
1995-05-08,461.37,464.49,459.13,462.25
1995-05-09,456.09,458.0,452.33,454.23
1995-05-10,459.55,459.7,459.39,459.54
1995-05-11,459.66,461.7,456.61,458.65
1995-05-12,462.75,463.55,461.66,462.46
1995-05-15,469.45,470.27,466.43,467.25
1995-05-16,462.21,464.16,461.51,463.45
1995-05-17,460.18,461.93,458.55,460.3
1995-05-18,465.22,469.9,462.75,467.42
1995-05-19,468.62,470.6,465.5,467.48
1995-05-22,467.13,467.4,465.3,465.57
1995-05-23,463.17,465.43,459.7,461.96
1995-05-24,461.69,464.15,459.41,461.86
1995-05-25,465.99,468.87,465.2,468.08
1995-05-26,470.91,472.9,469.04,471.03
1995-05-29,471.33,474.13,469.5,472.29
1995-05-30,479.96,480.57,478.02,478.63
1995-05-31,483.5,484.46,483.15,484.12
1995-06-01,484.69,489.4,480.65,485.35
1995-06-02,499.34,500.41,495.03,496.1
1995-06-05,496.78,497.26,495.11,495.59
1995-06-06,501.36,502.54,498.57,499.74
1995-06-07,497.33,500.66,494.77,498.1
1995-06-08,499.81,503.85,497.45,501.47
1995-06-09,501.96,502.57,499.74,500.36
1995-06-12,504.77,506.18,501.13,502.52
1995-06-13,509.6,512.08,509.1,511.57
1995-06-14,514.11,517.48,511.55,514.91
1995-06-15,514.94,518.42,512.89,516.36
1995-06-16,513.69,516.08,510.56,512.95
1995-06-19,515.55,517.39,512.03,513.87
1995-06-20,509.06,513.28,505.41,509.63
1995-06-21,512.23,513.86,511.17,512.8
1995-06-22,512.79,517.92,510.7,515.82
1995-06-23,513.28,518.12,509.92,514.75
1995-06-26,523.75,525.25,519.9,521.4
1995-06-27,527.63,528.46,526.01,526.85
1995-06-28,528.33,530.38,524.83,526.87
1995-06-29,527.93,529.71,526.73,528.51
1995-06-30,525.21,526.53,524.31,525.64
1995-07-03,524.81,525.62,523.98,524.79
1995-07-04,520.64,521.1,519.66,520.13
1995-07-05,520.04,521.88,516.08,517.91
1995-07-06,516.14,520.92,512.41,517.19
1995-07-07,510.2,512.51,508.11,510.41
1995-07-10,511.89,513.13,511.87,513.11
1995-07-11,513.86,518.78,512.02,516.92
1995-07-12,518.05,519.44,515.25,516.63
1995-07-13,508.47,511.85,502.45,505.81
1995-07-14,505.95,507.98,502.77,504.79
1995-07-17,500.24,500.66,499.48,499.9
1995-07-18,500.37,501.35,496.63,497.61
1995-07-19,504.16,504.86,502.77,503.47
1995-07-20,495.13,497.42,491.66,493.94
1995-07-21,491.17,491.63,490.51,490.97
1995-07-24,495.54,495.74,494.9,495.1
1995-07-25,492.37,493.93,491.02,492.57
1995-07-26,491.01,496.1,484.72,489.79
1995-07-27,496.54,499.94,494.77,498.17
1995-07-28,500.48,502.45,497.89,499.86
1995-07-31,503.0,504.62,502.67,504.29
1995-08-01,506.96,507.37,505.78,506.19
1995-08-02,510.55,512.64,504.83,506.91
1995-08-03,513.07,515.24,509.83,511.99
1995-08-04,521.36,523.89,517.0,519.53
1995-08-07,514.7,516.26,511.76,513.31
1995-08-08,509.57,514.95,507.78,513.15
1995-08-09,512.76,514.57,511.15,512.96
1995-08-10,511.94,512.82,510.38,511.25
1995-08-11,511.97,515.96,511.21,515.19
1995-08-14,516.37,517.26,515.92,516.81
1995-08-15,524.32,526.81,521.96,524.45
1995-08-16,526.7,530.22,525.13,528.65
1995-08-17,532.29,536.62,529.52,533.84
1995-08-18,530.8,531.11,528.37,528.68
1995-08-21,520.19,526.13,519.89,525.83
1995-08-22,523.18,525.24,520.69,522.75
1995-08-23,529.78,530.68,527.05,527.94
1995-08-24,523.8,526.06,521.59,523.85
1995-08-25,522.15,524.3,517.81,519.95
1995-08-28,515.36,516.69,514.68,516.02
1995-08-29,525.72,528.23,524.64,527.15
1995-08-30,526.4,526.43,526.39,526.42
1995-08-31,527.81,531.31,524.91,528.41
1995-09-01,522.56,524.38,521.64,523.46
1995-09-04,527.54,528.82,526.53,527.82
1995-09-05,519.25,520.84,518.9,520.49
1995-09-06,515.21,516.78,514.95,516.51
1995-09-07,511.89,516.84,508.68,513.62
1995-09-08,515.28,515.7,514.2,514.63
1995-09-11,510.57,515.62,507.06,512.1
1995-09-12,516.53,518.65,516.34,518.46
1995-09-13,518.89,524.21,515.26,520.57
1995-09-14,518.11,518.46,517.44,517.79
1995-09-15,522.98,523.89,521.01,521.93
1995-09-18,522.09,522.73,520.28,520.91
1995-09-19,518.89,520.1,517.34,518.56
1995-09-20,523.14,523.79,521.66,522.3
1995-09-21,512.25,515.44,509.14,512.33
1995-09-22,516.26,517.65,514.17,515.56
1995-09-25,514.06,514.2,513.25,513.38
1995-09-26,509.58,511.79,508.48,510.69
1995-09-27,517.32,520.2,516.11,518.99
1995-09-28,519.05,519.66,516.34,516.95
1995-09-29,521.24,521.33,520.95,521.04
1995-10-02,524.65,526.28,521.37,523.0
1995-10-03,522.94,524.86,522.74,524.67
1995-10-04,523.07,524.69,522.09,523.71
1995-10-05,520.4,525.04,517.93,522.56
1995-10-06,529.99,530.64,528.31,528.96
1995-10-09,532.42,535.73,530.09,533.4
1995-10-10,530.39,533.55,528.12,531.27
1995-10-11,530.03,531.44,525.54,526.94
1995-10-12,525.65,528.52,521.73,524.6
1995-10-13,529.81,533.45,525.15,528.77
1995-10-16,532.37,535.29,531.38,534.29
1995-10-17,533.56,536.6,533.5,536.55
1995-10-18,531.31,533.79,527.3,529.77
1995-10-19,529.37,537.1,525.24,532.95
1995-10-20,537.54,539.26,536.63,538.35
1995-10-23,538.27,540.74,537.1,539.58
1995-10-24,546.18,547.9,545.97,547.7
1995-10-25,541.23,542.17,541.01,541.95
1995-10-26,542.93,545.25,542.33,544.65
1995-10-27,538.25,543.64,534.83,540.22
1995-10-30,545.56,545.66,545.04,545.14
1995-10-31,549.27,550.26,546.54,547.52
1995-11-01,551.76,556.56,549.86,554.65
1995-11-02,556.8,557.82,555.46,556.48
1995-11-03,555.4,559.24,550.67,554.5
1995-11-06,553.75,553.95,552.8,553.01
1995-11-07,551.4,554.73,548.44,551.77
1995-11-08,548.48,549.94,548.0,549.46
1995-11-09,556.27,558.45,552.84,555.01
1995-11-10,560.72,563.92,556.96,560.16
1995-11-13,551.22,555.23,550.35,554.37
1995-11-14,553.99,556.42,551.94,554.36
1995-11-15,554.56,554.68,554.34,554.46
1995-11-16,549.21,552.04,548.19,551.01
1995-11-17,552.38,557.05,548.11,552.78
1995-11-20,560.48,560.75,559.37,559.65
1995-11-21,561.81,564.76,560.26,563.21
1995-11-22,569.03,570.47,567.2,568.63
1995-11-23,563.53,568.87,559.89,565.21
1995-11-24,562.97,569.14,558.91,565.06
1995-11-27,563.36,567.12,558.57,562.32
1995-11-28,565.11,565.63,562.6,563.12
1995-11-29,562.3,565.17,561.43,564.3
1995-11-30,569.77,570.95,566.97,568.15
1995-12-01,573.59,574.24,572.97,573.62
1995-12-04,573.09,577.52,572.51,576.92
1995-12-05,570.32,575.01,568.1,572.78
1995-12-06,567.66,569.0,565.28,566.62
1995-12-07,565.83,568.71,565.72,568.6
1995-12-08,573.68,575.13,573.3,574.75
1995-12-11,574.89,576.14,573.78,575.03
1995-12-12,568.86,570.18,566.77,568.09
1995-12-13,577.14,577.94,576.02,576.82
1995-12-14,581.25,583.46,576.33,578.53
1995-12-15,577.43,578.95,577.32,578.84
1995-12-18,574.33,574.57,573.93,574.16
1995-12-19,574.7,575.25,573.38,573.92
1995-12-20,577.82,579.25,575.17,576.59
1995-12-21,580.25,582.42,576.25,578.42
1995-12-22,574.36,575.8,573.68,575.11
1995-12-25,576.46,577.5,574.3,575.34
1995-12-26,570.79,574.42,568.76,572.38
1995-12-27,579.25,579.56,579.07,579.38
1995-12-28,583.8,584.25,582.48,582.92
1995-12-29,581.93,586.07,576.11,580.23
1996-01-01,576.34,578.01,573.69,575.36
1996-01-02,576.18,577.81,574.39,576.02
1996-01-03,573.18,575.43,571.07,573.32
1996-01-04,571.94,573.19,569.75,571.0
1996-01-05,569.32,572.45,562.49,565.6
1996-01-08,562.45,562.8,560.65,561.01
1996-01-09,562.11,562.21,561.37,561.47
1996-01-10,557.75,562.77,555.04,560.05
1996-01-11,569.26,571.62,568.35,570.71
1996-01-12,572.3,576.91,568.26,572.86
1996-01-15,569.07,569.63,566.96,567.52
1996-01-16,558.88,561.75,557.59,560.45
1996-01-17,563.05,563.95,561.07,561.97
1996-01-18,560.18,563.29,556.88,559.98
1996-01-19,566.18,567.77,563.99,565.58
1996-01-22,566.28,567.99,564.94,566.65
1996-01-23,556.65,561.42,552.89,557.65
1996-01-24,551.42,556.71,547.76,553.04
1996-01-25,551.03,551.38,549.68,550.02
1996-01-26,551.82,554.21,549.56,551.95
1996-01-29,545.69,548.03,545.12,547.46
1996-01-30,548.55,549.49,547.25,548.18
1996-01-31,547.95,548.56,541.78,542.38
1996-02-01,542.2,543.91,540.81,542.52
1996-02-02,547.19,556.14,535.58,544.49
1996-02-05,547.46,554.32,544.91,551.74
1996-02-06,552.56,553.55,552.01,553.0
1996-02-07,551.17,552.23,548.53,549.59
1996-02-08,556.41,557.46,555.32,556.38
1996-02-09,554.62,555.89,554.42,555.69
1996-02-12,559.72,561.46,558.03,559.77
1996-02-13,558.79,559.14,556.79,557.14
1996-02-14,561.25,563.52,555.41,557.67
1996-02-15,556.03,557.1,553.19,554.26
1996-02-16,555.03,557.24,553.66,555.87
1996-02-19,559.73,560.45,559.41,560.12
1996-02-20,557.66,558.73,556.97,558.04
1996-02-21,554.3,557.88,552.17,555.75
1996-02-22,557.26,557.63,557.14,557.52
1996-02-23,553.58,555.03,552.59,554.04
1996-02-26,546.12,549.65,544.57,548.1
1996-02-27,551.41,551.97,549.47,550.03
1996-02-28,550.59,553.97,546.51,549.89
1996-02-29,548.61,550.1,548.17,549.66
1996-03-01,552.96,553.76,551.92,552.72
1996-03-04,554.94,557.27,554.22,556.55
1996-03-05,555.18,557.01,554.27,556.1
1996-03-06,552.52,554.47,549.45,551.39
1996-03-07,549.7,549.92,548.7,548.92
1996-03-08,551.11,553.1,549.97,551.96
1996-03-11,554.03,556.86,550.7,553.52
1996-03-12,551.31,551.67,551.07,551.43
1996-03-13,546.7,548.44,546.6,548.34
1996-03-14,551.3,551.97,550.9,551.58
1996-03-15,551.72,552.54,550.19,551.0
1996-03-18,555.89,559.2,552.06,555.38
1996-03-19,556.84,562.01,554.52,559.68
1996-03-20,558.85,559.47,557.95,558.57
1996-03-21,563.19,566.72,559.61,563.15
1996-03-22,560.79,566.76,558.04,564.0
1996-03-25,564.63,566.25,564.39,566.0
1996-03-26,557.18,560.52,553.04,556.36
1996-03-27,554.69,557.52,549.57,552.39
1996-03-28,546.04,550.53,544.27,548.74
1996-03-29,549.47,553.13,544.21,547.86
1996-04-01,546.26,549.97,545.65,549.36
1996-04-02,552.81,553.76,549.56,550.51
1996-04-03,551.83,552.66,551.4,552.23
1996-04-04,548.36,551.02,546.88,549.54
1996-04-05,553.7,555.81,551.01,553.12
1996-04-08,560.4,563.12,559.3,562.02
1996-04-09,561.52,562.8,559.37,560.65
1996-04-10,557.7,558.56,557.04,557.9
1996-04-11,548.77,556.05,547.85,555.12
1996-04-12,554.53,556.42,553.99,555.88
1996-04-15,554.52,555.87,552.85,554.2
1996-04-16,548.52,549.43,545.86,546.77
1996-04-17,541.26,542.43,539.55,540.72
1996-04-18,547.74,549.83,543.94,546.02
1996-04-19,550.92,554.52,548.82,552.41
1996-04-22,561.68,563.51,558.63,560.46
1996-04-23,563.04,564.17,560.66,561.79
1996-04-24,554.84,557.64,554.77,557.57
1996-04-25,557.78,558.82,554.92,555.95
1996-04-26,550.12,551.06,548.63,549.58
1996-04-29,543.03,546.47,540.06,543.49
1996-04-30,544.83,546.68,543.46,545.32
1996-05-01,546.76,548.75,546.48,548.47
1996-05-02,559.16,562.79,554.48,558.1
1996-05-03,558.76,562.51,554.52,558.26
1996-05-06,554.2,556.67,550.77,553.24
1996-05-07,553.47,554.49,552.31,553.33
1996-05-08,553.04,556.18,549.57,552.7
1996-05-09,550.65,553.22,548.57,551.14
1996-05-10,555.21,559.02,549.62,553.42
1996-05-13,550.16,551.12,548.2,549.16
1996-05-14,550.83,553.74,547.62,550.54
1996-05-15,554.06,554.38,553.97,554.29
1996-05-16,558.51,563.52,556.5,561.49
1996-05-17,560.12,565.67,557.93,563.47
1996-05-20,568.8,570.04,568.19,569.43
1996-05-21,569.98,570.95,566.85,567.82
1996-05-22,565.68,567.1,565.47,566.88
1996-05-23,572.43,575.15,570.87,573.58
1996-05-24,565.97,572.95,560.65,567.62
1996-05-27,564.69,569.58,562.02,566.89
1996-05-28,571.05,576.26,567.42,572.62
1996-05-29,572.54,573.1,571.5,572.06
1996-05-30,570.33,573.05,568.46,571.18
1996-05-31,569.49,570.83,569.06,570.4
1996-06-03,571.0,575.29,567.79,572.07
1996-06-04,578.08,578.84,576.91,577.67
1996-06-05,583.1,584.62,580.91,582.42
1996-06-06,579.58,583.9,578.54,582.85
1996-06-07,586.96,590.96,584.32,588.31
1996-06-10,590.87,591.03,590.87,591.03
1996-06-11,596.06,601.01,590.34,595.28
1996-06-12,590.89,591.16,590.39,590.66
1996-06-13,600.53,600.77,598.82,599.05
1996-06-14,597.66,600.31,597.55,600.2
1996-06-17,589.03,590.2,587.13,588.3
1996-06-18,600.11,603.28,593.28,596.44
1996-06-19,596.76,602.42,591.01,596.67
1996-06-20,595.19,595.41,594.81,595.03
1996-06-21,593.36,593.62,592.18,592.44
1996-06-24,594.69,600.66,589.71,595.67
1996-06-25,590.08,591.79,590.04,591.76
1996-06-26,589.5,590.55,588.35,589.4
1996-06-27,584.29,587.5,584.0,587.2
1996-06-28,586.98,587.2,586.06,586.29
1996-07-01,586.34,590.48,581.22,585.35
1996-07-02,586.91,592.37,584.3,589.74
1996-07-03,591.59,593.17,589.72,591.3
1996-07-04,593.02,595.2,591.23,593.41
1996-07-05,599.16,599.77,595.9,596.51
1996-07-08,599.05,599.73,596.03,596.71
1996-07-09,593.52,593.69,591.86,592.03
1996-07-10,603.04,605.25,598.66,600.86
1996-07-11,604.7,606.53,603.52,605.36
1996-07-12,613.51,615.26,611.28,613.03
1996-07-15,617.84,618.9,617.25,618.31
1996-07-16,614.05,616.02,613.93,615.89
1996-07-17,604.69,605.83,603.4,604.54
1996-07-18,598.59,599.51,597.82,598.74
1996-07-19,601.58,604.85,598.67,601.94
1996-07-22,601.95,603.67,600.33,602.06
1996-07-23,600.29,601.6,598.86,600.18
1996-07-24,590.0,593.34,585.1,588.43
1996-07-25,587.74,591.87,584.64,588.77
1996-07-26,581.76,584.17,581.6,584.0
1996-07-29,582.68,583.22,580.96,581.5
1996-07-30,587.64,588.57,585.2,586.13
1996-07-31,582.3,585.89,578.09,581.68
1996-08-01,575.67,580.11,573.22,577.64
1996-08-02,579.07,579.93,578.44,579.3
1996-08-05,585.43,586.6,583.76,584.92
1996-08-06,581.77,585.57,579.85,583.64
1996-08-07,590.02,594.76,586.65,591.38
1996-08-08,585.51,591.33,579.95,585.77
1996-08-09,581.49,581.62,579.3,579.43
1996-08-12,573.88,577.33,570.05,573.49
1996-08-13,565.48,567.35,564.58,566.45
1996-08-14,568.8,573.89,564.05,569.14
1996-08-15,564.31,568.49,561.26,565.44
1996-08-16,559.04,560.65,558.11,559.73
1996-08-19,564.67,567.8,560.34,563.45
1996-08-20,565.34,569.29,564.67,568.61
1996-08-21,577.05,580.47,571.37,574.78
1996-08-22,583.79,583.92,579.85,579.98
1996-08-23,576.68,579.27,573.81,576.4
1996-08-26,577.92,580.79,576.51,579.37
1996-08-27,584.73,584.77,582.65,582.69
1996-08-28,581.72,583.61,579.33,581.23
1996-08-29,582.0,584.66,580.26,582.92
1996-08-30,576.0,579.6,574.08,577.68
1996-09-02,575.28,577.8,573.48,575.99
1996-09-03,579.06,582.33,575.45,578.72
1996-09-04,588.54,589.32,586.18,586.96
1996-09-05,593.81,594.78,592.33,593.3
1996-09-06,597.95,600.12,594.96,597.13
1996-09-09,597.97,599.62,596.91,598.57
1996-09-10,600.25,600.43,598.54,598.72
1996-09-11,591.78,593.5,590.43,592.15
1996-09-12,591.95,594.15,586.53,588.71
1996-09-13,584.35,587.53,582.33,585.5
1996-09-16,590.32,592.33,587.61,589.62
1996-09-17,598.89,602.13,591.77,594.99
1996-09-18,601.11,601.97,598.37,599.23
1996-09-19,606.95,607.91,604.64,605.6
1996-09-20,606.92,608.38,604.93,606.38
1996-09-23,602.58,602.81,602.25,602.48
1996-09-24,602.44,606.22,598.97,602.75
1996-09-25,598.68,600.3,598.08,599.69
1996-09-26,600.73,603.56,600.69,603.51
1996-09-27,603.41,605.48,600.18,602.25
1996-09-30,600.03,605.44,597.42,602.82
1996-10-01,608.08,608.2,606.78,606.9
1996-10-02,603.17,607.01,599.9,603.73
1996-10-03,607.32,609.41,606.97,609.06
1996-10-04,605.4,606.04,602.22,602.86
1996-10-07,602.9,605.83,602.62,605.54
1996-10-08,604.43,606.62,603.46,605.64
1996-10-09,609.26,611.83,607.74,610.31
1996-10-10,604.24,605.95,602.25,603.96
1996-10-11,595.87,599.05,593.8,596.97
1996-10-14,604.64,605.17,601.48,602.0
1996-10-15,598.25,604.94,594.06,600.73
1996-10-16,608.34,609.76,599.56,600.97
1996-10-17,596.48,602.24,592.64,598.38
1996-10-18,609.04,611.07,601.67,603.68
1996-10-21,608.38,609.42,605.36,606.39
1996-10-22,608.01,611.14,605.09,608.21
1996-10-23,603.38,604.12,602.22,602.97
1996-10-24,605.48,611.84,599.81,606.17
1996-10-25,602.48,602.93,601.4,601.85
1996-10-28,598.52,602.36,596.02,599.85
1996-10-29,595.06,596.31,592.55,593.8
1996-10-30,594.25,595.42,592.76,593.93
1996-10-31,598.39,601.8,596.77,600.17
1996-11-01,602.72,604.73,599.95,601.95
1996-11-04,602.26,604.13,599.73,601.6
1996-11-05,601.83,610.94,594.04,603.13
1996-11-06,603.83,604.78,603.67,604.61
1996-11-07,606.81,608.21,604.49,605.88
1996-11-08,609.69,610.61,606.78,607.7
1996-11-11,604.02,604.96,603.33,604.27
1996-11-12,607.5,609.87,603.44,605.81
1996-11-13,600.0,600.48,597.42,597.9
1996-11-14,604.3,605.53,600.73,601.95
1996-11-15,598.18,601.69,593.92,597.43
1996-11-18,603.84,609.19,600.13,605.47
1996-11-19,595.68,597.22,592.55,594.09
1996-11-20,603.52,604.18,603.2,603.86
1996-11-21,597.52,602.63,591.51,596.61
1996-11-22,590.62,593.2,589.15,591.74
1996-11-25,594.41,596.14,593.76,595.49
1996-11-26,598.68,600.5,598.12,599.94
1996-11-27,597.32,603.56,593.48,599.71
1996-11-28,604.43,609.67,600.27,605.5
1996-11-29,600.68,603.71,599.52,602.55
1996-12-02,603.65,604.73,601.55,602.63
1996-12-03,600.22,602.46,599.89,602.14
1996-12-04,599.25,602.8,596.9,600.45
1996-12-05,591.64,592.66,590.6,591.63
1996-12-06,596.02,601.16,587.68,592.8
1996-12-09,592.82,594.22,592.65,594.05
1996-12-10,598.38,601.74,597.52,600.87
1996-12-11,593.05,596.17,592.27,595.39
1996-12-12,591.82,593.74,591.44,593.35
1996-12-13,599.68,602.45,598.09,600.86
1996-12-16,608.29,608.76,603.65,604.11
1996-12-17,609.83,612.84,605.06,608.07
1996-12-18,610.88,612.92,609.41,611.45
1996-12-19,618.22,620.64,612.4,614.81
1996-12-20,624.0,628.0,621.17,625.15
1996-12-23,626.18,631.31,621.83,626.95
1996-12-24,621.54,622.74,621.22,622.42
1996-12-25,628.47,630.93,624.09,626.54
1996-12-26,624.2,628.08,620.45,624.33
1996-12-27,627.37,629.36,622.57,624.54
1996-12-30,628.66,629.85,626.66,627.84
1996-12-31,626.01,626.67,623.65,624.31
1997-01-01,618.91,625.0,616.22,622.3
1997-01-02,622.53,626.25,622.01,625.72
1997-01-03,620.63,627.02,617.38,623.75
1997-01-06,629.72,630.73,629.53,630.53
1997-01-07,623.32,627.87,621.67,626.21
1997-01-08,624.27,626.89,619.34,621.95
1997-01-09,632.55,633.84,631.63,632.92
1997-01-10,626.88,627.45,625.14,625.72
1997-01-13,626.37,627.89,625.79,627.3
1997-01-14,639.53,639.72,637.76,637.95
1997-01-15,634.78,638.81,634.51,638.54
1997-01-16,646.26,647.14,645.47,646.35
1997-01-17,651.35,653.69,648.04,650.37
1997-01-20,652.8,653.85,650.61,651.66
1997-01-21,650.87,653.75,648.62,651.49
1997-01-22,637.57,641.88,636.56,640.86
1997-01-23,641.87,642.78,639.02,639.93
1997-01-24,641.17,642.37,640.72,641.93
1997-01-27,644.09,645.62,643.15,644.68
1997-01-28,662.82,663.13,658.12,658.43
1997-01-29,660.57,663.7,657.24,660.38
1997-01-30,663.1,667.8,659.44,664.14
1997-01-31,669.5,675.86,664.32,670.67
1997-02-03,675.26,677.16,672.06,673.96
1997-02-04,671.83,675.6,669.71,673.48
1997-02-05,674.08,678.02,669.13,673.05
1997-02-06,673.42,676.0,668.63,671.2
1997-02-07,673.43,679.43,667.62,673.61
1997-02-10,675.12,679.21,669.04,673.12
1997-02-11,676.34,676.5,676.31,676.47
1997-02-12,669.69,672.47,668.3,671.08
1997-02-13,668.58,672.06,668.45,671.93
1997-02-14,680.82,681.82,679.25,680.26
1997-02-17,679.98,688.03,671.34,679.38
1997-02-18,691.16,692.63,687.67,689.13
1997-02-19,691.58,692.49,688.85,689.75
1997-02-20,693.46,697.04,685.62,689.19
1997-02-21,688.36,693.11,684.81,689.56
1997-02-24,688.8,691.82,685.05,688.07
1997-02-25,675.89,678.44,674.73,677.28
1997-02-26,683.89,684.31,681.58,681.99
1997-02-27,691.69,699.65,685.68,693.62
1997-02-28,697.79,698.0,695.67,695.88
1997-03-03,698.55,700.19,698.46,700.09
1997-03-04,700.69,702.77,697.01,699.08
1997-03-05,707.85,712.93,700.23,705.29
1997-03-06,701.68,706.98,699.69,704.97
1997-03-07,703.46,709.34,700.45,706.31
1997-03-10,699.42,699.47,698.88,698.92
1997-03-11,696.4,699.98,692.56,696.13
1997-03-12,697.63,698.27,697.6,698.24
1997-03-13,702.24,706.45,699.03,703.24
1997-03-14,706.49,710.59,704.22,708.31
1997-03-17,701.52,702.63,699.73,700.83
1997-03-18,690.91,697.18,686.65,692.91
1997-03-19,697.11,700.16,693.3,696.35
1997-03-20,691.31,693.55,690.26,692.5
1997-03-21,696.77,699.62,694.81,697.66
1997-03-24,692.62,693.49,689.24,690.1
1997-03-25,691.92,693.27,688.61,689.95
1997-03-26,688.09,693.75,684.51,690.16
1997-03-27,691.37,694.5,690.06,693.18
1997-03-28,689.5,690.79,686.61,687.9
1997-03-31,675.77,680.8,673.67,678.69
1997-04-01,682.96,684.54,678.43,680.0
1997-04-02,683.7,684.39,682.74,683.43
1997-04-03,688.25,691.18,686.51,689.44
1997-04-04,687.87,688.13,687.59,687.85
1997-04-07,696.25,697.83,691.84,693.42
1997-04-08,691.98,697.48,690.93,696.43
1997-04-09,706.17,707.17,703.0,704.0
1997-04-10,706.37,707.12,703.09,703.84
1997-04-11,693.79,699.79,688.46,694.46
1997-04-14,695.17,696.35,694.14,695.31
1997-04-15,696.45,697.29,695.32,696.16
1997-04-16,700.92,702.08,698.22,699.38
1997-04-17,689.67,694.3,686.56,691.19
1997-04-18,689.89,690.04,689.76,689.92
1997-04-21,695.9,697.57,694.45,696.11
1997-04-22,697.35,700.9,692.39,695.93
1997-04-23,700.22,705.12,689.79,694.65
1997-04-24,704.15,708.42,701.43,705.7
1997-04-25,700.15,703.04,697.1,699.99
1997-04-28,706.49,708.84,705.76,708.11
1997-04-29,712.99,717.39,709.65,714.04
1997-04-30,710.6,714.34,709.17,712.9
1997-05-01,709.79,716.19,706.69,713.07
1997-05-02,715.49,716.72,711.73,712.96
1997-05-05,715.6,717.92,712.52,714.84
1997-05-06,711.79,713.24,710.15,711.59
1997-05-07,707.49,710.63,706.22,709.35
1997-05-08,707.41,711.57,703.41,707.57
1997-05-09,703.56,707.66,701.91,706.0
1997-05-12,705.24,708.86,701.67,705.3
1997-05-13,693.71,694.2,692.52,693.01
1997-05-14,693.0,694.47,692.67,694.13
1997-05-15,690.15,695.89,685.99,691.72
1997-05-16,680.81,687.43,675.2,681.81
1997-05-19,683.03,688.09,676.33,681.37
1997-05-20,680.47,680.59,679.94,680.06
1997-05-21,684.82,688.99,683.98,688.14
1997-05-22,687.3,688.8,684.32,685.81
1997-05-23,691.49,692.04,689.82,690.37
1997-05-26,700.02,702.78,696.86,699.62
1997-05-27,700.04,702.48,694.17,696.6
1997-05-28,696.98,697.88,696.04,696.93
1997-05-29,708.26,711.1,704.51,707.35
1997-05-30,710.05,715.49,703.62,709.05
1997-06-02,714.05,718.14,708.09,712.18
1997-06-03,709.8,712.96,707.13,710.28
1997-06-04,713.27,718.93,709.0,714.66
1997-06-05,716.91,717.28,714.45,714.82
1997-06-06,706.72,710.93,700.58,704.78
1997-06-09,706.94,707.3,703.88,704.24
1997-06-10,698.99,699.93,697.18,698.12
1997-06-11,696.06,702.11,693.49,699.52
1997-06-12,695.36,697.69,692.7,695.02
1997-06-13,698.67,701.75,695.52,698.6
1997-06-16,703.11,703.69,699.94,700.52
1997-06-17,696.33,698.72,691.75,694.13
1997-06-18,693.48,696.35,689.33,692.2
1997-06-19,692.38,698.2,690.91,696.72
1997-06-20,702.44,709.8,696.84,704.19
1997-06-23,699.84,701.31,699.15,700.61
1997-06-24,694.4,695.56,693.95,695.11
1997-06-25,707.66,711.96,703.01,707.31
1997-06-26,711.11,711.84,707.25,707.97
1997-06-27,710.87,713.0,707.09,709.21
1997-06-30,704.57,708.58,702.51,706.52
1997-07-01,706.97,709.95,705.76,708.73
1997-07-02,717.25,720.07,716.42,719.24
1997-07-03,720.82,722.55,719.34,721.07
1997-07-04,729.34,730.78,726.14,727.58
1997-07-07,730.61,731.15,727.96,728.5
1997-07-08,721.94,727.38,717.32,722.75
1997-07-09,719.04,720.91,717.24,719.11
1997-07-10,716.6,720.37,709.26,713.02
1997-07-11,711.63,716.5,709.95,714.81
1997-07-14,724.34,729.57,717.75,722.96
1997-07-15,725.4,727.89,721.77,724.25
1997-07-16,722.15,723.93,721.01,722.79
1997-07-17,718.52,722.9,714.19,718.56
1997-07-18,722.0,726.48,716.61,721.09
1997-07-21,714.18,717.15,711.84,714.81
1997-07-22,707.39,711.81,704.33,708.74
1997-07-23,713.14,714.91,712.91,714.67
1997-07-24,717.6,717.61,713.61,713.62
1997-07-25,711.53,714.91,709.09,712.47
1997-07-28,713.05,715.04,710.63,712.62
1997-07-29,719.19,721.42,715.27,717.5
1997-07-30,718.55,722.72,714.84,719.01
1997-07-31,715.25,719.89,710.54,715.17
1997-08-01,712.55,717.43,706.61,711.48
1997-08-04,710.49,713.75,709.04,712.3
1997-08-05,711.72,716.42,710.33,715.02
1997-08-06,714.14,718.66,711.2,715.71
1997-08-07,719.59,723.52,711.96,715.87
1997-08-08,715.82,721.01,711.86,717.05
1997-08-11,719.05,722.51,715.31,718.77
1997-08-12,712.21,715.97,711.29,715.05
1997-08-13,725.47,725.54,722.5,722.56
1997-08-14,719.9,722.45,718.0,720.55
1997-08-15,721.22,724.15,719.27,722.2
1997-08-18,711.61,716.29,707.21,711.89
1997-08-19,717.07,718.99,709.81,711.71
1997-08-20,707.23,710.08,703.44,706.29
1997-08-21,701.37,704.79,698.27,701.7
1997-08-22,711.22,719.64,709.01,717.42
1997-08-25,723.89,727.27,717.59,720.96
1997-08-26,727.75,731.46,725.56,729.27
1997-08-27,733.33,738.15,730.39,735.21
1997-08-28,740.12,742.21,739.73,741.82
1997-08-29,744.51,747.57,738.2,741.25
1997-09-01,752.17,755.8,748.64,752.26
1997-09-02,754.18,761.0,750.85,757.64
1997-09-03,757.64,762.96,752.78,758.1
1997-09-04,757.99,763.74,754.14,759.89
1997-09-05,760.07,764.54,754.78,759.25
1997-09-08,759.66,764.6,755.62,760.55
1997-09-09,756.9,766.5,750.91,760.48
1997-09-10,762.8,763.76,762.02,762.98
1997-09-11,773.49,777.87,769.23,773.62
1997-09-12,763.45,769.65,760.14,766.33
1997-09-15,769.57,774.33,769.36,774.12
1997-09-16,772.54,774.3,770.13,771.89
1997-09-17,778.93,786.56,771.96,779.59
1997-09-18,776.97,778.48,775.95,777.47
1997-09-19,781.65,784.62,776.95,779.91
1997-09-22,775.11,781.64,773.13,779.65
1997-09-23,769.24,773.04,765.3,769.1
1997-09-24,781.33,785.44,775.67,779.78
1997-09-25,773.59,774.36,773.24,774.01
1997-09-26,771.29,779.68,766.22,774.58
1997-09-29,767.52,772.58,763.98,769.04
1997-09-30,760.08,761.94,759.25,761.11
1997-10-01,756.78,762.17,755.01,760.39
1997-10-02,758.02,758.3,756.9,757.17
1997-10-03,750.54,751.29,749.78,750.53
1997-10-06,750.27,754.36,747.64,751.72
1997-10-07,745.49,746.08,742.71,743.29
1997-10-08,743.67,745.14,743.36,744.84
1997-10-09,748.12,752.42,740.54,744.82
1997-10-10,729.84,733.64,726.63,730.43
1997-10-13,726.97,731.71,724.33,729.06
1997-10-14,731.0,737.17,726.87,733.03
1997-10-15,727.75,729.48,725.82,727.55
1997-10-16,729.49,734.45,726.88,731.84
1997-10-17,735.88,736.64,734.8,735.56
1997-10-20,730.23,734.74,726.6,731.1
1997-10-21,731.22,733.46,729.91,732.15
1997-10-22,738.23,742.41,734.16,738.33
1997-10-23,736.14,736.45,733.62,733.93
1997-10-24,732.56,737.99,728.32,733.75
1997-10-27,743.13,745.84,740.01,742.72
1997-10-28,739.36,740.02,737.72,738.38
1997-10-29,739.56,748.09,733.74,742.25
1997-10-30,737.72,741.36,732.93,736.56
1997-10-31,738.46,743.33,731.81,736.66
1997-11-03,743.19,743.53,740.7,741.04
1997-11-04,724.75,733.46,718.49,727.17
1997-11-05,722.89,728.81,719.25,725.15
1997-11-06,729.03,731.53,726.65,729.15
1997-11-07,731.57,733.47,729.92,731.82
1997-11-10,730.57,734.42,726.67,730.52
1997-11-11,724.16,729.47,719.63,724.93
1997-11-12,730.63,736.94,723.92,730.22
1997-11-13,723.92,730.71,722.73,729.51
1997-11-14,735.66,736.73,733.15,734.21
1997-11-17,741.8,741.98,738.35,738.54
1997-11-18,735.69,737.35,735.26,736.92
1997-11-19,745.26,746.27,743.79,744.81
1997-11-20,745.9,747.92,740.15,742.16
1997-11-21,750.78,755.78,745.71,750.71
1997-11-24,761.36,762.95,759.07,760.66
1997-11-25,772.26,772.65,767.62,768.02
1997-11-26,772.23,772.5,767.27,767.54
1997-11-27,781.65,787.36,778.45,784.15
1997-11-28,784.48,792.99,776.95,785.45
1997-12-01,790.35,793.69,784.9,788.24
1997-12-02,789.58,792.1,785.88,788.4
1997-12-03,783.27,786.12,778.78,781.62
1997-12-04,783.99,794.21,780.01,790.2
1997-12-05,782.28,794.49,774.73,786.89
1997-12-08,798.07,803.45,788.47,793.82
1997-12-09,803.23,805.16,799.45,801.37
1997-12-10,806.13,814.46,796.97,805.28
1997-12-11,797.97,804.01,794.94,800.96
1997-12-12,797.95,800.7,796.19,798.94
1997-12-15,784.33,786.05,781.28,782.99
1997-12-16,779.52,791.13,771.2,782.77
1997-12-17,786.7,788.42,786.66,788.37
1997-12-18,788.18,788.88,786.59,787.29
1997-12-19,785.4,785.6,783.81,784.01
1997-12-22,782.18,785.36,780.24,783.41
1997-12-23,794.01,796.86,788.84,791.68
1997-12-24,793.99,794.16,791.57,791.74
1997-12-25,799.61,806.52,797.05,803.94
1997-12-26,804.43,807.03,797.9,800.49
1997-12-29,805.72,805.97,802.66,802.91
1997-12-30,800.88,806.4,794.86,800.38
1997-12-31,813.54,814.45,812.96,813.87
1998-01-01,816.76,818.11,813.48,814.83
1998-01-02,829.88,835.25,823.19,828.55
1998-01-05,826.22,829.96,823.15,826.89
1998-01-06,840.66,843.68,833.62,836.62
1998-01-07,831.89,841.95,827.15,837.18
1998-01-08,840.64,846.99,835.98,842.32
1998-01-09,835.34,835.44,834.13,834.22
1998-01-12,837.32,839.97,834.79,837.45
1998-01-13,832.17,837.03,825.58,830.43
1998-01-14,828.59,838.35,822.33,832.07
1998-01-15,821.65,826.47,817.46,822.28
1998-01-16,824.68,825.13,821.39,821.84
1998-01-19,826.46,832.1,824.54,830.18
1998-01-20,833.16,834.51,832.41,833.76
1998-01-21,824.48,828.14,822.14,825.8
1998-01-22,814.59,814.97,813.33,813.7
1998-01-23,818.28,824.17,811.44,817.32
1998-01-26,829.22,831.37,826.84,828.98
1998-01-27,822.17,829.67,815.4,822.89
1998-01-28,836.92,840.55,833.14,836.76
1998-01-29,836.33,838.02,835.05,836.74
1998-01-30,823.98,825.43,822.61,824.06
1998-02-02,818.5,820.94,812.52,814.94
1998-02-03,817.44,820.78,817.06,820.4
1998-02-04,822.44,825.07,818.97,821.6
1998-02-05,829.24,834.23,826.61,831.59
1998-02-06,828.77,833.37,819.36,823.94
1998-02-09,826.24,828.73,823.53,826.02
1998-02-10,823.22,829.91,819.69,826.37
1998-02-11,825.16,826.71,824.18,825.74
1998-02-12,819.95,829.62,813.92,823.56
1998-02-13,820.0,822.47,819.09,821.56
1998-02-16,825.65,827.1,822.68,824.13
1998-02-17,829.89,832.77,823.66,826.52
1998-02-18,831.23,834.28,825.5,828.54
1998-02-19,836.54,839.24,834.1,836.8
1998-02-20,830.51,830.96,828.65,829.1
1998-02-23,820.5,820.56,818.46,818.51
1998-02-24,831.37,832.01,825.16,825.79
1998-02-25,818.54,820.04,818.52,820.02
1998-02-26,821.8,826.02,813.88,818.09
1998-02-27,812.0,816.07,810.6,814.67
1998-03-02,816.27,816.5,813.15,813.39
1998-03-03,803.05,809.11,798.49,804.55
1998-03-04,800.13,804.0,797.92,801.78
1998-03-05,806.46,811.91,801.71,807.15
1998-03-06,806.22,812.64,801.69,808.1
1998-03-09,814.53,815.69,812.33,813.49
1998-03-10,814.07,820.82,804.35,811.08
1998-03-11,812.87,820.48,810.45,818.05
1998-03-12,815.06,817.98,812.57,815.49
1998-03-13,799.7,803.19,798.83,802.31
1998-03-16,808.82,815.35,800.12,806.63
1998-03-17,816.33,818.52,810.68,812.87
1998-03-18,809.69,811.92,807.89,810.12
1998-03-19,817.47,820.49,816.19,819.2
1998-03-20,810.45,820.68,804.2,814.39
1998-03-23,825.75,825.8,820.9,820.95
1998-03-24,836.87,838.72,831.73,833.57
1998-03-25,829.53,836.75,827.28,834.48
1998-03-26,835.26,841.07,827.82,833.62
1998-03-27,830.81,834.74,829.67,833.59
1998-03-30,845.06,847.52,843.9,846.35
1998-03-31,846.37,858.11,837.84,849.55
1998-04-01,858.96,866.6,856.51,864.14
1998-04-02,865.99,870.76,861.34,866.11
1998-04-03,866.65,871.42,857.0,861.75
1998-04-06,856.53,859.09,856.36,858.92
1998-04-07,861.86,862.84,858.59,859.57
1998-04-08,848.62,856.19,838.41,845.96
1998-04-09,845.06,849.81,838.51,843.24
1998-04-10,845.76,846.43,840.07,840.73
1998-04-13,846.35,850.53,839.75,843.93
1998-04-14,862.36,863.52,856.57,857.72
1998-04-15,855.46,860.32,853.57,858.42
1998-04-16,847.54,851.52,841.69,845.65
1998-04-17,843.82,846.29,837.55,840.01
1998-04-20,841.49,843.48,841.45,843.44
1998-04-21,835.9,848.97,831.72,844.74
1998-04-22,853.22,860.56,849.16,856.48
1998-04-23,861.59,864.18,860.87,863.47
1998-04-24,871.59,877.42,864.31,870.13
1998-04-27,868.31,870.58,867.52,869.79
1998-04-28,877.55,882.25,872.84,877.54
1998-04-29,869.89,873.79,867.57,871.47
1998-04-30,877.97,880.5,875.78,878.31
1998-05-01,876.49,877.62,875.52,876.66
1998-05-04,866.36,872.35,862.02,868.01
1998-05-05,874.63,875.11,872.01,872.48
1998-05-06,886.08,887.23,881.27,882.42
1998-05-07,876.72,883.41,873.08,879.75
1998-05-08,891.31,893.53,888.5,890.73
1998-05-11,876.63,887.37,869.69,880.4
1998-05-12,867.77,876.49,863.65,872.35
1998-05-13,874.44,878.17,868.01,871.73
1998-05-14,874.81,876.58,867.82,869.58
1998-05-15,864.57,869.92,860.08,865.42
1998-05-18,872.77,875.41,865.38,868.0
1998-05-19,863.19,865.23,862.82,864.87
1998-05-20,862.38,863.18,862.18,862.98
1998-05-21,869.91,869.95,865.54,865.58
1998-05-22,859.19,866.28,854.48,861.55
1998-05-25,864.97,871.25,856.34,862.6
1998-05-26,857.92,861.47,855.27,858.82
1998-05-27,849.36,852.93,847.63,851.2
1998-05-28,856.19,859.22,854.46,857.5
1998-05-29,864.62,872.05,862.86,870.28
1998-06-01,882.45,885.04,876.55,879.13
1998-06-02,882.42,888.0,876.23,881.82
1998-06-03,877.25,882.46,872.44,877.64
1998-06-04,874.22,879.57,870.71,876.05
1998-06-05,884.74,884.96,883.69,883.91
1998-06-08,871.4,873.0,867.49,869.09
1998-06-09,866.45,874.22,859.4,867.16
1998-06-10,875.52,877.98,870.54,873.0
1998-06-11,866.27,867.71,864.11,865.55
1998-06-12,869.01,872.58,865.68,869.25
1998-06-15,875.84,876.0,873.29,873.45
1998-06-16,862.47,865.28,860.98,863.79
1998-06-17,861.95,867.3,859.86,865.2
1998-06-18,861.48,862.67,860.43,861.62
1998-06-19,865.5,867.63,863.29,865.41
1998-06-22,871.24,872.36,870.7,871.82
1998-06-23,878.46,881.58,872.23,875.33
1998-06-24,877.8,878.18,876.09,876.48
1998-06-25,878.84,886.1,871.89,879.15
1998-06-26,871.37,871.43,871.32,871.38
1998-06-29,872.99,877.7,868.07,872.78
1998-06-30,869.23,872.62,864.47,867.86
1998-07-01,876.36,881.71,870.88,876.22
1998-07-02,881.68,889.05,874.73,882.09
1998-07-03,884.29,894.1,878.06,887.85
1998-07-06,900.52,903.39,899.56,902.44
1998-07-07,901.41,901.81,900.26,900.66
1998-07-08,897.87,898.27,896.96,897.36
1998-07-09,891.55,896.96,890.13,895.54
1998-07-10,883.33,886.74,881.41,884.82
1998-07-13,873.93,880.23,870.09,876.38
1998-07-14,885.64,885.98,881.68,882.03
1998-07-15,873.74,877.0,869.82,873.08
1998-07-16,867.73,869.45,864.9,866.61
1998-07-17,867.12,868.43,865.98,867.29
1998-07-20,865.59,869.64,863.17,867.22
1998-07-21,873.92,878.57,870.44,875.09
1998-07-22,878.15,878.98,876.02,876.85
1998-07-23,871.69,873.57,870.5,872.37
1998-07-24,882.16,886.59,876.4,880.83
1998-07-27,889.27,893.51,884.65,888.89
1998-07-28,880.55,880.66,879.67,879.77
1998-07-29,883.87,888.03,878.79,882.95
1998-07-30,877.65,883.18,873.51,879.03
1998-07-31,874.19,879.45,869.76,875.01
1998-08-03,892.77,894.33,888.78,890.34
1998-08-04,896.9,899.45,889.47,892.01
1998-08-05,893.61,894.39,890.38,891.15
1998-08-06,885.07,894.17,883.44,892.53
1998-08-07,897.62,905.45,891.84,899.66
1998-08-10,896.07,896.51,895.33,895.77
1998-08-11,889.64,896.14,886.09,892.58
1998-08-12,895.07,899.14,894.09,898.16
1998-08-13,886.6,890.5,883.81,887.71
1998-08-14,896.78,897.3,895.33,895.85
1998-08-17,887.07,887.8,884.69,885.43
1998-08-18,883.59,889.56,878.6,884.57
1998-08-19,872.63,875.4,871.03,873.8
1998-08-20,865.03,869.51,862.76,867.23
1998-08-21,879.42,882.28,875.23,878.09
1998-08-24,888.67,893.76,882.43,887.5
1998-08-25,899.37,902.8,893.5,896.93
1998-08-26,887.38,889.52,884.89,887.03
1998-08-27,876.8,881.64,875.43,880.26
1998-08-28,882.95,886.85,879.99,883.88
1998-08-31,893.11,894.5,889.43,890.82
1998-09-01,881.07,885.74,881.0,885.68
1998-09-02,882.56,885.88,879.48,882.79
1998-09-03,876.63,878.49,874.02,875.88
1998-09-04,895.09,897.17,887.66,889.74
1998-09-07,887.28,895.82,880.36,888.88
1998-09-08,890.19,898.85,881.86,890.52
1998-09-09,897.04,899.53,890.04,892.52
1998-09-10,900.49,904.01,898.57,902.08
1998-09-11,899.08,900.77,894.51,896.19
1998-09-14,908.6,914.33,901.8,907.53
1998-09-15,898.54,902.78,894.9,899.13
1998-09-16,910.37,916.45,903.06,909.13
1998-09-17,897.07,898.45,896.07,897.46
1998-09-18,904.13,906.61,895.59,898.05
1998-09-21,907.25,912.99,907.15,912.9
1998-09-22,918.47,921.23,916.49,919.25
1998-09-23,922.72,924.62,921.51,923.42
1998-09-24,916.13,916.67,915.96,916.5
1998-09-25,915.03,918.91,908.22,912.08
1998-09-28,923.47,927.19,921.0,924.71
1998-09-29,930.63,931.3,928.58,929.26
1998-09-30,937.53,939.91,934.5,936.88
1998-10-01,940.87,946.69,932.71,938.51
1998-10-02,936.79,941.16,932.8,937.17
1998-10-05,946.12,946.21,945.13,945.21
1998-10-06,947.54,952.44,942.99,947.89
1998-10-07,944.48,948.86,942.9,947.28
1998-10-08,941.76,945.67,933.37,937.26
1998-10-09,943.25,948.31,940.35,945.41
1998-10-12,949.57,952.5,948.01,950.93
1998-10-13,944.59,950.35,941.27,947.02
1998-10-14,957.95,958.04,956.7,956.79
1998-10-15,957.89,962.58,954.58,959.27
1998-10-16,966.23,966.47,961.61,961.86
1998-10-19,972.14,977.62,965.11,970.59
1998-10-20,975.31,978.03,973.4,976.12
1998-10-21,976.02,983.03,971.7,978.69
1998-10-22,977.21,977.72,977.03,977.54
1998-10-23,994.62,999.67,988.03,993.07
1998-10-26,988.8,989.27,988.47,988.94
1998-10-27,994.41,999.34,989.91,994.83
1998-10-28,991.2,999.0,986.46,994.25
1998-10-29,1004.55,1009.55,992.86,997.83
1998-10-30,1006.76,1010.05,1004.08,1007.37
1998-11-02,1001.45,1009.03,998.03,1005.6
1998-11-03,1006.62,1012.72,1003.79,1009.88
1998-11-04,1010.44,1013.98,1007.96,1011.49
1998-11-05,1011.94,1013.91,1004.11,1006.07
1998-11-06,1014.93,1015.78,1014.59,1015.45
1998-11-09,1020.19,1028.83,1012.71,1021.34
1998-11-10,1019.93,1022.08,1015.22,1017.36
1998-11-11,1028.2,1032.66,1020.94,1025.38
1998-11-12,1020.27,1021.86,1016.67,1018.26
1998-11-13,1018.11,1023.89,1011.73,1017.5
1998-11-16,1011.21,1020.31,1005.5,1014.57
1998-11-17,1017.69,1020.88,1016.8,1019.99
1998-11-18,1010.89,1018.62,1008.02,1015.74
1998-11-19,1020.52,1026.61,1015.13,1021.21
1998-11-20,1024.0,1030.71,1018.6,1025.31
1998-11-23,1021.08,1024.39,1019.38,1022.7
1998-11-24,1037.3,1041.57,1032.18,1036.44
1998-11-25,1027.81,1034.49,1023.17,1029.84
1998-11-26,1017.16,1018.62,1016.75,1018.2
1998-11-27,1022.98,1030.98,1016.49,1024.48
1998-11-30,1007.97,1010.89,1005.14,1008.06
1998-12-01,1020.86,1021.91,1018.7,1019.75
1998-12-02,1016.46,1022.57,1014.48,1020.58
1998-12-03,1010.81,1019.32,1000.93,1009.43
1998-12-04,1003.06,1008.35,996.97,1002.26
1998-12-07,992.8,993.48,990.88,991.56
1998-12-08,995.64,1000.79,990.09,995.24
1998-12-09,986.48,989.23,982.65,985.41
1998-12-10,988.95,993.56,985.58,990.19
1998-12-11,989.84,997.84,980.54,988.53
1998-12-14,990.64,993.74,984.16,987.25
1998-12-15,990.67,992.69,990.14,992.15
1998-12-16,996.5,1001.83,992.55,997.88
1998-12-17,1009.56,1009.97,1007.24,1007.65
1998-12-18,1001.48,1006.04,998.6,1003.15
1998-12-21,1003.07,1009.78,998.55,1005.24
1998-12-22,1002.09,1003.62,999.29,1000.82
1998-12-23,1001.56,1007.69,996.73,1002.85
1998-12-24,1001.01,1001.31,997.07,997.36
1998-12-25,993.42,998.2,990.03,994.81
1998-12-28,991.59,996.33,989.3,994.03
1998-12-29,997.33,1000.03,994.65,997.35
1998-12-30,999.59,1001.53,996.35,998.28
1998-12-31,1004.22,1007.57,999.91,1003.26
1999-01-01,1004.38,1005.74,1001.41,1002.76
1999-01-04,998.51,1004.2,994.48,1000.17
1999-01-05,1005.9,1005.96,1002.43,1002.49
1999-01-06,990.91,996.99,989.78,995.86
1999-01-07,998.99,1005.74,994.6,1001.34
1999-01-08,999.95,1008.31,991.48,999.84
1999-01-11,1001.6,1009.98,995.33,1003.7
1999-01-12,1005.35,1007.15,1004.48,1006.29
1999-01-13,1017.01,1023.72,1013.32,1020.02
1999-01-14,1022.99,1030.36,1016.25,1023.63
1999-01-15,1026.11,1027.83,1022.96,1024.68
1999-01-18,1019.27,1022.05,1018.13,1020.91
1999-01-19,1025.29,1029.7,1023.58,1028.0
1999-01-20,1024.83,1026.36,1024.71,1026.25
1999-01-21,1017.69,1017.93,1014.08,1014.33
1999-01-22,1016.81,1019.0,1011.29,1013.48
1999-01-25,1015.71,1019.75,1013.14,1017.17
1999-01-26,1012.77,1013.48,1010.51,1011.23
1999-01-27,1011.07,1011.43,1010.76,1011.12
1999-01-28,1015.31,1019.53,1007.22,1011.42
1999-01-29,1012.43,1015.64,1008.64,1011.85
1999-02-01,1023.21,1024.59,1022.45,1023.83
1999-02-02,1018.64,1019.97,1012.45,1013.78
1999-02-03,1028.51,1032.75,1027.13,1031.37
1999-02-04,1032.67,1041.01,1023.34,1031.68
1999-02-05,1041.28,1045.85,1032.48,1037.03
1999-02-08,1042.06,1044.92,1037.13,1039.98
1999-02-09,1023.9,1029.75,1020.4,1026.25
1999-02-10,1015.8,1018.47,1015.63,1018.3
1999-02-11,1010.61,1020.55,1004.98,1014.9
1999-02-12,1028.66,1030.84,1021.94,1024.11
1999-02-15,1011.43,1018.58,1007.74,1014.88
1999-02-16,1011.01,1013.41,1006.47,1008.85
1999-02-17,1007.08,1016.61,1001.9,1011.41
1999-02-18,1024.28,1024.88,1015.88,1016.48
1999-02-19,1017.08,1029.05,1009.28,1021.22
1999-02-22,1015.53,1017.44,1013.5,1015.4
1999-02-23,1006.91,1011.7,998.49,1003.26
1999-02-24,1007.01,1012.53,1003.63,1009.14
1999-02-25,1024.09,1026.53,1019.93,1022.36
1999-02-26,1019.67,1022.7,1017.51,1020.53
1999-03-01,1016.26,1016.92,1014.42,1015.08
1999-03-02,1015.93,1017.23,1011.35,1012.65
1999-03-03,1015.87,1019.37,1013.67,1017.17
1999-03-04,1020.93,1030.84,1006.5,1016.37
1999-03-05,1030.42,1031.66,1028.09,1029.33
1999-03-08,1045.24,1047.71,1036.72,1039.17
1999-03-09,1038.89,1045.14,1035.26,1041.49
1999-03-10,1023.84,1030.9,1018.76,1025.81
1999-03-11,1020.34,1024.21,1017.18,1021.05
1999-03-12,1013.9,1023.37,1008.14,1017.6
1999-03-15,1016.49,1021.45,1008.72,1013.67
1999-03-16,1016.4,1019.35,1013.67,1016.63
1999-03-17,1016.21,1019.94,1015.99,1019.72
1999-03-18,1004.36,1013.4,997.81,1006.84
1999-03-19,1012.51,1016.85,1010.81,1015.16
1999-03-22,1020.59,1021.44,1016.93,1017.77
1999-03-23,1023.55,1024.88,1020.82,1022.15
1999-03-24,1029.32,1032.25,1026.8,1029.73
1999-03-25,1023.25,1026.02,1021.61,1024.37
1999-03-26,1035.56,1043.73,1028.13,1036.3
1999-03-29,1042.81,1047.37,1032.72,1037.26
1999-03-30,1050.43,1052.1,1049.49,1051.16
1999-03-31,1047.04,1051.11,1040.3,1044.35
1999-04-01,1056.15,1060.05,1053.3,1057.2
1999-04-02,1055.47,1061.51,1044.17,1050.17
1999-04-05,1069.88,1074.46,1069.22,1073.81
1999-04-06,1068.66,1070.08,1064.66,1066.08
1999-04-07,1073.19,1079.48,1069.35,1075.64
1999-04-08,1080.04,1081.2,1071.77,1072.92
1999-04-09,1081.72,1086.28,1074.91,1079.46
1999-04-12,1075.04,1085.2,1070.42,1080.56
1999-04-13,1068.56,1075.96,1064.17,1071.55
1999-04-14,1050.28,1052.46,1045.96,1048.13
1999-04-15,1072.7,1072.75,1070.54,1070.59
1999-04-16,1073.65,1076.68,1068.75,1071.77
1999-04-19,1048.66,1049.68,1047.15,1048.17
1999-04-20,1050.8,1053.08,1049.54,1051.81
1999-04-21,1062.16,1062.69,1058.19,1058.71
1999-04-22,1050.69,1053.42,1050.69,1053.42
1999-04-23,1048.46,1052.42,1044.34,1048.29
1999-04-26,1048.34,1052.42,1046.21,1050.29
1999-04-27,1059.5,1063.57,1057.66,1061.73
1999-04-28,1061.99,1066.69,1058.75,1063.45
1999-04-29,1074.54,1082.48,1068.98,1076.91
1999-04-30,1089.06,1094.42,1081.91,1087.26
1999-05-03,1082.26,1094.68,1074.69,1087.08
1999-05-04,1075.33,1076.34,1072.93,1073.94
1999-05-05,1070.65,1074.25,1069.1,1072.7
1999-05-06,1078.11,1082.62,1073.5,1078.01
1999-05-07,1078.65,1081.22,1076.62,1079.19
1999-05-10,1084.85,1087.4,1083.94,1086.48
1999-05-11,1098.5,1102.76,1090.28,1094.52
1999-05-12,1098.3,1103.09,1094.75,1099.53
1999-05-13,1099.76,1102.8,1094.41,1097.44
1999-05-14,1104.69,1106.3,1100.72,1102.32
1999-05-17,1122.31,1123.74,1121.8,1123.23
1999-05-18,1105.96,1112.98,1103.14,1110.15
1999-05-19,1111.61,1119.88,1106.31,1114.56
1999-05-20,1134.98,1142.03,1123.62,1130.64
1999-05-21,1121.83,1122.01,1120.0,1120.18
1999-05-24,1130.58,1139.17,1121.51,1130.11
1999-05-25,1137.94,1142.6,1135.22,1139.88
1999-05-26,1132.47,1135.71,1123.4,1126.62
1999-05-27,1129.84,1142.95,1119.72,1132.79
1999-05-28,1130.72,1131.18,1129.78,1130.24
1999-05-31,1132.48,1135.11,1128.15,1130.78
1999-06-01,1123.09,1130.11,1120.49,1127.5
1999-06-02,1136.52,1143.84,1131.81,1139.12
1999-06-03,1136.44,1138.04,1136.4,1138.0
1999-06-04,1136.76,1137.77,1132.83,1133.83
1999-06-07,1129.79,1131.52,1129.56,1131.28
1999-06-08,1123.5,1133.3,1118.58,1128.36
1999-06-09,1113.85,1119.34,1113.51,1119.0
1999-06-10,1112.61,1118.81,1108.99,1115.18
1999-06-11,1111.66,1125.02,1103.34,1116.66
1999-06-14,1124.6,1127.67,1118.96,1122.01
1999-06-15,1135.78,1136.41,1132.4,1133.03
1999-06-16,1135.35,1138.03,1132.63,1135.32
1999-06-17,1130.35,1133.66,1127.93,1131.24
1999-06-18,1124.99,1127.81,1119.68,1122.49
1999-06-21,1129.23,1133.85,1122.26,1126.87
1999-06-22,1122.85,1134.08,1114.97,1126.18
1999-06-23,1122.94,1129.47,1119.29,1125.81
1999-06-24,1130.94,1132.68,1126.81,1128.55
1999-06-25,1134.45,1140.72,1127.28,1133.53
1999-06-28,1139.66,1140.15,1137.1,1137.58
1999-06-29,1133.25,1142.77,1126.8,1136.3
1999-06-30,1126.87,1133.12,1123.18,1129.42
1999-07-01,1126.22,1135.03,1115.86,1124.66
1999-07-02,1130.62,1137.58,1126.0,1132.94
1999-07-05,1126.22,1141.98,1115.67,1131.38
1999-07-06,1117.69,1123.58,1114.06,1119.93
1999-07-07,1130.52,1134.26,1127.47,1131.21
1999-07-08,1129.14,1132.61,1119.96,1123.41
1999-07-09,1121.73,1129.82,1116.48,1124.56
1999-07-12,1131.27,1133.41,1129.34,1131.48
1999-07-13,1139.19,1144.64,1126.83,1132.25
1999-07-14,1106.98,1116.49,1101.12,1110.62
1999-07-15,1117.53,1118.29,1114.57,1115.32
1999-07-16,1126.01,1129.73,1124.7,1128.42
1999-07-19,1139.44,1142.72,1134.79,1138.07
1999-07-20,1127.38,1128.47,1118.45,1119.54
1999-07-21,1142.65,1142.72,1139.87,1139.94
1999-07-22,1129.14,1131.55,1126.21,1128.62
1999-07-23,1116.58,1128.03,1108.36,1119.78
1999-07-26,1129.09,1141.77,1117.01,1129.68
1999-07-27,1132.89,1136.91,1130.79,1134.81
1999-07-28,1131.52,1136.96,1131.02,1136.46
1999-07-29,1124.94,1134.16,1122.95,1132.17
1999-07-30,1142.47,1146.39,1141.41,1145.32
1999-08-02,1146.64,1154.03,1139.36,1146.75
1999-08-03,1136.82,1137.03,1132.8,1133.01
1999-08-04,1142.64,1150.13,1137.7,1145.18
1999-08-05,1148.5,1155.23,1141.11,1147.84
1999-08-06,1152.76,1163.24,1148.22,1158.68
1999-08-09,1162.88,1168.4,1160.18,1165.68
1999-08-10,1179.26,1189.75,1177.5,1187.98
1999-08-11,1192.97,1204.31,1173.76,1185.03
1999-08-12,1185.85,1189.69,1181.31,1185.15
1999-08-13,1192.35,1192.78,1191.32,1191.75
1999-08-16,1192.09,1192.11,1190.15,1190.17
1999-08-17,1206.61,1208.06,1196.07,1197.51
1999-08-18,1168.57,1170.32,1168.35,1170.1
1999-08-19,1166.33,1171.95,1164.17,1169.78
1999-08-20,1176.21,1189.11,1156.36,1169.19
1999-08-23,1165.31,1173.13,1161.81,1169.62
1999-08-24,1166.45,1168.57,1159.8,1161.92
1999-08-25,1170.64,1176.45,1165.1,1170.9
1999-08-26,1168.16,1169.36,1165.45,1166.65
1999-08-27,1163.98,1169.29,1163.71,1169.02
1999-08-30,1179.59,1180.45,1169.63,1170.49
1999-08-31,1174.29,1176.81,1173.11,1175.63
1999-09-01,1186.48,1194.78,1180.69,1188.98
1999-09-02,1192.75,1200.73,1182.82,1190.79
1999-09-03,1196.28,1200.37,1194.5,1198.6
1999-09-06,1202.34,1203.27,1199.89,1200.81
1999-09-07,1191.38,1200.1,1187.2,1195.91
1999-09-08,1195.03,1199.28,1190.25,1194.51
1999-09-09,1189.66,1197.05,1184.43,1191.82
1999-09-10,1194.33,1200.86,1190.62,1197.14
1999-09-13,1195.71,1200.52,1194.3,1199.1
1999-09-14,1194.75,1198.84,1187.51,1191.58
1999-09-15,1188.33,1189.74,1188.17,1189.58
1999-09-16,1174.77,1184.24,1165.94,1175.41
1999-09-17,1175.6,1179.15,1170.54,1174.09
1999-09-20,1179.59,1181.52,1173.64,1175.56
1999-09-21,1189.68,1196.8,1185.87,1192.98
1999-09-22,1206.56,1207.87,1204.44,1205.76
1999-09-23,1192.66,1203.78,1184.82,1195.92
1999-09-24,1197.14,1199.62,1195.42,1197.89
1999-09-27,1204.87,1214.23,1191.71,1201.04
1999-09-28,1190.45,1209.87,1179.54,1198.88
1999-09-29,1194.07,1199.63,1191.83,1197.38
1999-09-30,1193.33,1201.49,1186.0,1194.16
1999-10-01,1213.6,1213.71,1212.1,1212.21
1999-10-04,1214.47,1214.86,1209.66,1210.05
1999-10-05,1207.31,1217.12,1203.71,1213.49
1999-10-06,1194.79,1195.8,1188.74,1189.74
1999-10-07,1200.06,1206.65,1191.6,1198.18
1999-10-08,1209.03,1215.54,1203.38,1209.9
1999-10-11,1196.52,1202.76,1195.58,1201.82
1999-10-12,1195.39,1202.69,1190.16,1197.45
1999-10-13,1206.02,1207.53,1200.82,1202.33
1999-10-14,1203.12,1205.45,1200.69,1203.02
1999-10-15,1207.32,1213.79,1201.5,1207.97
1999-10-18,1203.75,1213.6,1197.43,1207.27
1999-10-19,1228.24,1229.71,1224.07,1225.54
1999-10-20,1218.75,1231.11,1206.94,1219.3
1999-10-21,1244.41,1248.0,1241.72,1245.3
1999-10-22,1256.61,1259.15,1254.43,1256.97
1999-10-25,1263.74,1267.71,1262.23,1266.19
1999-10-26,1252.61,1256.85,1251.43,1255.68
1999-10-27,1258.32,1265.78,1256.62,1264.08
1999-10-28,1267.05,1283.26,1253.22,1269.41
1999-10-29,1241.75,1256.79,1233.49,1248.49
1999-11-01,1237.82,1241.28,1232.57,1236.02
1999-11-02,1237.15,1240.83,1235.96,1239.64
1999-11-03,1237.01,1244.06,1231.43,1238.47
1999-11-04,1233.51,1234.85,1232.31,1233.64
1999-11-05,1241.32,1248.38,1237.27,1244.32
1999-11-08,1233.18,1240.3,1230.42,1237.54
1999-11-09,1234.21,1234.84,1232.76,1233.39
1999-11-10,1234.43,1239.08,1222.86,1227.48
1999-11-11,1236.26,1238.34,1230.82,1232.9
1999-11-12,1221.29,1221.58,1216.34,1216.62
1999-11-15,1209.43,1218.91,1204.69,1214.16
1999-11-16,1197.54,1202.37,1193.4,1198.23
1999-11-17,1195.62,1208.43,1183.52,1196.33
1999-11-18,1209.72,1211.93,1202.36,1204.56
1999-11-19,1216.16,1219.71,1209.27,1212.82
1999-11-22,1207.67,1213.51,1202.42,1208.26
1999-11-23,1206.17,1219.86,1200.85,1214.51
1999-11-24,1209.42,1215.77,1207.29,1213.64
1999-11-25,1230.24,1230.25,1227.91,1227.91
1999-11-26,1226.17,1230.97,1222.55,1227.35
1999-11-29,1200.19,1203.71,1197.06,1200.59
1999-11-30,1212.89,1214.52,1209.03,1210.66
1999-12-01,1211.73,1219.26,1200.13,1207.63
1999-12-02,1203.29,1209.56,1199.84,1206.11
1999-12-03,1212.77,1212.79,1210.61,1210.62
1999-12-06,1205.08,1205.92,1198.45,1199.28
1999-12-07,1206.57,1214.71,1193.32,1201.42
1999-12-08,1206.15,1210.55,1203.69,1208.08
1999-12-09,1214.01,1214.79,1212.16,1212.94
1999-12-10,1210.93,1217.75,1201.41,1208.21
1999-12-13,1220.94,1225.06,1216.74,1220.86
1999-12-14,1211.18,1214.46,1208.8,1212.08
1999-12-15,1200.9,1209.88,1198.2,1207.17
1999-12-16,1204.08,1209.36,1201.93,1207.21
1999-12-17,1209.02,1215.8,1204.78,1211.55
1999-12-20,1206.62,1216.26,1201.57,1211.2
1999-12-21,1225.21,1227.54,1222.48,1224.81
1999-12-22,1232.08,1237.25,1223.74,1228.89
1999-12-23,1229.17,1234.43,1225.46,1230.72
1999-12-24,1226.21,1238.86,1221.74,1234.37
1999-12-27,1243.8,1245.29,1242.76,1244.25
1999-12-28,1248.53,1248.56,1247.48,1247.51
1999-12-29,1230.99,1231.33,1229.89,1230.23
1999-12-30,1239.6,1243.55,1238.34,1242.29
1999-12-31,1239.92,1249.45,1234.92,1244.42
2000-01-03,1256.72,1261.24,1248.88,1253.39
2000-01-04,1251.44,1256.38,1245.19,1250.12
2000-01-05,1230.16,1233.4,1229.44,1232.68
2000-01-06,1205.57,1213.92,1202.7,1211.03
2000-01-07,1204.02,1209.91,1197.32,1203.21
2000-01-10,1208.57,1215.93,1204.48,1211.83
2000-01-11,1228.04,1234.77,1219.91,1226.63
2000-01-12,1231.71,1232.29,1230.56,1231.13
2000-01-13,1229.51,1234.63,1216.81,1221.9
2000-01-14,1215.27,1218.1,1212.73,1215.56
2000-01-17,1240.01,1240.92,1231.7,1232.61
2000-01-18,1221.07,1229.08,1212.77,1220.77
2000-01-19,1241.25,1246.8,1238.19,1243.74
2000-01-20,1260.0,1264.35,1259.65,1264.0
2000-01-21,1283.13,1293.86,1275.82,1286.52
2000-01-24,1294.16,1298.27,1288.39,1292.49
2000-01-25,1289.9,1290.51,1288.8,1289.41
2000-01-26,1286.35,1303.73,1276.17,1293.49
2000-01-27,1307.12,1310.08,1300.18,1303.13
2000-01-28,1302.47,1303.97,1295.24,1296.73
2000-01-31,1280.37,1288.18,1279.71,1287.52
2000-02-01,1288.64,1295.96,1277.45,1284.74
2000-02-02,1283.67,1286.64,1274.26,1277.22
2000-02-03,1283.46,1297.46,1276.45,1290.42
2000-02-04,1282.58,1292.04,1274.94,1284.39
2000-02-07,1283.55,1288.2,1282.18,1286.83
2000-02-08,1301.07,1301.72,1296.62,1297.28
2000-02-09,1308.94,1315.78,1303.75,1310.57
2000-02-10,1310.86,1321.73,1301.79,1312.65
2000-02-11,1318.16,1327.57,1307.1,1316.5
2000-02-14,1313.1,1315.43,1304.68,1306.99
2000-02-15,1317.31,1322.48,1312.39,1317.55
2000-02-16,1328.52,1332.66,1326.26,1330.4
2000-02-17,1309.68,1316.52,1303.97,1310.8
2000-02-18,1331.56,1341.62,1318.91,1328.94
2000-02-21,1317.21,1323.26,1316.45,1322.49
2000-02-22,1328.38,1336.39,1320.44,1328.45
2000-02-23,1325.23,1333.49,1320.72,1328.97
2000-02-24,1323.28,1331.71,1319.65,1328.07
2000-02-25,1317.96,1326.85,1316.8,1325.69
2000-02-28,1314.31,1323.08,1307.57,1316.34
2000-02-29,1326.05,1326.12,1321.7,1321.77
2000-03-01,1311.67,1322.36,1308.84,1319.52
2000-03-02,1306.74,1317.55,1293.82,1304.62
2000-03-03,1290.33,1295.22,1287.96,1292.85
2000-03-06,1272.97,1277.18,1272.82,1277.04
2000-03-07,1272.36,1275.16,1268.26,1271.05
2000-03-08,1280.59,1286.56,1269.62,1275.57
2000-03-09,1273.37,1279.43,1261.63,1267.67
2000-03-10,1278.35,1281.85,1273.76,1277.26
2000-03-13,1273.5,1275.01,1272.25,1273.76
2000-03-14,1271.66,1274.52,1267.31,1270.16
2000-03-15,1279.2,1282.01,1266.96,1269.76
2000-03-16,1282.34,1285.85,1279.96,1283.47
2000-03-17,1272.87,1278.22,1263.22,1268.55
2000-03-20,1280.98,1285.84,1278.41,1283.26
2000-03-21,1288.9,1292.71,1288.3,1292.12
2000-03-22,1297.6,1299.37,1289.0,1290.75
2000-03-23,1301.69,1304.06,1299.31,1301.68
2000-03-24,1297.89,1298.88,1296.03,1297.02
2000-03-27,1299.1,1299.35,1296.73,1296.97
2000-03-28,1286.67,1292.75,1284.05,1290.12
2000-03-29,1297.01,1299.44,1296.29,1298.72
2000-03-30,1287.64,1291.72,1286.05,1290.12
2000-03-31,1289.63,1293.71,1284.27,1288.35
2000-04-03,1294.31,1301.3,1285.91,1292.89
2000-04-04,1299.82,1307.93,1294.07,1302.17
2000-04-05,1300.19,1302.48,1290.06,1292.33
2000-04-06,1298.49,1301.12,1295.97,1298.6
2000-04-07,1287.58,1293.16,1281.61,1287.18
2000-04-10,1267.74,1272.22,1258.19,1262.65
2000-04-11,1251.01,1254.31,1251.0,1254.3
2000-04-12,1260.07,1269.9,1252.24,1262.05
2000-04-13,1262.17,1263.12,1260.14,1261.09
2000-04-14,1249.32,1259.3,1244.92,1254.88
2000-04-17,1252.28,1256.81,1248.64,1253.17
2000-04-18,1260.37,1262.42,1250.64,1252.67
2000-04-19,1265.07,1269.79,1253.48,1258.17
2000-04-20,1244.49,1244.59,1241.05,1241.15
2000-04-21,1243.99,1244.25,1239.34,1239.59
2000-04-24,1240.62,1244.98,1234.44,1238.79
2000-04-25,1223.02,1227.89,1219.73,1224.6
2000-04-26,1216.53,1231.48,1195.68,1210.56
2000-04-27,1203.49,1213.6,1196.84,1206.92
2000-04-28,1210.58,1211.71,1205.95,1207.07
2000-05-01,1203.57,1206.8,1202.19,1205.41
2000-05-02,1198.2,1202.4,1195.62,1199.82
2000-05-03,1195.84,1198.31,1191.45,1193.92
2000-05-04,1197.39,1198.55,1188.98,1190.13
2000-05-05,1198.41,1201.11,1190.6,1193.29
2000-05-08,1205.3,1214.33,1195.06,1204.08
2000-05-09,1182.17,1185.17,1178.94,1181.94
2000-05-10,1191.17,1191.88,1187.68,1188.39
2000-05-11,1192.28,1195.44,1184.27,1187.42
2000-05-12,1186.44,1196.56,1182.64,1192.74
2000-05-15,1202.31,1209.5,1195.57,1202.76
2000-05-16,1191.3,1198.28,1188.09,1195.07
2000-05-17,1203.46,1207.49,1200.22,1204.25
2000-05-18,1187.09,1195.39,1183.31,1191.59
2000-05-19,1186.3,1197.36,1181.73,1192.77
2000-05-22,1183.89,1190.04,1182.45,1188.59
2000-05-23,1186.98,1189.06,1186.88,1188.96
2000-05-24,1181.23,1181.36,1179.03,1179.16
2000-05-25,1180.62,1187.11,1177.02,1183.51
2000-05-26,1195.87,1201.07,1193.79,1198.98
2000-05-29,1188.84,1191.99,1184.29,1187.43
2000-05-30,1190.12,1190.45,1188.76,1189.09
2000-05-31,1203.31,1203.98,1196.53,1197.19
2000-06-01,1197.7,1205.79,1186.29,1194.35
2000-06-02,1203.83,1217.34,1194.06,1207.54
2000-06-05,1199.54,1204.72,1196.78,1201.95
2000-06-06,1203.25,1204.12,1199.7,1200.56
2000-06-07,1187.51,1192.28,1185.9,1190.67
2000-06-08,1190.69,1201.64,1180.92,1191.85
2000-06-09,1185.68,1197.22,1180.29,1191.8
2000-06-12,1192.12,1198.48,1190.45,1196.81
2000-06-13,1194.91,1198.3,1187.04,1190.41
2000-06-14,1184.29,1186.9,1181.09,1183.7
2000-06-15,1185.95,1196.76,1177.39,1188.19
2000-06-16,1199.86,1203.39,1198.09,1201.62
2000-06-19,1212.47,1215.68,1203.07,1206.26
2000-06-20,1221.19,1226.71,1218.1,1223.61
2000-06-21,1229.85,1232.88,1225.07,1228.1
2000-06-22,1235.37,1237.91,1229.6,1232.14
2000-06-23,1243.0,1245.74,1234.91,1237.64
2000-06-26,1246.49,1253.8,1242.38,1249.68
2000-06-27,1254.84,1271.36,1243.67,1260.14
2000-06-28,1243.87,1249.52,1242.36,1248.0
2000-06-29,1257.0,1267.47,1243.81,1254.25
2000-06-30,1262.71,1264.19,1253.75,1255.21
2000-07-03,1253.12,1265.76,1237.64,1250.25
2000-07-04,1229.18,1235.62,1225.19,1231.62
2000-07-05,1219.93,1228.79,1206.78,1215.6
2000-07-06,1209.47,1214.25,1206.4,1211.18
2000-07-07,1193.31,1202.15,1187.46,1196.29
2000-07-10,1190.08,1195.7,1185.65,1191.26
2000-07-11,1195.52,1201.33,1191.79,1197.6
2000-07-12,1188.91,1193.05,1187.28,1191.42
2000-07-13,1196.06,1201.93,1185.85,1191.7
2000-07-14,1179.12,1183.61,1176.45,1180.94
2000-07-17,1176.67,1182.64,1176.32,1182.3
2000-07-18,1188.83,1199.27,1176.33,1186.75
2000-07-19,1169.34,1175.44,1166.6,1172.7
2000-07-20,1162.09,1168.03,1159.38,1165.32
2000-07-21,1155.6,1159.15,1149.64,1153.18
2000-07-24,1154.51,1158.95,1152.58,1157.03
2000-07-25,1157.05,1163.27,1152.41,1158.62
2000-07-26,1158.3,1166.08,1150.36,1158.15
2000-07-27,1155.93,1164.14,1148.73,1156.93
2000-07-28,1158.5,1164.24,1154.26,1159.99
2000-07-31,1153.85,1164.72,1151.17,1162.02
2000-08-01,1156.9,1164.93,1149.48,1157.5
2000-08-02,1156.96,1162.24,1146.12,1151.38
2000-08-03,1153.0,1154.2,1149.64,1150.83
2000-08-04,1147.74,1155.11,1141.68,1149.04
2000-08-07,1168.91,1170.61,1165.56,1167.26
2000-08-08,1165.44,1169.28,1159.43,1163.25
2000-08-09,1162.72,1166.62,1161.77,1165.67
2000-08-10,1174.09,1176.46,1167.31,1169.67
2000-08-11,1182.96,1187.12,1178.23,1182.39
2000-08-14,1171.62,1178.3,1166.05,1172.72
2000-08-15,1190.37,1194.16,1180.94,1184.72
2000-08-16,1175.14,1184.02,1173.62,1182.48
2000-08-17,1200.89,1206.4,1199.64,1205.14
2000-08-18,1209.57,1211.33,1205.48,1207.24
2000-08-21,1195.47,1195.72,1192.82,1193.06
2000-08-22,1195.99,1199.52,1186.61,1190.12
2000-08-23,1193.43,1205.18,1189.83,1201.56
2000-08-24,1204.12,1212.35,1192.81,1201.02
2000-08-25,1194.68,1203.4,1190.45,1199.16
2000-08-28,1204.78,1207.49,1200.57,1203.27
2000-08-29,1198.42,1205.83,1191.25,1198.65
2000-08-30,1198.41,1206.57,1187.23,1195.37
2000-08-31,1184.46,1188.31,1181.46,1185.3
2000-09-01,1204.33,1204.85,1200.17,1200.69
2000-09-04,1182.53,1186.04,1181.97,1185.48
2000-09-05,1185.24,1186.23,1184.53,1185.53
2000-09-06,1189.12,1190.71,1186.84,1188.43
2000-09-07,1192.65,1197.6,1181.75,1186.68
2000-09-08,1176.4,1183.49,1166.39,1173.46
2000-09-11,1161.55,1162.47,1159.92,1160.84
2000-09-12,1166.74,1168.11,1163.13,1164.5
2000-09-13,1159.83,1162.87,1153.03,1156.06
2000-09-14,1137.16,1138.58,1134.47,1135.89
2000-09-15,1135.24,1148.21,1125.81,1138.75
2000-09-18,1130.09,1134.56,1123.5,1127.96
2000-09-19,1133.03,1138.19,1127.98,1133.13
2000-09-20,1129.34,1134.45,1125.43,1130.54
2000-09-21,1124.88,1129.04,1123.38,1127.54
2000-09-22,1129.3,1131.66,1124.99,1127.34
2000-09-25,1115.99,1120.64,1109.64,1114.28
2000-09-26,1103.11,1106.5,1102.89,1106.28
2000-09-27,1099.92,1110.47,1093.05,1103.58
2000-09-28,1099.08,1099.74,1092.22,1092.87
2000-09-29,1102.1,1102.53,1098.84,1099.26
2000-10-02,1094.41,1095.91,1092.62,1094.12
2000-10-03,1083.03,1085.84,1078.27,1081.07
2000-10-04,1074.82,1082.25,1068.92,1076.33
2000-10-05,1077.1,1078.69,1076.06,1077.65
2000-10-06,1074.06,1074.07,1073.98,1073.99
2000-10-09,1079.76,1084.04,1072.37,1076.64
2000-10-10,1077.56,1085.35,1074.37,1082.14
2000-10-11,1100.6,1107.7,1096.88,1103.98
2000-10-12,1109.97,1117.97,1106.08,1114.07
2000-10-13,1101.67,1102.52,1098.0,1098.85
2000-10-16,1093.68,1100.76,1086.94,1094.01
2000-10-17,1088.48,1094.66,1085.32,1091.49
2000-10-18,1095.81,1096.71,1095.65,1096.54
2000-10-19,1085.9,1092.23,1081.63,1087.96
2000-10-20,1078.48,1089.74,1071.92,1083.14
2000-10-23,1074.7,1074.94,1070.41,1070.65
2000-10-24,1065.03,1066.75,1063.8,1065.51
2000-10-25,1064.88,1067.25,1058.44,1060.8
2000-10-26,1053.82,1060.32,1051.93,1058.42
2000-10-27,1049.88,1053.04,1045.13,1048.29
2000-10-30,1051.74,1059.09,1048.98,1056.31
2000-10-31,1068.73,1071.55,1058.15,1060.95
2000-11-01,1043.33,1053.5,1038.63,1048.78
2000-11-02,1055.57,1060.8,1044.71,1049.91
2000-11-03,1036.82,1040.91,1032.79,1036.88
2000-11-06,1048.67,1052.05,1045.87,1049.25
2000-11-07,1066.31,1069.82,1060.92,1064.43
2000-11-08,1061.48,1068.26,1057.71,1064.48
2000-11-09,1059.94,1061.25,1056.14,1057.45
2000-11-10,1054.94,1056.31,1050.87,1052.23
2000-11-13,1048.33,1053.47,1043.15,1048.29
2000-11-14,1048.96,1050.39,1046.74,1048.17
2000-11-15,1067.27,1075.23,1053.21,1061.12
2000-11-16,1072.22,1072.28,1070.07,1070.13
2000-11-17,1076.54,1083.39,1072.24,1079.08
2000-11-20,1082.48,1083.39,1079.13,1080.04
2000-11-21,1068.26,1073.93,1064.32,1069.99
2000-11-22,1061.18,1064.15,1060.54,1063.51
2000-11-23,1066.14,1076.4,1054.26,1064.5
2000-11-24,1051.14,1057.37,1048.1,1054.33
2000-11-27,1057.08,1057.64,1056.38,1056.94
2000-11-28,1066.73,1071.35,1059.97,1064.58
2000-11-29,1075.89,1076.56,1069.11,1069.77
2000-11-30,1076.54,1076.67,1074.36,1074.49
2000-12-01,1053.41,1060.56,1050.93,1058.07
2000-12-04,1064.6,1075.48,1057.95,1068.81
2000-12-05,1060.49,1066.85,1048.69,1055.02
2000-12-06,1051.92,1056.78,1049.08,1053.93
2000-12-07,1054.79,1066.03,1048.39,1059.61
2000-12-08,1059.67,1070.56,1052.01,1062.88
2000-12-11,1053.02,1055.56,1047.98,1050.51
2000-12-12,1041.52,1042.08,1040.61,1041.17
2000-12-13,1046.15,1049.42,1040.85,1044.12
2000-12-14,1048.84,1050.09,1047.7,1048.95
2000-12-15,1036.09,1044.65,1031.0,1039.53
2000-12-18,1036.6,1045.5,1033.3,1042.19
2000-12-19,1026.75,1030.9,1025.18,1029.33
2000-12-20,1035.74,1040.22,1030.88,1035.36
2000-12-21,1024.47,1029.63,1022.97,1028.12
2000-12-22,1032.45,1034.11,1027.76,1029.41
2000-12-25,1024.93,1029.51,1023.43,1028.01
2000-12-26,1033.47,1043.47,1028.65,1038.62
2000-12-27,1041.03,1045.67,1036.39,1041.03
2000-12-28,1038.45,1039.12,1035.43,1036.09
2000-12-29,1044.19,1044.98,1038.76,1039.54
2001-01-01,1052.34,1059.85,1049.94,1057.45
2001-01-02,1068.39,1075.95,1056.33,1063.85
2001-01-03,1063.79,1063.87,1063.12,1063.2
2001-01-04,1053.9,1059.46,1050.31,1055.87
2001-01-05,1052.7,1057.83,1045.43,1050.55
2001-01-08,1059.88,1060.73,1054.74,1055.59
2001-01-09,1042.65,1051.06,1039.53,1047.93
2001-01-10,1046.72,1050.09,1044.7,1048.07
2001-01-11,1058.82,1063.42,1055.96,1060.55
2001-01-12,1063.68,1066.26,1059.12,1061.69
2001-01-15,1055.89,1057.06,1050.12,1051.28
2001-01-16,1070.22,1071.6,1068.61,1069.98
2001-01-17,1083.77,1085.13,1083.36,1084.72
2001-01-18,1089.76,1093.2,1084.87,1088.31
2001-01-19,1097.69,1101.29,1094.86,1098.46
2001-01-22,1087.06,1103.71,1077.6,1094.19
2001-01-23,1101.14,1102.28,1098.3,1099.44
2001-01-24,1097.98,1102.44,1090.3,1094.74
2001-01-25,1085.65,1090.07,1077.75,1082.16
2001-01-26,1099.76,1111.06,1092.32,1103.59
2001-01-29,1091.39,1092.0,1088.81,1089.41
2001-01-30,1096.04,1098.33,1088.75,1091.03
2001-01-31,1100.79,1102.82,1090.49,1092.5
2001-02-01,1097.75,1103.42,1090.5,1096.17
2001-02-02,1097.3,1105.39,1086.0,1094.07
2001-02-05,1087.35,1099.0,1078.98,1090.6
2001-02-06,1086.82,1092.17,1085.15,1090.49
2001-02-07,1096.51,1106.52,1083.29,1093.27
2001-02-08,1085.22,1094.78,1082.35,1091.89
2001-02-09,1090.46,1093.43,1086.99,1089.95
2001-02-12,1080.57,1082.62,1073.9,1075.95
2001-02-13,1094.24,1099.26,1086.89,1091.9
2001-02-14,1097.32,1103.15,1089.18,1095.0
2001-02-15,1095.1,1102.18,1088.18,1095.26
2001-02-16,1087.12,1098.37,1077.21,1088.46
2001-02-19,1084.06,1089.57,1071.63,1077.1
2001-02-20,1087.14,1091.65,1078.63,1083.13
2001-02-21,1083.17,1084.45,1079.16,1080.43
2001-02-22,1084.43,1089.96,1078.81,1084.34
2001-02-23,1069.69,1075.14,1066.12,1071.57
2001-02-26,1085.41,1097.37,1069.98,1081.9
2001-02-27,1087.04,1089.07,1086.01,1088.04
2001-02-28,1086.06,1091.28,1080.58,1085.8
2001-03-01,1088.36,1093.76,1080.95,1086.35
2001-03-02,1092.05,1097.0,1086.42,1091.37
2001-03-05,1083.28,1084.87,1076.68,1078.27
2001-03-06,1086.91,1102.75,1075.44,1091.23
2001-03-07,1094.18,1095.51,1092.63,1093.96
2001-03-08,1093.69,1099.28,1081.17,1086.72
2001-03-09,1079.26,1084.69,1070.94,1076.36
2001-03-12,1082.26,1087.13,1078.03,1082.9
2001-03-13,1086.08,1089.47,1080.1,1083.48
2001-03-14,1086.15,1086.77,1085.7,1086.31
2001-03-15,1090.05,1090.6,1084.73,1085.28
2001-03-16,1078.35,1080.6,1073.45,1075.7
2001-03-19,1075.41,1078.44,1075.18,1078.21
2001-03-20,1076.22,1079.0,1072.66,1075.45
2001-03-21,1075.54,1079.04,1070.7,1074.19
2001-03-22,1094.41,1096.64,1090.65,1092.87
2001-03-23,1099.7,1108.06,1090.29,1098.64
2001-03-26,1105.96,1113.38,1096.68,1104.09
2001-03-27,1126.36,1126.95,1124.35,1124.95
2001-03-28,1123.57,1127.53,1122.06,1126.01
2001-03-29,1123.31,1126.05,1122.11,1124.85
2001-03-30,1116.24,1119.75,1113.59,1117.09
2001-04-02,1110.94,1111.73,1109.83,1110.62
2001-04-03,1090.76,1096.52,1085.82,1091.58
2001-04-04,1100.0,1101.65,1094.73,1096.37
2001-04-05,1080.94,1084.4,1080.6,1084.06
2001-04-06,1084.23,1090.72,1083.42,1089.91
2001-04-09,1093.07,1099.55,1080.21,1086.66
2001-04-10,1083.34,1089.5,1079.86,1086.01
2001-04-11,1087.53,1088.09,1083.4,1083.96
2001-04-12,1095.69,1102.92,1086.46,1093.69
2001-04-13,1099.17,1104.18,1096.75,1101.75
2001-04-16,1097.85,1098.36,1097.77,1098.28
2001-04-17,1087.96,1088.96,1087.89,1088.88
2001-04-18,1095.79,1096.48,1093.93,1094.62
2001-04-19,1082.16,1087.17,1079.66,1084.66
2001-04-20,1069.58,1080.83,1058.9,1070.14
2001-04-23,1071.47,1071.75,1071.3,1071.59
2001-04-24,1083.57,1084.85,1078.72,1080.0
2001-04-25,1073.62,1079.85,1068.73,1074.95
2001-04-26,1073.46,1080.42,1069.66,1076.61
2001-04-27,1069.77,1072.05,1069.25,1071.53
2001-04-30,1075.85,1077.77,1072.75,1074.66
2001-05-01,1075.88,1085.54,1072.0,1081.63
2001-05-02,1081.57,1082.02,1077.26,1077.7
2001-05-03,1067.69,1070.58,1064.73,1067.62
2001-05-04,1055.62,1065.45,1044.44,1054.25
2001-05-07,1060.2,1061.84,1057.86,1059.5
2001-05-08,1046.78,1051.74,1043.92,1048.88
2001-05-09,1047.29,1055.51,1042.51,1050.71
2001-05-10,1053.55,1061.91,1047.43,1055.77
2001-05-11,1045.61,1054.49,1041.5,1050.36
2001-05-14,1047.85,1055.52,1039.09,1046.76
2001-05-15,1053.12,1054.28,1052.47,1053.63
2001-05-16,1040.93,1049.16,1037.52,1045.74
2001-05-17,1035.26,1038.7,1033.75,1037.18
2001-05-18,1036.27,1039.59,1030.94,1034.25
2001-05-21,1046.61,1048.87,1040.32,1042.57
2001-05-22,1050.31,1058.43,1046.26,1054.37
2001-05-23,1058.95,1062.42,1048.68,1052.13
2001-05-24,1041.98,1051.3,1035.69,1044.99
2001-05-25,1046.9,1053.2,1045.99,1052.28
2001-05-28,1041.88,1047.95,1030.38,1036.42
2001-05-29,1034.04,1041.1,1030.22,1037.27
2001-05-30,1040.5,1044.35,1031.92,1035.76
2001-05-31,1042.92,1047.63,1040.3,1045.01
2001-06-01,1054.22,1058.29,1051.08,1055.15
2001-06-04,1041.75,1050.32,1037.28,1045.84
2001-06-05,1050.09,1052.34,1043.84,1046.08
2001-06-06,1043.96,1047.66,1036.71,1040.4
2001-06-07,1034.99,1038.33,1033.72,1037.05
2001-06-08,1040.82,1053.16,1028.72,1041.06
2001-06-11,1038.95,1047.8,1028.06,1036.89
2001-06-12,1036.02,1040.78,1032.74,1037.49
2001-06-13,1048.46,1051.23,1041.42,1044.18
2001-06-14,1054.86,1058.25,1051.82,1055.2
2001-06-15,1054.53,1059.2,1051.51,1056.17
2001-06-18,1050.27,1061.6,1043.98,1055.28
2001-06-19,1041.02,1047.21,1038.89,1045.07
2001-06-20,1058.46,1060.39,1054.66,1056.59
2001-06-21,1059.91,1060.28,1058.79,1059.16
2001-06-22,1061.39,1067.29,1052.92,1058.8
2001-06-25,1055.78,1063.31,1050.04,1057.56
2001-06-26,1053.79,1063.99,1048.84,1059.01
2001-06-27,1062.11,1066.02,1059.79,1063.7
2001-06-28,1075.81,1076.98,1068.11,1069.27
2001-06-29,1077.31,1085.35,1072.41,1080.44
2001-07-02,1079.61,1087.23,1072.11,1079.73
2001-07-03,1083.74,1098.26,1077.16,1091.64
2001-07-04,1096.04,1099.76,1094.04,1097.75
2001-07-05,1093.48,1098.66,1089.66,1094.84
2001-07-06,1080.26,1083.71,1075.73,1079.18
2001-07-09,1075.99,1081.39,1071.64,1077.02
2001-07-10,1082.4,1089.76,1080.0,1087.35
2001-07-11,1076.77,1080.8,1074.9,1078.92
2001-07-12,1076.81,1078.55,1075.74,1077.47
2001-07-13,1073.48,1077.52,1072.67,1076.7
2001-07-16,1078.57,1084.29,1075.61,1081.33
2001-07-17,1079.31,1084.53,1070.85,1076.06
2001-07-18,1065.08,1067.89,1064.28,1067.08
2001-07-19,1071.09,1076.07,1064.71,1069.68
2001-07-20,1061.26,1070.88,1052.2,1061.82
2001-07-23,1040.87,1050.39,1035.22,1044.73
2001-07-24,1056.72,1059.18,1055.32,1057.78
2001-07-25,1064.26,1065.07,1062.53,1063.33
2001-07-26,1081.93,1082.36,1075.9,1076.32
2001-07-27,1078.56,1084.48,1075.15,1081.06
2001-07-30,1083.12,1086.67,1079.84,1083.39
2001-07-31,1086.93,1089.99,1080.92,1083.97
2001-08-01,1084.46,1095.4,1069.47,1080.37
2001-08-02,1079.75,1087.57,1074.05,1081.86
2001-08-03,1074.41,1082.42,1066.89,1074.91
2001-08-06,1066.29,1075.05,1054.0,1062.74
2001-08-07,1059.5,1059.72,1057.66,1057.88
2001-08-08,1069.16,1071.12,1063.91,1065.86
2001-08-09,1057.55,1058.35,1053.06,1053.85
2001-08-10,1043.94,1049.76,1036.39,1042.21
2001-08-13,1044.14,1045.71,1042.12,1043.69
2001-08-14,1036.41,1038.84,1036.08,1038.5
2001-08-15,1039.69,1044.92,1035.22,1040.45
2001-08-16,1045.73,1049.87,1042.14,1046.28
2001-08-17,1051.62,1055.58,1043.91,1047.85
2001-08-20,1040.12,1040.91,1038.77,1039.57
2001-08-21,1048.2,1054.93,1040.89,1047.62
2001-08-22,1048.14,1053.69,1045.72,1051.27
2001-08-23,1053.06,1055.31,1047.03,1049.27
2001-08-24,1044.51,1050.31,1041.13,1046.92
2001-08-27,1045.5,1049.31,1042.59,1046.39
2001-08-28,1045.9,1048.36,1039.35,1041.8
2001-08-29,1029.8,1035.29,1021.6,1027.07
2001-08-30,1028.46,1031.72,1027.82,1031.08
2001-08-31,1031.19,1037.99,1027.76,1034.54
2001-09-03,1013.18,1018.88,1008.1,1013.8
2001-09-04,1014.37,1020.57,1009.94,1016.13
2001-09-05,1023.49,1028.11,1023.39,1028.02
2001-09-06,1015.09,1020.49,1011.99,1017.39
2001-09-07,1006.73,1017.84,1004.01,1015.1
2001-09-10,1013.43,1021.84,1002.29,1010.69
2001-09-11,1024.39,1037.32,1008.92,1021.82
2001-09-12,1032.9,1037.52,1023.95,1028.55
2001-09-13,1020.85,1024.66,1015.97,1019.77
2001-09-14,1019.16,1027.18,1012.52,1020.53
2001-09-17,1038.12,1038.5,1034.56,1034.94
2001-09-18,1025.77,1028.48,1025.21,1027.93
2001-09-19,1021.66,1031.31,1016.12,1025.75
2001-09-20,1027.15,1033.15,1021.61,1027.61
2001-09-21,1022.09,1024.6,1018.32,1020.83
2001-09-24,1028.43,1034.58,1024.8,1030.94
2001-09-25,1021.88,1030.18,1016.82,1025.1
2001-09-26,1011.13,1013.44,1010.09,1012.4
2001-09-27,1007.76,1014.63,999.66,1006.52
2001-09-28,1009.27,1012.96,1006.03,1009.71
2001-10-01,1008.1,1013.99,994.34,1000.18
2001-10-02,1000.41,1002.94,998.28,1000.82
2001-10-03,1005.66,1011.86,997.21,1003.4
2001-10-04,988.18,994.31,986.38,992.5
2001-10-05,988.43,989.15,985.98,986.7
2001-10-08,985.31,987.52,984.48,986.68
2001-10-09,990.49,990.85,990.16,990.52
2001-10-10,989.89,991.96,982.84,984.9
2001-10-11,983.5,987.88,980.22,984.6
2001-10-12,977.15,984.96,973.2,981.0
2001-10-15,980.46,984.79,979.52,983.86
2001-10-16,986.78,989.57,983.48,986.27
2001-10-17,982.26,984.41,979.77,981.91
2001-10-18,984.26,989.81,978.49,984.03
2001-10-19,975.63,981.19,973.85,979.41
2001-10-22,986.12,989.37,976.93,980.16
2001-10-23,986.5,987.16,981.53,982.19
2001-10-24,998.76,1002.54,994.58,998.37
2001-10-25,989.42,994.85,988.53,993.95
2001-10-26,995.79,998.14,988.74,991.08
2001-10-29,986.59,989.27,980.57,983.24
2001-10-30,974.2,979.85,968.24,973.9
2001-10-31,972.52,974.31,967.25,969.03
2001-11-01,971.51,973.83,970.63,972.95
2001-11-02,974.27,977.59,973.76,977.08
2001-11-05,977.28,983.63,970.47,976.82
2001-11-06,968.62,974.62,967.16,973.15
2001-11-07,964.86,969.61,963.33,968.08
2001-11-08,961.54,961.67,959.83,959.97
2001-11-09,955.37,956.23,953.83,954.68
2001-11-12,939.14,948.51,933.7,943.05
2001-11-13,951.08,957.05,946.28,952.25
2001-11-14,960.91,965.47,960.22,964.78
2001-11-15,947.77,949.37,947.56,949.16
2001-11-16,948.59,950.99,947.89,950.29
2001-11-19,953.1,956.69,946.7,950.28
2001-11-20,950.3,951.1,949.95,950.75
2001-11-21,944.61,946.61,943.29,945.3
2001-11-22,950.72,952.64,949.92,951.84
2001-11-23,948.81,954.66,947.88,953.73
2001-11-26,958.87,960.61,957.41,959.16
2001-11-27,953.8,957.86,948.37,952.42
2001-11-28,941.74,941.78,941.04,941.08
2001-11-29,945.26,946.22,942.36,943.3
2001-11-30,937.3,940.36,932.17,935.22
2001-12-03,946.93,950.97,936.72,940.73
2001-12-04,920.96,929.41,915.66,924.09
2001-12-05,920.56,925.58,914.89,919.91
2001-12-06,915.68,917.15,913.26,914.73
2001-12-07,910.84,912.11,910.44,911.71
2001-12-10,910.24,913.01,909.21,911.97
2001-12-11,915.65,917.31,912.63,914.28
2001-12-12,919.41,927.63,910.09,918.3
2001-12-13,920.15,925.87,917.35,923.06
2001-12-14,916.01,925.08,911.94,920.98
2001-12-17,932.97,938.93,928.4,934.35
2001-12-18,941.39,946.86,937.83,943.29
2001-12-19,941.42,941.53,939.6,939.72
2001-12-20,934.88,939.5,932.86,937.48
2001-12-21,933.35,941.0,926.2,933.85
2001-12-24,929.4,936.5,927.09,934.18
2001-12-25,921.66,929.99,917.66,925.97
2001-12-26,917.12,920.47,915.89,919.24
2001-12-27,902.02,908.59,896.14,902.7
2001-12-28,897.04,902.77,893.52,899.25
2001-12-31,905.67,907.56,903.41,905.29
2002-01-01,899.21,906.61,896.44,903.83
2002-01-02,901.88,912.49,891.86,902.46
2002-01-03,903.25,904.9,902.16,903.81
2002-01-04,892.03,899.62,888.34,895.92
2002-01-07,895.02,897.46,891.98,894.41
2002-01-08,894.38,902.61,892.03,900.24
2002-01-09,899.9,906.6,895.05,901.75
2002-01-10,910.17,914.16,904.04,908.02
2002-01-11,910.07,917.19,909.08,916.19
2002-01-14,920.55,921.01,918.24,918.7
2002-01-15,909.29,918.63,903.16,912.48
2002-01-16,907.4,912.36,904.06,909.01
2002-01-17,925.7,928.52,919.0,921.81
2002-01-18,921.07,923.38,920.51,922.81
2002-01-21,926.11,926.69,921.06,921.64
2002-01-22,913.43,920.06,907.64,914.27
2002-01-23,912.25,913.32,911.41,912.48
2002-01-24,918.76,923.21,912.01,916.45
2002-01-25,916.84,919.24,912.96,915.35
2002-01-28,909.72,911.3,907.73,909.3
2002-01-29,904.91,908.72,902.37,906.17
2002-01-30,909.28,913.6,909.22,913.53
2002-01-31,912.9,920.27,909.67,917.03
2002-02-01,923.45,925.85,917.45,919.83
2002-02-04,925.79,928.25,918.64,921.09
2002-02-05,911.95,919.74,903.8,911.59
2002-02-06,907.67,912.79,907.4,912.52
2002-02-07,916.9,925.15,910.79,919.03
2002-02-08,913.78,916.32,913.51,916.04
2002-02-11,919.56,926.47,914.19,921.1
2002-02-12,921.25,928.16,916.81,923.7
2002-02-13,929.68,932.17,925.75,928.23
2002-02-14,927.9,927.99,927.12,927.21
2002-02-15,936.48,943.54,925.03,932.06
2002-02-18,918.52,921.65,916.47,919.6
2002-02-19,919.14,920.1,917.63,918.59
2002-02-20,924.41,926.7,920.07,922.36
2002-02-21,925.95,927.22,921.85,923.12
2002-02-22,926.01,930.36,925.1,929.45
2002-02-25,927.28,927.44,925.99,926.15
2002-02-26,921.31,924.97,917.25,920.91
2002-02-27,908.97,909.05,908.06,908.14
2002-02-28,905.33,906.37,904.13,905.17
2002-03-01,911.55,917.83,900.63,906.89
2002-03-04,907.4,910.2,907.02,909.83
2002-03-05,896.19,899.23,895.7,898.75
2002-03-06,903.55,906.72,902.61,905.78
2002-03-07,896.94,898.88,895.78,897.72
2002-03-08,896.53,899.11,893.16,895.74
2002-03-11,888.4,891.25,886.76,889.61
2002-03-12,894.18,895.85,889.82,891.49
2002-03-13,891.07,898.5,883.64,891.08
2002-03-14,894.44,897.36,891.78,894.7
2002-03-15,902.67,909.04,899.93,906.29
2002-03-18,911.49,914.1,903.93,906.54
2002-03-19,900.99,903.61,898.51,901.12
2002-03-20,907.4,911.96,898.42,902.96
2002-03-21,913.26,918.64,909.59,914.97
2002-03-22,920.13,922.66,915.31,917.84
2002-03-25,919.95,926.75,914.72,921.51
2002-03-26,913.71,916.39,906.08,908.75
2002-03-27,912.89,913.5,909.22,909.83
2002-03-28,908.7,914.8,900.31,906.39
2002-03-29,898.23,901.79,896.64,900.19
2002-04-01,902.96,907.1,893.7,897.82
2002-04-02,902.94,903.85,896.54,897.45
2002-04-03,891.05,896.68,886.45,892.07
2002-04-04,892.78,895.8,889.34,892.35
2002-04-05,892.62,898.71,884.08,890.15
2002-04-08,888.16,893.58,888.03,893.45
2002-04-09,897.01,899.78,891.18,893.94
2002-04-10,898.18,908.83,884.81,895.43
2002-04-11,899.48,904.52,895.96,901.0
2002-04-12,897.61,908.49,892.7,903.55
2002-04-15,902.6,905.22,899.09,901.7
2002-04-16,883.21,893.3,876.16,886.22
2002-04-17,884.53,894.01,879.31,888.77
2002-04-18,882.53,884.71,879.37,881.55
2002-04-19,883.57,887.87,875.81,880.09
2002-04-22,880.68,881.29,880.65,881.26
2002-04-23,892.6,901.15,880.91,889.43
2002-04-24,902.69,906.39,897.21,900.9
2002-04-25,889.67,897.05,885.98,893.35
2002-04-26,881.8,884.34,880.73,883.27
2002-04-29,886.88,888.12,882.78,884.02
2002-04-30,883.2,885.69,882.19,884.69
2002-05-01,877.58,880.19,872.83,875.43
2002-05-02,873.18,876.24,871.19,874.25
2002-05-03,879.14,881.05,875.34,877.24
2002-05-06,867.89,873.49,861.18,866.78
2002-05-07,858.48,860.8,856.79,859.12
2002-05-08,855.75,856.9,852.82,853.97
2002-05-09,846.32,853.91,844.27,851.84
2002-05-10,853.07,855.88,853.05,855.86
2002-05-13,850.72,852.62,850.0,851.9
2002-05-14,854.56,861.62,844.54,851.57
2002-05-15,862.21,866.25,861.92,865.96
2002-05-16,858.43,860.57,856.39,858.52
2002-05-17,854.07,854.27,853.06,853.26
2002-05-20,856.66,859.34,853.35,856.03
2002-05-21,861.53,867.58,855.75,861.79
2002-05-22,861.97,865.14,860.41,863.58
2002-05-23,874.0,874.76,873.88,874.65
2002-05-24,878.05,882.94,870.63,875.49
2002-05-27,858.18,864.94,853.21,859.96
2002-05-28,854.02,861.21,852.42,859.59
2002-05-29,855.96,860.49,850.25,854.77
2002-05-30,866.94,870.49,859.52,863.06
2002-05-31,865.64,872.68,861.35,868.38
2002-06-03,859.73,866.34,849.65,856.23
2002-06-04,865.77,867.57,862.61,864.42
2002-06-05,866.67,872.44,863.94,869.69
2002-06-06,864.62,867.96,863.11,866.45
2002-06-07,862.96,866.89,860.99,864.9
2002-06-10,872.96,873.13,872.34,872.52
2002-06-11,857.79,860.38,855.67,858.26
2002-06-12,863.18,870.57,852.96,860.33
2002-06-13,868.85,869.61,865.88,866.64
2002-06-14,860.97,865.06,860.89,864.98
2002-06-17,863.9,868.28,863.21,867.59
2002-06-18,868.76,869.27,866.64,867.16
2002-06-19,859.53,861.71,858.68,860.86
2002-06-20,854.07,855.14,853.44,854.51
2002-06-21,859.76,863.7,854.43,858.35
2002-06-24,854.77,858.34,849.01,852.57
2002-06-25,838.54,848.95,831.28,841.65
2002-06-26,836.21,841.9,836.14,841.82
2002-06-27,837.51,838.76,836.54,837.79
2002-06-28,827.19,830.13,826.37,829.31
2002-07-01,828.8,829.46,827.98,828.64
2002-07-02,832.9,836.89,829.14,833.12
2002-07-03,830.15,838.0,824.76,832.59
2002-07-04,830.08,831.61,823.39,824.91
2002-07-05,827.6,834.21,820.95,827.56
2002-07-08,831.42,837.39,826.89,832.85
2002-07-09,846.9,851.13,842.42,846.65
2002-07-10,856.44,859.33,852.2,855.08
2002-07-11,845.7,849.32,843.68,847.3
2002-07-12,857.81,860.38,849.32,851.88
2002-07-15,847.57,853.99,845.06,851.46
2002-07-16,839.1,846.61,835.27,842.77
2002-07-17,839.58,846.82,836.4,843.62
2002-07-18,855.13,860.15,850.1,855.12
2002-07-19,862.87,864.37,860.15,861.65
2002-07-22,851.83,855.42,849.09,852.67
2002-07-23,852.71,853.71,850.51,851.51
2002-07-24,854.63,856.58,851.52,853.46
2002-07-25,840.02,848.05,832.9,840.93
2002-07-26,829.94,830.98,827.83,828.87
2002-07-29,827.65,829.55,826.24,828.14
2002-07-30,827.39,828.54,827.26,828.41
2002-07-31,814.45,816.4,813.71,815.67
2002-08-01,818.43,820.77,815.51,817.86
2002-08-02,827.34,830.9,820.79,824.33
2002-08-05,818.47,823.89,816.03,821.44
2002-08-06,819.98,825.92,815.23,821.16
2002-08-07,824.59,828.4,820.38,824.19
2002-08-08,830.64,834.02,822.92,826.28
2002-08-09,815.79,820.47,810.06,814.73
2002-08-12,805.6,809.28,803.89,807.57
2002-08-13,802.35,807.48,799.46,804.58
2002-08-14,801.02,806.99,792.71,798.66
2002-08-15,807.07,809.13,805.78,807.83
2002-08-16,808.45,815.06,804.85,811.45
2002-08-19,805.44,810.14,798.31,803.0
2002-08-20,801.97,802.39,800.8,801.23
2002-08-21,805.21,812.86,800.48,808.11
2002-08-22,800.22,805.28,798.4,803.45
2002-08-23,803.22,808.75,802.95,808.48
2002-08-26,814.49,816.79,813.71,816.01
2002-08-27,823.82,829.01,817.89,823.07
2002-08-28,825.73,828.95,820.14,823.35
2002-08-29,831.52,834.96,827.02,830.46
2002-08-30,822.86,827.44,821.51,826.09
2002-09-02,839.53,840.3,839.46,840.24
2002-09-03,843.94,846.47,837.81,840.33
2002-09-04,844.88,848.5,842.56,846.18
2002-09-05,844.23,845.7,840.82,842.29
2002-09-06,845.58,852.0,837.53,843.94
2002-09-09,846.58,847.75,843.48,844.65
2002-09-10,838.23,838.62,836.76,837.15
2002-09-11,831.49,836.47,824.63,829.6
2002-09-12,823.31,829.17,821.13,826.98
2002-09-13,836.48,841.35,827.84,832.69
2002-09-16,814.12,820.73,811.95,818.55
2002-09-17,815.87,818.43,812.55,815.11
2002-09-18,822.16,825.94,818.49,822.27
2002-09-19,811.73,814.57,810.42,813.26
2002-09-20,817.67,820.52,817.23,820.07
2002-09-23,811.94,814.59,807.96,810.6
2002-09-24,805.71,806.59,802.9,803.78
2002-09-25,801.66,806.49,797.08,801.91
2002-09-26,812.04,812.8,811.99,812.75
2002-09-27,810.69,812.08,806.21,807.59
2002-09-30,793.55,798.05,790.07,794.56
2002-10-01,784.64,792.42,776.96,784.74
2002-10-02,789.45,793.51,785.87,789.93
2002-10-03,786.52,788.11,779.16,780.73
2002-10-04,785.59,789.15,784.02,787.57
2002-10-07,788.15,793.4,780.95,786.19
2002-10-08,781.26,786.22,780.3,785.26
2002-10-09,784.14,787.83,782.71,786.4
2002-10-10,779.95,780.84,779.78,780.67
2002-10-11,780.58,785.42,776.04,780.89
2002-10-14,771.11,778.53,764.32,771.74
2002-10-15,779.35,779.72,779.22,779.58
2002-10-16,770.96,777.64,765.88,772.56
2002-10-17,777.72,778.75,773.69,774.72
2002-10-18,765.43,767.84,765.33,767.74
2002-10-21,764.61,767.49,760.02,762.9
2002-10-22,761.75,765.1,756.85,760.2
2002-10-23,775.97,778.5,775.65,778.18
2002-10-24,776.5,780.18,773.68,777.36
2002-10-25,771.57,772.24,770.92,771.58
2002-10-28,770.99,772.48,765.65,767.13
2002-10-29,756.51,760.73,753.14,757.35
2002-10-30,764.2,768.48,751.74,755.98
2002-10-31,768.71,773.51,762.16,766.94
2002-11-01,769.5,771.58,766.63,768.71
2002-11-04,774.98,776.78,771.14,772.93
2002-11-05,762.82,768.22,761.39,766.78
2002-11-06,767.74,769.95,762.86,765.05
2002-11-07,762.8,769.51,759.15,765.84
2002-11-08,762.93,766.41,757.47,760.94
2002-11-11,760.83,764.37,758.66,762.19
2002-11-12,763.66,768.36,760.79,765.49
2002-11-13,772.36,775.09,765.56,768.28
2002-11-14,766.55,769.28,764.04,766.78
2002-11-15,769.29,774.33,767.81,772.84
2002-11-18,772.03,772.63,769.18,769.78
2002-11-19,764.21,774.81,756.44,767.01
2002-11-20,778.3,779.73,773.72,775.14
2002-11-21,767.63,771.48,763.81,767.66
2002-11-22,753.84,758.28,752.3,756.73
2002-11-25,752.13,755.41,747.0,750.28
2002-11-26,753.48,757.63,748.16,752.31
2002-11-27,754.85,763.08,751.48,759.69
2002-11-28,755.05,759.86,750.38,755.19
2002-11-29,766.38,775.23,756.84,765.69
2002-12-02,764.82,765.15,763.93,764.26
2002-12-03,762.55,766.77,758.76,762.97
2002-12-04,758.98,764.05,752.23,757.29
2002-12-05,769.85,775.13,763.28,768.54
2002-12-06,767.01,769.45,764.49,766.93
2002-12-09,757.03,760.06,754.54,757.57
2002-12-10,772.13,772.14,771.79,771.79
2002-12-11,771.94,773.92,771.37,773.34
2002-12-12,774.9,781.29,770.89,777.28
2002-12-13,783.76,786.81,783.36,786.41
2002-12-16,788.0,790.27,785.97,788.24
2002-12-17,790.84,795.8,787.92,792.88
2002-12-18,791.54,795.11,788.35,791.91
2002-12-19,798.19,798.81,794.41,795.02
2002-12-20,792.98,795.76,790.69,793.47
2002-12-23,791.63,791.66,791.29,791.31
2002-12-24,790.18,796.32,784.59,790.72
2002-12-25,790.15,791.75,785.49,787.07
2002-12-26,792.77,793.53,788.09,788.85
2002-12-27,789.45,791.3,788.72,790.56
2002-12-30,795.12,795.64,792.88,793.39
2002-12-31,800.79,803.78,792.83,795.8
2003-01-01,803.62,811.1,798.96,806.43
2003-01-02,813.3,813.51,810.7,810.91
2003-01-03,803.6,812.04,799.41,807.82
2003-01-06,807.84,808.12,807.48,807.76
2003-01-07,813.94,815.13,813.1,814.29
2003-01-08,802.57,806.78,802.49,806.7
2003-01-09,819.44,822.22,814.0,816.77
2003-01-10,810.51,813.16,807.5,810.15
2003-01-13,810.34,816.13,806.82,812.6
2003-01-14,811.44,812.73,809.36,810.65
2003-01-15,810.58,812.86,806.11,808.38
2003-01-16,794.56,800.42,792.95,798.8
2003-01-17,794.82,803.59,793.64,802.4
2003-01-20,791.98,792.45,791.61,792.08
2003-01-21,780.18,782.4,779.77,781.99
2003-01-22,790.51,794.92,782.96,787.35
2003-01-23,795.4,798.86,792.82,796.28
2003-01-24,791.36,792.43,789.57,790.63
2003-01-27,793.48,795.22,792.2,793.93
2003-01-28,793.15,799.9,790.11,796.85
2003-01-29,794.59,798.84,790.25,794.51
2003-01-30,797.36,801.55,796.35,800.54
2003-01-31,794.4,799.8,792.31,797.69
2003-02-03,795.44,802.23,791.3,798.07
2003-02-04,786.03,789.39,785.49,788.84
2003-02-05,779.55,780.3,779.29,780.04
2003-02-06,784.33,786.78,782.8,785.25
2003-02-07,787.42,788.77,785.4,786.75
2003-02-10,779.44,788.46,774.14,783.14
2003-02-11,791.89,793.88,790.5,792.49
2003-02-12,800.41,801.76,800.21,801.57
2003-02-13,802.49,808.64,795.86,802.01
2003-02-14,792.07,797.97,785.58,791.48
2003-02-17,788.24,788.92,787.19,787.87
2003-02-18,778.88,783.27,776.83,781.2
2003-02-19,780.04,780.04,779.98,779.98
2003-02-20,771.68,776.6,767.96,772.87
2003-02-21,767.42,768.56,763.27,764.4
2003-02-24,749.22,749.29,748.89,748.97
2003-02-25,748.97,749.69,748.08,748.8
2003-02-26,731.66,737.11,729.04,734.48
2003-02-27,730.5,738.6,723.71,731.79
2003-02-28,735.53,735.9,734.59,734.96
2003-03-03,728.69,729.37,728.18,728.86
2003-03-04,722.23,722.61,722.04,722.42
2003-03-05,718.12,722.02,718.03,721.92
2003-03-06,715.34,719.47,712.96,717.09
2003-03-07,717.55,722.59,713.11,718.15
2003-03-10,714.9,715.52,711.71,712.33
2003-03-11,707.79,714.66,704.98,711.83
2003-03-12,707.73,711.1,706.59,709.96
2003-03-13,706.0,712.7,703.35,710.04
2003-03-14,720.24,722.23,717.54,719.53
2003-03-17,723.31,723.47,720.59,720.74
2003-03-18,724.35,724.39,723.52,723.57
2003-03-19,721.12,721.83,719.16,719.87
2003-03-20,718.87,722.28,717.71,721.11
2003-03-21,720.27,720.94,718.8,719.47
2003-03-24,718.05,723.12,714.65,719.71
2003-03-25,723.52,727.96,718.95,723.39
2003-03-26,721.51,723.38,718.56,720.42
2003-03-27,717.47,721.13,714.44,718.1
2003-03-28,717.07,719.43,712.97,715.31
2003-03-31,712.24,716.42,708.41,712.59
2003-04-01,714.25,714.42,713.49,713.66
2003-04-02,715.71,719.48,707.92,711.67
2003-04-03,721.46,724.66,717.19,720.39
2003-04-04,734.04,736.57,733.16,735.69
2003-04-07,731.15,734.44,728.93,732.21
2003-04-08,735.55,736.3,732.88,733.63
2003-04-09,741.59,742.57,738.3,739.28
2003-04-10,737.27,738.52,736.1,737.35
2003-04-11,727.93,731.36,727.85,731.28
2003-04-14,739.0,742.42,737.7,741.11
2003-04-15,745.01,748.0,741.62,744.61
2003-04-16,747.23,750.06,743.1,745.93
2003-04-17,755.98,759.15,750.55,753.71
2003-04-18,752.82,760.65,749.64,757.44
2003-04-21,758.5,759.72,755.31,756.52
2003-04-22,753.4,755.41,748.19,750.19
2003-04-23,741.39,750.15,738.01,746.75
2003-04-24,753.11,754.22,752.01,753.12
2003-04-25,758.08,759.07,755.38,756.36
2003-04-28,751.49,758.35,747.83,754.68
2003-04-29,762.98,769.56,757.55,764.12
2003-04-30,763.62,764.67,761.3,762.34
2003-05-01,765.99,768.8,764.38,767.19
2003-05-02,766.65,770.93,763.22,767.49
2003-05-05,778.2,783.03,772.86,777.68
2003-05-06,778.1,786.92,772.04,780.84
2003-05-07,777.37,784.55,772.7,779.87
2003-05-08,778.72,779.24,777.12,777.63
2003-05-09,778.58,782.72,772.25,776.37
2003-05-12,772.06,773.51,769.69,771.14
2003-05-13,765.37,766.62,761.01,762.25
2003-05-14,764.13,769.27,758.04,763.17
2003-05-15,763.44,765.85,756.84,759.23
2003-05-16,755.51,756.43,754.44,755.36
2003-05-19,754.77,756.55,752.42,754.2
2003-05-20,754.72,755.8,752.72,753.8
2003-05-21,751.74,757.73,747.19,753.16
2003-05-22,760.7,764.47,758.71,762.48
2003-05-23,763.36,769.53,759.27,765.42
2003-05-26,775.39,781.47,770.61,776.69
2003-05-27,777.83,779.96,770.92,773.03
2003-05-28,780.71,783.21,773.98,776.47
2003-05-29,772.37,775.31,770.2,773.13
2003-05-30,767.88,771.87,764.85,768.85
2003-06-02,775.42,782.25,773.64,780.45
2003-06-03,772.72,776.45,771.31,775.04
2003-06-04,759.46,762.5,758.28,761.31
2003-06-05,755.63,760.55,751.7,756.62
2003-06-06,743.28,746.14,741.69,744.55
2003-06-09,739.73,741.76,737.21,739.25
2003-06-10,735.85,736.19,733.81,734.15
2003-06-11,732.69,737.25,729.74,734.3
2003-06-12,725.54,727.2,720.78,722.43
2003-06-13,730.27,732.08,727.7,729.51
2003-06-16,721.1,724.1,716.19,719.18
2003-06-17,717.77,720.63,715.85,718.71
2003-06-18,718.3,720.33,715.1,717.12
2003-06-19,723.19,724.68,720.72,722.21
2003-06-20,727.65,730.57,721.56,724.46
2003-06-23,733.39,735.67,729.67,731.95
2003-06-24,731.78,736.18,725.52,729.91
2003-06-25,726.16,730.24,723.24,727.31
2003-06-26,732.47,734.51,727.82,729.85
2003-06-27,733.09,739.37,729.65,735.91
2003-06-30,739.86,743.52,737.47,741.13
2003-07-01,743.62,749.38,737.24,742.99
2003-07-02,741.74,745.42,740.63,744.31
2003-07-03,741.99,746.8,739.25,744.05
2003-07-04,744.33,746.92,743.8,746.4
2003-07-07,759.67,762.82,755.67,758.81
2003-07-08,756.74,757.4,756.44,757.1
2003-07-09,756.9,758.36,753.25,754.72
2003-07-10,756.18,758.6,749.53,751.94
2003-07-11,754.67,756.85,751.87,754.06
2003-07-14,741.02,744.85,738.34,742.16
2003-07-15,742.26,744.38,739.33,741.44
2003-07-16,744.67,754.4,736.96,746.67
2003-07-17,743.45,744.5,742.54,743.59
2003-07-18,750.24,751.18,743.8,744.74
2003-07-21,757.32,760.99,754.11,757.78
2003-07-22,760.22,765.22,754.53,759.53
2003-07-23,745.83,746.45,745.58,746.19
2003-07-24,737.07,739.92,735.13,737.98
2003-07-25,737.78,738.14,736.36,736.72
2003-07-28,730.1,733.93,729.06,732.89
2003-07-29,733.47,734.38,732.92,733.84
2003-07-30,729.45,733.56,728.32,732.43
2003-07-31,743.07,745.24,737.48,739.64
2003-08-01,735.44,741.27,727.46,733.27
2003-08-04,731.02,739.71,724.03,732.71
2003-08-05,730.16,735.92,728.49,734.25
2003-08-06,737.58,738.52,735.55,736.49
2003-08-07,737.46,738.65,736.36,737.55
2003-08-08,728.4,731.85,720.11,723.53
2003-08-11,727.94,732.83,720.03,724.9
2003-08-12,725.83,727.59,722.7,724.45
2003-08-13,728.85,733.92,724.94,730.01
2003-08-14,734.05,735.28,733.41,734.63
2003-08-15,736.98,739.36,733.94,736.32
2003-08-18,739.61,740.96,737.47,738.82
2003-08-19,745.43,748.0,744.44,747.01
2003-08-20,750.77,757.55,747.09,753.86
2003-08-21,759.77,760.72,754.45,755.4
2003-08-22,768.05,771.69,764.33,767.97
2003-08-25,765.3,770.3,759.33,764.33
2003-08-26,755.09,758.89,753.24,757.04
2003-08-27,759.95,761.61,755.19,756.85
2003-08-28,756.87,762.63,748.77,754.51
2003-08-29,739.97,740.02,739.8,739.84
2003-09-01,736.96,740.01,733.45,736.5
2003-09-02,739.25,744.81,733.07,738.62
2003-09-03,738.54,738.91,737.95,738.32
2003-09-04,734.99,736.95,731.81,733.76
2003-09-05,734.98,735.97,733.17,734.15
2003-09-08,734.61,735.42,734.19,735.0
2003-09-09,736.76,741.02,735.11,739.35
2003-09-10,735.52,742.22,728.88,735.58
2003-09-11,742.53,746.07,737.33,740.86
2003-09-12,735.87,741.08,729.2,734.39
2003-09-15,734.4,736.71,729.21,731.52
2003-09-16,744.93,750.37,736.36,741.77
2003-09-17,737.23,738.09,734.82,735.68
2003-09-18,732.28,739.66,724.51,731.87
2003-09-19,725.37,726.3,723.69,724.62
2003-09-22,718.78,723.05,715.75,720.02
2003-09-23,722.98,725.94,718.29,721.25
2003-09-24,728.71,731.13,723.42,725.83
2003-09-25,728.28,728.51,725.78,726.01
2003-09-26,725.59,731.71,718.27,724.38
2003-09-29,716.8,720.48,713.65,717.32
2003-09-30,712.71,719.33,706.86,713.47
2003-10-01,704.51,706.73,702.63,704.85
2003-10-02,708.58,713.4,705.32,710.13
2003-10-03,716.32,718.28,713.78,715.73
2003-10-06,710.59,718.07,709.14,716.6
2003-10-07,718.77,723.96,714.75,719.93
2003-10-08,725.93,729.85,721.86,725.78
2003-10-09,732.37,733.34,725.95,726.92
2003-10-10,735.72,736.74,734.7,735.71
2003-10-13,730.47,734.4,726.45,730.38
2003-10-14,726.95,733.36,722.37,728.77
2003-10-15,730.23,735.57,721.18,726.49
2003-10-16,729.1,733.04,726.96,730.89
2003-10-17,727.22,727.98,722.06,722.81
2003-10-20,730.85,733.93,729.4,732.47
2003-10-21,738.35,741.77,732.87,736.27
2003-10-22,746.96,748.47,745.58,747.09
2003-10-23,745.76,747.72,745.05,747.02
2003-10-24,746.16,746.48,743.6,743.91
2003-10-27,751.47,751.93,748.03,748.49
2003-10-28,754.39,759.41,749.78,754.81
2003-10-29,750.53,757.16,743.94,750.58
2003-10-30,737.86,742.48,734.16,738.78
2003-10-31,728.72,729.52,727.42,728.23
2003-11-03,728.27,735.46,723.5,730.67
2003-11-04,734.45,742.29,732.61,740.43
2003-11-05,728.89,734.97,726.94,733.01
2003-11-06,731.4,734.14,729.14,731.88
2003-11-07,727.99,733.67,724.67,730.33
2003-11-10,742.57,745.35,740.04,742.83
2003-11-11,755.54,761.43,750.82,756.71
2003-11-12,757.71,762.3,754.73,759.32
2003-11-13,763.23,766.82,761.14,764.72
2003-11-14,772.1,774.6,767.36,769.86
2003-11-17,762.97,763.29,762.11,762.43
2003-11-18,770.2,773.13,763.7,766.6
2003-11-19,760.61,761.68,759.31,760.38
2003-11-20,755.03,760.42,753.99,759.38
2003-11-21,763.88,767.54,762.62,766.28
2003-11-24,767.38,770.12,764.39,767.12
2003-11-25,774.23,778.0,769.91,773.67
2003-11-26,779.91,783.32,777.88,781.28
2003-11-27,768.51,771.46,767.4,770.35
2003-11-28,755.72,760.42,752.4,757.1
2003-12-01,764.42,765.09,764.08,764.75
2003-12-02,772.12,772.37,771.99,772.24
2003-12-03,771.33,776.73,768.48,773.88
2003-12-04,776.89,778.63,774.58,776.32
2003-12-05,782.3,782.79,781.26,781.74
2003-12-08,787.63,788.37,787.14,787.89
2003-12-09,784.26,789.73,780.41,785.88
2003-12-10,793.16,794.52,790.21,791.57
2003-12-11,792.38,795.08,786.57,789.25
2003-12-12,789.5,795.13,784.95,790.57
2003-12-15,791.04,796.91,786.66,792.53
2003-12-16,788.21,788.81,786.52,787.11
2003-12-17,779.77,785.56,776.73,782.51
2003-12-18,793.09,798.4,790.84,796.14
2003-12-19,788.93,795.49,783.93,790.47
2003-12-22,794.27,796.45,791.36,793.53
2003-12-23,794.82,799.31,792.44,796.93
2003-12-24,796.34,796.76,795.97,796.39
2003-12-25,795.48,804.71,791.1,800.31
2003-12-26,803.55,804.72,800.89,802.06
2003-12-29,800.83,805.25,792.98,797.38
2003-12-30,798.32,802.46,796.38,800.51
2003-12-31,798.01,800.51,794.45,796.95
2004-01-01,806.73,817.92,796.06,807.24
2004-01-02,809.41,810.47,808.09,809.15
2004-01-05,803.67,811.21,796.73,804.26
2004-01-06,804.98,809.26,801.43,805.71
2004-01-07,797.35,800.33,796.38,799.35
2004-01-08,797.76,800.44,797.7,800.38
2004-01-09,801.06,801.61,797.88,798.43
2004-01-12,788.98,793.47,788.5,792.98
2004-01-13,787.36,789.87,784.89,787.4
2004-01-14,801.91,803.26,800.71,802.06
2004-01-15,801.91,806.5,797.44,802.03
2004-01-16,800.37,805.92,793.25,798.78
2004-01-19,793.81,800.11,788.4,794.7
2004-01-20,798.72,801.77,794.11,797.15
2004-01-21,797.46,797.53,792.68,792.74
2004-01-22,785.25,786.59,784.26,785.61
2004-01-23,780.37,787.01,778.52,785.15
2004-01-26,784.49,785.08,784.23,784.82
2004-01-27,781.46,782.73,780.75,782.02
2004-01-28,777.3,781.82,771.85,776.36
2004-01-29,769.26,774.2,768.96,773.89
2004-01-30,771.74,772.13,770.61,770.99
2004-02-02,766.55,768.79,765.29,767.52
2004-02-03,771.32,773.41,767.39,769.47
2004-02-04,782.17,785.53,780.04,783.39
2004-02-05,793.6,798.52,786.62,791.53
2004-02-06,799.64,807.42,795.53,803.28
2004-02-09,799.78,800.82,798.7,799.74
2004-02-10,807.35,810.04,807.02,809.71
2004-02-11,809.36,811.52,808.39,810.55
2004-02-12,822.72,825.22,813.59,816.06
2004-02-13,815.88,822.46,811.65,818.21
2004-02-16,814.88,817.72,812.95,815.79
2004-02-17,816.77,825.11,811.26,819.58
2004-02-18,821.09,826.56,816.39,821.85
2004-02-19,809.78,812.06,807.87,810.14
2004-02-20,807.06,811.72,804.18,808.84
2004-02-23,818.0,820.1,812.06,814.15
2004-02-24,818.09,818.29,815.07,815.27
2004-02-25,815.24,818.86,813.94,817.56
2004-02-26,814.23,823.56,802.94,812.24
2004-02-27,812.11,815.27,810.13,813.28
2004-03-01,809.83,815.36,807.3,812.83
2004-03-02,809.51,811.78,808.99,811.26
2004-03-03,803.73,807.54,802.96,806.77
2004-03-04,814.57,815.79,811.07,812.28
2004-03-05,812.02,819.73,806.46,814.16
2004-03-08,819.41,825.36,810.32,816.25
2004-03-09,829.06,831.73,826.05,828.71
2004-03-10,830.11,834.66,826.57,831.12
2004-03-11,836.75,840.01,834.75,838.01
2004-03-12,843.41,844.69,837.73,839.0
2004-03-15,836.99,839.61,834.34,836.96
2004-03-16,828.42,832.05,826.05,829.67
2004-03-17,832.8,835.41,828.06,830.67
2004-03-18,814.9,815.62,812.74,813.47
2004-03-19,812.58,815.96,811.61,814.99
2004-03-22,817.65,818.58,816.71,817.64
2004-03-23,811.61,819.76,807.91,816.04
2004-03-24,815.19,820.4,810.05,815.27
2004-03-25,808.0,815.58,799.66,807.24
2004-03-26,817.04,817.88,815.11,815.95
2004-03-29,812.08,815.53,811.08,814.52
2004-03-30,806.49,812.04,802.75,808.29
2004-03-31,812.34,817.05,807.03,811.74
2004-04-01,815.2,824.94,802.44,812.15
2004-04-02,809.93,812.59,807.04,809.7
2004-04-05,805.87,810.33,802.77,807.22
2004-04-06,809.47,815.25,801.36,807.12
2004-04-07,815.88,816.29,815.16,815.57
2004-04-08,818.76,823.77,813.31,818.32
2004-04-09,819.79,823.32,814.31,817.83
2004-04-12,823.32,823.9,822.99,823.56
2004-04-13,821.08,825.06,819.41,823.39
2004-04-14,825.21,830.31,820.5,825.59
2004-04-15,828.93,830.8,824.31,826.17
2004-04-16,834.24,839.88,823.92,829.53
2004-04-19,823.84,827.4,823.3,826.86
2004-04-20,823.28,825.88,816.66,819.25
2004-04-21,823.89,825.48,823.2,824.79
2004-04-22,834.08,836.2,831.91,834.03
2004-04-23,830.81,835.42,822.0,826.59
2004-04-26,826.96,835.7,819.24,827.98
2004-04-27,824.08,825.45,823.4,824.76
2004-04-28,828.5,831.15,827.45,830.1
2004-04-29,831.38,832.62,830.04,831.28
2004-04-30,852.88,856.17,848.79,852.08
2004-05-03,848.36,851.64,846.84,850.12
2004-05-04,862.93,864.64,857.49,859.19
2004-05-05,866.77,870.52,864.98,868.72
2004-05-06,872.34,875.6,867.79,871.04
2004-05-07,870.22,871.84,868.53,870.15
2004-05-10,873.54,875.05,868.79,870.3
2004-05-11,867.17,869.7,866.74,869.27
2004-05-12,876.96,883.7,868.73,875.46
2004-05-13,875.0,875.05,868.64,868.69
2004-05-14,862.87,869.4,860.1,866.62
2004-05-17,862.12,868.54,858.04,864.45
2004-05-18,857.77,861.1,849.13,852.44
2004-05-19,856.92,865.09,849.09,857.26
2004-05-20,863.6,866.37,860.54,863.3
2004-05-21,857.48,859.67,856.14,858.34
2004-05-24,869.09,874.25,859.67,864.8
2004-05-25,849.58,856.71,846.6,853.71
2004-05-26,856.36,860.74,848.82,853.19
2004-05-27,847.94,855.62,844.05,851.71
2004-05-28,847.65,853.85,845.46,851.65
2004-05-31,849.41,857.37,844.26,852.19
2004-06-01,850.58,858.12,843.36,850.91
2004-06-02,845.96,853.02,840.72,847.77
2004-06-03,844.54,849.23,841.82,846.5
2004-06-04,852.39,856.85,850.31,854.76
2004-06-07,848.54,852.41,846.99,850.86
2004-06-08,862.41,867.25,860.0,864.83
2004-06-09,860.46,860.66,859.65,859.85
2004-06-10,858.99,864.09,855.54,860.64
2004-06-11,856.64,864.83,855.37,863.55
2004-06-14,861.27,867.13,855.5,861.36
2004-06-15,871.49,873.41,867.63,869.54
2004-06-16,871.41,872.96,870.6,872.14
2004-06-17,866.54,872.01,864.38,869.83
2004-06-18,879.76,887.05,870.51,877.79
2004-06-21,867.09,872.79,864.98,870.67
2004-06-22,865.24,869.34,861.98,866.08
2004-06-23,868.84,872.29,865.45,868.9
2004-06-24,876.05,877.52,871.76,873.23
2004-06-25,875.88,878.1,872.15,874.36
2004-06-28,873.72,874.83,871.99,873.1
2004-06-29,872.96,874.9,868.59,870.52
2004-06-30,873.96,881.29,869.69,877.0
2004-07-01,881.84,881.93,877.6,877.68
2004-07-02,863.01,873.07,860.98,871.02
2004-07-05,868.41,868.46,864.65,864.7
2004-07-06,871.66,874.5,871.03,873.87
2004-07-07,869.29,869.38,868.2,868.3
2004-07-08,873.09,874.09,868.31,869.31
2004-07-09,878.82,884.27,871.91,877.35
2004-07-12,881.53,882.49,879.6,880.55
2004-07-13,876.89,878.6,872.92,874.62
2004-07-14,863.27,873.39,857.03,867.12
2004-07-15,875.14,879.34,874.45,878.65
2004-07-16,871.62,873.63,868.9,870.91
2004-07-19,866.59,869.24,864.46,867.11
2004-07-20,868.05,872.15,864.78,868.87
2004-07-21,869.95,870.23,866.45,866.73
2004-07-22,872.84,878.71,863.98,869.83
2004-07-23,857.12,861.62,855.0,859.49
2004-07-26,859.32,864.76,852.75,858.19
2004-07-27,858.13,864.56,855.75,862.17
2004-07-28,861.98,867.75,860.34,866.11
2004-07-29,859.43,862.04,859.13,861.74
2004-07-30,854.37,854.59,854.28,854.51
2004-08-02,854.33,856.52,853.83,856.01
2004-08-03,848.19,848.9,846.33,847.04
2004-08-04,855.31,855.63,855.03,855.35
2004-08-05,858.95,865.37,849.68,856.09
2004-08-06,852.58,853.34,850.42,851.18
2004-08-09,842.07,845.53,841.23,844.7
2004-08-10,842.73,845.12,838.07,840.46
2004-08-11,828.03,831.44,826.76,830.17
2004-08-12,834.71,838.12,830.26,833.68
2004-08-13,827.32,832.36,823.51,828.54
2004-08-16,835.44,840.4,827.19,832.13
2004-08-17,837.75,840.58,833.1,835.92
2004-08-18,840.73,847.97,835.25,842.48
2004-08-19,843.21,845.6,841.79,844.18
2004-08-20,860.01,861.46,850.21,851.65
2004-08-23,858.14,863.76,855.79,861.4
2004-08-24,860.95,866.18,857.59,862.81
2004-08-25,862.87,866.45,861.03,864.61
2004-08-26,857.56,862.55,855.58,860.56
2004-08-27,851.03,854.45,850.31,853.73
2004-08-30,862.53,862.92,862.43,862.82
2004-08-31,867.8,868.28,866.09,866.57
2004-09-01,866.43,873.77,863.28,870.6
2004-09-02,864.76,869.78,861.04,866.06
2004-09-03,874.25,878.27,872.35,876.36
2004-09-06,871.39,875.75,870.11,874.46
2004-09-07,871.05,872.63,866.88,868.45
2004-09-08,862.1,869.45,856.76,864.09
2004-09-09,870.52,875.71,868.92,874.11
2004-09-10,868.34,870.42,863.97,866.05
2004-09-13,864.12,865.24,859.77,860.88
2004-09-14,880.48,880.62,879.72,879.85
2004-09-15,882.89,887.56,880.72,885.39
2004-09-16,878.91,879.74,878.81,879.64
2004-09-17,869.97,878.93,862.74,871.68
2004-09-20,860.14,861.71,858.69,860.27
2004-09-21,862.42,865.12,857.89,860.58
2004-09-22,865.03,865.23,864.91,865.1
2004-09-23,874.81,878.36,871.27,874.82
2004-09-24,860.22,862.25,859.51,861.54
2004-09-27,854.35,856.55,850.45,852.65
2004-09-28,852.63,855.71,848.6,851.68
2004-09-29,865.4,870.4,865.2,870.2
2004-09-30,870.94,876.48,870.08,875.62
2004-10-01,876.7,881.02,873.26,877.58
2004-10-04,872.2,872.68,869.18,869.66
2004-10-05,858.17,858.68,854.67,855.18
2004-10-06,857.42,859.26,853.63,855.46
2004-10-07,854.44,858.45,850.81,854.82
2004-10-08,856.82,857.99,851.9,853.07
2004-10-11,849.47,851.49,849.3,851.32
2004-10-12,845.56,847.4,844.59,846.43
2004-10-13,836.51,841.04,835.56,840.09
2004-10-14,848.94,853.27,845.5,849.82
2004-10-15,841.86,844.28,841.63,844.04
2004-10-18,847.09,851.76,838.56,843.2
2004-10-19,846.68,847.52,842.45,843.29
2004-10-20,848.57,849.83,847.15,848.41
2004-10-21,844.1,844.72,842.3,842.92
2004-10-22,848.36,857.02,841.26,849.9
2004-10-25,840.49,848.13,839.32,846.94
2004-10-26,844.23,847.05,843.35,846.17
2004-10-27,859.56,859.96,857.24,857.64
2004-10-28,852.32,853.23,850.29,851.2
2004-10-29,855.34,857.43,854.27,856.35
2004-11-01,865.76,870.02,859.6,863.84
2004-11-02,864.51,866.24,864.0,865.73
2004-11-03,861.72,865.32,861.08,864.68
2004-11-04,880.82,881.63,878.07,878.87
2004-11-05,876.66,880.05,874.89,878.27
2004-11-08,882.09,882.43,879.04,879.38
2004-11-09,871.33,876.61,871.3,876.58
2004-11-10,875.66,881.27,871.55,877.16
2004-11-11,884.82,888.22,879.85,883.24
2004-11-12,882.09,887.23,875.66,880.79
2004-11-15,865.58,866.66,865.07,866.15
2004-11-16,870.16,870.67,868.89,869.41
2004-11-17,862.15,865.82,858.11,861.78
2004-11-18,862.81,868.63,860.87,866.68
2004-11-19,865.49,869.77,862.17,866.44
2004-11-22,873.43,874.73,871.53,872.83
2004-11-23,867.35,868.3,865.08,866.03
2004-11-24,862.01,863.3,860.89,862.18
2004-11-25,858.31,866.83,851.22,859.73
2004-11-26,846.16,856.9,838.85,849.56
2004-11-29,859.39,863.01,853.84,857.45
2004-11-30,847.99,848.92,845.44,846.36
2004-12-01,856.6,859.1,851.57,854.07
2004-12-02,854.43,860.8,850.85,857.2
2004-12-03,856.35,857.65,854.74,856.04
2004-12-06,857.44,861.81,854.86,859.23
2004-12-07,861.69,863.74,859.52,861.57
2004-12-08,866.46,870.87,854.6,858.97
2004-12-09,863.53,864.96,859.77,861.19
2004-12-10,864.38,868.73,861.99,866.34
2004-12-13,859.91,865.75,854.73,860.56
2004-12-14,862.18,866.44,858.86,863.12
2004-12-15,845.61,847.68,843.23,845.3
2004-12-16,828.79,833.77,827.62,832.59
2004-12-17,838.03,844.72,830.53,837.22
2004-12-20,830.32,840.16,825.81,835.63
2004-12-21,826.33,833.82,823.02,830.5
2004-12-22,835.95,837.41,829.51,830.96
2004-12-23,828.17,829.93,827.31,829.07
2004-12-24,826.67,826.84,822.98,823.15
2004-12-27,811.49,816.61,808.37,813.47
2004-12-28,796.09,806.66,790.61,801.14
2004-12-29,805.12,815.99,796.83,807.67
2004-12-30,812.59,816.24,802.47,806.09
2004-12-31,810.68,816.2,808.61,814.12
2005-01-03,817.08,820.18,809.66,812.75
2005-01-04,817.28,821.26,812.45,816.43
2005-01-05,817.03,822.45,811.32,816.74
2005-01-06,816.38,823.32,811.29,818.22
2005-01-07,817.79,820.92,816.88,820.01
2005-01-10,819.99,824.46,814.15,818.61
2005-01-11,814.49,821.34,804.46,811.28
2005-01-12,818.37,819.07,817.18,817.89
2005-01-13,831.93,834.27,827.76,830.09
2005-01-14,841.44,843.31,840.64,842.51
2005-01-17,845.45,846.98,838.46,839.98
2005-01-18,836.28,839.48,832.49,835.69
2005-01-19,837.8,838.28,832.25,832.72
2005-01-20,830.03,833.85,828.62,832.44
2005-01-21,832.92,836.27,829.67,833.03
2005-01-24,830.28,831.03,826.86,827.62
2005-01-25,818.77,821.3,815.88,818.42
2005-01-26,821.29,825.07,816.25,820.02
2005-01-27,794.4,797.67,793.46,796.74
2005-01-28,796.76,797.85,796.64,797.73
2005-01-31,791.3,796.06,788.63,793.38
2005-02-01,800.23,808.28,792.38,800.43
2005-02-02,808.83,809.61,808.5,809.28
2005-02-03,816.83,818.87,816.1,818.13
2005-02-04,818.49,819.71,815.72,816.94
2005-02-07,808.08,813.27,805.49,810.67
2005-02-08,801.18,809.92,797.67,806.38
2005-02-09,808.47,812.25,806.09,809.86
2005-02-10,804.97,806.44,798.33,799.8
2005-02-11,812.37,814.53,808.97,811.13
2005-02-14,808.54,814.58,804.56,810.6
2005-02-15,816.59,823.4,808.7,815.5
2005-02-16,804.07,810.14,798.32,804.39
2005-02-17,800.4,805.12,794.76,799.47
2005-02-18,789.9,791.68,786.04,787.82
2005-02-21,797.67,800.94,793.93,797.2
2005-02-22,798.08,798.5,797.38,797.79
2005-02-23,807.07,812.41,798.17,803.49
2005-02-24,806.83,809.89,802.46,805.52
2005-02-25,810.83,817.94,803.25,810.35
2005-02-28,809.94,815.0,804.78,809.84
2005-03-01,808.99,810.98,808.37,810.36
2005-03-02,808.25,816.88,802.68,811.28
2005-03-03,817.31,819.01,813.98,815.67
2005-03-04,823.31,830.72,812.79,820.17
2005-03-07,842.9,844.47,840.24,841.81
2005-03-08,856.05,859.42,851.23,854.59
2005-03-09,840.59,844.57,838.87,842.84
2005-03-10,841.29,844.32,839.78,842.8
2005-03-11,837.69,842.68,835.94,840.92
2005-03-14,850.84,853.89,848.43,851.48
2005-03-15,852.59,854.47,848.22,850.09
2005-03-16,852.42,863.54,843.11,854.21
2005-03-17,838.35,838.82,838.08,838.54
2005-03-18,830.73,831.52,828.19,828.98
2005-03-21,848.62,850.72,843.46,845.55
2005-03-22,842.7,847.33,842.26,846.89
2005-03-23,839.6,842.57,837.84,840.8
2005-03-24,841.73,846.59,838.76,843.6
2005-03-25,835.01,841.22,831.0,837.21
2005-03-28,835.95,839.57,833.29,836.91
2005-03-29,823.0,830.33,820.52,827.83
2005-03-30,822.72,825.57,820.79,823.63
2005-03-31,822.24,826.66,817.73,822.15
2005-04-01,828.82,835.76,824.51,831.43
2005-04-04,835.16,844.45,827.1,836.37
2005-04-05,842.11,843.1,841.08,842.06
2005-04-06,843.24,848.57,837.62,842.94
2005-04-07,845.65,852.95,842.54,849.82
2005-04-08,846.32,854.43,836.46,844.55
2005-04-11,842.62,844.15,839.26,840.79
2005-04-12,842.91,846.63,841.08,844.79
2005-04-13,848.1,851.46,840.51,843.85
2005-04-14,845.97,850.56,840.23,844.81
2005-04-15,845.48,849.12,841.06,844.7
2005-04-18,856.81,857.21,854.67,855.06
2005-04-19,862.51,866.39,861.32,865.19
2005-04-20,860.5,868.59,853.33,861.41
2005-04-21,851.22,854.45,846.42,849.65
2005-04-22,843.55,850.78,838.35,845.57
2005-04-25,839.78,841.56,838.89,840.67
2005-04-26,849.29,850.24,846.81,847.76
2005-04-27,856.15,856.71,854.79,855.35
2005-04-28,848.96,849.99,847.87,848.9
2005-04-29,844.71,846.36,842.91,844.56
2005-05-02,835.15,836.91,833.83,835.59
2005-05-03,839.95,844.69,833.08,837.81
2005-05-04,843.97,844.88,837.81,838.71
2005-05-05,846.29,847.83,844.0,845.55
2005-05-06,853.44,858.23,845.4,850.17
2005-05-09,854.71,857.83,852.73,855.84
2005-05-10,843.99,849.71,840.0,845.72
2005-05-11,840.34,847.32,835.37,842.33
2005-05-12,847.93,851.42,846.78,850.27
2005-05-13,846.68,853.55,840.57,847.43
2005-05-16,839.42,841.59,835.02,837.19
2005-05-17,846.78,850.06,840.98,844.24
2005-05-18,839.97,843.6,837.63,841.26
2005-05-19,849.24,850.31,848.99,850.06
2005-05-20,850.96,852.61,849.31,850.96
2005-05-23,850.92,857.01,844.25,850.33
2005-05-24,862.64,863.52,860.24,861.12
2005-05-25,851.61,855.67,848.57,852.63
2005-05-26,863.38,864.99,862.29,863.9
2005-05-27,863.6,864.29,859.42,860.11
2005-05-30,861.74,867.05,857.15,862.46
2005-05-31,863.03,867.39,860.16,864.52
2005-06-01,861.93,862.95,861.14,862.15
2005-06-02,857.82,857.91,857.52,857.62
2005-06-03,852.03,861.15,846.9,855.99
2005-06-06,849.15,854.47,844.96,850.28
2005-06-07,866.64,869.52,862.68,865.55
2005-06-08,868.18,868.3,862.87,862.99
2005-06-09,870.88,873.18,869.97,872.27
2005-06-10,882.44,882.44,880.42,880.42
2005-06-13,884.64,887.15,881.67,884.17
2005-06-14,886.83,887.01,883.56,883.75
2005-06-15,884.07,888.08,881.71,885.72
2005-06-16,893.32,895.17,888.53,890.37
2005-06-17,895.3,895.34,891.51,891.55
2005-06-20,885.04,888.34,877.93,881.22
2005-06-21,872.49,873.65,867.61,868.77
2005-06-22,881.06,883.85,877.76,880.55
2005-06-23,863.74,867.03,858.93,862.22
2005-06-24,863.59,875.72,852.56,864.68
2005-06-27,858.73,871.2,852.07,864.49
2005-06-28,867.34,867.84,866.18,866.68
2005-06-29,859.01,862.35,856.08,859.42
2005-06-30,865.58,869.11,859.56,863.09
2005-07-01,867.99,868.25,865.49,865.75
2005-07-04,884.19,888.02,883.19,887.02
2005-07-05,894.72,895.66,887.55,888.48
2005-07-06,899.79,904.31,894.23,898.74
2005-07-07,884.77,892.71,880.28,888.2
2005-07-08,893.02,901.7,887.44,896.1
2005-07-11,892.59,899.42,891.64,898.46
2005-07-12,902.81,910.63,892.93,900.74
2005-07-13,901.66,903.36,901.38,903.08
2005-07-14,913.39,923.19,905.91,915.7
2005-07-15,915.77,919.24,914.07,917.54
2005-07-18,911.36,916.92,906.63,912.18
2005-07-19,909.36,916.74,900.43,907.79
2005-07-20,909.39,916.31,906.98,913.9
2005-07-21,914.25,919.1,912.36,917.2
2005-07-22,907.34,908.65,904.77,906.07
2005-07-25,908.77,913.47,905.7,910.39
2005-07-26,904.25,906.96,899.96,902.67
2005-07-27,904.8,906.65,904.3,906.15
2005-07-28,904.78,905.32,899.99,900.53
2005-07-29,899.39,906.37,891.85,898.83
2005-08-01,898.8,904.89,889.44,895.51
2005-08-02,908.61,910.13,905.68,907.2
2005-08-03,912.12,916.64,906.03,910.54
2005-08-04,918.01,922.68,915.41,920.08
2005-08-05,944.65,945.24,940.77,941.36
2005-08-08,942.83,946.49,938.55,942.22
2005-08-09,950.22,956.13,947.05,952.95
2005-08-10,941.42,948.43,940.41,947.41
2005-08-11,956.66,958.61,954.31,956.26
2005-08-12,954.18,956.76,947.31,949.88
2005-08-15,947.56,950.71,947.0,950.15
2005-08-16,951.05,957.99,946.82,953.75
2005-08-17,957.52,960.83,955.13,958.43
2005-08-18,951.76,953.2,947.19,948.63
2005-08-19,936.8,942.09,936.7,941.99
2005-08-22,945.23,953.11,939.21,947.08
2005-08-23,941.31,947.58,937.89,944.16
2005-08-24,935.31,938.36,930.69,933.74
2005-08-25,932.87,940.12,926.01,933.27
2005-08-26,931.49,932.75,931.2,932.46
2005-08-29,934.09,937.1,931.57,934.59
2005-08-30,940.77,944.3,935.03,938.56
2005-08-31,945.16,946.87,940.28,941.99
2005-09-01,938.94,942.83,932.17,936.06
2005-09-02,934.52,937.81,929.63,932.91
2005-09-05,943.98,944.19,939.87,940.08
2005-09-06,933.27,937.65,931.51,935.89
2005-09-07,933.96,937.78,929.06,932.88
2005-09-08,928.24,934.84,915.19,921.75
2005-09-09,916.64,925.07,913.32,921.72
2005-09-12,923.36,935.43,912.78,924.84
2005-09-13,907.57,912.07,905.9,910.4
2005-09-14,903.71,906.06,900.58,902.93
2005-09-15,896.86,900.04,889.85,893.01
2005-09-16,901.07,906.37,894.33,899.62
2005-09-19,885.93,887.84,884.59,886.51
2005-09-20,888.31,892.44,882.73,886.85
2005-09-21,892.31,895.26,890.14,893.09
2005-09-22,895.8,898.06,893.02,895.28
2005-09-23,894.45,896.57,890.67,892.79
2005-09-26,901.25,903.27,894.52,896.53
2005-09-27,906.19,907.21,903.94,904.97
2005-09-28,905.35,908.86,901.25,904.76
2005-09-29,894.21,896.8,886.2,888.78
2005-09-30,892.93,899.06,892.08,898.2
2005-10-03,902.57,908.12,897.27,902.82
2005-10-04,901.46,904.1,900.84,903.47
2005-10-05,889.03,890.83,887.87,889.67
2005-10-06,890.24,893.92,884.95,888.63
2005-10-07,885.93,888.89,880.37,883.33
2005-10-10,875.04,880.97,870.49,876.41
2005-10-11,878.63,881.2,874.31,876.87
2005-10-12,872.0,874.83,871.52,874.35
2005-10-13,869.03,874.87,866.56,872.39
2005-10-14,879.67,879.7,879.44,879.48
2005-10-17,883.07,885.29,881.43,883.65
2005-10-18,885.28,891.76,874.88,881.34
2005-10-19,883.74,886.91,874.99,878.14
2005-10-20,874.66,878.85,872.07,876.26
2005-10-21,871.21,885.15,862.07,875.97
2005-10-24,879.1,884.02,877.81,882.72
2005-10-25,874.18,878.81,871.76,876.38
2005-10-26,889.47,889.95,888.44,888.92
2005-10-27,893.97,897.87,890.77,894.67
2005-10-28,872.08,879.77,867.72,875.39
2005-10-31,883.19,883.36,878.31,878.48
2005-11-01,889.45,893.2,883.95,887.68
2005-11-02,896.52,897.08,891.27,891.82
2005-11-03,885.05,893.92,881.0,889.85
2005-11-04,893.97,899.78,884.79,890.57
2005-11-07,893.04,893.53,892.96,893.44
2005-11-08,899.3,902.3,897.36,900.36
2005-11-09,890.76,891.72,889.74,890.69
2005-11-10,885.46,888.6,884.19,887.32
2005-11-11,900.53,902.15,899.29,900.91
2005-11-14,905.08,908.88,898.73,902.52
2005-11-15,909.61,917.28,907.35,915.0
2005-11-16,942.44,943.92,936.75,938.23
2005-11-17,935.89,939.18,931.5,934.79
2005-11-18,925.8,931.11,920.78,926.1
2005-11-21,927.59,930.38,922.21,924.99
2005-11-22,934.85,940.03,928.66,933.84
2005-11-23,942.21,945.64,940.14,943.56
2005-11-24,958.68,962.5,957.09,960.91
2005-11-25,964.8,970.15,955.16,960.48
2005-11-28,960.14,965.78,958.79,964.42
2005-11-29,958.27,961.26,955.85,958.84
2005-11-30,935.82,940.3,935.32,939.8
2005-12-01,941.25,948.31,932.82,939.87
2005-12-02,931.26,933.05,929.74,931.53
2005-12-05,933.99,946.31,925.22,937.51
2005-12-06,921.3,924.93,920.09,923.71
2005-12-07,918.96,919.99,917.82,918.84
2005-12-08,922.49,922.98,921.21,921.7
2005-12-09,919.93,928.75,916.5,925.3
2005-12-12,924.25,928.68,921.77,926.21
2005-12-13,941.54,944.15,938.48,941.09
2005-12-14,956.89,962.38,947.95,953.43
2005-12-15,950.81,952.73,946.5,948.42
2005-12-16,959.62,964.05,956.51,960.93
2005-12-19,977.87,984.44,968.39,974.95
2005-12-20,972.87,978.57,968.1,973.8
2005-12-21,964.84,979.14,959.71,973.96
2005-12-22,977.6,979.71,971.3,973.4
2005-12-23,969.66,971.79,966.2,968.33
2005-12-26,965.23,966.2,963.72,964.69
2005-12-27,974.79,977.95,971.61,974.77
2005-12-28,978.83,981.31,975.46,977.94
2005-12-29,973.52,975.27,971.75,973.5
2005-12-30,965.48,974.33,957.47,966.31
2006-01-02,959.08,962.32,957.72,960.96
2006-01-03,960.07,964.0,955.92,959.85
2006-01-04,964.43,968.36,963.07,966.99
2006-01-05,957.16,966.88,950.76,960.46
2006-01-06,968.3,968.39,967.42,967.51
2006-01-09,972.47,973.06,969.04,969.62
2006-01-10,968.4,976.41,962.73,970.72
2006-01-11,976.74,984.46,970.86,978.57
2006-01-12,979.85,986.35,978.38,984.86
2006-01-13,969.99,978.57,965.28,973.84
2006-01-16,962.35,966.62,961.78,966.05
2006-01-17,967.23,971.56,960.09,964.41
2006-01-18,962.26,967.68,961.87,967.29
2006-01-19,979.21,983.51,973.57,977.87
2006-01-20,977.49,982.96,972.8,978.27
2006-01-23,993.62,996.47,988.98,991.82
2006-01-24,989.49,992.43,983.12,986.04
2006-01-25,981.59,983.33,979.94,981.68
2006-01-26,982.52,985.48,976.24,979.19
2006-01-27,977.35,980.84,969.35,972.82
2006-01-30,986.33,986.95,981.74,982.36
2006-01-31,958.98,962.12,957.78,960.92
2006-02-01,951.53,957.92,950.8,957.18
2006-02-02,966.3,967.74,965.23,966.67
2006-02-03,965.24,966.3,963.67,964.73
2006-02-06,968.9,982.25,961.3,974.61
2006-02-07,992.12,994.01,990.05,991.94
2006-02-08,984.92,994.6,982.92,992.59
2006-02-09,1006.29,1006.91,1001.04,1001.65
2006-02-10,1021.69,1026.7,1015.22,1020.22
2006-02-13,1021.48,1029.16,1016.33,1023.99
2006-02-14,1023.48,1023.81,1022.76,1023.09
2006-02-15,1030.36,1038.41,1021.54,1029.58
2006-02-16,1039.66,1047.27,1030.56,1038.16
2006-02-17,1037.29,1038.79,1035.58,1037.08
2006-02-20,1036.66,1038.5,1031.9,1033.73
2006-02-21,1042.47,1051.57,1037.37,1046.45
2006-02-22,1043.05,1044.04,1042.46,1043.45
2006-02-23,1057.58,1060.33,1049.2,1051.94
2006-02-24,1051.91,1055.43,1049.5,1053.02
2006-02-27,1068.25,1068.45,1067.28,1067.48
2006-02-28,1056.45,1063.72,1052.36,1059.61
2006-03-01,1060.13,1063.79,1049.69,1053.32
2006-03-02,1059.87,1062.11,1056.73,1058.96
2006-03-03,1044.99,1059.09,1034.89,1048.96
2006-03-06,1053.25,1058.58,1044.5,1049.81
2006-03-07,1057.61,1063.39,1055.26,1061.03
2006-03-08,1048.01,1048.37,1045.5,1045.86
2006-03-09,1051.42,1051.83,1047.77,1048.18
2006-03-10,1063.25,1067.39,1052.7,1056.82
2006-03-13,1057.17,1061.62,1052.02,1056.46
2006-03-14,1048.31,1050.49,1045.97,1048.15
2006-03-15,1038.89,1047.62,1036.53,1045.25
2006-03-16,1036.44,1041.54,1032.77,1037.86
2006-03-17,1035.56,1040.03,1033.32,1037.79
2006-03-20,1035.3,1038.17,1032.99,1035.86
2006-03-21,1029.65,1032.82,1028.09,1031.26
2006-03-22,1036.93,1042.29,1029.14,1034.49
2006-03-23,1044.7,1046.62,1044.55,1046.46
2006-03-24,1049.81,1051.35,1046.79,1048.32
2006-03-27,1058.7,1059.32,1058.45,1059.07
2006-03-28,1068.62,1073.16,1066.09,1070.62
2006-03-29,1062.53,1066.8,1060.54,1064.81
2006-03-30,1066.69,1072.09,1060.55,1065.94
2006-03-31,1065.88,1069.16,1058.24,1061.51
2006-04-03,1046.98,1050.53,1045.73,1049.28
2006-04-04,1051.47,1063.01,1039.79,1051.32
2006-04-05,1043.67,1044.88,1040.94,1042.15
2006-04-06,1045.31,1050.67,1040.01,1045.37
2006-04-07,1026.87,1034.3,1024.91,1032.33
2006-04-10,1035.47,1038.61,1030.85,1033.99
2006-04-11,1016.44,1022.61,1014.89,1021.05
2006-04-12,1021.65,1027.51,1020.39,1026.25
2006-04-13,1018.84,1025.45,1016.25,1022.85
2006-04-14,1018.26,1026.32,1010.7,1018.75
2006-04-17,1025.37,1028.69,1025.02,1028.34
2006-04-18,1021.09,1027.37,1019.22,1025.5
2006-04-19,1027.35,1032.36,1021.16,1026.18
2006-04-20,1024.29,1028.04,1020.62,1024.37
2006-04-21,1030.59,1035.72,1023.12,1028.25
2006-04-24,1034.79,1037.85,1034.0,1037.06
2006-04-25,1043.14,1047.03,1039.45,1043.34
2006-04-26,1041.59,1044.86,1035.84,1039.09
2006-04-27,1044.22,1050.8,1041.77,1048.35
2006-04-28,1038.35,1043.91,1034.86,1040.41
2006-05-01,1037.98,1040.02,1032.87,1034.9
2006-05-02,1033.74,1036.41,1031.01,1033.68
2006-05-03,1041.44,1045.65,1037.7,1041.91
2006-05-04,1032.08,1040.43,1023.85,1032.2
2006-05-05,1043.05,1046.6,1035.71,1039.24
2006-05-08,1039.41,1043.0,1035.89,1039.48
2006-05-09,1035.91,1037.56,1034.12,1035.77
2006-05-10,1044.4,1048.9,1039.96,1044.46
2006-05-11,1032.66,1038.15,1032.2,1037.69
2006-05-12,1057.53,1062.5,1050.97,1055.93
2006-05-15,1052.34,1060.39,1046.9,1054.94
2006-05-16,1051.68,1059.92,1047.46,1055.68
2006-05-17,1062.07,1070.09,1059.65,1067.66
2006-05-18,1063.45,1068.7,1063.13,1068.38
2006-05-19,1069.95,1077.48,1069.75,1077.28
2006-05-22,1058.3,1064.71,1055.17,1061.57
2006-05-23,1056.07,1061.64,1051.89,1057.45
2006-05-24,1063.59,1066.38,1057.44,1060.22
2006-05-25,1068.68,1075.99,1061.18,1068.49
2006-05-26,1074.9,1076.14,1072.84,1074.08
2006-05-29,1083.92,1084.17,1079.52,1079.77
2006-05-30,1078.25,1089.48,1076.35,1087.56
2006-05-31,1091.72,1092.45,1089.71,1090.44
2006-06-01,1072.75,1080.45,1064.05,1071.74
2006-06-02,1085.11,1088.64,1078.92,1082.44
2006-06-05,1068.82,1077.78,1065.66,1074.61
2006-06-06,1074.23,1077.66,1072.67,1076.09
2006-06-07,1073.46,1078.77,1071.16,1076.46
2006-06-08,1071.59,1076.69,1070.64,1075.74
2006-06-09,1073.06,1073.49,1065.24,1065.67
2006-06-12,1047.44,1057.29,1039.39,1049.22
2006-06-13,1043.41,1043.71,1040.23,1040.52
2006-06-14,1049.08,1054.67,1041.29,1046.87
2006-06-15,1030.13,1037.48,1027.26,1034.6
2006-06-16,1025.56,1030.78,1021.97,1027.18
2006-06-19,1030.87,1031.51,1030.04,1030.68
2006-06-20,1023.36,1031.05,1014.47,1022.15
2006-06-21,1018.75,1023.99,1012.5,1017.74
2006-06-22,1023.85,1024.79,1017.56,1018.5
2006-06-23,1023.67,1024.94,1019.61,1020.88
2006-06-26,1014.58,1019.4,1007.77,1012.58
2006-06-27,1016.88,1025.12,1005.73,1013.94
2006-06-28,1021.5,1021.96,1016.91,1017.37
2006-06-29,1005.23,1009.29,1003.06,1007.11
2006-06-30,1004.4,1015.21,998.41,1009.19
2006-07-03,1002.63,1005.43,1001.65,1004.45
2006-07-04,1002.01,1009.63,998.54,1006.15
2006-07-05,1009.73,1017.33,1005.13,1012.72
2006-07-06,1012.12,1022.08,1001.87,1011.82
2006-07-07,1018.15,1021.92,1016.09,1019.85
2006-07-10,1029.52,1034.72,1022.33,1027.52
2006-07-11,1036.18,1038.1,1033.33,1035.24
2006-07-12,1039.82,1040.82,1037.69,1038.69
2006-07-13,1043.81,1051.6,1040.01,1047.78
2006-07-14,1048.09,1060.12,1038.85,1050.85
2006-07-17,1031.91,1045.25,1024.57,1037.86
2006-07-18,1033.26,1035.11,1029.67,1031.51
2006-07-19,1035.99,1045.11,1020.97,1030.05
2006-07-20,1030.2,1032.56,1027.28,1029.64
2006-07-21,1033.74,1036.36,1030.28,1032.91
2006-07-24,1025.7,1028.31,1024.74,1027.34
2006-07-25,1043.59,1047.73,1040.13,1044.27
2006-07-26,1047.49,1050.25,1040.76,1043.5
2006-07-27,1043.82,1045.32,1042.04,1043.54
2006-07-28,1040.12,1043.45,1034.79,1038.12
2006-07-31,1034.9,1040.35,1025.45,1030.88
2006-08-01,1033.4,1036.6,1026.81,1030.0
2006-08-02,1031.03,1038.93,1023.02,1030.93
2006-08-03,1031.23,1037.23,1024.91,1030.9
2006-08-04,1044.07,1047.69,1041.67,1045.29
2006-08-07,1047.64,1053.9,1039.83,1046.08
2006-08-08,1044.53,1050.8,1039.57,1045.83
2006-08-09,1054.18,1060.6,1046.66,1053.08
2006-08-10,1055.29,1060.81,1046.52,1052.02
2006-08-11,1051.54,1057.84,1050.59,1056.88
2006-08-14,1042.12,1058.65,1031.49,1047.96
2006-08-15,1037.77,1042.82,1032.85,1037.91
2006-08-16,1041.74,1044.38,1037.02,1039.66
2006-08-17,1039.33,1046.53,1031.25,1038.44
2006-08-18,1028.69,1034.79,1026.35,1032.44
2006-08-21,1038.5,1041.71,1032.5,1035.7
2006-08-22,1044.25,1045.03,1037.52,1038.3
2006-08-23,1030.49,1039.01,1024.68,1033.18
2006-08-24,1027.53,1029.87,1027.43,1029.77
2006-08-25,1032.67,1035.97,1029.3,1032.59
2006-08-28,1025.96,1037.38,1014.93,1026.35
2006-08-29,1026.1,1029.86,1018.65,1022.41
2006-08-30,1028.99,1036.93,1020.17,1028.11
2006-08-31,1028.13,1033.73,1023.44,1029.03
2006-09-01,1023.94,1026.84,1022.87,1025.76
2006-09-04,1015.23,1021.95,1013.2,1019.91
2006-09-05,1016.6,1017.17,1011.86,1012.44
2006-09-06,1014.46,1014.78,1012.22,1012.55
2006-09-07,1030.58,1034.41,1027.03,1030.86
2006-09-08,1036.85,1038.58,1034.78,1036.51
2006-09-11,1026.53,1027.57,1025.82,1026.86
2006-09-12,1028.35,1036.62,1025.58,1033.83
2006-09-13,1023.89,1028.96,1023.21,1028.27
2006-09-14,1028.58,1029.94,1027.85,1029.21
2006-09-15,1024.52,1026.01,1023.71,1025.2
2006-09-18,1044.17,1044.53,1043.85,1044.21
2006-09-19,1040.58,1046.44,1029.47,1035.31
2006-09-20,1037.96,1043.13,1033.7,1038.86
2006-09-21,1031.51,1037.31,1028.08,1033.87
2006-09-22,1041.24,1050.61,1031.7,1041.08
2006-09-25,1040.82,1050.21,1035.84,1045.2
2006-09-26,1057.1,1059.46,1054.25,1056.61
2006-09-27,1060.93,1070.34,1053.85,1063.24
2006-09-28,1058.47,1063.66,1052.57,1057.76
2006-09-29,1082.5,1084.51,1081.09,1083.09
2006-10-02,1088.44,1089.88,1087.47,1088.9
2006-10-03,1086.2,1093.12,1077.25,1084.16
2006-10-04,1088.36,1093.9,1080.43,1085.96
2006-10-05,1098.02,1102.29,1087.12,1091.37
2006-10-06,1098.63,1103.66,1091.33,1096.35
2006-10-09,1100.48,1106.08,1095.69,1101.29
2006-10-10,1107.2,1110.22,1106.29,1109.31
2006-10-11,1117.51,1120.95,1112.91,1116.35
2006-10-12,1113.44,1118.4,1103.65,1108.58
2006-10-13,1129.16,1129.9,1125.52,1126.26
2006-10-16,1140.88,1145.21,1138.99,1143.32
2006-10-17,1150.74,1151.51,1148.42,1149.18
2006-10-18,1149.17,1151.47,1146.11,1148.4
2006-10-19,1151.41,1157.19,1142.04,1147.8
2006-10-20,1144.99,1152.76,1136.19,1143.95
2006-10-23,1143.1,1143.81,1141.48,1142.2
2006-10-24,1118.5,1128.96,1112.05,1122.48
2006-10-25,1137.81,1138.63,1134.28,1135.11
2006-10-26,1139.69,1151.43,1132.76,1144.47
2006-10-27,1129.4,1133.73,1124.77,1129.1
2006-10-30,1135.13,1139.37,1132.78,1137.01
2006-10-31,1134.1,1138.43,1131.86,1136.18
2006-11-01,1135.46,1139.81,1129.14,1133.48
2006-11-02,1137.12,1140.5,1133.74,1137.13
2006-11-03,1113.38,1124.39,1110.43,1121.43
2006-11-06,1121.35,1128.61,1114.77,1122.02
2006-11-07,1121.07,1124.37,1119.08,1122.38
2006-11-08,1126.98,1128.53,1121.2,1122.75
2006-11-09,1106.45,1112.43,1104.62,1110.59
2006-11-10,1120.79,1121.77,1113.42,1114.38
2006-11-13,1127.34,1134.66,1117.16,1124.45
2006-11-14,1126.73,1135.95,1118.46,1127.67
2006-11-15,1123.91,1125.63,1123.61,1125.32
2006-11-16,1146.15,1152.4,1142.12,1148.35
2006-11-17,1140.67,1141.43,1138.82,1139.58
2006-11-20,1144.07,1149.02,1141.84,1146.78
2006-11-21,1147.82,1153.35,1142.69,1148.22
2006-11-22,1161.24,1165.44,1160.83,1165.03
2006-11-23,1169.88,1174.96,1162.32,1167.39
2006-11-24,1172.17,1178.14,1165.6,1171.57
2006-11-27,1174.28,1177.28,1172.93,1175.93
2006-11-28,1164.67,1167.08,1163.11,1165.51
2006-11-29,1154.56,1158.11,1153.42,1156.96
2006-11-30,1154.85,1156.07,1152.55,1153.77
2006-12-01,1157.27,1164.14,1154.79,1161.65
2006-12-04,1167.22,1176.07,1155.23,1164.07
2006-12-05,1162.05,1166.09,1157.4,1161.44
2006-12-06,1171.14,1177.06,1166.8,1172.71
2006-12-07,1156.41,1157.56,1153.24,1154.38
2006-12-08,1143.75,1150.4,1135.78,1142.42
2006-12-11,1117.78,1127.86,1111.24,1121.3
2006-12-12,1136.46,1137.96,1130.52,1132.02
2006-12-13,1122.59,1131.98,1121.69,1131.06
2006-12-14,1143.22,1147.12,1135.6,1139.49
2006-12-15,1137.75,1141.17,1134.89,1138.31
2006-12-18,1151.69,1151.91,1148.06,1148.28
2006-12-19,1151.76,1154.01,1144.57,1146.81
2006-12-20,1148.63,1153.14,1145.61,1150.11
2006-12-21,1150.75,1155.76,1147.07,1152.07
2006-12-22,1155.75,1162.16,1148.25,1154.66
2006-12-25,1166.3,1170.75,1165.83,1170.28
2006-12-26,1154.05,1157.08,1152.16,1155.2
2006-12-27,1152.75,1154.86,1152.08,1154.19
2006-12-28,1151.46,1159.22,1147.82,1155.57
2006-12-29,1153.99,1155.81,1153.79,1155.61
2007-01-01,1155.14,1160.68,1147.0,1152.53
2007-01-02,1149.4,1153.78,1142.69,1147.06
2007-01-03,1159.4,1164.58,1154.84,1160.02
2007-01-04,1158.73,1160.7,1156.55,1158.51
2007-01-05,1178.24,1188.12,1169.44,1179.32
2007-01-08,1176.78,1183.54,1176.27,1183.03
2007-01-09,1175.54,1179.46,1175.22,1179.14
2007-01-10,1186.21,1195.54,1173.5,1182.81
2007-01-11,1186.71,1188.29,1180.89,1182.47
2007-01-12,1190.02,1198.34,1184.77,1193.09
2007-01-15,1185.45,1185.85,1181.08,1181.48
2007-01-16,1160.0,1166.12,1158.09,1164.2
2007-01-17,1164.67,1173.39,1157.78,1166.48
2007-01-18,1172.53,1177.85,1167.62,1172.95
2007-01-19,1173.43,1178.93,1168.9,1174.4
2007-01-22,1177.08,1184.17,1172.46,1179.53
2007-01-23,1183.44,1187.4,1179.04,1182.99
2007-01-24,1171.26,1181.54,1158.28,1168.54
2007-01-25,1164.95,1172.45,1162.57,1170.05
2007-01-26,1181.2,1183.77,1178.19,1180.76
2007-01-29,1184.75,1185.39,1180.7,1181.33
2007-01-30,1166.99,1170.1,1165.33,1168.44
2007-01-31,1162.58,1167.21,1159.87,1164.49
2007-02-01,1165.5,1168.74,1165.25,1168.48
2007-02-02,1190.67,1194.02,1180.24,1183.57
2007-02-05,1170.56,1180.45,1155.5,1165.34
2007-02-06,1166.7,1170.41,1164.03,1167.73
2007-02-07,1162.65,1169.18,1152.05,1158.55
2007-02-08,1160.56,1163.11,1159.84,1162.39
2007-02-09,1166.33,1168.9,1164.31,1166.88
2007-02-12,1160.65,1169.55,1155.46,1164.35
2007-02-13,1162.74,1171.24,1160.72,1169.21
2007-02-14,1176.46,1179.01,1175.96,1178.51
2007-02-15,1174.48,1183.89,1166.58,1175.98
2007-02-16,1164.53,1168.54,1159.04,1163.04
2007-02-19,1177.74,1178.72,1174.46,1175.43
2007-02-20,1181.43,1188.29,1175.01,1181.86
2007-02-21,1182.28,1191.67,1176.43,1185.8
2007-02-22,1176.13,1180.92,1173.66,1178.45
2007-02-23,1191.9,1196.21,1181.95,1186.24
2007-02-26,1206.01,1213.16,1196.6,1203.74
2007-02-27,1206.27,1209.74,1197.69,1201.14
2007-02-28,1206.93,1211.27,1196.21,1200.53
2007-03-01,1187.71,1195.85,1181.93,1190.06
2007-03-02,1185.62,1192.3,1176.06,1182.71
2007-03-05,1170.19,1174.45,1169.11,1173.37
2007-03-06,1177.64,1181.09,1170.57,1174.0
2007-03-07,1173.31,1176.65,1167.08,1170.41
2007-03-08,1165.86,1175.38,1163.78,1173.3
2007-03-09,1166.19,1167.72,1163.25,1164.78
2007-03-12,1160.97,1166.81,1158.13,1163.96
2007-03-13,1153.92,1158.73,1150.29,1155.1
2007-03-14,1154.39,1157.98,1153.1,1156.68
2007-03-15,1144.97,1145.52,1141.31,1141.86
2007-03-16,1141.06,1149.63,1134.84,1143.4
2007-03-19,1137.66,1144.59,1135.12,1142.04
2007-03-20,1141.11,1145.06,1139.95,1143.89
2007-03-21,1128.42,1135.79,1121.79,1129.15
2007-03-22,1136.95,1139.34,1133.16,1135.55
2007-03-23,1137.28,1140.92,1129.59,1133.22
2007-03-26,1138.34,1142.09,1132.85,1136.59
2007-03-27,1122.01,1122.08,1119.98,1120.04
2007-03-28,1111.97,1113.04,1108.44,1109.51
2007-03-29,1109.62,1110.86,1105.67,1106.91
2007-03-30,1123.85,1129.52,1114.72,1120.37
2007-04-02,1134.93,1137.13,1124.29,1126.46
2007-04-03,1130.86,1136.42,1122.61,1128.15
2007-04-04,1121.21,1122.12,1119.34,1120.24
2007-04-05,1109.29,1113.44,1106.7,1110.84
2007-04-06,1115.23,1120.86,1108.57,1114.19
2007-04-09,1125.93,1126.62,1121.35,1122.04
2007-04-10,1120.48,1125.24,1119.83,1124.59
2007-04-11,1145.06,1150.0,1135.83,1140.75
2007-04-12,1133.38,1135.64,1132.57,1134.83
2007-04-13,1136.09,1144.15,1128.82,1136.88
2007-04-16,1124.3,1132.45,1114.4,1122.54
2007-04-17,1123.37,1133.43,1115.1,1125.15
2007-04-18,1140.76,1148.58,1131.38,1139.19
2007-04-19,1126.15,1130.82,1125.4,1130.06
2007-04-20,1141.29,1145.33,1134.28,1138.3
2007-04-23,1153.26,1161.4,1144.44,1152.58
2007-04-24,1146.41,1151.38,1141.45,1146.42
2007-04-25,1151.91,1157.65,1145.22,1150.96
2007-04-26,1165.52,1173.99,1157.12,1165.59
2007-04-27,1169.15,1178.59,1158.18,1167.6
2007-04-30,1174.68,1178.86,1171.23,1175.41
2007-05-01,1158.05,1161.75,1155.37,1159.06
2007-05-02,1158.76,1166.37,1157.33,1164.94
2007-05-03,1174.77,1176.09,1168.67,1169.98
2007-05-04,1153.99,1165.56,1146.48,1158.03
2007-05-07,1156.58,1167.25,1140.37,1151.0
2007-05-08,1156.35,1165.59,1147.95,1157.19
2007-05-09,1159.15,1160.14,1153.95,1154.93
2007-05-10,1169.4,1172.43,1162.74,1165.76
2007-05-11,1172.39,1177.11,1164.3,1169.01
2007-05-14,1171.41,1175.38,1167.29,1171.25
2007-05-15,1165.82,1174.59,1161.25,1170.01
2007-05-16,1172.45,1176.8,1168.74,1173.09
2007-05-17,1179.73,1188.16,1172.41,1180.84
2007-05-18,1185.6,1186.89,1184.68,1185.97
2007-05-21,1179.18,1186.91,1175.83,1183.54
2007-05-22,1194.2,1197.34,1192.09,1195.22
2007-05-23,1190.77,1202.48,1189.6,1201.3
2007-05-24,1203.66,1213.94,1194.48,1204.75
2007-05-25,1205.87,1210.39,1200.9,1205.42
2007-05-28,1208.46,1217.83,1201.94,1211.3
2007-05-29,1193.02,1204.69,1182.32,1193.99
2007-05-30,1196.91,1199.53,1193.71,1196.33
2007-05-31,1215.36,1216.58,1210.46,1211.67
2007-06-01,1216.94,1223.04,1207.03,1213.1
2007-06-04,1212.9,1217.97,1206.73,1211.79
2007-06-05,1204.81,1205.97,1203.76,1204.91
2007-06-06,1209.59,1216.09,1201.82,1208.31
2007-06-07,1211.73,1215.6,1201.37,1205.22
2007-06-08,1218.01,1220.26,1213.94,1216.18
2007-06-11,1206.89,1209.66,1203.18,1205.95
2007-06-12,1204.35,1207.75,1197.09,1200.48
2007-06-13,1193.92,1196.05,1191.61,1193.74
2007-06-14,1206.65,1214.71,1201.71,1209.75
2007-06-15,1208.29,1216.82,1198.11,1206.63
2007-06-18,1200.1,1201.19,1198.39,1199.48
2007-06-19,1178.15,1180.76,1176.31,1178.92
2007-06-20,1171.61,1173.56,1167.75,1169.7
2007-06-21,1167.62,1176.36,1165.28,1174.0
2007-06-22,1176.26,1183.19,1171.25,1178.17
2007-06-25,1167.54,1177.74,1160.44,1170.62
2007-06-26,1161.76,1168.45,1157.78,1164.46
2007-06-27,1180.59,1186.41,1175.31,1181.13
2007-06-28,1201.9,1205.28,1201.8,1205.19
2007-06-29,1220.55,1224.16,1210.85,1214.44
2007-07-02,1226.92,1232.07,1220.11,1225.26
2007-07-03,1235.71,1239.98,1234.4,1238.66
2007-07-04,1249.26,1261.75,1243.36,1255.82
2007-07-05,1247.24,1251.67,1245.0,1249.43
2007-07-06,1236.63,1239.78,1234.71,1237.85
2007-07-09,1245.98,1253.92,1240.42,1248.35
2007-07-10,1245.37,1248.61,1232.72,1235.94
2007-07-11,1217.11,1224.75,1215.55,1223.18
2007-07-12,1211.07,1213.64,1208.32,1210.89
2007-07-13,1206.32,1207.88,1205.23,1206.79
2007-07-16,1182.14,1186.22,1178.96,1183.03
2007-07-17,1160.83,1174.79,1153.69,1167.62
2007-07-18,1159.71,1159.95,1159.62,1159.86
2007-07-19,1147.68,1151.02,1143.72,1147.06
2007-07-20,1157.35,1157.49,1154.76,1154.89
2007-07-23,1151.85,1153.79,1148.24,1150.18
2007-07-24,1157.64,1160.97,1150.12,1153.43
2007-07-25,1148.49,1156.83,1147.26,1155.59
2007-07-26,1150.81,1151.96,1150.48,1151.63
2007-07-27,1167.12,1170.36,1155.19,1158.41
2007-07-30,1161.04,1163.0,1155.4,1157.36
2007-07-31,1147.21,1161.88,1137.6,1152.23
2007-08-01,1136.14,1136.78,1135.19,1135.84
2007-08-02,1135.14,1141.79,1132.09,1138.72
2007-08-03,1124.24,1126.44,1123.49,1125.69
2007-08-06,1131.7,1134.27,1122.39,1124.95
2007-08-07,1127.23,1131.76,1119.49,1124.0
2007-08-08,1105.28,1116.3,1099.35,1110.34
2007-08-09,1108.68,1115.75,1104.17,1111.23
2007-08-10,1111.48,1117.18,1105.79,1111.48
2007-08-13,1108.33,1109.42,1108.13,1109.21
2007-08-14,1110.05,1114.16,1104.89,1109.0
2007-08-15,1099.21,1102.67,1098.32,1101.77
2007-08-16,1104.34,1110.91,1098.99,1105.56
2007-08-17,1095.46,1100.06,1093.46,1098.05
2007-08-20,1083.62,1090.08,1078.37,1084.82
2007-08-21,1091.82,1097.08,1084.27,1089.52
2007-08-22,1097.34,1102.75,1090.96,1096.37
2007-08-23,1097.85,1103.38,1094.64,1100.17
2007-08-24,1100.53,1100.87,1096.46,1096.8
2007-08-27,1079.43,1084.29,1071.15,1076.0
2007-08-28,1087.62,1089.48,1085.75,1087.62
2007-08-29,1068.51,1075.33,1062.51,1069.33
2007-08-30,1078.98,1085.96,1066.36,1073.3
2007-08-31,1095.52,1102.31,1083.5,1090.26
2007-09-03,1082.86,1095.61,1075.08,1087.8
2007-09-04,1092.42,1099.74,1081.24,1088.52
2007-09-05,1095.59,1095.99,1089.55,1089.95
2007-09-06,1091.92,1092.26,1089.43,1089.77
2007-09-07,1106.36,1112.47,1101.81,1107.91
2007-09-10,1094.34,1098.56,1091.26,1095.47
2007-09-11,1090.68,1098.83,1077.0,1085.11
2007-09-12,1083.09,1085.75,1077.74,1080.38
2007-09-13,1095.02,1096.62,1091.62,1093.23
2007-09-14,1093.77,1099.59,1080.38,1086.16
2007-09-17,1081.51,1089.12,1077.2,1084.79
2007-09-18,1091.36,1097.94,1085.08,1091.66
2007-09-19,1096.51,1096.56,1095.84,1095.89
2007-09-20,1101.29,1103.31,1099.97,1101.99
2007-09-21,1105.13,1111.32,1105.08,1111.27
2007-09-24,1111.33,1111.78,1107.56,1108.0
2007-09-25,1098.87,1106.28,1093.96,1101.36
2007-09-26,1097.31,1107.62,1089.56,1099.85
2007-09-27,1093.13,1096.44,1091.01,1094.31
2007-09-28,1111.8,1112.63,1111.75,1112.57
2007-10-01,1101.0,1104.54,1097.86,1101.4
2007-10-02,1106.07,1108.29,1100.66,1102.88
2007-10-03,1091.78,1099.78,1079.99,1087.96
2007-10-04,1085.95,1092.56,1080.18,1086.79
2007-10-05,1080.23,1082.9,1079.5,1082.17
2007-10-08,1082.93,1090.41,1075.87,1083.35
2007-10-09,1083.9,1092.33,1078.39,1086.81
2007-10-10,1095.93,1098.02,1093.93,1096.02
2007-10-11,1101.22,1104.55,1101.04,1104.36
2007-10-12,1108.06,1109.89,1099.22,1101.03
2007-10-15,1088.81,1089.16,1088.05,1088.4
2007-10-16,1077.4,1083.01,1073.54,1079.14
2007-10-17,1081.52,1083.46,1077.3,1079.24
2007-10-18,1074.14,1078.56,1073.71,1078.13
2007-10-19,1075.53,1080.54,1072.83,1077.83
2007-10-22,1070.28,1074.24,1064.97,1068.92
2007-10-23,1078.68,1085.09,1071.83,1078.24
2007-10-24,1067.22,1071.63,1059.48,1063.87
2007-10-25,1048.25,1057.98,1047.18,1056.9
2007-10-26,1048.72,1052.18,1042.7,1046.15
2007-10-29,1038.75,1042.5,1036.7,1040.45
2007-10-30,1044.92,1056.38,1037.17,1048.6
2007-10-31,1038.87,1044.3,1038.85,1044.27
2007-11-01,1041.99,1045.42,1040.31,1043.73
2007-11-02,1052.1,1054.26,1044.96,1047.1
2007-11-05,1043.31,1047.64,1035.97,1040.29
2007-11-06,1046.49,1049.87,1038.02,1041.38
2007-11-07,1041.03,1045.97,1036.44,1041.38
2007-11-08,1030.72,1034.02,1027.1,1030.39
2007-11-09,1020.05,1025.82,1019.14,1024.9
2007-11-12,1019.06,1031.13,1011.87,1023.91
2007-11-13,1031.83,1038.43,1025.69,1032.29
2007-11-14,1036.15,1054.5,1022.16,1040.45
2007-11-15,1052.12,1055.17,1051.77,1054.83
2007-11-16,1056.32,1057.31,1055.2,1056.19
2007-11-19,1052.26,1061.96,1038.59,1048.26
2007-11-20,1045.37,1047.22,1043.5,1045.34
2007-11-21,1037.82,1044.87,1035.04,1042.08
2007-11-22,1030.89,1037.59,1029.87,1036.56
2007-11-23,1037.69,1043.27,1031.75,1037.32
2007-11-26,1034.3,1036.85,1033.71,1036.25
2007-11-27,1025.16,1026.6,1023.37,1024.8
2007-11-28,1030.55,1031.88,1029.84,1031.18
2007-11-29,1014.44,1021.87,1007.24,1014.66
2007-11-30,1014.65,1016.3,1009.37,1011.01
2007-12-03,1018.64,1022.24,1011.84,1015.43
2007-12-04,1019.2,1021.19,1016.09,1018.07
2007-12-05,1010.47,1018.01,1005.66,1013.19
2007-12-06,1024.63,1028.18,1022.78,1026.32
2007-12-07,1022.93,1029.51,1014.03,1020.59
2007-12-10,1004.7,1005.37,1000.13,1000.8
2007-12-11,998.54,1007.73,993.2,1002.37
2007-12-12,991.32,993.03,985.1,986.8
2007-12-13,976.5,980.33,974.97,978.79
2007-12-14,984.03,986.24,979.85,982.06
2007-12-17,983.04,983.99,973.9,974.85
2007-12-18,973.1,983.42,967.48,977.76
2007-12-19,968.84,972.37,963.85,967.38
2007-12-20,971.59,977.04,967.07,972.51
2007-12-21,959.45,963.05,954.57,958.17
2007-12-24,963.03,972.56,955.31,964.82
2007-12-25,952.65,960.45,952.0,959.79
2007-12-26,967.8,973.1,964.7,969.99
2007-12-27,963.06,971.52,953.62,962.06
2007-12-28,979.05,979.31,974.85,975.11
2007-12-31,965.22,970.99,958.28,964.04
2008-01-01,953.8,960.84,942.6,949.61
2008-01-02,947.45,952.9,943.41,948.85
2008-01-03,955.36,957.71,954.66,957.01
2008-01-04,962.65,965.37,958.95,961.66
2008-01-07,966.17,971.54,961.89,967.26
2008-01-08,975.02,975.35,971.43,971.75
2008-01-09,959.92,965.87,958.04,963.98
2008-01-10,970.68,975.76,963.1,968.17
2008-01-11,970.75,971.62,966.37,967.24
2008-01-14,959.69,967.59,950.74,958.64
2008-01-15,961.1,963.8,955.78,958.48
2008-01-16,954.69,958.8,952.46,956.56
2008-01-17,963.14,969.64,959.05,965.55
2008-01-18,961.07,965.62,955.51,960.06
2008-01-21,950.55,956.14,947.02,952.61
2008-01-22,946.83,948.52,944.29,945.98
2008-01-23,959.44,961.73,956.27,958.57
2008-01-24,952.01,955.8,948.41,952.2
2008-01-25,961.01,962.12,959.08,960.19
2008-01-28,951.01,954.89,945.33,949.2
2008-01-29,951.08,951.53,950.93,951.37
2008-01-30,950.33,956.59,945.43,951.69
2008-01-31,961.44,964.21,956.31,959.08
2008-02-01,966.51,975.45,956.78,965.71
2008-02-04,963.96,974.01,952.63,962.66
2008-02-05,958.51,959.33,956.02,956.84
2008-02-06,967.27,970.28,963.83,966.84
2008-02-07,959.19,963.2,956.16,960.18
2008-02-08,940.07,946.95,934.95,941.81
2008-02-11,924.88,925.7,924.31,925.13
2008-02-12,913.52,920.8,904.94,912.21
2008-02-13,916.96,917.94,914.53,915.51
2008-02-14,930.81,934.61,926.6,930.4
2008-02-15,915.25,916.9,912.65,914.29
2008-02-18,902.91,906.84,901.99,905.92
2008-02-19,904.33,911.9,898.02,905.59
2008-02-20,917.54,918.92,914.32,915.7
2008-02-21,906.57,915.77,899.67,908.84
2008-02-22,912.38,912.93,911.45,912.0
2008-02-25,907.53,914.52,900.4,907.39
2008-02-26,924.56,926.02,923.41,924.87
2008-02-27,926.29,933.19,917.51,924.4
2008-02-28,926.06,929.85,921.64,925.43
2008-02-29,921.16,925.99,919.66,924.48
2008-03-03,918.19,922.16,912.8,916.77
2008-03-04,920.46,923.12,919.21,921.86
2008-03-05,908.18,916.55,903.57,911.92
2008-03-06,898.21,903.88,890.55,896.21
2008-03-07,890.72,894.33,890.29,893.9
2008-03-10,895.48,903.76,888.17,896.44
2008-03-11,891.8,893.01,889.81,891.02
2008-03-12,890.88,896.98,884.98,891.08
2008-03-13,879.6,883.24,877.62,881.25
2008-03-14,884.96,890.06,882.52,887.61
2008-03-17,886.92,893.07,882.81,888.95
2008-03-18,884.89,889.68,882.98,887.76
2008-03-19,887.28,889.86,885.03,887.61
2008-03-20,875.15,882.25,869.49,876.58
2008-03-21,862.5,867.44,861.15,866.09
2008-03-24,861.63,864.07,859.93,862.38
2008-03-25,863.35,868.27,860.1,865.02
2008-03-26,868.63,870.91,865.66,867.93
2008-03-27,865.3,866.69,862.97,864.36
2008-03-28,871.98,874.06,866.41,868.48
2008-03-31,876.86,879.31,872.72,875.16
2008-04-01,870.93,876.96,867.77,873.79
2008-04-02,868.7,879.75,863.4,874.41
2008-04-03,867.47,873.05,865.87,871.44
2008-04-04,867.76,874.72,862.13,869.07
2008-04-07,862.2,867.53,861.05,866.37
2008-04-08,874.84,882.17,869.14,876.46
2008-04-09,881.02,884.18,877.78,880.94
2008-04-10,883.18,886.83,881.04,884.68
2008-04-11,880.38,882.16,877.87,879.64
2008-04-14,867.7,870.5,866.49,869.28
2008-04-15,868.19,870.99,867.38,870.17
2008-04-16,881.25,885.85,872.19,876.76
2008-04-17,886.3,891.06,881.64,886.39
2008-04-18,868.06,872.16,863.68,867.77
2008-04-21,882.12,883.41,878.6,879.89
2008-04-22,882.86,886.24,877.16,880.54
2008-04-23,883.45,885.74,882.13,884.42
2008-04-24,873.3,873.58,870.29,870.57
2008-04-25,865.82,867.4,865.4,866.98
2008-04-28,870.67,870.9,867.8,868.03
2008-04-29,855.04,858.61,854.65,858.22
2008-04-30,836.53,838.02,835.81,837.3
2008-05-01,838.1,838.35,837.29,837.54
2008-05-02,836.98,839.97,833.08,836.07
2008-05-05,840.57,847.93,835.36,842.71
2008-05-06,836.18,843.69,832.84,840.34
2008-05-07,839.64,843.15,834.98,838.48
2008-05-08,841.25,842.91,840.12,841.78
2008-05-09,846.18,848.28,845.06,847.17
2008-05-12,843.52,846.61,836.28,839.36
2008-05-13,843.38,852.36,835.16,844.12
2008-05-14,837.95,840.08,837.11,839.25
2008-05-15,833.43,844.31,827.1,837.95
2008-05-16,838.17,841.52,837.55,840.9
2008-05-19,845.39,849.8,838.78,843.17
2008-05-20,841.82,845.73,839.74,843.66
2008-05-21,836.66,838.53,833.22,835.09
2008-05-22,818.42,824.91,815.12,821.6
2008-05-23,817.08,819.37,816.94,819.22
2008-05-26,820.42,822.74,820.31,822.63
2008-05-27,825.42,828.79,820.88,824.24
2008-05-28,823.95,827.49,820.95,824.48
2008-05-29,820.35,831.99,811.49,823.1
2008-05-30,825.51,829.44,819.82,823.75
2008-06-02,816.04,816.4,814.47,814.83
2008-06-03,819.43,819.83,818.19,818.59
2008-06-04,823.4,825.09,820.98,822.67
2008-06-05,816.91,820.75,815.16,819.0
2008-06-06,823.53,826.68,817.28,820.43
2008-06-09,806.23,809.7,803.0,806.47
2008-06-10,807.1,810.88,802.68,806.46
2008-06-11,805.37,806.55,803.27,804.45
2008-06-12,808.94,814.85,805.35,811.24
2008-06-13,813.28,814.42,807.55,808.68
2008-06-16,811.11,811.87,810.43,811.18
2008-06-17,807.43,809.68,805.1,807.35
2008-06-18,790.73,794.01,788.44,791.71
2008-06-19,792.03,793.38,787.95,789.3
2008-06-20,792.39,793.2,788.76,789.57
2008-06-23,788.23,789.45,786.63,787.86
2008-06-24,784.42,788.76,783.55,787.88
2008-06-25,783.32,787.21,779.82,783.71
2008-06-26,780.59,785.61,775.73,780.75
2008-06-27,771.8,774.69,769.96,772.85
2008-06-30,755.86,758.42,755.53,758.09
2008-07-01,753.06,757.96,751.68,756.58
2008-07-02,754.8,757.3,748.99,751.48
2008-07-03,759.41,759.72,757.41,757.72
2008-07-04,743.79,744.03,743.48,743.72
2008-07-07,742.15,747.4,738.35,743.6
2008-07-08,757.09,759.67,753.69,756.27
2008-07-09,754.99,757.22,752.29,754.53
2008-07-10,753.0,755.43,751.48,753.91
2008-07-11,756.79,759.05,753.65,755.9
2008-07-14,757.82,765.74,748.75,756.65
2008-07-15,754.99,760.2,748.23,753.43
2008-07-16,744.63,747.74,743.51,746.62
2008-07-17,750.99,754.11,746.9,750.02
2008-07-18,740.41,742.36,735.85,737.8
2008-07-21,741.45,743.84,738.4,740.79
2008-07-22,742.79,744.41,736.29,737.9
2008-07-23,737.04,738.18,736.29,737.44
2008-07-24,730.0,734.3,729.49,733.78
2008-07-25,740.07,743.44,738.6,741.96
2008-07-28,739.7,742.66,738.23,741.18
2008-07-29,739.84,739.96,738.48,738.6
2008-07-30,737.72,740.21,733.4,735.89
2008-07-31,734.72,739.04,730.1,734.42
2008-08-01,749.29,753.23,744.7,748.64
2008-08-04,742.72,745.16,736.05,738.48
2008-08-05,742.43,745.55,741.18,744.29
2008-08-06,746.74,754.04,739.6,746.9
2008-08-07,754.18,757.52,751.87,755.2
2008-08-08,755.24,760.5,752.66,757.91
2008-08-11,750.69,757.76,748.22,755.28
2008-08-12,763.17,764.74,758.64,760.21
2008-08-13,758.61,761.19,757.78,760.35
2008-08-14,763.0,765.7,760.87,763.57
2008-08-15,771.66,771.84,770.49,770.67
2008-08-18,765.4,768.67,764.88,768.15
2008-08-19,762.27,768.93,757.53,764.18
2008-08-20,758.95,763.38,754.57,759.0
2008-08-21,759.32,761.68,757.96,760.32
2008-08-22,750.94,757.56,747.23,753.83
2008-08-25,750.35,751.87,747.48,748.99
2008-08-26,741.14,743.55,739.76,742.17
2008-08-27,744.37,746.76,741.68,744.07
2008-08-28,738.71,741.01,736.29,738.58
2008-08-29,732.23,735.08,727.26,730.1
2008-09-01,722.49,728.15,716.07,721.72
2008-09-02,715.66,718.99,714.19,717.52
2008-09-03,716.4,717.67,712.64,713.91
2008-09-04,713.56,715.07,713.07,714.58
2008-09-05,711.09,717.7,706.24,712.83
2008-09-08,710.23,714.6,707.92,712.28
2008-09-09,709.0,718.48,704.57,714.02
2008-09-10,716.04,717.77,715.63,717.35
2008-09-11,706.3,710.74,701.02,705.46
2008-09-12,695.41,699.13,694.55,698.27
2008-09-15,702.52,703.72,697.74,698.93
2008-09-16,694.73,699.5,694.67,699.43
2008-09-17,702.58,707.88,698.95,704.24
2008-09-18,691.54,695.08,691.1,694.64
2008-09-19,693.19,693.77,690.7,691.28
2008-09-22,688.48,690.24,685.39,687.14
2008-09-23,686.93,689.9,684.52,687.48
2008-09-24,684.13,687.99,683.21,687.06
2008-09-25,686.59,690.79,684.86,689.06
2008-09-26,688.24,692.29,683.68,687.73
2008-09-29,691.43,693.99,690.27,692.83
2008-09-30,700.21,703.34,698.27,701.4
2008-10-01,693.55,699.37,687.9,693.71
2008-10-02,692.49,695.31,690.54,693.35
2008-10-03,693.51,697.66,693.02,697.17
2008-10-06,695.65,702.45,691.65,698.43
2008-10-07,692.68,695.67,692.42,695.41
2008-10-08,694.58,700.32,690.36,696.1
2008-10-09,686.8,688.47,684.93,686.61
2008-10-10,686.04,689.98,682.01,685.94
2008-10-13,678.5,683.36,671.25,676.09
2008-10-14,675.62,678.57,675.54,678.49
2008-10-15,672.52,672.97,671.46,671.9
2008-10-16,670.88,677.81,665.54,672.46
2008-10-17,677.85,680.33,671.38,673.85
2008-10-20,672.41,674.31,670.73,672.62
2008-10-21,667.63,674.18,662.22,668.76
2008-10-22,667.81,669.14,665.94,667.26
2008-10-23,673.77,676.13,671.0,673.37
2008-10-24,669.82,671.97,668.44,670.59
2008-10-27,670.22,673.67,665.59,669.03
2008-10-28,668.6,669.84,664.34,665.58
2008-10-29,672.58,674.88,668.45,670.73
2008-10-30,670.36,676.98,664.05,670.66
2008-10-31,669.57,673.52,662.09,666.02
2008-11-03,665.2,667.33,662.12,664.24
2008-11-04,660.08,669.0,653.36,662.26
2008-11-05,669.21,670.23,668.07,669.09
2008-11-06,667.6,673.34,662.29,668.03
2008-11-07,658.73,661.41,657.12,659.8
2008-11-10,660.68,662.47,658.27,660.06
2008-11-11,665.09,669.23,664.73,668.86
2008-11-12,677.55,680.96,670.92,674.31
2008-11-13,668.6,668.77,667.21,667.38
2008-11-14,661.34,665.11,661.24,665.01
2008-11-17,663.36,666.28,659.26,662.17
2008-11-18,662.05,662.95,660.28,661.17
2008-11-19,665.2,665.26,662.22,662.29
2008-11-20,662.94,663.23,659.25,659.53
2008-11-21,657.52,657.7,653.64,653.81
2008-11-24,655.69,659.29,652.65,656.24
2008-11-25,650.51,652.24,647.72,649.45
2008-11-26,643.55,646.62,641.41,644.48
2008-11-27,639.76,642.48,635.18,637.89
2008-11-28,636.35,646.0,630.9,640.51
2008-12-01,635.85,642.08,632.07,638.29
2008-12-02,641.54,644.69,639.23,642.38
2008-12-03,637.6,638.33,637.0,637.72
2008-12-04,631.04,634.97,626.8,630.73
2008-12-05,630.46,630.82,627.7,628.06
2008-12-08,624.17,626.68,622.89,625.39
2008-12-09,623.72,629.7,620.17,626.14
2008-12-10,616.43,620.6,612.98,617.14
2008-12-11,618.29,619.72,617.99,619.42
2008-12-12,615.61,618.12,612.09,614.59
2008-12-15,612.55,615.04,607.27,609.76
2008-12-16,618.3,622.48,611.49,615.65
2008-12-17,606.25,607.67,602.86,604.28
2008-12-18,604.87,608.32,602.46,605.91
2008-12-19,607.17,608.52,606.12,607.46
2008-12-22,602.61,602.71,601.73,601.84
2008-12-23,598.15,599.9,597.79,599.54
2008-12-24,604.48,606.79,603.4,605.71
2008-12-25,616.17,616.75,614.9,615.48
2008-12-26,617.94,622.09,616.34,620.48
2008-12-29,630.13,630.82,627.39,628.07
2008-12-30,623.15,629.08,617.99,623.9
2008-12-31,616.35,617.55,614.15,615.35
2009-01-01,615.4,618.73,611.69,615.02
2009-01-02,620.74,622.23,616.93,618.42
2009-01-05,602.8,610.14,599.36,606.67
2009-01-06,603.8,607.83,597.51,601.52
2009-01-07,599.24,599.97,596.3,597.03
2009-01-08,598.94,601.72,595.65,598.43
2009-01-09,600.08,602.85,596.39,599.15
2009-01-12,594.2,596.29,591.06,593.14
2009-01-13,592.05,594.57,591.13,593.65
2009-01-14,587.7,587.71,587.6,587.61
2009-01-15,586.78,588.15,583.84,585.21
2009-01-16,575.64,581.7,572.69,578.74
2009-01-19,576.99,577.7,575.46,576.17
2009-01-20,572.27,573.76,570.62,572.12
2009-01-21,576.49,577.62,574.27,575.4
2009-01-22,572.91,575.17,572.85,575.11
2009-01-23,572.54,576.25,570.13,573.82
2009-01-26,578.08,581.24,577.36,580.51
2009-01-27,579.53,582.55,578.98,581.99
2009-01-28,581.24,584.29,576.74,579.79
2009-01-29,575.56,577.28,574.87,576.58
2009-01-30,569.42,571.39,568.59,570.55
2009-02-02,570.82,571.0,568.78,568.96
2009-02-03,569.78,574.84,565.31,570.36
2009-02-04,562.72,564.16,559.66,561.1
2009-02-05,552.9,556.22,551.34,554.65
2009-02-06,551.8,553.61,550.57,552.38
2009-02-09,544.59,551.75,538.93,546.07
2009-02-10,547.49,547.78,546.29,546.59
2009-02-11,547.4,550.36,544.77,547.74
2009-02-12,548.61,548.96,547.05,547.41
2009-02-13,550.5,550.52,550.22,550.25
2009-02-16,543.15,547.99,541.5,546.34
2009-02-17,545.89,549.04,543.18,546.32
2009-02-18,539.3,544.81,536.3,541.79
2009-02-19,543.96,545.13,542.23,543.4
2009-02-20,544.88,544.88,543.97,543.97
2009-02-23,538.31,541.51,534.06,537.25
2009-02-24,536.62,537.56,535.87,536.82
2009-02-25,534.3,537.04,534.18,536.93
2009-02-26,538.84,539.37,537.98,538.5
2009-02-27,540.86,545.47,535.6,540.2
2009-03-02,534.75,537.77,532.03,535.05
2009-03-03,539.87,541.33,538.27,539.73
2009-03-04,540.14,548.37,535.02,543.22
2009-03-05,540.97,543.13,538.69,540.86
2009-03-06,536.44,537.26,535.79,536.61
2009-03-09,533.35,537.41,531.24,535.29
2009-03-10,530.48,530.64,529.48,529.64
2009-03-11,531.12,534.79,528.23,531.9
2009-03-12,539.04,539.1,538.62,538.67
2009-03-13,547.23,549.19,544.46,546.43
2009-03-16,543.43,546.09,540.24,542.9
2009-03-17,545.44,549.54,543.55,547.64
2009-03-18,548.4,549.89,547.54,549.03
2009-03-19,542.25,545.5,535.58,538.81
2009-03-20,540.68,541.54,537.58,538.43
2009-03-23,539.44,541.52,536.02,538.09
2009-03-24,545.42,546.81,543.58,544.97
2009-03-25,540.37,543.78,538.56,541.97
2009-03-26,545.49,546.44,544.82,545.76
2009-03-27,545.64,547.48,544.5,546.34
2009-03-30,541.04,541.45,540.77,541.18
2009-03-31,537.43,540.83,536.38,539.77
2009-04-01,549.61,552.69,544.97,548.04
2009-04-02,543.74,550.22,541.71,548.16
2009-04-03,554.78,555.6,552.54,553.36
2009-04-06,559.97,561.35,557.12,558.5
2009-04-07,561.02,562.11,556.05,557.13
2009-04-08,551.45,554.28,549.05,551.87
2009-04-09,546.47,547.84,545.96,547.32
2009-04-10,555.34,556.11,554.37,555.14
2009-04-13,557.91,560.39,554.51,556.98
2009-04-14,549.45,550.79,548.26,549.6
2009-04-15,552.51,555.23,551.76,554.48
2009-04-16,547.82,549.61,545.11,546.9
2009-04-17,544.0,544.69,543.32,544.01
2009-04-20,544.1,548.95,540.9,545.75
2009-04-21,555.97,559.69,554.98,558.7
2009-04-22,567.51,570.5,560.38,563.34
2009-04-23,563.16,564.09,560.83,561.76
2009-04-24,563.57,566.78,559.43,562.63
2009-04-27,567.81,571.03,564.78,568.0
2009-04-28,576.55,576.74,575.16,575.36
2009-04-29,572.85,576.34,571.18,574.67
2009-04-30,574.47,575.76,572.84,574.13
2009-05-01,571.19,573.89,568.08,570.78
2009-05-04,573.31,577.41,571.0,575.09
2009-05-05,580.38,584.82,576.11,580.56
2009-05-06,571.14,575.27,567.73,571.85
2009-05-07,569.34,573.02,566.96,570.64
2009-05-08,564.67,566.14,564.11,565.58
2009-05-11,564.68,570.46,561.82,567.58
2009-05-12,564.27,568.41,558.35,562.48
2009-05-13,559.69,560.19,556.57,557.08
2009-05-14,561.86,564.35,560.95,563.43
2009-05-15,565.39,566.89,562.03,563.52
2009-05-18,564.54,564.73,564.4,564.59
2009-05-19,567.51,567.58,567.46,567.53
2009-05-20,570.76,573.23,570.52,572.99
2009-05-21,570.75,575.28,567.19,571.71
2009-05-22,571.48,571.88,570.17,570.57
2009-05-25,568.28,571.92,566.32,569.95
2009-05-26,574.65,577.38,573.21,575.93
2009-05-27,575.42,578.35,573.38,576.3
2009-05-28,569.71,577.93,567.4,575.6
2009-05-29,578.75,580.39,576.55,578.18
2009-06-01,589.11,589.9,587.19,587.98
2009-06-02,589.42,592.23,585.98,588.78
2009-06-03,589.57,590.08,587.41,587.91
2009-06-04,596.9,603.18,591.42,597.69
2009-06-05,607.63,608.58,603.4,604.35
2009-06-08,609.04,611.49,608.15,610.59
2009-06-09,607.79,609.3,606.7,608.2
2009-06-10,604.8,606.7,603.5,605.39
2009-06-11,597.02,597.36,596.36,596.69
2009-06-12,601.22,602.73,600.14,601.65
2009-06-15,602.46,603.61,601.49,602.64
2009-06-16,592.95,594.31,592.81,594.16
2009-06-17,599.55,605.03,594.87,600.34
2009-06-18,594.96,599.08,594.85,598.97
2009-06-19,599.67,600.21,597.7,598.23
2009-06-22,589.82,594.07,587.39,591.64
2009-06-23,593.59,597.77,590.29,594.47
2009-06-24,595.4,601.34,591.37,597.29
2009-06-25,598.43,600.8,595.05,597.41
2009-06-26,594.77,598.58,591.93,595.74
2009-06-29,604.79,612.8,601.26,609.25
2009-06-30,604.06,605.33,602.29,603.56
2009-07-01,599.05,601.43,598.02,600.4
2009-07-02,604.08,604.39,603.82,604.13
2009-07-03,600.92,602.42,597.94,599.43
2009-07-06,593.06,597.2,590.69,594.82
2009-07-07,600.65,601.0,600.39,600.74
2009-07-08,602.59,604.75,601.84,603.99
2009-07-09,608.39,611.19,603.8,606.59
2009-07-10,607.82,610.36,605.14,607.68
2009-07-13,604.81,605.17,604.5,604.86
2009-07-14,601.63,604.14,601.36,603.87
2009-07-15,605.12,606.97,601.92,603.76
2009-07-16,609.76,609.96,607.97,608.16
2009-07-17,609.03,612.01,607.45,610.43
2009-07-20,606.7,609.88,603.25,606.42
2009-07-21,611.6,611.85,610.27,610.52
2009-07-22,606.5,609.17,599.85,602.5
2009-07-23,601.96,606.04,597.19,601.26
2009-07-24,596.04,596.81,595.27,596.04
2009-07-27,592.39,594.08,590.98,592.67
2009-07-28,602.45,602.96,602.12,602.62
2009-07-29,597.15,598.44,594.5,595.78
2009-07-30,590.69,592.62,590.33,592.26
2009-07-31,596.98,598.75,593.55,595.31
2009-08-03,591.27,596.89,588.41,594.02
2009-08-04,596.63,598.3,593.77,595.44
2009-08-05,604.8,605.57,602.33,603.09
2009-08-06,608.27,608.91,606.17,606.8
2009-08-07,605.43,605.96,604.41,604.94
2009-08-10,606.08,606.23,605.21,605.36
2009-08-11,607.73,612.49,603.69,608.46
2009-08-12,609.95,612.86,609.1,612.01
2009-08-13,612.94,615.25,610.17,612.48
2009-08-14,614.75,615.82,613.55,614.62
2009-08-17,619.06,621.89,614.52,617.35
2009-08-18,616.92,621.85,612.26,617.19
2009-08-19,614.79,617.65,611.64,614.5
2009-08-20,619.06,619.36,618.23,618.53
2009-08-21,621.33,624.49,617.1,620.26
2009-08-24,612.58,615.02,608.41,610.84
2009-08-25,605.47,610.02,602.68,607.21
2009-08-26,606.64,608.58,603.44,605.37
2009-08-27,604.62,607.22,602.35,604.95
2009-08-28,612.7,619.02,605.2,611.52
2009-08-31,631.29,631.72,628.09,628.51
2009-09-01,612.38,618.25,610.41,616.27
2009-09-02,620.31,620.94,617.44,618.06
2009-09-03,618.43,621.78,615.29,618.65
2009-09-04,616.4,620.07,614.31,617.98
2009-09-07,620.47,622.1,619.66,621.29
2009-09-08,620.3,624.14,618.39,622.23
2009-09-09,621.55,622.01,620.15,620.61
2009-09-10,619.04,622.54,617.47,620.97
2009-09-11,626.21,626.41,623.75,623.95
2009-09-14,628.07,628.66,626.17,626.77
2009-09-15,628.25,630.61,625.46,627.82
2009-09-16,621.18,626.72,619.48,625.0
2009-09-17,636.69,642.44,633.49,639.22
2009-09-18,640.74,642.44,639.2,640.9
2009-09-21,644.87,645.67,644.12,644.92
2009-09-22,643.97,653.23,632.92,642.16
2009-09-23,637.32,644.18,636.1,642.94
2009-09-24,642.21,646.18,639.7,643.67
2009-09-25,635.51,637.58,631.86,633.92
2009-09-28,630.06,631.91,628.85,630.7
2009-09-29,626.22,627.63,625.7,627.1
2009-09-30,621.23,629.54,615.97,624.25
2009-10-01,621.15,626.0,614.35,619.19
2009-10-02,618.71,620.11,618.2,619.61
2009-10-05,628.98,629.48,626.41,626.92
2009-10-06,630.38,631.96,626.06,627.62
2009-10-07,624.2,624.93,621.01,621.74
2009-10-08,616.67,617.13,616.27,616.73
2009-10-09,614.2,617.66,611.64,615.09
2009-10-12,607.39,612.52,603.27,608.4
2009-10-13,613.96,616.01,608.31,610.35
2009-10-14,617.14,618.81,615.86,617.53
2009-10-15,616.83,617.18,614.54,614.89
2009-10-16,616.47,618.34,613.7,615.58
2009-10-19,613.07,616.35,610.54,613.82
2009-10-20,610.53,612.48,609.04,610.99
2009-10-21,614.5,615.48,611.35,612.33
2009-10-22,609.42,612.06,606.72,609.36
2009-10-23,604.9,609.54,601.08,605.72
2009-10-26,596.74,598.26,596.67,598.19
2009-10-27,599.74,600.33,598.56,599.16
2009-10-28,604.21,608.02,601.35,605.15
2009-10-29,610.3,612.72,606.8,609.22
2009-10-30,621.85,621.95,617.05,617.14
2009-11-02,615.15,615.35,614.0,614.2
2009-11-03,622.25,625.12,616.05,618.91
2009-11-04,612.38,616.3,609.78,613.7
2009-11-05,618.98,619.12,617.57,617.71
2009-11-06,628.71,630.23,624.83,626.35
2009-11-09,631.96,634.94,626.39,629.36
2009-11-10,640.32,641.77,636.43,637.87
2009-11-11,634.87,636.98,632.74,634.84
2009-11-12,635.9,642.18,627.95,634.21
2009-11-13,627.74,631.16,626.24,629.66
2009-11-16,633.33,634.03,629.58,630.29
2009-11-17,629.99,634.93,626.87,631.8
2009-11-18,634.43,635.21,631.27,632.05
2009-11-19,631.75,632.58,628.96,629.78
2009-11-20,629.43,630.86,626.05,627.48
2009-11-23,633.64,633.68,629.69,629.73
2009-11-24,631.1,631.79,628.42,629.11
2009-11-25,621.01,625.36,619.14,623.49
2009-11-26,615.3,615.9,613.61,614.21
2009-11-27,608.23,613.26,606.68,611.7
2009-11-30,605.38,606.94,603.98,605.54
2009-12-01,601.29,602.79,600.56,602.06
2009-12-02,601.93,606.07,596.65,600.78
2009-12-03,599.46,602.43,597.97,600.94
2009-12-04,597.04,599.99,595.52,598.47
2009-12-07,611.96,617.48,605.54,611.05
2009-12-08,607.5,607.54,605.32,605.37
2009-12-09,612.35,612.8,611.9,612.35
2009-12-10,616.5,617.68,611.06,612.23
2009-12-11,608.98,612.09,606.49,609.6
2009-12-14,615.13,617.49,611.53,613.88
2009-12-15,612.91,613.69,611.5,612.28
2009-12-16,608.29,608.99,608.21,608.91
2009-12-17,621.28,623.37,616.76,618.85
2009-12-18,606.66,608.46,606.48,608.28
2009-12-21,604.59,611.52,601.47,608.38
2009-12-22,609.97,613.86,606.3,610.2
2009-12-23,617.73,618.94,617.01,618.21
2009-12-24,618.81,619.1,616.55,616.84
2009-12-25,628.78,637.39,622.56,631.15
2009-12-28,636.99,637.29,635.68,635.99
2009-12-29,624.96,625.08,624.09,624.21
2009-12-30,617.94,618.94,616.34,617.34
2009-12-31,621.21,622.75,617.74,619.27
2010-01-01,613.91,614.64,613.22,613.95
2010-01-04,618.13,619.71,616.45,618.03
2010-01-05,617.25,619.75,613.93,616.42
2010-01-06,610.84,612.01,609.86,611.03
2010-01-07,604.47,608.98,602.43,606.93
2010-01-08,611.51,612.83,610.94,612.26
2010-01-11,602.72,603.53,602.37,603.18
2010-01-12,608.58,610.83,607.36,609.61
2010-01-13,615.48,619.65,611.9,616.07
2010-01-14,615.49,618.34,612.3,615.16
2010-01-15,608.24,609.3,607.68,608.74
2010-01-18,614.61,616.98,610.68,613.04
2010-01-19,613.01,613.08,611.34,611.41
2010-01-20,600.19,604.83,599.87,604.51
2010-01-21,612.79,615.59,612.63,615.43
2010-01-22,607.3,612.69,606.33,611.71
2010-01-25,605.01,608.05,602.47,605.51
2010-01-26,607.44,608.13,607.35,608.05
2010-01-27,608.99,609.85,607.86,608.72
2010-01-28,618.99,619.64,616.79,617.43
2010-01-29,616.23,616.54,616.0,616.31
2010-02-01,614.5,615.78,614.33,615.61
2010-02-02,618.09,618.27,617.91,618.1
2010-02-03,618.91,620.81,617.93,619.83
2010-02-04,618.93,622.58,618.04,621.69
2010-02-05,625.52,627.32,621.94,623.73
2010-02-08,626.15,628.87,622.63,625.35
2010-02-09,626.47,628.7,621.53,623.76
2010-02-10,626.35,630.38,624.65,628.68
2010-02-11,624.27,630.54,621.06,627.31
2010-02-12,630.25,636.3,625.98,632.02
2010-02-15,640.62,641.91,638.57,639.86
2010-02-16,638.26,641.52,633.38,636.62
2010-02-17,650.04,651.49,648.03,649.48
2010-02-18,646.16,647.4,644.63,645.88
2010-02-19,644.03,648.45,637.97,642.38
2010-02-22,644.73,646.12,644.24,645.62
2010-02-23,650.16,654.34,643.94,648.11
2010-02-24,652.48,652.71,648.4,648.62
2010-02-25,650.93,655.1,648.85,653.01
2010-02-26,653.87,660.34,647.91,654.37
2010-03-01,662.79,669.51,658.86,665.56
2010-03-02,663.26,668.53,659.93,665.18
2010-03-03,661.41,662.36,659.7,660.64
2010-03-04,654.43,658.1,654.1,657.76
2010-03-05,658.74,661.52,657.5,660.28
2010-03-08,665.29,666.52,661.96,663.19
2010-03-09,664.68,666.65,662.27,664.24
2010-03-10,661.27,662.28,658.74,659.75
2010-03-11,663.0,666.43,662.16,665.59
2010-03-12,675.78,679.5,671.92,675.64
2010-03-15,679.72,680.36,675.26,675.89
2010-03-16,683.75,688.0,680.87,685.11
2010-03-17,688.2,692.42,684.99,689.21
2010-03-18,701.53,702.34,699.49,700.31
2010-03-19,700.16,703.2,699.01,702.05
2010-03-22,703.9,704.95,701.34,702.39
2010-03-23,702.24,707.12,701.17,706.05
2010-03-24,697.83,706.96,693.85,702.95
2010-03-25,704.99,707.07,702.23,704.32
2010-03-26,708.43,711.33,707.62,710.52
2010-03-29,713.09,715.98,711.42,714.3
2010-03-30,715.05,715.44,712.78,713.17
2010-03-31,714.62,716.82,711.09,713.28
2010-04-01,713.58,717.13,712.67,716.21
2010-04-02,720.17,726.27,712.97,719.05
2010-04-05,721.76,726.72,717.46,722.41
2010-04-06,724.03,724.36,722.78,723.12
2010-04-07,717.65,718.35,717.0,717.69
2010-04-08,710.0,713.74,709.47,713.22
2010-04-09,713.23,716.48,711.52,714.76
2010-04-12,713.47,719.03,713.11,718.67
2010-04-13,721.79,723.78,719.41,721.39
2010-04-14,717.66,721.53,712.94,716.81
2010-04-15,713.57,716.92,711.73,715.08
2010-04-16,707.74,710.63,705.1,707.99
2010-04-19,698.27,701.92,696.67,700.32
2010-04-20,702.8,703.16,699.8,700.16
2010-04-21,704.03,708.26,702.54,706.76
2010-04-22,705.92,710.25,702.25,706.58
2010-04-23,713.19,716.14,713.02,715.98
2010-04-26,715.17,715.23,714.59,714.66
2010-04-27,716.21,722.32,707.9,713.99
2010-04-28,703.5,708.78,702.64,707.91
2010-04-29,706.76,709.6,702.53,705.37
2010-04-30,701.84,704.29,695.98,698.42
2010-05-03,690.56,691.67,689.18,690.29
2010-05-04,682.38,685.56,680.59,683.76
2010-05-05,683.97,687.07,680.95,684.05
2010-05-06,678.86,680.62,678.21,679.97
2010-05-07,681.22,681.39,677.07,677.23
2010-05-10,681.56,684.95,676.47,679.86
2010-05-11,673.37,673.61,671.32,671.55
2010-05-12,676.43,676.84,671.68,672.09
2010-05-13,679.43,679.6,676.54,676.7
2010-05-14,681.45,683.04,680.11,681.7
2010-05-17,684.89,689.72,680.02,684.84
2010-05-18,689.28,692.35,681.39,684.44
2010-05-19,679.48,682.32,678.16,680.99
2010-05-20,680.16,684.12,676.55,680.51
2010-05-21,687.21,695.84,680.7,689.31
2010-05-24,687.28,691.06,687.26,691.04
2010-05-25,688.43,690.38,688.31,690.25
2010-05-26,691.28,699.84,684.53,693.07
2010-05-27,691.79,695.59,689.28,693.09
2010-05-28,695.32,696.58,692.8,694.05
2010-05-31,692.92,693.73,692.14,692.95
2010-06-01,692.46,695.91,686.92,690.36
2010-06-02,695.77,701.28,689.95,695.45
2010-06-03,685.02,689.18,680.48,684.65
2010-06-04,686.48,687.89,685.68,687.08
2010-06-07,688.67,691.4,681.95,684.67
2010-06-08,673.47,674.46,673.33,674.32
2010-06-09,671.02,673.22,666.98,669.18
2010-06-10,666.81,672.68,663.32,669.18
2010-06-11,669.43,676.01,663.34,669.92
2010-06-14,678.45,681.9,670.97,674.39
2010-06-15,680.24,682.43,676.65,678.84
2010-06-16,667.73,672.27,666.01,670.55
2010-06-17,670.68,673.97,669.48,672.76
2010-06-18,680.08,680.78,676.13,676.83
2010-06-21,678.57,678.65,678.31,678.39
2010-06-22,680.58,684.37,677.36,681.14
2010-06-23,669.16,674.14,665.76,670.73
2010-06-24,664.97,665.71,664.86,665.6
2010-06-25,676.13,677.6,671.81,673.27
2010-06-28,670.83,672.25,670.81,672.24
2010-06-29,683.18,685.91,681.7,684.42
2010-06-30,678.69,683.15,673.03,677.48
2010-07-01,683.94,686.13,683.88,686.08
2010-07-02,680.88,687.75,675.95,682.8
2010-07-05,688.06,689.18,686.93,688.05
2010-07-06,686.51,688.41,684.56,686.45
2010-07-07,685.44,690.01,682.56,687.11
2010-07-08,691.34,693.33,688.37,690.36
2010-07-09,687.46,689.67,684.81,687.01
2010-07-12,687.79,694.89,684.81,691.89
2010-07-13,692.02,693.06,689.37,690.41
2010-07-14,690.18,692.2,689.35,691.36
2010-07-15,678.63,678.99,676.63,676.99
2010-07-16,679.64,682.75,672.34,675.43
2010-07-19,682.94,684.16,681.87,683.08
2010-07-20,685.69,690.83,681.89,687.02
2010-07-21,694.8,700.61,686.15,691.93
2010-07-22,690.48,694.54,688.18,692.22
2010-07-23,705.33,706.88,699.8,701.34
2010-07-26,702.27,706.44,699.07,703.25
2010-07-27,698.14,702.11,695.49,699.45
2010-07-28,708.99,711.88,701.12,703.99
2010-07-29,709.59,711.87,706.55,708.82
2010-07-30,715.43,718.49,708.92,711.96
2010-08-02,709.74,711.64,707.89,709.79
2010-08-03,710.84,713.15,708.74,711.05
2010-08-04,712.05,719.71,710.71,718.36
2010-08-05,722.71,725.57,717.67,720.52
2010-08-06,712.79,713.44,711.31,711.97
2010-08-09,708.52,709.81,707.46,708.75
2010-08-10,706.08,708.14,702.78,704.83
2010-08-11,700.63,702.97,698.22,700.55
2010-08-12,686.98,691.24,684.67,688.93
2010-08-13,700.23,702.99,696.7,699.47
2010-08-16,694.76,697.49,692.43,695.16
2010-08-17,692.35,696.47,686.71,690.82
2010-08-18,679.75,684.59,675.49,680.32
2010-08-19,684.49,686.89,683.06,685.46
2010-08-20,684.12,686.88,682.48,685.24
2010-08-23,682.29,685.96,680.44,684.11
2010-08-24,681.72,686.26,678.26,682.79
2010-08-25,687.28,689.57,684.09,686.39
2010-08-26,682.5,685.54,680.99,684.04
2010-08-27,671.05,674.24,670.22,673.42
2010-08-30,668.93,670.73,665.57,667.35
2010-08-31,660.36,664.9,656.1,660.63
2010-09-01,664.37,667.48,659.74,662.84
2010-09-02,668.48,670.07,667.33,668.92
2010-09-03,676.69,679.55,675.0,677.86
2010-09-06,666.79,673.23,663.88,670.3
2010-09-07,672.29,680.84,666.05,674.58
2010-09-08,670.17,673.63,668.48,671.93
2010-09-09,689.55,689.94,688.58,688.97
2010-09-10,696.92,698.23,695.85,697.15
2010-09-13,705.63,710.75,702.7,707.81
2010-09-14,706.5,713.15,705.8,712.44
2010-09-15,715.65,718.24,712.07,714.66
2010-09-16,714.34,715.48,711.33,712.47
2010-09-17,711.28,717.67,702.87,709.23
2010-09-20,703.75,711.98,697.58,705.79
2010-09-21,711.7,712.77,708.44,709.51
2010-09-22,719.65,719.68,718.4,718.43
2010-09-23,717.68,717.82,716.34,716.48
2010-09-24,711.21,713.33,710.4,712.52
2010-09-27,704.94,705.39,704.78,705.22
2010-09-28,710.81,711.44,706.31,706.93
2010-09-29,717.73,718.9,712.97,714.14
2010-09-30,721.4,726.55,716.35,721.5
2010-10-01,729.9,737.97,721.41,729.48
2010-10-04,727.84,738.08,722.47,732.67
2010-10-05,735.71,743.25,725.56,733.07
2010-10-06,741.84,747.04,735.0,740.19
2010-10-07,734.44,734.58,733.54,733.68
2010-10-08,729.77,735.1,725.76,731.09
2010-10-11,741.79,744.51,738.92,741.64
2010-10-12,738.57,743.52,730.4,735.33
2010-10-13,735.84,736.94,733.95,735.04
2010-10-14,744.37,750.43,732.54,738.54
2010-10-15,740.67,744.54,735.02,738.87
2010-10-18,744.14,748.09,742.25,746.19
2010-10-19,753.69,759.04,749.26,754.62
2010-10-20,755.32,761.58,750.69,756.94
2010-10-21,766.37,770.1,760.69,764.41
2010-10-22,761.16,761.21,758.49,758.54
2010-10-25,762.03,766.09,754.08,758.13
2010-10-26,770.67,776.41,765.7,771.44
2010-10-27,782.96,785.24,779.59,781.86
2010-10-28,776.67,777.93,772.44,773.7
2010-10-29,776.52,785.44,764.05,772.92
2010-11-01,770.86,775.43,769.16,773.72
2010-11-02,776.8,778.9,773.26,775.36
2010-11-03,779.1,783.31,777.69,781.9
2010-11-04,790.13,793.06,788.63,791.56
2010-11-05,787.6,793.44,784.87,790.7
2010-11-08,795.44,799.6,792.78,796.93
2010-11-09,796.03,800.69,794.85,799.51
2010-11-10,795.37,799.94,793.63,798.2
2010-11-11,785.12,788.22,784.17,787.26
2010-11-12,792.91,794.58,790.52,792.19
2010-11-15,795.56,801.57,789.46,795.48
2010-11-16,792.73,798.54,790.86,796.66
2010-11-17,796.4,799.55,786.78,789.91
2010-11-18,799.11,800.32,799.08,800.28
2010-11-19,796.84,802.75,794.12,800.03
2010-11-22,794.5,799.7,787.93,793.11
2010-11-23,784.58,787.93,781.24,784.59
2010-11-24,785.8,787.98,785.55,787.72
2010-11-25,791.9,792.47,790.41,790.98
2010-11-26,785.79,793.45,779.73,787.38
2010-11-29,789.35,791.9,787.5,790.05
2010-11-30,796.56,801.07,788.58,793.07
2010-12-01,793.45,793.51,793.09,793.15
2010-12-02,789.61,790.04,787.74,788.16
2010-12-03,791.71,793.38,791.29,792.96
2010-12-06,798.12,800.25,795.63,797.76
2010-12-07,798.26,802.84,795.53,800.11
2010-12-08,792.29,794.85,791.68,794.23
2010-12-09,784.6,786.7,783.48,785.58
2010-12-10,783.68,787.14,781.87,785.32
2010-12-13,793.33,796.3,787.9,790.86
2010-12-14,797.56,800.42,793.33,796.18
2010-12-15,793.24,800.83,791.15,798.73
2010-12-16,799.28,800.73,793.73,795.17
2010-12-17,791.13,794.61,786.14,789.61
2010-12-20,792.29,793.7,788.17,789.58
2010-12-21,788.43,792.73,784.53,788.83
2010-12-22,791.11,795.6,790.17,794.67
2010-12-23,787.91,794.98,784.01,791.06
2010-12-24,792.05,799.2,780.89,788.01
2010-12-27,796.37,806.15,790.52,800.27
2010-12-28,805.06,812.25,801.39,808.57
2010-12-29,801.3,803.25,800.38,802.34
2010-12-30,806.76,813.89,803.01,810.13
2010-12-31,803.75,805.44,800.77,802.46
2011-01-03,801.21,801.45,799.5,799.74
2011-01-04,798.1,802.06,793.16,797.11
2011-01-05,794.52,802.06,788.45,795.98
2011-01-06,799.71,801.11,797.62,799.02
2011-01-07,803.23,804.46,797.74,798.96
2011-01-10,799.41,802.99,799.29,802.87
2011-01-11,802.42,802.6,799.57,799.74
2011-01-12,803.25,805.1,799.47,801.31
2011-01-13,800.84,802.57,799.37,801.09
2011-01-14,792.55,794.38,790.32,792.15
2011-01-17,796.32,796.4,795.39,795.47
2011-01-18,793.18,797.24,791.46,795.51
2011-01-19,786.86,792.82,784.77,790.73
2011-01-20,789.91,794.48,783.21,787.77
2011-01-21,782.09,785.08,782.02,785.02
2011-01-24,781.6,789.19,776.6,784.17
2011-01-25,793.24,798.89,788.82,794.47
2011-01-26,807.25,809.36,804.45,806.56
2011-01-27,788.35,792.34,785.54,789.53
2011-01-28,790.41,794.15,788.41,792.13
2011-01-31,800.71,803.61,795.54,798.43
2011-02-01,795.6,797.13,794.87,796.4
2011-02-02,799.55,809.8,791.24,801.47
2011-02-03,811.79,813.47,809.15,810.83
2011-02-04,801.92,804.15,799.55,801.78
2011-02-07,802.8,804.47,801.06,802.73
2011-02-08,815.03,815.8,813.18,813.95
2011-02-09,805.33,808.34,802.65,805.66
2011-02-10,806.36,807.32,803.37,804.33
2011-02-11,797.58,802.31,796.28,801.01
2011-02-14,810.59,811.24,806.94,807.58
2011-02-15,811.92,814.41,811.67,814.16
2011-02-16,810.37,817.77,807.0,814.37
2011-02-17,811.88,819.68,806.03,813.81
2011-02-18,801.79,802.95,801.48,802.64
2011-02-21,809.71,813.78,807.44,811.5
2011-02-22,806.34,813.05,801.99,808.68
2011-02-23,809.65,812.37,804.5,807.21
2011-02-24,810.42,814.56,808.41,812.54
2011-02-25,807.56,813.84,806.8,813.07
2011-02-28,818.4,820.37,817.3,819.26
2011-03-01,828.14,829.94,821.3,823.09
2011-03-02,820.86,824.83,819.51,823.49
2011-03-03,822.31,829.76,817.1,824.53
2011-03-04,815.82,818.02,814.61,816.81
2011-03-07,819.68,826.07,809.55,815.91
2011-03-08,820.99,823.01,819.85,821.87
2011-03-09,813.09,815.75,812.93,815.59
2011-03-10,811.44,822.07,799.95,810.56
2011-03-11,805.32,809.21,800.74,804.63
2011-03-14,807.02,807.34,805.53,805.85
2011-03-15,811.44,817.78,807.7,814.03
2011-03-16,815.43,819.95,812.3,816.81
2011-03-17,805.52,807.97,800.36,802.81
2011-03-18,807.44,810.29,803.6,806.45
2011-03-21,805.97,808.06,801.93,804.01
2011-03-22,806.68,811.18,802.3,806.81
2011-03-23,808.05,808.47,805.07,805.49
2011-03-24,800.53,801.54,798.83,799.83
2011-03-25,797.89,800.96,796.09,799.15
2011-03-28,798.67,800.47,795.09,796.89
2011-03-29,796.53,799.02,796.15,798.63
2011-03-30,796.64,796.71,792.91,792.97
2011-03-31,788.32,791.37,782.91,785.95
2011-04-01,789.66,794.56,785.47,790.36
2011-04-04,797.57,803.12,792.46,798.01
2011-04-05,801.82,806.0,797.33,801.5
2011-04-06,796.91,803.11,791.13,797.32
2011-04-07,795.8,799.02,789.45,792.66
2011-04-08,787.18,790.31,785.33,788.46
2011-04-11,791.27,799.73,786.42,794.86
2011-04-12,789.13,794.09,784.78,789.74
2011-04-13,797.15,804.69,787.84,795.36
2011-04-14,801.77,804.9,796.22,799.34
2011-04-15,807.27,810.13,804.13,806.99
2011-04-18,812.64,818.89,807.95,814.19
2011-04-19,817.15,818.76,815.65,817.26
2011-04-20,806.14,814.35,799.53,807.73
2011-04-21,805.75,814.44,802.7,811.37
2011-04-22,809.77,813.01,808.62,811.85
2011-04-25,811.28,813.35,807.98,810.04
2011-04-26,817.72,818.97,817.14,818.39
2011-04-27,816.34,817.34,816.1,817.1
2011-04-28,816.18,820.97,808.7,813.48
2011-04-29,817.92,826.12,812.12,820.29
2011-05-02,816.26,819.63,815.03,818.39
2011-05-03,815.32,817.89,811.94,814.51
2011-05-04,805.55,811.81,801.03,807.27
2011-05-05,800.39,805.82,796.69,802.11
2011-05-06,801.3,801.71,797.18,797.59
2011-05-09,799.97,803.44,799.08,802.55
2011-05-10,794.5,797.08,793.68,796.25
2011-05-11,785.83,788.74,781.88,784.79
2011-05-12,787.08,789.3,784.98,787.2
2011-05-13,780.41,783.81,780.24,783.64
2011-05-16,789.1,790.27,783.73,784.9
2011-05-17,791.65,800.92,784.28,793.54
2011-05-18,793.77,796.46,791.67,794.36
2011-05-19,805.33,807.73,801.88,804.28
2011-05-20,809.23,815.05,798.24,804.02
2011-05-23,810.45,814.43,807.47,811.45
2011-05-24,805.81,808.34,805.5,808.04
2011-05-25,810.07,813.27,805.67,808.86
2011-05-26,808.1,814.6,796.6,803.06
2011-05-27,798.47,800.97,795.63,798.14
2011-05-30,797.22,799.73,795.41,797.91
2011-05-31,790.75,792.37,788.21,789.83
2011-06-01,786.24,792.11,785.29,791.16
2011-06-02,788.26,789.74,788.24,789.72
2011-06-03,787.4,795.53,783.63,791.74
2011-06-06,783.74,785.69,782.63,784.58
2011-06-07,788.51,793.55,784.68,789.72
2011-06-08,794.8,805.4,790.57,801.14
2011-06-09,811.43,812.28,810.15,811.0
2011-06-10,824.87,827.82,820.4,823.34
2011-06-13,823.83,826.56,821.59,824.31
2011-06-14,818.21,823.11,817.09,821.98
2011-06-15,828.22,829.54,823.78,825.09
2011-06-16,828.17,829.28,822.39,823.49
2011-06-17,813.25,817.36,808.17,812.27
2011-06-20,817.63,821.22,814.9,818.5
2011-06-21,816.24,819.79,813.54,817.08
2011-06-22,808.81,810.49,806.08,807.76
2011-06-23,805.02,808.43,801.4,804.8
2011-06-24,804.87,806.6,802.09,803.82
2011-06-27,806.14,806.71,804.49,805.06
2011-06-28,803.83,810.35,799.11,805.62
2011-06-29,812.85,818.65,809.07,814.86
2011-06-30,806.09,808.05,804.81,806.76
2011-07-01,807.47,809.51,804.31,806.34
2011-07-04,798.54,803.11,797.74,802.3
2011-07-05,810.57,812.67,809.04,811.13
2011-07-06,807.93,809.65,806.29,808.01
2011-07-07,805.2,807.08,804.51,806.38
2011-07-08,817.26,821.36,809.76,813.84
2011-07-11,827.09,827.4,823.75,824.05
2011-07-12,835.02,839.66,829.35,833.98
2011-07-13,827.8,831.29,819.96,823.43
2011-07-14,829.13,829.72,826.36,826.95
2011-07-15,829.36,831.3,827.09,829.03
2011-07-18,828.88,831.21,827.75,830.07
2011-07-19,829.82,834.51,826.12,830.8
2011-07-20,840.47,846.76,833.23,839.52
2011-07-21,845.51,846.48,845.48,846.46
2011-07-22,848.47,858.82,842.02,852.35
2011-07-25,853.76,857.96,850.53,854.73
2011-07-26,872.23,876.01,865.79,869.55
2011-07-27,859.84,874.28,852.16,866.53
2011-07-28,859.18,862.48,852.28,855.58
2011-07-29,855.21,856.79,852.16,853.74
2011-08-01,854.27,857.39,851.75,854.87
2011-08-02,864.26,864.84,862.93,863.51
2011-08-03,862.5,863.13,859.38,860.02
2011-08-04,863.31,866.28,860.26,863.23
2011-08-05,855.79,859.28,849.88,853.36
2011-08-08,864.12,866.63,859.41,861.92
2011-08-09,862.81,866.39,858.77,862.35
2011-08-10,857.61,862.6,855.5,860.48
2011-08-11,874.42,876.95,872.15,874.68
2011-08-12,876.17,882.77,874.98,881.57
2011-08-15,876.77,880.22,872.14,875.59
2011-08-16,873.57,875.07,873.16,874.67
2011-08-17,891.12,894.98,888.91,892.77
2011-08-18,907.27,908.32,904.43,905.49
2011-08-19,907.45,913.69,904.69,910.92
2011-08-22,899.35,902.26,896.15,899.05
2011-08-23,906.49,913.12,900.79,907.42
2011-08-24,901.95,906.01,898.38,902.44
2011-08-25,911.5,916.4,905.82,910.72
2011-08-26,910.06,910.48,904.69,905.11
2011-08-29,910.18,913.13,906.14,909.09
2011-08-30,907.78,913.7,898.2,904.1
2011-08-31,904.85,907.1,898.84,901.08
2011-09-01,906.49,906.79,904.11,904.41
2011-09-02,889.72,900.88,883.55,894.67
2011-09-05,910.19,916.42,904.62,910.85
2011-09-06,900.02,903.54,899.45,902.97
2011-09-07,902.57,904.75,892.71,894.88
2011-09-08,895.8,899.76,894.56,898.51
2011-09-09,902.52,908.07,901.05,906.59
2011-09-12,896.84,909.0,892.24,904.36
2011-09-13,893.56,897.12,892.78,896.34
2011-09-14,889.82,889.87,889.45,889.5
2011-09-15,884.94,887.0,880.0,882.06
2011-09-16,881.02,885.63,879.25,883.86
2011-09-19,886.92,887.65,883.1,883.82
2011-09-20,886.25,889.32,883.34,886.42
2011-09-21,887.26,888.89,886.93,888.56
2011-09-22,894.26,901.15,886.91,893.79
2011-09-23,894.32,898.59,886.28,890.53
2011-09-26,885.99,889.29,882.55,885.85
2011-09-27,883.68,889.06,881.26,886.63
2011-09-28,887.08,887.4,885.64,885.96
2011-09-29,888.49,895.34,880.57,887.41
2011-09-30,881.74,884.48,879.52,882.25
2011-10-03,890.51,898.17,880.16,887.79
2011-10-04,873.63,884.75,868.58,879.67
2011-10-05,877.71,878.23,876.24,876.77
2011-10-06,886.78,888.09,883.39,884.7
2011-10-07,873.16,878.04,872.1,876.97
2011-10-10,881.62,888.79,878.4,885.56
2011-10-11,878.55,878.83,875.65,875.93
2011-10-12,868.33,873.47,860.15,865.28
2011-10-13,858.96,860.07,854.36,855.47
2011-10-14,855.18,861.69,850.45,856.96
2011-10-17,864.32,870.6,857.52,863.8
2011-10-18,874.17,875.44,872.04,873.3
2011-10-19,877.57,882.27,877.39,882.09
2011-10-20,888.71,891.11,885.89,888.29
2011-10-21,883.02,884.22,881.46,882.66
2011-10-24,880.19,881.79,876.63,878.23
2011-10-25,882.55,886.46,880.15,884.06
2011-10-26,897.56,899.19,892.58,894.21
2011-10-27,887.32,887.57,886.87,887.11
2011-10-28,900.94,901.29,896.0,896.34
2011-10-31,886.16,888.83,881.52,884.18
2011-11-01,887.64,895.86,878.69,886.9
2011-11-02,883.3,890.64,879.12,886.44
2011-11-03,881.79,887.88,879.23,885.3
2011-11-04,890.09,894.1,881.84,885.84
2011-11-07,883.62,884.68,880.24,881.3
2011-11-08,884.1,886.1,882.87,884.86
2011-11-09,884.56,895.03,875.21,885.67
2011-11-10,893.19,897.55,888.25,892.6
2011-11-11,900.37,911.84,892.57,904.01
2011-11-14,904.82,910.29,900.62,906.09
2011-11-15,902.01,902.74,899.63,900.36
2011-11-16,894.5,900.14,886.87,892.5
2011-11-17,903.78,907.08,901.49,904.78
2011-11-18,920.34,921.36,914.93,915.94
2011-11-21,926.14,928.73,920.67,923.25
2011-11-22,921.32,927.55,917.22,923.45
2011-11-23,925.44,930.81,923.62,928.99
2011-11-24,939.58,942.91,934.59,937.91
2011-11-25,931.8,940.25,924.61,933.06
2011-11-28,932.27,936.52,929.81,934.06
2011-11-29,926.47,930.17,922.15,925.85
2011-11-30,926.74,930.53,920.96,924.74
2011-12-01,938.04,942.77,931.1,935.82
2011-12-02,943.37,947.86,938.74,943.22
2011-12-05,938.62,946.13,937.62,945.12
2011-12-06,928.15,935.89,917.78,925.5
2011-12-07,918.58,923.93,915.46,920.81
2011-12-08,922.48,923.84,920.26,921.63
2011-12-09,919.83,920.58,919.42,920.17
2011-12-12,928.04,929.8,920.1,921.84
2011-12-13,929.41,935.98,917.18,923.71
2011-12-14,918.72,922.94,915.77,919.99
2011-12-15,916.41,920.81,915.73,920.13
2011-12-16,915.76,920.6,914.42,919.25
2011-12-19,916.46,916.98,915.2,915.72
2011-12-20,927.85,934.98,922.24,929.36
2011-12-21,922.92,927.88,921.06,926.01
2011-12-22,908.47,913.82,904.56,909.9
2011-12-23,924.51,930.67,917.12,923.26
2011-12-26,918.46,926.76,910.38,918.68
2011-12-27,924.22,926.13,923.65,925.56
2011-12-28,919.88,921.15,919.6,920.87
2011-12-29,924.89,925.77,924.47,925.34
2011-12-30,925.88,931.63,919.52,925.26
2012-01-02,934.5,938.93,929.29,933.72
2012-01-03,927.67,935.85,924.11,932.28
2012-01-04,928.12,933.27,922.52,927.66
2012-01-05,928.78,931.34,927.23,929.79
2012-01-06,924.4,930.68,920.96,927.22
2012-01-09,913.62,921.17,907.09,914.64
2012-01-10,913.97,917.41,907.38,910.81
2012-01-11,934.7,938.44,928.71,932.44
2012-01-12,919.62,929.96,909.02,919.35
2012-01-13,919.15,930.56,910.23,921.63
2012-01-16,917.77,922.03,917.26,921.53
2012-01-17,932.88,936.52,931.88,935.52
2012-01-18,927.64,929.42,925.84,927.61
2012-01-19,928.87,928.99,928.65,928.77
2012-01-20,932.4,935.15,931.48,934.23
2012-01-23,936.9,937.0,934.34,934.44
2012-01-24,930.19,933.54,925.77,929.12
2012-01-25,922.02,929.46,921.98,929.41
2012-01-26,927.9,930.4,925.09,927.59
2012-01-27,927.89,930.71,922.99,925.79
2012-01-30,935.01,941.99,927.46,934.44
2012-01-31,939.49,940.15,937.19,937.85
2012-02-01,941.23,945.0,938.2,941.97
2012-02-02,944.35,945.76,943.12,944.53
2012-02-03,951.6,953.07,950.26,951.73
2012-02-06,962.75,967.59,957.39,962.22
2012-02-07,958.18,963.79,954.25,959.85
2012-02-08,968.92,975.64,959.06,965.76
2012-02-09,959.9,968.57,947.19,955.82
2012-02-10,937.47,939.19,937.25,938.97
2012-02-13,950.33,958.09,945.93,953.68
2012-02-14,947.34,953.16,945.36,951.18
2012-02-15,954.26,956.45,950.92,953.1
2012-02-16,945.64,951.08,938.53,943.97
2012-02-17,935.83,939.76,930.76,934.68
2012-02-20,931.97,932.92,929.64,930.59
2012-02-21,934.29,938.86,931.33,935.89
2012-02-22,926.86,932.97,926.31,932.42
2012-02-23,929.0,930.99,928.4,930.38
2012-02-24,929.92,931.34,923.92,925.33
2012-02-27,936.28,943.89,927.93,935.54
2012-02-28,943.71,945.5,940.72,942.51
2012-02-29,941.75,943.37,937.59,939.2
2012-03-01,942.96,947.6,940.72,945.35
2012-03-02,944.47,945.19,943.12,943.84
2012-03-05,944.04,947.34,939.31,942.6
2012-03-06,940.01,943.17,939.49,942.65
2012-03-07,948.96,958.12,938.79,947.93
2012-03-08,945.2,946.0,940.75,941.54
2012-03-09,944.67,946.31,944.17,945.81
2012-03-12,961.0,970.48,956.54,965.99
2012-03-13,967.91,969.39,965.93,967.41
2012-03-14,965.79,972.03,961.46,967.69
2012-03-15,967.6,972.21,962.46,967.07
2012-03-16,968.28,972.8,966.21,970.73
2012-03-19,959.62,961.63,957.43,959.44
2012-03-20,976.14,981.99,966.73,972.56
2012-03-21,979.9,981.14,978.74,979.98
2012-03-22,970.11,975.83,969.21,974.93
2012-03-23,976.22,982.18,969.16,975.12
2012-03-26,971.83,976.47,967.14,971.77
2012-03-27,974.72,975.53,973.28,974.09
2012-03-28,977.42,980.98,971.02,974.57
2012-03-29,974.78,981.62,969.48,976.32
2012-03-30,967.63,969.78,966.31,968.47
2012-04-02,962.81,967.52,961.08,965.79
2012-04-03,975.51,975.99,974.47,974.95
2012-04-04,971.59,979.34,963.37,971.11
2012-04-05,950.48,953.55,948.16,951.22
2012-04-06,952.93,956.42,947.31,950.8
2012-04-09,968.27,971.63,967.94,971.3
2012-04-10,978.56,980.79,975.97,978.19
2012-04-11,975.73,982.05,967.66,973.97
2012-04-12,972.36,981.75,964.56,973.94
2012-04-13,975.5,979.79,975.25,979.54
2012-04-16,962.67,971.05,959.22,967.59
2012-04-17,961.98,963.7,959.82,961.53
2012-04-18,970.18,972.87,962.61,965.28
2012-04-19,976.41,980.04,974.57,978.19
2012-04-20,976.5,978.54,973.14,975.18
2012-04-23,981.84,989.84,981.04,989.04
2012-04-24,984.51,989.53,978.4,983.41
2012-04-25,954.39,958.79,953.12,957.52
2012-04-26,963.0,967.29,959.85,964.13
2012-04-27,969.29,972.13,966.22,969.06
2012-04-30,971.84,981.86,966.72,976.71
2012-05-01,992.23,994.48,980.72,982.95
2012-05-02,983.24,987.99,980.28,985.03
2012-05-03,985.36,986.53,982.39,983.57
2012-05-04,986.84,992.28,977.04,982.44
2012-05-07,981.92,985.24,977.74,981.06
2012-05-08,975.03,980.51,973.16,978.63
2012-05-09,965.52,967.38,963.37,965.22
2012-05-10,951.47,960.14,948.1,956.75
2012-05-11,955.74,961.14,951.29,956.69
2012-05-14,946.57,946.66,941.75,941.83
2012-05-15,923.68,929.85,921.44,927.6
2012-05-16,924.54,927.46,923.9,926.83
2012-05-17,932.86,935.88,924.7,927.7
2012-05-18,926.63,929.6,924.15,927.11
2012-05-21,909.24,915.24,905.7,911.68
2012-05-22,927.3,935.46,918.07,926.22
2012-05-23,915.54,919.05,913.33,916.83
2012-05-24,905.1,912.84,904.79,912.53
2012-05-25,901.12,909.0,896.94,904.81
2012-05-28,924.68,928.78,914.93,919.01
2012-05-29,925.49,931.12,918.95,924.58
2012-05-30,926.99,929.78,920.16,922.94
2012-05-31,917.93,928.76,909.97,920.78
2012-06-01,923.88,926.68,921.23,924.03
2012-06-04,916.02,918.91,913.6,916.49
2012-06-05,919.95,927.21,914.21,921.46
2012-06-06,919.51,920.29,918.14,918.93
2012-06-07,921.88,928.97,917.9,924.98
2012-06-08,934.02,939.41,925.28,930.65
2012-06-11,929.53,934.01,923.75,928.23
2012-06-12,913.08,918.04,908.59,913.55
2012-06-13,913.99,916.68,910.94,913.63
2012-06-14,903.25,907.15,900.18,904.07
2012-06-15,902.26,911.08,898.15,906.95
2012-06-18,905.02,911.41,901.33,907.72
2012-06-19,904.71,909.8,900.12,905.2
2012-06-20,896.12,899.89,893.3,897.07
2012-06-21,910.78,915.7,904.11,909.02
2012-06-22,909.1,911.99,904.69,907.57
2012-06-25,927.78,932.15,924.98,929.34
2012-06-26,928.77,934.05,926.18,931.45
2012-06-27,938.19,940.67,933.59,936.07
2012-06-28,938.62,938.96,937.75,938.09
2012-06-29,940.75,945.67,937.6,942.51
2012-07-02,950.78,954.93,949.9,954.05
2012-07-03,962.74,974.77,952.7,964.7
2012-07-04,953.12,953.99,951.13,952.0
2012-07-05,965.58,969.79,956.53,960.72
2012-07-06,965.78,968.99,963.2,966.4
2012-07-09,967.2,972.12,964.7,969.62
2012-07-10,991.42,995.16,981.33,985.05
2012-07-11,999.41,1002.54,997.39,1000.52
2012-07-12,1006.44,1009.51,1005.77,1008.84
2012-07-13,1004.02,1008.13,1001.15,1005.25
2012-07-16,996.5,1001.0,993.38,997.87
2012-07-17,1008.94,1016.19,997.9,1005.11
2012-07-18,1012.05,1017.28,1011.94,1017.16
2012-07-19,1003.15,1009.56,994.96,1001.36
2012-07-20,1011.27,1014.14,1008.42,1011.3
2012-07-23,1009.83,1013.78,1007.57,1011.52
2012-07-24,996.63,999.41,994.87,997.64
2012-07-25,1001.94,1006.14,998.5,1002.69
2012-07-26,1011.54,1015.19,1007.63,1011.27
2012-07-27,1008.0,1009.74,1007.63,1009.37
2012-07-30,1002.91,1009.26,996.76,1003.11
2012-07-31,1016.0,1018.52,1015.86,1018.38
2012-08-01,1020.01,1020.38,1013.02,1013.38
2012-08-02,1027.17,1029.01,1022.23,1024.07
2012-08-03,1014.03,1018.26,1008.32,1012.54
2012-08-06,1017.47,1022.98,1013.32,1018.83
2012-08-07,1025.66,1031.13,1017.69,1023.14
2012-08-08,1032.34,1033.06,1030.7,1031.42
2012-08-09,1045.06,1048.1,1041.65,1044.69
2012-08-10,1036.95,1039.27,1036.29,1038.61
2012-08-13,1046.29,1051.44,1040.28,1045.43
2012-08-14,1040.0,1044.73,1030.08,1034.78
2012-08-15,1024.49,1027.73,1021.0,1024.24
2012-08-16,1019.77,1022.46,1017.89,1020.58
2012-08-17,1025.54,1039.04,1011.74,1025.24
2012-08-20,1042.22,1044.33,1039.96,1042.08
2012-08-21,1056.78,1061.46,1053.85,1058.52
2012-08-22,1053.8,1058.9,1051.04,1056.14
2012-08-23,1061.88,1062.22,1059.03,1059.36
2012-08-24,1071.74,1076.24,1063.39,1067.88
2012-08-27,1083.81,1091.92,1068.44,1076.49
2012-08-28,1076.89,1078.08,1074.22,1075.41
2012-08-29,1076.81,1078.66,1074.59,1076.44
2012-08-30,1078.8,1083.19,1071.5,1075.89
2012-08-31,1071.61,1079.5,1066.66,1074.54
2012-09-03,1075.03,1079.68,1068.32,1072.96
2012-09-04,1075.61,1080.0,1067.9,1072.27
2012-09-05,1072.47,1074.71,1066.95,1069.19
2012-09-06,1065.3,1067.59,1057.73,1060.0
2012-09-07,1066.0,1071.97,1061.95,1067.92
2012-09-10,1072.51,1082.32,1064.3,1074.1
2012-09-11,1089.71,1091.66,1088.46,1090.41
2012-09-12,1089.98,1094.18,1089.43,1093.64
2012-09-13,1091.89,1092.8,1089.22,1090.13
2012-09-14,1087.12,1091.16,1080.88,1084.92
2012-09-17,1088.73,1090.42,1085.2,1086.9
2012-09-18,1092.33,1100.59,1083.59,1091.84
2012-09-19,1093.19,1098.5,1084.61,1089.9
2012-09-20,1079.41,1086.08,1070.89,1077.55
2012-09-21,1069.75,1074.86,1066.59,1071.69
2012-09-24,1064.24,1076.12,1061.89,1073.74
2012-09-25,1079.58,1082.51,1077.73,1080.66
2012-09-26,1068.51,1073.94,1062.95,1068.38
2012-09-27,1071.51,1073.2,1069.67,1071.36
2012-09-28,1073.34,1078.56,1068.69,1073.92
2012-10-01,1070.54,1075.83,1066.98,1072.27
2012-10-02,1065.32,1073.08,1060.27,1068.03
2012-10-03,1059.31,1068.42,1053.51,1062.6
2012-10-04,1066.23,1068.64,1062.44,1064.84
2012-10-05,1079.07,1081.18,1073.45,1075.55
2012-10-08,1084.17,1089.42,1083.01,1088.25
2012-10-09,1078.95,1081.37,1076.72,1079.14
2012-10-10,1080.88,1086.43,1072.79,1078.33
2012-10-11,1059.57,1064.29,1055.44,1060.17
2012-10-12,1064.59,1066.78,1060.12,1062.31
2012-10-15,1073.64,1076.49,1067.34,1070.18
2012-10-16,1086.17,1091.69,1079.38,1084.89
2012-10-17,1068.56,1070.33,1068.38,1070.15
2012-10-18,1065.97,1070.66,1057.1,1061.78
2012-10-19,1063.45,1064.38,1063.37,1064.3
2012-10-22,1052.08,1057.63,1047.38,1052.93
2012-10-23,1057.56,1057.59,1055.9,1055.93
2012-10-24,1061.87,1073.48,1051.22,1062.83
2012-10-25,1052.26,1057.37,1047.85,1052.96
2012-10-26,1054.48,1058.12,1052.03,1055.67
2012-10-29,1047.47,1050.29,1045.21,1048.03
2012-10-30,1062.43,1065.76,1058.47,1061.8
2012-10-31,1058.76,1070.2,1053.65,1065.06
2012-11-01,1060.11,1062.04,1058.49,1060.42
2012-11-02,1045.29,1052.67,1043.49,1050.86
2012-11-05,1055.65,1060.27,1052.31,1056.93
2012-11-06,1071.41,1074.22,1067.52,1070.33
2012-11-07,1063.67,1068.04,1060.35,1064.72
2012-11-08,1064.39,1070.8,1055.75,1062.15
2012-11-09,1057.98,1067.6,1047.27,1056.88
2012-11-12,1066.3,1073.46,1066.08,1073.24
2012-11-13,1061.37,1069.04,1049.93,1057.57
2012-11-14,1071.25,1074.94,1066.77,1070.45
2012-11-15,1066.56,1071.72,1063.24,1068.39
2012-11-16,1067.57,1069.37,1067.29,1069.08
2012-11-19,1061.85,1070.14,1060.24,1068.53
2012-11-20,1072.73,1076.61,1068.15,1072.03
2012-11-21,1068.95,1070.08,1065.74,1066.86
2012-11-22,1075.49,1080.59,1072.59,1077.69
2012-11-23,1085.73,1093.38,1081.04,1088.68
2012-11-26,1082.57,1087.15,1077.54,1082.11
2012-11-27,1093.15,1107.56,1074.89,1089.24
2012-11-28,1090.69,1097.35,1080.49,1087.13
2012-11-29,1091.41,1097.29,1082.83,1088.7
2012-11-30,1110.08,1113.41,1100.09,1103.4
2012-12-03,1102.76,1112.59,1089.9,1099.71
2012-12-04,1112.82,1120.85,1100.97,1108.97
2012-12-05,1114.16,1117.63,1110.4,1113.87
2012-12-06,1111.7,1113.46,1111.1,1112.86
2012-12-07,1120.71,1121.8,1115.81,1116.91
2012-12-10,1117.8,1126.31,1112.59,1121.1
2012-12-11,1112.76,1114.51,1109.59,1111.34
2012-12-12,1104.72,1108.28,1103.19,1106.74
2012-12-13,1099.42,1102.45,1095.27,1098.3
2012-12-14,1097.82,1098.12,1096.64,1096.94
2012-12-17,1112.01,1117.85,1105.62,1111.46
2012-12-18,1117.56,1119.39,1115.79,1117.62
2012-12-19,1107.28,1111.54,1101.27,1105.52
2012-12-20,1106.4,1110.74,1099.78,1104.11
2012-12-21,1102.67,1110.72,1099.28,1107.32
2012-12-24,1116.2,1120.64,1111.91,1116.35
2012-12-25,1109.98,1115.7,1105.66,1111.37
2012-12-26,1101.83,1104.67,1098.36,1101.19
2012-12-27,1100.54,1103.41,1099.04,1101.91
2012-12-28,1112.54,1117.38,1103.48,1108.3
2012-12-31,1112.57,1118.94,1106.43,1112.8
2013-01-01,1108.75,1114.9,1099.36,1105.48
2013-01-02,1119.16,1128.83,1112.71,1122.37
2013-01-03,1121.14,1130.1,1113.13,1122.09
2013-01-04,1122.41,1129.21,1117.69,1124.48
2013-01-07,1121.08,1123.43,1117.4,1119.75
2013-01-08,1126.51,1137.37,1119.7,1130.53
2013-01-09,1130.41,1138.23,1128.43,1136.24
2013-01-10,1137.36,1146.41,1130.46,1139.5
2013-01-11,1131.24,1132.0,1128.59,1129.34
2013-01-14,1137.8,1141.44,1136.94,1140.57
2013-01-15,1148.74,1152.33,1144.23,1147.82
2013-01-16,1155.05,1160.02,1152.33,1157.29
2013-01-17,1151.57,1162.6,1146.66,1157.66
2013-01-18,1159.96,1166.51,1150.48,1157.01
2013-01-21,1158.37,1166.09,1148.41,1156.12
2013-01-22,1176.9,1179.24,1174.7,1177.04
2013-01-23,1171.91,1174.79,1168.88,1171.76
2013-01-24,1159.98,1167.91,1152.78,1160.7
2013-01-25,1153.72,1158.02,1153.01,1157.31
2013-01-28,1157.76,1158.22,1152.78,1153.24
2013-01-29,1164.63,1168.64,1160.96,1164.98
2013-01-30,1153.77,1161.49,1144.81,1152.52
2013-01-31,1145.88,1149.14,1144.33,1147.59
2013-02-01,1150.99,1152.68,1147.79,1149.47
2013-02-04,1165.8,1170.59,1157.03,1161.81
2013-02-05,1168.9,1171.92,1165.29,1168.31
2013-02-06,1184.29,1185.13,1182.17,1183.01
2013-02-07,1188.86,1190.57,1184.03,1185.74
2013-02-08,1185.88,1187.84,1181.41,1183.37
2013-02-11,1195.04,1196.24,1190.12,1191.31
2013-02-12,1179.29,1180.53,1176.92,1178.16
2013-02-13,1163.23,1171.39,1153.97,1162.12
2013-02-14,1171.94,1173.28,1169.75,1171.09
2013-02-15,1175.9,1177.8,1170.97,1172.86
2013-02-18,1180.52,1192.86,1169.72,1182.05
2013-02-19,1175.7,1177.54,1172.0,1173.83
2013-02-20,1193.63,1205.26,1173.92,1185.46
2013-02-21,1192.49,1195.67,1188.04,1191.21
2013-02-22,1186.11,1196.12,1180.4,1190.39
2013-02-25,1191.28,1196.71,1186.88,1192.32
2013-02-26,1197.2,1197.65,1194.53,1194.98
2013-02-27,1184.11,1191.54,1179.07,1186.49
2013-02-28,1179.06,1185.42,1176.18,1182.53
2013-03-01,1180.99,1188.78,1178.12,1185.9
2013-03-04,1183.03,1189.56,1177.24,1183.77
2013-03-05,1176.08,1178.46,1168.06,1170.43
2013-03-06,1171.82,1180.11,1165.42,1173.69
2013-03-07,1185.03,1191.89,1175.09,1181.93
2013-03-08,1191.18,1193.69,1189.67,1192.18
2013-03-11,1197.52,1200.62,1195.83,1198.92
2013-03-12,1208.47,1208.95,1206.13,1206.6
2013-03-13,1210.14,1222.72,1203.19,1215.74
2013-03-14,1222.35,1225.91,1212.72,1216.26
2013-03-15,1198.23,1200.17,1194.35,1196.3
2013-03-18,1212.75,1216.72,1204.99,1208.94
2013-03-19,1199.65,1204.25,1195.99,1200.58
2013-03-20,1191.94,1192.14,1189.98,1190.17
2013-03-21,1183.53,1185.21,1178.55,1180.23
2013-03-22,1203.76,1208.85,1198.99,1204.08
2013-03-25,1206.82,1213.59,1203.23,1209.99
2013-03-26,1196.89,1200.63,1196.54,1200.29
2013-03-27,1192.63,1199.67,1187.11,1194.14
2013-03-28,1195.36,1198.86,1191.05,1194.55
2013-03-29,1199.49,1205.99,1193.57,1200.07
2013-04-01,1202.43,1208.7,1197.93,1204.19
2013-04-02,1197.84,1198.58,1194.67,1195.41
2013-04-03,1196.89,1200.85,1194.59,1198.55
2013-04-04,1190.74,1198.01,1185.62,1192.88
2013-04-05,1206.37,1213.21,1196.16,1202.98
2013-04-08,1206.51,1208.83,1202.22,1204.52
2013-04-09,1192.97,1212.18,1178.22,1197.37
2013-04-10,1199.26,1209.62,1193.73,1204.07
2013-04-11,1203.74,1207.97,1203.52,1207.75
2013-04-12,1203.14,1203.48,1202.9,1203.25
2013-04-15,1215.52,1220.2,1206.57,1211.24
2013-04-16,1222.45,1224.23,1215.39,1217.16
2013-04-17,1231.19,1234.29,1225.32,1228.42
2013-04-18,1241.89,1243.66,1233.05,1234.8
2013-04-19,1233.05,1235.46,1229.89,1232.3
2013-04-22,1220.87,1225.16,1212.54,1216.82
2013-04-23,1216.42,1226.47,1208.48,1218.51
2013-04-24,1215.96,1223.63,1213.99,1221.66
2013-04-25,1220.86,1222.7,1220.15,1221.99
2013-04-26,1192.72,1197.4,1188.49,1193.17
2013-04-29,1210.34,1215.04,1196.36,1201.03
2013-04-30,1192.62,1199.4,1185.85,1192.62
2013-05-01,1196.18,1200.86,1195.17,1199.85
2013-05-02,1220.04,1221.15,1215.4,1216.52
2013-05-03,1211.46,1218.93,1206.77,1214.22
2013-05-06,1220.29,1223.35,1216.71,1219.77
2013-05-07,1223.4,1224.77,1218.81,1220.18
2013-05-08,1221.9,1225.78,1221.44,1225.32
2013-05-09,1231.91,1240.15,1218.13,1226.33
2013-05-10,1225.51,1227.64,1219.26,1221.38
2013-05-13,1215.28,1218.04,1211.23,1213.99
2013-05-14,1236.02,1238.09,1227.5,1229.56
2013-05-15,1232.36,1235.09,1231.04,1233.77
2013-05-16,1244.64,1257.83,1228.53,1241.68
2013-05-17,1246.35,1248.42,1243.24,1245.31
2013-05-20,1253.22,1262.93,1245.93,1255.62
2013-05-21,1244.28,1251.75,1239.09,1246.55
2013-05-22,1254.7,1259.74,1242.1,1247.1
2013-05-23,1255.71,1264.19,1243.27,1251.73
2013-05-24,1267.24,1268.74,1262.38,1263.87
2013-05-27,1287.92,1292.96,1285.31,1290.34
2013-05-28,1295.99,1299.62,1289.62,1293.24
2013-05-29,1284.35,1290.8,1279.32,1285.77
2013-05-30,1279.76,1281.39,1271.64,1273.27
2013-05-31,1268.44,1270.63,1261.66,1263.84
2013-06-03,1259.88,1268.58,1247.75,1256.42
2013-06-04,1230.85,1236.51,1222.19,1227.84
2013-06-05,1221.07,1227.19,1215.28,1221.39
2013-06-06,1230.38,1232.29,1226.68,1228.59
2013-06-07,1235.11,1240.95,1223.62,1229.43
2013-06-10,1229.6,1231.86,1225.63,1227.88
2013-06-11,1209.22,1218.48,1203.04,1212.28
2013-06-12,1227.56,1230.16,1220.37,1222.96
2013-06-13,1225.7,1229.19,1224.72,1228.21
2013-06-14,1228.15,1233.9,1222.5,1228.26
2013-06-17,1206.14,1209.38,1204.62,1207.86
2013-06-18,1194.26,1205.83,1192.14,1203.69
2013-06-19,1209.25,1222.33,1195.53,1208.61
2013-06-20,1216.82,1221.34,1204.45,1208.94
2013-06-21,1212.59,1218.3,1205.73,1211.43
2013-06-24,1230.38,1239.09,1210.91,1219.54
2013-06-25,1220.93,1231.06,1211.36,1221.49
2013-06-26,1229.06,1230.52,1226.78,1228.24
2013-06-27,1219.9,1229.0,1211.18,1220.28
2013-06-28,1209.0,1220.96,1196.82,1208.78
2013-07-01,1216.51,1219.86,1211.82,1215.17
2013-07-02,1227.98,1230.86,1219.57,1222.44
2013-07-03,1224.89,1230.65,1222.22,1227.98
2013-07-04,1229.66,1230.63,1228.66,1229.63
2013-07-05,1229.05,1229.9,1225.94,1226.78
2013-07-08,1234.85,1237.98,1227.0,1230.12
2013-07-09,1226.21,1247.61,1212.89,1234.2
2013-07-10,1233.6,1245.27,1227.17,1238.8
2013-07-11,1264.76,1274.22,1255.15,1264.61
2013-07-12,1259.48,1268.78,1246.01,1255.27
2013-07-15,1285.92,1293.32,1280.4,1287.78
2013-07-16,1277.26,1282.11,1269.86,1274.7
2013-07-17,1285.63,1294.25,1269.48,1278.05
2013-07-18,1265.82,1272.69,1258.9,1265.78
2013-07-19,1267.67,1271.6,1264.61,1268.54
2013-07-22,1280.62,1284.42,1275.01,1278.81
2013-07-23,1279.34,1281.82,1276.18,1278.65
2013-07-24,1288.77,1290.85,1285.71,1287.78
2013-07-25,1282.27,1286.88,1278.36,1282.96
2013-07-26,1261.22,1264.23,1259.18,1262.19
2013-07-29,1265.33,1276.36,1258.14,1269.15
2013-07-30,1271.56,1279.75,1261.05,1269.23
2013-07-31,1260.32,1268.54,1256.05,1264.26
2013-08-01,1256.74,1262.23,1254.36,1259.83
2013-08-02,1259.52,1266.4,1257.18,1264.06
2013-08-05,1256.23,1257.94,1255.75,1257.46
2013-08-06,1261.58,1266.33,1256.73,1261.48
2013-08-07,1269.31,1276.01,1266.82,1273.51
2013-08-08,1292.94,1296.95,1289.97,1293.98
2013-08-09,1308.19,1308.93,1306.81,1307.56
2013-08-12,1303.76,1311.75,1301.93,1309.92
2013-08-13,1308.87,1315.67,1305.06,1311.86
2013-08-14,1314.29,1314.74,1306.76,1307.21
2013-08-15,1299.25,1308.77,1292.51,1302.02
2013-08-16,1313.06,1315.54,1307.79,1310.27
2013-08-19,1306.0,1315.34,1298.67,1307.99
2013-08-20,1311.93,1312.2,1310.88,1311.15
2013-08-21,1297.86,1305.89,1292.94,1300.97
2013-08-22,1306.83,1315.15,1306.02,1314.33
2013-08-23,1308.78,1315.87,1303.43,1310.51
2013-08-26,1324.04,1334.67,1311.68,1322.29
2013-08-27,1317.21,1329.98,1301.8,1314.54
2013-08-28,1306.98,1307.03,1306.36,1306.42
2013-08-29,1316.31,1323.44,1312.26,1319.39
2013-08-30,1316.12,1324.45,1304.2,1312.5
2013-09-02,1294.37,1298.3,1293.25,1297.17
2013-09-03,1283.95,1299.65,1270.82,1286.5
2013-09-04,1291.31,1295.31,1291.13,1295.12
2013-09-05,1300.97,1306.59,1297.01,1302.63
2013-09-06,1293.51,1303.51,1284.66,1294.65
2013-09-09,1290.46,1296.17,1283.62,1289.33
2013-09-10,1290.87,1300.46,1286.56,1296.13
2013-09-11,1307.51,1311.51,1305.31,1309.31
2013-09-12,1305.12,1314.69,1298.71,1308.26
2013-09-13,1315.23,1320.77,1308.01,1313.54
2013-09-16,1324.35,1327.58,1319.92,1323.15
2013-09-17,1340.22,1346.82,1337.79,1344.38
2013-09-18,1333.66,1343.03,1322.34,1331.7
2013-09-19,1324.0,1335.09,1313.11,1324.21
2013-09-20,1321.65,1325.69,1314.49,1318.52
2013-09-23,1325.09,1332.31,1320.46,1327.66
2013-09-24,1326.87,1328.77,1322.63,1324.53
2013-09-25,1330.63,1331.63,1326.2,1327.19
2013-09-26,1328.16,1331.91,1324.13,1327.88
2013-09-27,1335.7,1343.55,1319.55,1327.35
2013-09-30,1331.06,1340.56,1319.61,1329.1
2013-10-01,1346.4,1348.93,1336.81,1339.32
2013-10-02,1338.98,1339.84,1328.07,1328.92
2013-10-03,1320.46,1327.13,1320.46,1327.12
2013-10-04,1319.02,1319.03,1314.47,1314.48
2013-10-07,1320.45,1323.2,1315.67,1318.41
2013-10-08,1317.36,1320.21,1313.56,1316.4
2013-10-09,1324.77,1333.85,1318.33,1327.4
2013-10-10,1323.65,1327.96,1322.89,1327.2
2013-10-11,1318.34,1324.8,1316.06,1322.52
2013-10-14,1330.36,1332.13,1319.79,1321.55
2013-10-15,1341.25,1341.28,1339.27,1339.29
2013-10-16,1317.46,1324.0,1316.33,1322.86
2013-10-17,1312.28,1325.71,1303.04,1316.44
2013-10-18,1308.99,1325.78,1300.26,1316.99
2013-10-21,1316.88,1317.59,1311.49,1312.19
2013-10-22,1317.76,1320.96,1314.37,1317.58
2013-10-23,1319.24,1322.13,1314.34,1317.23
2013-10-24,1320.14,1323.14,1317.12,1320.13
2013-10-25,1325.32,1330.56,1316.33,1321.56
2013-10-28,1320.7,1335.03,1307.95,1322.27
2013-10-29,1310.29,1318.97,1300.45,1309.13
2013-10-30,1312.53,1318.89,1305.11,1311.46
2013-10-31,1289.13,1299.83,1282.96,1293.63
2013-11-01,1284.27,1292.83,1278.51,1287.06
2013-11-04,1293.52,1295.09,1293.11,1294.69
2013-11-05,1309.21,1315.85,1301.31,1307.95
2013-11-06,1338.6,1338.92,1332.72,1333.04
2013-11-07,1329.21,1331.06,1326.9,1328.75
2013-11-08,1319.65,1325.69,1313.96,1320.0
2013-11-11,1328.73,1331.41,1324.83,1327.5
2013-11-12,1346.75,1348.78,1345.36,1347.39
2013-11-13,1363.3,1372.79,1353.9,1363.39
2013-11-14,1358.4,1358.87,1351.79,1352.25
2013-11-15,1349.79,1364.46,1336.04,1350.7
2013-11-18,1362.27,1372.14,1351.33,1361.2
2013-11-19,1368.0,1382.14,1356.53,1370.65
2013-11-20,1381.71,1383.69,1374.52,1376.5
2013-11-21,1367.58,1372.64,1366.26,1371.32
2013-11-22,1376.81,1377.16,1376.75,1377.11
2013-11-25,1392.19,1400.07,1380.23,1388.1
2013-11-26,1374.09,1388.17,1363.61,1377.67
2013-11-27,1394.92,1402.33,1383.9,1391.29
2013-11-28,1392.5,1408.18,1385.48,1401.11
2013-11-29,1387.9,1392.5,1387.87,1392.47
2013-12-02,1403.22,1405.93,1400.9,1403.61
2013-12-03,1421.6,1423.7,1409.3,1411.39
2013-12-04,1420.07,1429.64,1409.88,1419.45
2013-12-05,1435.76,1439.09,1431.71,1435.04
2013-12-06,1438.48,1439.9,1432.13,1433.54
2013-12-09,1432.68,1438.91,1431.15,1437.37
2013-12-10,1395.15,1410.68,1392.46,1407.96
2013-12-11,1426.41,1429.86,1415.6,1419.03
2013-12-12,1431.48,1440.03,1420.35,1428.89
2013-12-13,1440.23,1442.2,1440.18,1442.16
2013-12-16,1432.66,1435.77,1429.31,1432.42
2013-12-17,1446.05,1447.63,1439.93,1441.5
2013-12-18,1450.48,1457.14,1444.38,1451.04
2013-12-19,1443.21,1443.81,1441.98,1442.58
2013-12-20,1461.41,1461.9,1452.04,1452.54
2013-12-23,1452.21,1464.69,1445.2,1457.65
2013-12-24,1440.13,1450.06,1427.99,1437.9
2013-12-25,1437.71,1444.62,1436.1,1443.0
2013-12-26,1440.25,1443.78,1430.02,1433.53
2013-12-27,1415.75,1417.86,1412.39,1414.5
2013-12-30,1416.46,1421.18,1414.68,1419.39
2013-12-31,1411.59,1418.04,1411.52,1417.97
2014-01-01,1430.44,1436.04,1426.36,1431.95
2014-01-02,1433.75,1433.89,1432.82,1432.96
2014-01-03,1445.39,1447.26,1438.53,1440.39
2014-01-06,1441.67,1447.45,1440.64,1446.41
2014-01-07,1452.68,1462.73,1446.24,1456.28
2014-01-08,1443.22,1448.91,1439.69,1445.38
2014-01-09,1443.05,1446.53,1442.94,1446.42
2014-01-10,1441.56,1457.33,1428.03,1443.79
2014-01-13,1447.32,1452.7,1446.05,1451.43
2014-01-14,1454.88,1458.54,1449.4,1453.06
2014-01-15,1443.14,1446.85,1441.53,1445.24
2014-01-16,1440.62,1442.37,1438.82,1440.57
2014-01-17,1458.9,1460.21,1456.26,1457.57
2014-01-20,1433.61,1440.9,1432.27,1439.56
2014-01-21,1449.04,1457.16,1438.36,1446.47
2014-01-22,1459.96,1464.55,1454.45,1459.04
2014-01-23,1465.1,1472.7,1456.59,1464.18
2014-01-24,1483.81,1494.25,1473.97,1484.4
2014-01-27,1493.45,1497.31,1490.81,1494.66
2014-01-28,1497.31,1504.31,1490.08,1497.07
2014-01-29,1490.59,1500.49,1480.26,1490.16
2014-01-30,1487.61,1494.15,1486.36,1492.89
2014-01-31,1505.73,1520.02,1484.42,1498.64
2014-02-03,1495.5,1500.24,1493.89,1498.63
2014-02-04,1489.3,1504.35,1473.96,1489.01
2014-02-05,1479.67,1484.55,1469.66,1474.52
2014-02-06,1474.07,1479.4,1470.26,1475.58
2014-02-07,1459.38,1463.48,1454.24,1458.34
2014-02-10,1445.11,1462.11,1437.71,1454.67
2014-02-11,1418.89,1437.04,1409.29,1427.38
2014-02-12,1436.51,1437.89,1435.24,1436.62
2014-02-13,1450.07,1450.91,1448.41,1449.25
2014-02-14,1454.6,1458.77,1445.63,1449.79
2014-02-17,1475.4,1478.21,1469.06,1471.86
2014-02-18,1479.0,1494.69,1470.45,1486.1
2014-02-19,1496.14,1501.96,1484.68,1490.47
2014-02-20,1482.89,1489.75,1481.36,1488.21
2014-02-21,1487.22,1489.78,1480.83,1483.38
2014-02-24,1488.95,1500.73,1479.2,1490.97
2014-02-25,1500.6,1502.22,1486.87,1488.48
2014-02-26,1491.08,1494.1,1490.71,1493.73
2014-02-27,1499.4,1501.98,1497.16,1499.73
2014-02-28,1496.85,1497.05,1495.94,1496.14
2014-03-03,1510.1,1511.98,1509.32,1511.2
2014-03-04,1502.45,1514.87,1494.55,1506.95
2014-03-05,1515.55,1525.74,1495.48,1505.6
2014-03-06,1490.35,1498.77,1484.68,1493.09
2014-03-07,1485.86,1491.06,1483.56,1488.75
2014-03-10,1512.35,1523.5,1501.7,1512.85
2014-03-11,1501.96,1516.72,1486.34,1501.09
2014-03-12,1501.51,1516.66,1489.47,1504.6
2014-03-13,1502.31,1503.35,1496.99,1498.03
2014-03-14,1472.49,1476.98,1467.32,1471.81
2014-03-17,1478.46,1484.07,1472.76,1478.37
2014-03-18,1473.67,1475.48,1469.4,1471.21
2014-03-19,1470.3,1475.56,1468.79,1474.05
2014-03-20,1481.79,1485.83,1480.36,1484.4
2014-03-21,1485.95,1486.59,1485.42,1486.05
2014-03-24,1493.98,1499.49,1484.32,1489.82
2014-03-25,1477.89,1484.49,1472.37,1478.97
2014-03-26,1484.7,1486.6,1484.22,1486.11
2014-03-27,1473.63,1493.41,1463.29,1483.01
2014-03-28,1456.5,1464.34,1451.71,1459.54
2014-03-31,1462.25,1470.43,1461.35,1469.53
2014-04-01,1475.23,1483.81,1472.88,1481.46
2014-04-02,1499.25,1508.27,1488.6,1497.61
2014-04-03,1536.43,1539.36,1518.38,1521.28
2014-04-04,1529.58,1529.8,1528.47,1528.69
2014-04-07,1536.1,1547.58,1523.11,1534.57
2014-04-08,1541.88,1547.47,1539.81,1545.4
2014-04-09,1528.75,1539.15,1523.19,1533.57
2014-04-10,1522.4,1524.27,1511.2,1513.06
2014-04-11,1502.9,1509.41,1500.04,1506.54
2014-04-14,1512.51,1524.79,1509.38,1521.64
2014-04-15,1514.01,1522.82,1504.1,1512.9
2014-04-16,1515.22,1522.05,1510.36,1517.18
2014-04-17,1525.34,1525.58,1522.39,1522.62
2014-04-18,1531.39,1539.15,1516.5,1524.22
2014-04-21,1511.62,1520.45,1501.12,1509.94
2014-04-22,1514.01,1523.73,1503.26,1512.98
2014-04-23,1510.21,1518.81,1498.64,1507.23
2014-04-24,1538.29,1540.76,1523.45,1525.91
2014-04-25,1548.28,1558.05,1528.07,1537.77
2014-04-28,1532.05,1541.48,1524.07,1533.5
2014-04-29,1556.93,1565.92,1543.54,1552.51
2014-04-30,1563.18,1569.29,1548.76,1554.85
2014-05-01,1537.54,1540.16,1531.75,1534.35
2014-05-02,1532.19,1535.83,1528.85,1532.49
2014-05-05,1550.13,1555.88,1546.71,1552.45
2014-05-06,1542.23,1542.31,1541.69,1541.77
2014-05-07,1534.71,1540.54,1534.14,1539.98
2014-05-08,1527.42,1539.63,1511.15,1523.33
2014-05-09,1515.14,1520.05,1503.96,1508.85
2014-05-12,1499.08,1514.5,1485.47,1500.87
2014-05-13,1484.55,1487.07,1484.03,1486.56
2014-05-14,1474.89,1480.53,1473.95,1479.58
2014-05-15,1502.17,1502.23,1500.02,1500.07
2014-05-16,1499.57,1502.08,1497.11,1499.62
2014-05-19,1504.17,1510.93,1503.95,1510.71
2014-05-20,1536.55,1539.06,1520.75,1523.23
2014-05-21,1501.89,1523.73,1488.17,1509.94
2014-05-22,1493.66,1504.86,1488.97,1500.14
2014-05-23,1513.41,1523.17,1499.42,1509.16
2014-05-26,1506.63,1513.64,1496.66,1503.66
2014-05-27,1508.69,1514.43,1506.2,1511.93
2014-05-28,1527.92,1540.68,1518.75,1531.5
2014-05-29,1516.15,1520.82,1509.39,1514.07
2014-05-30,1511.55,1513.89,1507.5,1509.84
2014-06-02,1505.82,1535.13,1479.76,1509.01
2014-06-03,1507.46,1511.27,1499.17,1502.97
2014-06-04,1498.68,1499.09,1495.7,1496.11
2014-06-05,1496.74,1502.02,1485.5,1490.76
2014-06-06,1490.91,1495.77,1486.28,1491.13
2014-06-09,1499.27,1503.24,1491.67,1495.63
2014-06-10,1506.37,1517.87,1495.91,1507.4
2014-06-11,1509.88,1513.47,1503.85,1507.43
2014-06-12,1522.6,1527.14,1516.45,1520.97
2014-06-13,1517.93,1519.74,1512.28,1514.08
2014-06-16,1504.47,1514.37,1492.25,1502.13
2014-06-17,1490.57,1507.73,1481.95,1499.06
2014-06-18,1502.33,1509.83,1497.68,1505.16
2014-06-19,1516.26,1517.95,1514.2,1515.89
2014-06-20,1535.69,1548.53,1520.72,1533.54
2014-06-23,1542.84,1543.92,1537.96,1539.03
2014-06-24,1550.5,1561.89,1536.58,1547.95
2014-06-25,1560.75,1578.8,1546.03,1564.05
2014-06-26,1558.56,1562.6,1550.26,1554.28
2014-06-27,1547.73,1558.77,1540.47,1551.5
2014-06-30,1592.45,1604.87,1574.06,1586.43
2014-07-01,1602.67,1604.32,1594.66,1596.3
2014-07-02,1600.8,1600.96,1600.69,1600.85
2014-07-03,1606.76,1611.77,1604.88,1609.89
2014-07-04,1588.77,1600.87,1580.01,1592.09
2014-07-07,1578.64,1592.27,1570.23,1583.83
2014-07-08,1566.09,1578.92,1557.63,1570.44
2014-07-09,1573.61,1586.74,1561.34,1574.46
2014-07-10,1566.34,1577.6,1557.73,1568.97
2014-07-11,1561.59,1572.19,1558.59,1569.17
2014-07-14,1563.15,1567.1,1561.48,1565.42
2014-07-15,1545.49,1550.25,1540.29,1545.05
2014-07-16,1553.67,1558.53,1550.39,1555.25
2014-07-17,1529.34,1535.5,1527.31,1533.46
2014-07-18,1513.59,1538.6,1499.62,1524.53
2014-07-21,1514.79,1517.93,1506.48,1509.6
2014-07-22,1499.16,1506.42,1492.08,1499.34
2014-07-23,1503.75,1504.49,1501.56,1502.3
2014-07-24,1518.47,1519.9,1516.22,1517.65
2014-07-25,1501.27,1512.65,1487.68,1499.04
2014-07-28,1494.84,1499.09,1489.53,1493.77
2014-07-29,1473.81,1474.79,1472.4,1473.37
2014-07-30,1470.54,1472.48,1465.23,1467.18
2014-07-31,1473.59,1473.87,1468.99,1469.28
2014-08-01,1485.63,1487.25,1477.88,1479.49
2014-08-04,1452.85,1457.0,1452.33,1456.48
2014-08-05,1465.96,1475.16,1455.67,1464.86
2014-08-06,1447.68,1459.38,1443.0,1454.68
2014-08-07,1439.68,1442.19,1439.25,1441.76
2014-08-08,1443.79,1449.63,1438.8,1444.64
2014-08-11,1458.8,1463.06,1451.31,1455.56
2014-08-12,1455.67,1461.72,1450.14,1456.19
2014-08-13,1447.69,1456.91,1435.56,1444.77
2014-08-14,1444.13,1459.52,1430.24,1445.62
2014-08-15,1436.4,1439.08,1436.22,1438.9
2014-08-18,1446.27,1457.75,1438.29,1449.76
2014-08-19,1467.92,1468.99,1463.82,1464.89
2014-08-20,1477.28,1483.7,1472.55,1478.96
2014-08-21,1469.45,1482.7,1466.99,1480.22
2014-08-22,1498.24,1507.3,1486.35,1495.39
2014-08-25,1481.35,1486.91,1479.94,1485.49
2014-08-26,1509.56,1522.38,1495.88,1508.69
2014-08-27,1492.09,1500.75,1488.51,1497.16
2014-08-28,1473.68,1478.55,1468.74,1473.61
2014-08-29,1479.16,1495.01,1476.19,1492.01
2014-09-01,1485.51,1490.2,1480.96,1485.66
2014-09-02,1485.05,1489.16,1484.85,1488.96
2014-09-03,1472.54,1483.41,1467.31,1478.16
2014-09-04,1512.65,1514.83,1507.01,1509.19
2014-09-05,1532.46,1540.98,1524.5,1533.01
2014-09-08,1553.99,1558.23,1550.9,1555.13
2014-09-09,1553.51,1558.91,1551.49,1556.89
2014-09-10,1573.83,1576.12,1567.33,1569.62
2014-09-11,1567.35,1576.62,1560.13,1569.39
2014-09-12,1590.74,1595.39,1579.05,1583.68
2014-09-15,1586.78,1591.78,1575.96,1580.95
2014-09-16,1607.68,1613.2,1595.35,1600.84
2014-09-17,1599.72,1603.37,1591.45,1595.09
2014-09-18,1587.98,1593.15,1585.7,1590.87
2014-09-19,1585.53,1588.4,1582.4,1585.28
2014-09-22,1589.13,1597.02,1582.23,1590.1
2014-09-23,1589.55,1595.57,1579.55,1585.56
2014-09-24,1591.95,1596.11,1587.84,1592.0
2014-09-25,1585.14,1586.61,1584.83,1586.3
2014-09-26,1604.49,1610.5,1590.57,1596.55
2014-09-29,1616.25,1619.55,1614.54,1617.84
2014-09-30,1615.65,1621.0,1613.34,1618.68
2014-10-01,1644.75,1651.07,1640.42,1646.73
2014-10-02,1665.33,1665.75,1659.58,1660.0
2014-10-03,1686.6,1698.42,1673.84,1685.65
2014-10-06,1687.51,1688.33,1684.38,1685.19
2014-10-07,1664.08,1672.19,1654.79,1662.9
2014-10-08,1642.14,1654.42,1640.74,1653.01
2014-10-09,1639.34,1644.75,1639.2,1644.61
2014-10-10,1630.64,1637.94,1624.72,1632.01
2014-10-13,1607.33,1617.09,1596.07,1605.82
2014-10-14,1614.09,1620.88,1612.09,1618.87
2014-10-15,1590.56,1599.53,1586.45,1595.41
2014-10-16,1606.01,1608.68,1604.84,1607.52
2014-10-17,1641.74,1647.69,1629.31,1635.23
2014-10-20,1616.36,1633.16,1610.11,1626.87
2014-10-21,1618.66,1636.64,1613.71,1631.64
2014-10-22,1634.88,1635.73,1625.56,1626.41
2014-10-23,1629.27,1640.66,1625.42,1636.79
2014-10-24,1619.46,1624.67,1616.22,1621.43
2014-10-27,1614.27,1631.32,1604.57,1621.58
2014-10-28,1634.4,1638.01,1632.27,1635.88
2014-10-29,1634.44,1638.38,1631.16,1635.1
2014-10-30,1622.12,1635.33,1601.17,1614.32
2014-10-31,1633.89,1640.81,1623.47,1630.37
2014-11-03,1608.82,1622.99,1600.91,1615.04
2014-11-04,1607.06,1623.12,1600.29,1616.31
2014-11-05,1626.42,1635.09,1615.32,1623.98
2014-11-06,1623.1,1628.96,1619.78,1625.63
2014-11-07,1654.45,1664.45,1648.06,1658.05
2014-11-10,1674.48,1677.9,1665.15,1668.55
2014-11-11,1656.53,1672.52,1649.35,1665.31
2014-11-12,1670.57,1672.59,1670.39,1672.41
2014-11-13,1677.55,1687.72,1664.23,1674.38
2014-11-14,1668.29,1682.46,1660.07,1674.22
2014-11-17,1684.82,1685.28,1677.83,1678.29
2014-11-18,1666.91,1678.84,1660.08,1671.98
2014-11-19,1673.75,1682.42,1665.43,1674.1
2014-11-20,1663.52,1669.79,1660.73,1666.99
2014-11-21,1628.7,1650.0,1620.97,1642.2
2014-11-24,1656.4,1667.8,1647.1,1658.49
2014-11-25,1654.9,1658.89,1647.0,1650.97
2014-11-26,1647.57,1664.49,1635.82,1652.7
2014-11-27,1639.72,1645.19,1637.35,1642.82
2014-11-28,1630.99,1636.32,1628.2,1633.52
2014-12-01,1625.01,1629.92,1617.5,1622.4
2014-12-02,1633.29,1635.26,1633.09,1635.06
2014-12-03,1650.71,1664.78,1636.53,1650.6
2014-12-04,1651.02,1661.98,1639.87,1650.84
2014-12-05,1641.24,1644.37,1640.7,1643.83
2014-12-08,1631.59,1634.63,1620.33,1623.36
2014-12-09,1629.12,1648.63,1614.68,1634.15
2014-12-10,1629.13,1629.67,1625.16,1625.7
2014-12-11,1617.9,1624.48,1605.17,1611.73
2014-12-12,1612.21,1620.04,1605.05,1612.88
2014-12-15,1610.92,1615.14,1606.41,1610.63
2014-12-16,1594.33,1595.11,1591.01,1591.79
2014-12-17,1573.36,1579.56,1568.91,1575.11
2014-12-18,1572.05,1593.61,1559.56,1581.04
2014-12-19,1572.82,1574.72,1572.09,1574.0
2014-12-22,1591.34,1593.58,1581.3,1583.53
2014-12-23,1589.61,1595.57,1580.94,1586.9
2014-12-24,1602.31,1604.28,1599.97,1601.94
2014-12-25,1595.85,1598.07,1590.03,1592.24
2014-12-26,1595.91,1596.89,1595.63,1596.61
2014-12-29,1607.63,1609.22,1605.89,1607.48
2014-12-30,1598.34,1601.47,1597.28,1600.41
2014-12-31,1618.67,1618.98,1616.04,1616.35
2015-01-01,1592.62,1600.41,1587.39,1595.18
2015-01-02,1584.1,1595.65,1574.06,1585.6
2015-01-05,1570.09,1570.19,1565.87,1565.96
2015-01-06,1557.34,1562.12,1553.47,1558.25
2015-01-07,1560.94,1569.91,1549.34,1558.3
2015-01-08,1574.31,1578.38,1567.19,1571.25
2015-01-09,1570.7,1576.73,1565.03,1571.06
2015-01-12,1564.6,1580.95,1549.9,1566.24
2015-01-13,1541.79,1565.13,1524.65,1547.92
2015-01-14,1529.31,1535.67,1528.01,1534.36
2015-01-15,1543.87,1554.15,1530.79,1541.06
2015-01-16,1557.88,1561.96,1551.06,1555.13
2015-01-19,1548.37,1566.02,1535.37,1552.98
2015-01-20,1573.08,1581.34,1562.96,1571.21
2015-01-21,1561.72,1573.58,1548.86,1560.71
2015-01-22,1562.14,1573.69,1546.24,1557.77
2015-01-23,1566.11,1575.22,1546.95,1556.0
2015-01-26,1582.28,1584.23,1577.6,1579.55
2015-01-27,1579.91,1589.63,1573.49,1583.2
2015-01-28,1564.81,1565.22,1560.91,1561.33
2015-01-29,1571.2,1578.96,1568.38,1576.13
2015-01-30,1613.12,1620.25,1595.37,1602.45
2015-02-02,1595.71,1609.42,1587.92,1601.6
2015-02-03,1593.53,1597.5,1587.48,1591.44
2015-02-04,1604.75,1610.3,1599.2,1604.74
2015-02-05,1630.32,1639.22,1623.45,1632.34
2015-02-06,1642.33,1647.67,1639.35,1644.69
2015-02-09,1632.22,1636.06,1621.75,1625.58
2015-02-10,1639.67,1644.0,1632.55,1636.88
2015-02-11,1642.59,1647.54,1638.4,1643.34
2015-02-12,1640.16,1647.34,1624.54,1631.68
2015-02-13,1649.42,1651.64,1647.79,1650.01
2015-02-16,1661.86,1662.6,1657.46,1658.21
2015-02-17,1669.71,1677.25,1668.92,1676.45
2015-02-18,1656.36,1667.97,1651.18,1662.78
2015-02-19,1672.35,1679.17,1661.98,1668.79
2015-02-20,1659.03,1663.52,1653.01,1657.5
2015-02-23,1673.84,1673.98,1662.99,1663.13
2015-02-24,1680.03,1688.93,1674.71,1683.6
2015-02-25,1668.35,1677.17,1656.17,1664.97
2015-02-26,1646.27,1659.93,1633.84,1647.49
2015-02-27,1665.6,1666.06,1660.91,1661.37
2015-03-02,1669.06,1671.43,1662.86,1665.22
2015-03-03,1681.51,1689.34,1673.82,1681.65
2015-03-04,1667.57,1678.56,1660.31,1671.29
2015-03-05,1670.93,1679.4,1664.17,1672.63
2015-03-06,1676.88,1688.0,1671.39,1682.5
2015-03-09,1688.88,1689.29,1686.62,1687.03
2015-03-10,1649.43,1668.44,1644.47,1663.44
2015-03-11,1699.24,1707.82,1693.65,1702.21
2015-03-12,1709.83,1711.31,1703.72,1705.2
2015-03-13,1691.75,1692.11,1686.92,1687.29
2015-03-16,1685.03,1695.03,1683.23,1693.22
2015-03-17,1702.34,1714.69,1687.05,1699.37
2015-03-18,1707.15,1725.82,1694.38,1713.01
2015-03-19,1723.54,1736.67,1712.39,1725.5
2015-03-20,1726.36,1734.3,1714.48,1722.4
2015-03-23,1695.34,1704.24,1691.42,1700.31
2015-03-24,1714.16,1724.36,1696.7,1706.86
2015-03-25,1686.21,1686.77,1684.34,1684.91
2015-03-26,1704.32,1719.29,1687.01,1701.96
2015-03-27,1697.86,1699.84,1690.41,1692.39
2015-03-30,1707.3,1710.63,1699.42,1702.75
2015-03-31,1698.32,1706.18,1686.4,1694.24
2015-04-01,1684.44,1699.03,1673.2,1687.77
2015-04-02,1672.07,1689.01,1660.76,1677.66
2015-04-03,1686.86,1696.11,1679.04,1688.29
2015-04-06,1684.36,1684.91,1681.41,1681.96
2015-04-07,1686.76,1695.92,1684.14,1693.29
2015-04-08,1688.86,1691.45,1683.33,1685.92
2015-04-09,1685.52,1693.48,1675.68,1683.63
2015-04-10,1684.11,1692.75,1676.39,1685.03
2015-04-13,1689.67,1694.34,1684.7,1689.36
2015-04-14,1677.98,1682.93,1672.71,1677.65
2015-04-15,1690.56,1705.99,1672.91,1688.32
2015-04-16,1689.31,1692.37,1682.48,1685.53
2015-04-17,1708.49,1715.37,1687.09,1693.9
2015-04-20,1696.71,1696.81,1695.75,1695.85
2015-04-21,1701.37,1708.08,1697.96,1704.66
2015-04-22,1689.99,1708.98,1680.78,1699.71
2015-04-23,1682.58,1699.41,1672.92,1689.71
2015-04-24,1692.66,1697.57,1691.62,1696.52
2015-04-27,1695.48,1697.07,1690.39,1691.98
2015-04-28,1710.88,1714.61,1709.18,1712.91
2015-04-29,1716.52,1727.01,1703.94,1714.43
2015-04-30,1692.48,1704.73,1683.98,1696.21
2015-05-01,1691.74,1694.08,1687.1,1689.44
2015-05-04,1682.66,1694.06,1666.89,1678.27
2015-05-05,1692.32,1696.48,1690.21,1694.36
2015-05-06,1708.28,1708.74,1705.61,1706.06
2015-05-07,1703.84,1707.29,1702.64,1706.09
2015-05-08,1704.63,1715.79,1699.82,1710.96
2015-05-11,1714.81,1728.9,1697.89,1711.96
2015-05-12,1726.75,1728.16,1723.22,1724.62
2015-05-13,1735.44,1735.82,1731.98,1732.36
2015-05-14,1747.44,1754.42,1735.49,1742.44
2015-05-15,1738.77,1742.46,1736.38,1740.07
2015-05-18,1732.21,1738.58,1726.77,1733.13
2015-05-19,1741.31,1745.95,1738.16,1742.8
2015-05-20,1766.36,1778.93,1751.97,1764.53
2015-05-21,1778.97,1782.8,1775.89,1779.71
2015-05-22,1801.87,1805.46,1797.59,1801.19
2015-05-25,1800.23,1807.56,1796.8,1804.13
2015-05-26,1784.41,1791.61,1782.73,1789.93
2015-05-27,1772.4,1785.3,1764.36,1777.24
2015-05-28,1798.35,1800.42,1794.03,1796.1
2015-05-29,1769.5,1778.23,1761.0,1769.73
2015-06-01,1788.91,1796.95,1783.54,1791.57
2015-06-02,1783.56,1787.12,1776.46,1780.02
2015-06-03,1814.2,1816.54,1803.97,1806.3
2015-06-04,1801.74,1806.22,1799.95,1804.42
2015-06-05,1807.7,1818.93,1802.38,1813.6
2015-06-08,1852.06,1860.05,1838.85,1846.82
2015-06-09,1840.68,1841.85,1839.42,1840.59
2015-06-10,1833.25,1835.85,1831.66,1834.26
2015-06-11,1828.79,1843.77,1808.3,1823.23
2015-06-12,1806.72,1813.28,1801.59,1808.15
2015-06-15,1805.98,1812.82,1797.0,1803.83
2015-06-16,1796.25,1798.48,1793.15,1795.38
2015-06-17,1794.73,1795.49,1776.66,1777.42
2015-06-18,1773.6,1780.76,1767.15,1774.31
2015-06-19,1785.47,1786.56,1779.38,1780.47
2015-06-22,1767.52,1769.33,1767.04,1768.85
2015-06-23,1769.01,1786.98,1748.67,1766.62
2015-06-24,1785.3,1794.26,1777.38,1786.35
2015-06-25,1770.46,1777.62,1759.1,1766.24
2015-06-26,1792.83,1795.05,1791.12,1793.34
2015-06-29,1787.32,1789.84,1782.11,1784.62
2015-06-30,1783.18,1789.56,1780.86,1787.24
2015-07-01,1800.82,1816.72,1789.26,1805.13
2015-07-02,1816.72,1842.84,1800.99,1827.03
2015-07-03,1834.94,1840.44,1827.43,1832.92
2015-07-06,1820.58,1830.99,1813.73,1824.13
2015-07-07,1824.52,1826.59,1810.52,1812.58
2015-07-08,1801.63,1812.31,1793.52,1804.19
2015-07-09,1837.42,1847.49,1820.54,1830.57
2015-07-10,1830.81,1832.61,1822.75,1824.55
2015-07-13,1828.96,1835.72,1823.54,1830.31
2015-07-14,1811.03,1819.59,1806.49,1815.04
2015-07-15,1797.77,1805.05,1791.22,1798.5
2015-07-16,1805.07,1807.27,1796.76,1798.95
2015-07-17,1806.76,1808.28,1792.95,1794.46
2015-07-20,1786.14,1797.94,1780.99,1792.78
2015-07-21,1772.24,1775.11,1769.3,1772.17
2015-07-22,1768.61,1785.52,1754.93,1771.82
2015-07-23,1792.49,1795.69,1791.23,1794.43
2015-07-24,1791.79,1795.77,1778.69,1782.66
2015-07-27,1793.42,1802.63,1788.37,1797.57
2015-07-28,1740.34,1756.78,1732.38,1748.78
2015-07-29,1739.72,1740.64,1737.74,1738.67
2015-07-30,1715.0,1716.12,1711.93,1713.05
2015-07-31,1730.39,1747.31,1715.68,1732.58
2015-08-03,1745.39,1754.48,1739.88,1748.96
2015-08-04,1737.01,1743.49,1729.7,1736.18
2015-08-05,1735.43,1747.23,1730.72,1742.49
2015-08-06,1763.94,1769.29,1756.37,1761.71
2015-08-07,1780.97,1797.39,1766.42,1782.83
2015-08-10,1788.6,1790.6,1779.21,1781.19
2015-08-11,1752.76,1766.23,1737.64,1751.09
2015-08-12,1739.53,1741.53,1738.33,1740.33
2015-08-13,1752.43,1754.01,1752.05,1753.64
2015-08-14,1775.47,1797.02,1764.34,1785.83
2015-08-17,1788.67,1795.9,1782.1,1789.33
2015-08-18,1781.04,1782.49,1780.69,1782.13
2015-08-19,1818.63,1822.55,1814.42,1818.35
2015-08-20,1824.17,1828.16,1821.22,1825.21
2015-08-21,1816.18,1816.49,1808.12,1808.43
2015-08-24,1809.31,1811.45,1808.62,1810.77
2015-08-25,1821.9,1832.71,1815.73,1826.52
2015-08-26,1817.4,1827.82,1816.12,1826.53
2015-08-27,1836.62,1846.19,1829.52,1839.08
2015-08-28,1810.94,1819.5,1808.11,1816.65
2015-08-31,1792.9,1804.58,1788.23,1799.9
2015-09-01,1788.47,1798.26,1780.36,1790.14
2015-09-02,1792.92,1795.14,1784.6,1786.81
2015-09-03,1797.54,1805.49,1784.57,1792.51
2015-09-04,1795.56,1803.63,1794.44,1802.5
2015-09-07,1839.6,1849.91,1829.09,1839.4
2015-09-08,1830.8,1833.21,1826.07,1828.48
2015-09-09,1827.15,1832.43,1818.68,1823.95
2015-09-10,1822.48,1825.21,1811.03,1813.75
2015-09-11,1823.38,1831.89,1821.3,1829.8
2015-09-14,1841.94,1847.79,1840.99,1846.84
2015-09-15,1836.38,1847.5,1828.93,1840.03
2015-09-16,1872.02,1883.14,1858.85,1869.96
2015-09-17,1843.72,1861.07,1841.56,1858.9
2015-09-18,1872.09,1881.52,1863.97,1873.38
2015-09-21,1884.16,1895.63,1882.83,1894.29
2015-09-22,1873.24,1884.96,1861.52,1873.25
2015-09-23,1892.57,1901.5,1872.02,1880.89
2015-09-24,1845.22,1846.67,1838.81,1840.25
2015-09-25,1845.34,1858.05,1839.47,1852.15
2015-09-28,1833.95,1837.67,1832.53,1836.25
2015-09-29,1839.59,1853.27,1830.87,1844.52
2015-09-30,1862.57,1876.21,1841.77,1855.36
2015-10-01,1859.07,1878.09,1852.47,1871.44
2015-10-02,1881.8,1900.29,1865.8,1884.28
2015-10-05,1882.38,1898.65,1870.07,1886.32
2015-10-06,1873.75,1894.28,1859.9,1880.37
2015-10-07,1888.38,1888.64,1878.78,1879.03
2015-10-08,1853.74,1864.23,1852.02,1862.49
2015-10-09,1852.86,1859.58,1852.8,1859.52
2015-10-12,1865.94,1871.91,1851.11,1857.05
2015-10-13,1845.24,1856.88,1834.15,1845.79
2015-10-14,1819.82,1825.82,1814.78,1820.78
2015-10-15,1799.69,1807.14,1795.63,1803.07
2015-10-16,1758.2,1767.91,1748.5,1758.21
2015-10-19,1755.21,1762.61,1750.08,1757.48
2015-10-20,1761.24,1770.08,1756.31,1765.14
2015-10-21,1720.61,1733.18,1715.33,1727.88
2015-10-22,1734.54,1735.76,1733.11,1734.33
2015-10-23,1732.27,1743.12,1724.55,1735.38
2015-10-26,1719.92,1733.33,1708.95,1722.35
2015-10-27,1722.54,1723.59,1718.08,1719.14
2015-10-28,1735.24,1740.47,1732.64,1737.87
2015-10-29,1725.8,1732.32,1719.85,1726.36
2015-10-30,1739.34,1753.42,1716.63,1730.65
2015-11-02,1741.63,1747.96,1733.29,1739.62
2015-11-03,1727.32,1731.83,1725.6,1730.12
2015-11-04,1742.13,1755.39,1734.66,1747.89
2015-11-05,1755.68,1758.75,1753.3,1756.38
2015-11-06,1759.15,1766.62,1747.54,1755.0
2015-11-09,1790.21,1794.4,1789.19,1793.38
2015-11-10,1809.81,1810.52,1809.34,1810.05
2015-11-11,1783.11,1787.93,1781.58,1786.4
2015-11-12,1780.28,1795.79,1766.96,1782.46
2015-11-13,1813.97,1822.02,1812.91,1820.95
2015-11-16,1809.69,1814.99,1803.25,1808.55
2015-11-17,1811.42,1811.75,1810.64,1810.97
2015-11-18,1838.42,1846.68,1822.42,1830.65
2015-11-19,1841.6,1850.12,1832.84,1841.36
2015-11-20,1849.69,1857.76,1845.96,1854.02
2015-11-23,1874.36,1877.67,1863.3,1866.6
2015-11-24,1869.01,1869.33,1867.02,1867.34
2015-11-25,1856.59,1871.66,1840.85,1855.91
2015-11-26,1862.52,1864.37,1861.13,1862.97
2015-11-27,1857.91,1865.58,1849.78,1857.44
2015-11-30,1846.7,1852.87,1845.71,1851.88
2015-12-01,1874.07,1880.05,1868.95,1874.93
2015-12-02,1868.24,1871.5,1866.62,1869.87
2015-12-03,1897.7,1904.53,1889.25,1896.07
2015-12-04,1906.11,1907.9,1898.38,1900.16
2015-12-07,1904.81,1923.42,1881.14,1899.71
2015-12-08,1875.24,1891.54,1856.5,1872.77
2015-12-09,1895.02,1907.05,1893.25,1905.27
2015-12-10,1902.46,1909.5,1898.32,1905.35
2015-12-11,1860.9,1874.72,1857.73,1871.53
2015-12-14,1894.65,1895.44,1888.13,1888.92
2015-12-15,1887.66,1891.34,1885.06,1888.74
2015-12-16,1874.13,1879.87,1869.62,1875.36
2015-12-17,1885.92,1892.04,1884.09,1890.21
2015-12-18,1859.15,1875.23,1836.5,1852.52
2015-12-21,1844.99,1854.43,1835.38,1844.82
2015-12-22,1840.84,1850.18,1832.53,1841.86
2015-12-23,1856.63,1861.13,1851.82,1856.32
2015-12-24,1892.17,1892.55,1891.05,1891.43
2015-12-25,1887.27,1897.63,1878.08,1888.43
2015-12-28,1904.64,1912.51,1890.02,1897.86
2015-12-29,1946.86,1957.43,1929.45,1939.99
2015-12-30,1940.02,1942.92,1936.98,1939.88
2015-12-31,1941.85,1952.8,1935.87,1946.8
2016-01-01,1928.81,1939.68,1916.47,1927.33
2016-01-04,1954.52,1961.13,1951.84,1958.44
2016-01-05,1954.98,1958.42,1943.63,1947.06
2016-01-06,1959.55,1976.38,1934.02,1950.77
2016-01-07,1957.81,1970.19,1941.66,1954.01
2016-01-08,1947.62,1958.75,1943.73,1954.84
2016-01-11,1946.15,1954.38,1941.07,1949.29
2016-01-12,1951.06,1955.67,1948.04,1952.64
2016-01-13,1973.56,1983.77,1968.77,1978.97
2016-01-14,2010.5,2015.62,2007.64,2012.75
2016-01-15,2009.56,2011.11,2007.04,2008.58
2016-01-18,2004.61,2023.16,1983.33,2001.86
2016-01-19,1995.58,1999.3,1984.61,1988.31
2016-01-20,2027.7,2028.51,2027.43,2028.25
2016-01-21,2026.23,2030.49,2024.23,2028.48
2016-01-22,2035.43,2044.76,2034.42,2043.75
2016-01-25,2055.64,2067.02,2042.57,2053.93
2016-01-26,2082.2,2094.63,2073.06,2085.47
2016-01-27,2077.19,2091.59,2064.53,2078.92
2016-01-28,2055.47,2064.68,2050.19,2059.39
2016-01-29,2081.78,2092.31,2075.05,2085.57
2016-02-01,2101.88,2110.98,2088.71,2097.79
2016-02-02,2101.26,2102.17,2101.13,2102.04
2016-02-03,2132.27,2136.03,2119.01,2122.75
2016-02-04,2119.87,2129.88,2117.43,2127.43
2016-02-05,2155.86,2158.79,2145.31,2148.23
2016-02-08,2146.81,2162.84,2134.41,2150.42
2016-02-09,2159.84,2177.3,2143.19,2160.64
2016-02-10,2167.68,2169.75,2162.85,2164.91
2016-02-11,2162.24,2165.81,2152.48,2156.04
2016-02-12,2155.63,2167.09,2137.77,2149.19
2016-02-15,2147.94,2159.95,2129.67,2141.65
2016-02-16,2140.64,2154.83,2128.23,2142.41
2016-02-17,2143.22,2155.81,2119.53,2132.05
2016-02-18,2139.17,2142.94,2131.9,2135.66
2016-02-19,2119.39,2140.03,2118.07,2138.7
2016-02-22,2140.64,2162.96,2118.36,2140.68
2016-02-23,2138.23,2151.64,2127.53,2140.93
2016-02-24,2126.74,2140.4,2115.36,2129.0
2016-02-25,2125.51,2131.17,2116.07,2121.72
2016-02-26,2094.77,2096.94,2090.93,2093.1
2016-02-29,2086.53,2099.62,2077.95,2091.03
2016-03-01,2084.16,2089.69,2069.55,2075.05
2016-03-02,2066.73,2078.81,2062.91,2074.97
2016-03-03,2053.66,2063.26,2052.67,2062.27
2016-03-04,2022.21,2035.61,2015.7,2029.07
2016-03-07,2068.08,2071.54,2062.12,2065.58
2016-03-08,2062.67,2066.37,2056.95,2060.65
2016-03-09,2076.66,2104.65,2054.05,2081.98
2016-03-10,2068.22,2077.46,2062.93,2072.16
2016-03-11,2096.98,2098.32,2095.91,2097.25
2016-03-14,2072.67,2081.74,2070.53,2079.59
2016-03-15,2085.62,2095.46,2071.06,2080.88
2016-03-16,2071.78,2086.58,2047.6,2062.34
2016-03-17,2100.57,2112.5,2090.02,2101.94
2016-03-18,2098.13,2098.72,2095.62,2096.2
2016-03-21,2110.1,2129.69,2090.08,2109.67
2016-03-22,2123.25,2125.05,2113.04,2114.83
2016-03-23,2124.49,2131.68,2105.29,2112.44
2016-03-24,2116.12,2122.01,2112.76,2118.65
2016-03-25,2137.93,2138.65,2137.25,2137.98
2016-03-28,2153.6,2155.61,2146.33,2148.33
2016-03-29,2150.33,2154.01,2144.68,2148.36
2016-03-30,2147.89,2158.22,2143.72,2154.04
2016-03-31,2169.52,2183.62,2167.54,2181.62
2016-04-01,2167.16,2184.78,2153.72,2171.31
2016-04-04,2142.39,2154.93,2128.01,2140.54
2016-04-05,2117.94,2126.95,2111.69,2120.7
2016-04-06,2095.52,2107.11,2090.84,2102.42
2016-04-07,2082.86,2087.41,2082.19,2086.74
2016-04-08,2083.05,2092.66,2062.36,2071.92
2016-04-11,2064.75,2082.72,2054.07,2072.01
2016-04-12,2072.63,2083.81,2063.67,2074.84
2016-04-13,2073.99,2090.51,2060.96,2077.46
2016-04-14,2076.6,2077.21,2064.12,2064.72
2016-04-15,2070.14,2081.3,2068.42,2079.57
2016-04-18,2083.3,2105.77,2066.04,2088.47
2016-04-19,2112.42,2130.34,2094.35,2112.26
2016-04-20,2124.77,2131.86,2116.87,2123.95
2016-04-21,2123.3,2134.46,2105.31,2116.42
2016-04-22,2141.64,2150.57,2126.44,2135.36
2016-04-25,2134.41,2150.41,2123.2,2139.18
2016-04-26,2151.45,2152.51,2148.62,2149.68
2016-04-27,2157.39,2166.46,2149.69,2158.76
2016-04-28,2151.02,2163.83,2141.44,2154.23
2016-04-29,2159.74,2161.3,2151.87,2153.42
2016-05-02,2152.58,2159.41,2144.34,2151.18
2016-05-03,2145.48,2159.97,2121.09,2135.51
2016-05-04,2102.29,2107.58,2094.26,2099.53
2016-05-05,2093.01,2094.15,2086.31,2087.44
2016-05-06,2072.63,2093.67,2068.87,2089.88
2016-05-09,2108.92,2114.39,2103.13,2108.59
2016-05-10,2122.78,2127.04,2116.01,2120.26
2016-05-11,2117.59,2120.9,2111.18,2114.49
2016-05-12,2111.95,2114.47,2099.92,2102.43
2016-05-13,2102.31,2120.51,2080.47,2098.64
2016-05-16,2076.48,2086.88,2073.87,2084.27
2016-05-17,2052.9,2053.23,2049.47,2049.79
2016-05-18,2030.05,2040.27,2014.96,2025.16
2016-05-19,2044.06,2058.13,2033.96,2048.01
2016-05-20,2075.44,2079.98,2073.67,2078.21
2016-05-23,2096.91,2106.39,2082.71,2092.17
2016-05-24,2090.57,2092.41,2088.91,2090.75
2016-05-25,2074.42,2075.72,2066.53,2067.82
2016-05-26,2066.22,2072.37,2059.1,2065.25
2016-05-27,2061.47,2089.69,2047.11,2075.23
2016-05-30,2090.84,2094.5,2087.0,2090.65
2016-05-31,2098.8,2103.62,2096.67,2101.48
2016-06-01,2123.72,2127.51,2116.19,2119.97
2016-06-02,2152.16,2153.49,2148.27,2149.6
2016-06-03,2134.39,2148.87,2126.16,2140.61
2016-06-06,2185.09,2187.06,2182.0,2183.96
2016-06-07,2151.43,2162.54,2137.05,2148.14
2016-06-08,2135.82,2137.68,2131.29,2133.15
2016-06-09,2140.39,2140.93,2133.76,2134.3
2016-06-10,2134.35,2154.28,2121.2,2141.08
2016-06-13,2134.9,2143.47,2127.49,2136.06
2016-06-14,2111.52,2137.17,2100.31,2125.89
2016-06-15,2167.12,2170.7,2156.07,2159.64
2016-06-16,2148.85,2154.09,2142.99,2148.23
2016-06-17,2128.62,2153.16,2104.8,2129.33
2016-06-20,2154.07,2162.45,2146.53,2154.9
2016-06-21,2169.28,2171.09,2164.35,2166.16
2016-06-22,2187.98,2197.97,2171.21,2181.17
2016-06-23,2179.41,2184.53,2176.21,2181.32
2016-06-24,2158.64,2165.04,2149.6,2155.99
2016-06-27,2157.58,2168.15,2144.45,2155.01
2016-06-28,2113.94,2144.48,2097.55,2127.98
2016-06-29,2125.43,2136.18,2119.22,2129.95
2016-06-30,2141.35,2146.14,2133.77,2138.55
2016-07-01,2161.83,2165.22,2150.49,2153.86
2016-07-04,2162.29,2169.6,2146.23,2153.51
2016-07-05,2156.47,2164.91,2155.99,2164.42
2016-07-06,2154.74,2168.18,2134.9,2148.3
2016-07-07,2169.63,2175.47,2157.1,2162.93
2016-07-08,2175.24,2188.15,2159.65,2172.55
2016-07-11,2147.36,2164.8,2143.04,2160.45
2016-07-12,2164.39,2175.39,2156.9,2167.89
2016-07-13,2185.04,2197.92,2171.47,2184.33
2016-07-14,2182.43,2191.85,2174.56,2183.98
2016-07-15,2154.82,2169.82,2153.93,2168.93
2016-07-18,2171.3,2185.4,2158.92,2173.01
2016-07-19,2174.66,2187.37,2168.06,2180.75
2016-07-20,2169.55,2175.18,2160.09,2165.71
2016-07-21,2151.17,2159.96,2139.3,2148.07
2016-07-22,2159.26,2163.01,2152.14,2155.88
2016-07-25,2168.56,2185.85,2153.69,2170.97
2016-07-26,2205.34,2206.65,2203.9,2205.21
2016-07-27,2213.85,2224.75,2203.51,2214.41
2016-07-28,2198.61,2201.97,2189.24,2192.6
2016-07-29,2221.17,2231.03,2214.89,2224.73
2016-08-01,2236.78,2243.46,2235.2,2241.87
2016-08-02,2212.44,2213.43,2205.09,2206.07
2016-08-03,2192.46,2196.14,2183.41,2187.08
2016-08-04,2180.4,2187.36,2170.41,2177.36
2016-08-05,2200.18,2204.81,2185.2,2189.81
2016-08-08,2164.04,2179.34,2135.37,2150.57
2016-08-09,2155.72,2157.94,2145.58,2147.79
2016-08-10,2155.14,2165.66,2149.48,2159.99
2016-08-11,2117.36,2121.98,2107.48,2112.1
2016-08-12,2125.17,2129.06,2120.58,2124.46
2016-08-15,2136.69,2154.84,2122.18,2140.3
2016-08-16,2121.03,2127.73,2119.07,2125.76
2016-08-17,2108.13,2124.76,2089.8,2106.43
2016-08-18,2097.44,2106.64,2083.13,2092.31
2016-08-19,2056.9,2067.03,2038.33,2048.42
2016-08-22,2050.13,2053.66,2042.47,2045.99
2016-08-23,2054.65,2056.36,2049.41,2051.12
2016-08-24,2030.95,2043.45,2019.72,2032.21
2016-08-25,2051.5,2056.72,2044.95,2050.17
2016-08-26,2044.11,2063.81,2033.66,2053.31
2016-08-29,2064.16,2065.88,2058.95,2060.67
2016-08-30,2057.92,2063.2,2049.98,2055.25
2016-08-31,2080.96,2092.0,2058.1,2069.08
2016-09-01,2091.08,2104.59,2077.82,2091.32
2016-09-02,2092.9,2102.45,2075.92,2085.44
2016-09-05,2098.27,2105.28,2094.26,2101.26
2016-09-06,2125.76,2130.4,2110.38,2114.99
2016-09-07,2131.78,2132.86,2121.47,2122.55
2016-09-08,2158.38,2161.43,2148.04,2151.08
2016-09-09,2139.19,2147.44,2130.55,2138.8
2016-09-12,2132.53,2139.29,2127.19,2133.95
2016-09-13,2118.85,2139.81,2100.28,2121.22
2016-09-14,2127.75,2136.19,2125.54,2133.98
2016-09-15,2132.73,2133.3,2129.18,2129.75
2016-09-16,2116.92,2123.53,2111.9,2118.5
2016-09-19,2151.71,2159.39,2141.57,2149.24
2016-09-20,2180.99,2194.6,2166.28,2179.88
2016-09-21,2166.91,2177.07,2163.77,2173.91
2016-09-22,2157.41,2164.96,2143.03,2150.56
2016-09-23,2182.82,2191.24,2173.77,2182.19
2016-09-26,2197.49,2202.04,2187.3,2191.83
2016-09-27,2190.71,2202.66,2186.46,2198.4
2016-09-28,2194.48,2204.12,2189.89,2199.52
2016-09-29,2182.75,2186.27,2181.82,2185.33
2016-09-30,2179.56,2181.91,2175.63,2177.97
2016-10-03,2189.81,2190.97,2189.33,2190.49
2016-10-04,2190.77,2206.3,2166.38,2181.84
2016-10-05,2195.1,2200.75,2182.67,2188.31
2016-10-06,2182.74,2190.14,2180.13,2187.53
2016-10-07,2187.8,2195.62,2160.88,2168.63
2016-10-10,2195.75,2203.84,2188.21,2196.3
2016-10-11,2213.81,2216.11,2202.97,2205.26
2016-10-12,2207.7,2212.49,2204.8,2209.59
2016-10-13,2221.79,2225.3,2214.14,2217.64
2016-10-14,2191.9,2201.33,2176.27,2185.67
2016-10-17,2167.35,2178.75,2165.79,2177.18
2016-10-18,2161.81,2167.08,2145.29,2150.54
2016-10-19,2147.45,2156.26,2143.7,2152.5
2016-10-20,2155.59,2163.24,2150.21,2157.85
2016-10-21,2156.05,2174.55,2141.5,2159.97
2016-10-24,2176.74,2183.72,2173.48,2180.45
2016-10-25,2150.91,2155.18,2150.01,2154.28
2016-10-26,2132.83,2140.66,2132.67,2140.5
2016-10-27,2152.56,2162.36,2137.88,2147.65
2016-10-28,2152.86,2156.2,2148.78,2152.11
2016-10-31,2129.47,2132.0,2127.82,2130.35
2016-11-01,2157.42,2159.7,2148.59,2150.86
2016-11-02,2188.75,2201.26,2164.77,2177.21
2016-11-03,2173.79,2187.43,2170.4,2184.02
2016-11-04,2168.23,2175.82,2150.17,2157.72
2016-11-07,2161.25,2164.81,2157.84,2161.4
2016-11-08,2158.34,2173.49,2151.99,2167.12
2016-11-09,2164.97,2170.09,2157.18,2162.29
2016-11-10,2184.43,2186.53,2183.09,2185.2
2016-11-11,2188.32,2198.35,2172.69,2182.69
2016-11-14,2220.15,2222.73,2216.6,2219.18
2016-11-15,2233.79,2253.5,2211.71,2231.4
2016-11-16,2231.81,2255.04,2211.51,2234.72
2016-11-17,2242.07,2250.5,2240.58,2249.01
2016-11-18,2278.52,2287.73,2264.27,2273.46
2016-11-21,2284.1,2300.3,2271.52,2287.7
2016-11-22,2286.71,2294.18,2276.49,2283.95
2016-11-23,2280.41,2282.11,2268.6,2270.29
2016-11-24,2247.91,2257.24,2239.66,2248.99
2016-11-25,2210.17,2212.33,2203.38,2205.54
2016-11-28,2208.55,2208.81,2208.5,2208.75
2016-11-29,2198.88,2206.56,2193.61,2201.29
2016-11-30,2184.61,2198.07,2181.46,2194.9
2016-12-01,2211.98,2216.35,2207.87,2212.24
2016-12-02,2208.67,2209.85,2208.58,2209.76
2016-12-05,2237.56,2260.4,2220.62,2243.42
2016-12-06,2218.83,2241.65,2209.69,2232.46
2016-12-07,2203.79,2232.14,2186.63,2214.89
2016-12-08,2204.49,2208.3,2188.95,2192.74
2016-12-09,2205.36,2215.72,2194.74,2205.11
2016-12-12,2216.64,2227.43,2215.46,2226.24
2016-12-13,2211.33,2220.67,2206.0,2215.33
2016-12-14,2196.62,2199.98,2193.2,2196.56
2016-12-15,2225.88,2226.64,2222.12,2222.89
2016-12-16,2195.78,2203.66,2189.44,2197.32
2016-12-19,2229.75,2235.16,2210.94,2216.31
2016-12-20,2219.77,2224.38,2201.5,2206.08
2016-12-21,2215.34,2224.85,2203.3,2212.8
2016-12-22,2228.69,2231.32,2228.52,2231.15
2016-12-23,2241.34,2247.56,2232.56,2238.77
2016-12-26,2225.62,2237.45,2222.71,2234.53
2016-12-27,2264.86,2265.35,2257.6,2258.09
2016-12-28,2263.2,2275.32,2249.91,2262.03
2016-12-29,2316.3,2338.28,2302.78,2324.71
2016-12-30,2288.8,2300.27,2281.36,2292.82
2017-01-02,2266.32,2272.03,2256.72,2262.42
2017-01-03,2267.19,2278.75,2267.02,2278.57
2017-01-04,2270.51,2282.4,2264.74,2276.61
2017-01-05,2285.82,2290.94,2283.92,2289.02
2017-01-06,2275.0,2292.1,2251.3,2268.36
2017-01-09,2281.36,2283.54,2267.52,2269.69
2017-01-10,2279.08,2289.92,2265.67,2276.49
2017-01-11,2244.29,2277.86,2232.31,2265.77
2017-01-12,2261.16,2279.48,2250.48,2268.76
2017-01-13,2267.5,2282.78,2228.85,2243.97
2017-01-16,2252.86,2256.76,2247.91,2251.8
2017-01-17,2258.51,2286.94,2247.97,2276.31
2017-01-18,2269.61,2270.04,2253.14,2253.57
2017-01-19,2221.28,2241.5,2210.05,2230.22
2017-01-20,2254.64,2261.52,2243.89,2250.77
2017-01-23,2221.03,2229.07,2220.66,2228.69
2017-01-24,2258.07,2274.82,2226.61,2243.25
2017-01-25,2234.27,2248.02,2230.08,2243.81
2017-01-26,2232.17,2245.02,2223.27,2236.1
2017-01-27,2268.64,2275.76,2254.43,2261.52
2017-01-30,2274.81,2290.18,2263.23,2278.59
2017-01-31,2285.8,2292.9,2275.39,2282.47
2017-02-01,2248.83,2254.32,2237.77,2243.24
2017-02-02,2256.72,2263.63,2248.63,2255.53
2017-02-03,2228.87,2239.72,2225.48,2236.32
2017-02-06,2228.83,2239.23,2223.72,2234.11
2017-02-07,2231.73,2234.55,2231.47,2234.3
2017-02-08,2271.7,2277.33,2262.08,2267.7
2017-02-09,2268.19,2275.24,2255.66,2262.68
2017-02-10,2238.59,2242.46,2233.35,2237.22
2017-02-13,2269.62,2284.05,2250.46,2264.85
2017-02-14,2266.33,2285.77,2257.8,2277.2
2017-02-15,2292.03,2301.37,2280.66,2289.99
2017-02-16,2314.88,2325.85,2304.36,2315.33
2017-02-17,2347.82,2355.63,2336.54,2344.34
2017-02-20,2333.71,2334.1,2328.06,2328.45
2017-02-21,2295.07,2307.45,2289.97,2302.33
2017-02-22,2315.41,2320.89,2310.71,2316.18
2017-02-23,2319.5,2325.24,2304.54,2310.25
2017-02-24,2308.16,2310.82,2303.41,2306.06
2017-02-27,2286.21,2301.03,2272.08,2286.9
2017-02-28,2288.21,2305.08,2279.76,2296.6
2017-03-01,2308.79,2309.13,2304.7,2305.04
2017-03-02,2292.01,2304.47,2289.17,2301.61
2017-03-03,2275.18,2278.96,2272.62,2276.4
2017-03-06,2296.63,2313.31,2283.37,2300.02
2017-03-07,2306.82,2310.8,2300.13,2304.1
2017-03-08,2319.29,2329.0,2313.76,2323.46
2017-03-09,2282.9,2286.58,2281.48,2285.16
2017-03-10,2279.81,2296.47,2269.42,2286.06
2017-03-13,2273.68,2281.22,2267.83,2275.37
2017-03-14,2277.65,2279.25,2274.57,2276.18
2017-03-15,2290.79,2294.11,2289.86,2293.18
2017-03-16,2297.48,2323.2,2273.95,2299.64
2017-03-17,2300.85,2308.42,2292.16,2299.72
2017-03-20,2308.84,2310.39,2300.39,2301.93
2017-03-21,2278.88,2285.85,2266.85,2273.8
2017-03-22,2249.17,2269.91,2237.23,2257.93
2017-03-23,2283.96,2288.34,2274.33,2278.71
2017-03-24,2279.27,2291.18,2258.09,2269.96
2017-03-27,2297.96,2304.59,2286.49,2293.1
2017-03-28,2291.34,2316.13,2283.32,2308.05
2017-03-29,2325.53,2332.28,2316.95,2323.69
2017-03-30,2338.9,2348.03,2320.13,2329.23
2017-03-31,2317.73,2327.61,2310.98,2320.85
2017-04-03,2337.8,2354.66,2300.92,2317.63
2017-04-04,2312.79,2338.42,2302.45,2328.01
2017-04-05,2289.42,2295.0,2282.85,2288.42
2017-04-06,2315.27,2333.47,2292.09,2310.26
2017-04-07,2301.46,2306.7,2295.04,2300.27
2017-04-10,2299.47,2311.91,2285.97,2298.41
2017-04-11,2289.12,2305.67,2279.76,2296.28
2017-04-12,2290.93,2296.16,2289.66,2294.89
2017-04-13,2274.49,2284.37,2260.72,2270.58
2017-04-14,2258.74,2277.41,2254.52,2273.16
2017-04-17,2290.32,2291.23,2283.21,2284.12
2017-04-18,2246.1,2253.56,2239.41,2246.87
2017-04-19,2227.45,2235.48,2215.74,2223.76
2017-04-20,2246.4,2266.53,2220.63,2240.71
2017-04-21,2279.19,2288.65,2244.61,2253.97
2017-04-24,2269.5,2272.74,2256.79,2260.02
2017-04-25,2239.71,2249.93,2237.61,2247.82
2017-04-26,2275.74,2293.14,2243.78,2261.07
2017-04-27,2221.24,2242.65,2218.09,2239.47
2017-04-28,2234.53,2241.74,2230.31,2237.51
2017-05-01,2216.21,2226.37,2204.9,2215.06
2017-05-02,2211.83,2226.39,2199.44,2213.98
2017-05-03,2199.13,2199.81,2196.58,2197.27
2017-05-04,2212.05,2213.91,2211.3,2213.17
2017-05-05,2231.52,2237.8,2216.69,2222.95
2017-05-08,2213.29,2230.37,2199.43,2216.49
2017-05-09,2237.43,2238.83,2236.82,2238.21
2017-05-10,2234.26,2240.41,2216.33,2222.45
2017-05-11,2230.16,2236.22,2217.66,2223.7
2017-05-12,2213.31,2224.89,2202.87,2214.44
2017-05-15,2235.26,2246.49,2220.88,2232.1
2017-05-16,2258.22,2262.99,2240.86,2245.6
2017-05-17,2261.4,2274.12,2258.13,2270.84
2017-05-18,2266.02,2281.81,2257.68,2273.44
2017-05-19,2216.82,2222.8,2214.68,2220.65
2017-05-22,2218.44,2234.32,2201.13,2217.0
2017-05-23,2254.31,2260.3,2241.81,2247.78
2017-05-24,2238.38,2256.0,2225.93,2243.52
2017-05-25,2204.06,2216.13,2198.26,2210.31
2017-05-26,2212.22,2226.38,2206.81,2220.95
2017-05-29,2228.55,2237.63,2225.79,2234.86
2017-05-30,2219.24,2226.31,2216.54,2223.61
2017-05-31,2206.97,2231.4,2197.01,2221.38
2017-06-01,2203.93,2212.85,2198.74,2207.65
2017-06-02,2212.59,2228.45,2203.73,2219.57
2017-06-05,2223.18,2225.19,2222.27,2224.27
2017-06-06,2216.23,2218.08,2203.15,2205.0
2017-06-07,2196.76,2215.85,2188.26,2207.31
2017-06-08,2203.0,2207.61,2191.73,2196.32
2017-06-09,2236.96,2241.27,2221.54,2225.82
2017-06-12,2252.39,2257.42,2240.87,2245.89
2017-06-13,2247.73,2250.03,2243.12,2245.42
2017-06-14,2257.58,2260.55,2245.75,2248.71
2017-06-15,2273.42,2276.78,2265.76,2269.11
2017-06-16,2274.84,2292.74,2249.44,2267.28
2017-06-19,2285.03,2299.7,2269.54,2284.21
2017-06-20,2305.2,2331.85,2285.97,2312.56
2017-06-21,2312.15,2316.05,2300.21,2304.1
2017-06-22,2353.5,2353.86,2334.87,2335.22
2017-06-23,2357.97,2362.89,2355.47,2360.38
2017-06-26,2366.43,2366.51,2366.19,2366.27
2017-06-27,2358.49,2364.75,2351.45,2357.7
2017-06-28,2351.46,2368.04,2345.32,2361.87
2017-06-29,2351.1,2369.48,2338.74,2357.1
2017-06-30,2344.43,2347.51,2339.22,2342.29
2017-07-03,2353.55,2360.59,2347.16,2354.21
2017-07-04,2335.34,2339.33,2331.24,2335.22
2017-07-05,2329.49,2333.22,2325.58,2329.3
2017-07-06,2322.95,2325.29,2321.41,2323.76
2017-07-07,2293.78,2303.68,2289.18,2299.07
2017-07-10,2316.93,2317.26,2313.58,2313.91
2017-07-11,2312.81,2321.44,2301.91,2310.54
2017-07-12,2329.42,2345.35,2319.68,2335.59
2017-07-13,2334.41,2337.29,2328.63,2331.51
2017-07-14,2320.17,2330.86,2313.83,2324.51
2017-07-17,2314.47,2333.22,2291.24,2309.95
2017-07-18,2311.42,2324.79,2298.35,2311.72
2017-07-19,2316.31,2326.28,2303.61,2313.57
2017-07-20,2329.61,2344.01,2313.99,2328.38
2017-07-21,2329.96,2334.4,2325.92,2330.35
2017-07-24,2373.94,2392.02,2353.55,2371.62
2017-07-25,2386.07,2403.0,2363.17,2380.06
2017-07-26,2362.3,2365.48,2358.26,2361.44
2017-07-27,2342.36,2344.8,2339.18,2341.62
2017-07-28,2349.68,2357.17,2344.69,2352.17
2017-07-31,2322.34,2340.91,2316.55,2335.08
2017-08-01,2346.76,2372.21,2321.08,2346.52
2017-08-02,2354.48,2370.92,2347.05,2363.46
2017-08-03,2376.48,2380.96,2376.03,2380.52
2017-08-04,2357.67,2377.15,2344.38,2363.82
2017-08-07,2376.67,2384.2,2374.27,2381.8
2017-08-08,2382.69,2398.7,2371.39,2387.38
2017-08-09,2378.92,2386.15,2368.24,2375.46
2017-08-10,2374.54,2398.3,2348.43,2372.17
2017-08-11,2381.55,2394.73,2367.58,2380.76
2017-08-14,2377.23,2381.26,2364.62,2368.63
2017-08-15,2395.94,2412.16,2358.09,2374.16
2017-08-16,2404.66,2404.82,2400.85,2401.01
2017-08-17,2424.9,2425.07,2418.15,2418.32
2017-08-18,2420.8,2421.42,2418.14,2418.76
2017-08-21,2427.66,2441.06,2409.58,2422.95
2017-08-22,2399.96,2415.39,2396.3,2411.71
2017-08-23,2381.75,2408.88,2374.17,2401.24
2017-08-24,2356.66,2374.06,2354.32,2371.7
2017-08-25,2371.86,2380.37,2367.8,2376.31
2017-08-28,2399.6,2412.16,2377.29,2389.8
2017-08-29,2389.87,2392.34,2385.57,2388.04
2017-08-30,2368.4,2378.37,2361.22,2371.18
2017-08-31,2376.43,2388.97,2359.85,2372.38
2017-09-01,2399.82,2400.54,2396.56,2397.28
2017-09-04,2406.72,2422.95,2400.34,2416.54
2017-09-05,2419.21,2421.74,2413.27,2415.81
2017-09-06,2460.34,2478.12,2436.48,2454.21
2017-09-07,2519.96,2535.69,2488.55,2504.18
2017-09-08,2492.71,2494.44,2491.57,2493.3
2017-09-11,2502.03,2511.64,2479.82,2489.38
2017-09-12,2497.98,2521.52,2477.5,2501.02
2017-09-13,2499.44,2509.69,2471.94,2482.12
2017-09-14,2492.44,2508.6,2480.75,2496.89
2017-09-15,2502.09,2502.39,2496.98,2497.28
2017-09-18,2507.26,2509.46,2502.9,2505.1
2017-09-19,2503.73,2511.48,2484.88,2492.59
2017-09-20,2486.39,2487.53,2475.18,2476.32
2017-09-21,2430.05,2443.65,2424.09,2437.67
2017-09-22,2463.12,2468.79,2459.94,2465.61
2017-09-25,2500.87,2506.3,2479.62,2485.01
2017-09-26,2497.48,2501.98,2492.25,2496.74
2017-09-27,2508.2,2518.7,2491.61,2502.09
2017-09-28,2449.01,2468.81,2437.14,2456.9
2017-09-29,2440.35,2442.99,2439.51,2442.15
2017-10-02,2433.77,2449.66,2423.1,2438.96
2017-10-03,2424.14,2425.63,2415.93,2417.42
2017-10-04,2389.93,2394.04,2380.54,2384.65
2017-10-05,2374.86,2396.6,2344.52,2366.18
2017-10-06,2359.93,2381.08,2346.54,2367.64
2017-10-09,2373.4,2374.75,2368.16,2369.5
2017-10-10,2387.43,2396.7,2378.02,2387.28
2017-10-11,2408.96,2446.51,2389.35,2426.75
2017-10-12,2442.57,2449.49,2432.26,2439.18
2017-10-13,2444.37,2456.75,2422.6,2434.93
2017-10-16,2480.53,2484.46,2464.99,2468.89
2017-10-17,2436.98,2453.92,2420.31,2437.24
2017-10-18,2402.71,2404.25,2395.21,2396.74
2017-10-19,2383.69,2388.33,2375.16,2379.8
2017-10-20,2390.15,2397.16,2388.6,2395.61
2017-10-23,2392.8,2417.9,2374.2,2399.25
2017-10-24,2377.31,2385.16,2369.81,2377.66
2017-10-25,2362.48,2369.6,2357.04,2364.15
2017-10-26,2341.72,2342.15,2340.68,2341.1
2017-10-27,2315.61,2322.35,2311.77,2318.51
2017-10-30,2351.61,2358.41,2343.31,2350.11
2017-10-31,2340.81,2353.53,2335.61,2348.32
2017-11-01,2393.89,2395.74,2381.16,2383.0
2017-11-02,2354.41,2375.12,2346.67,2367.34
2017-11-03,2377.83,2386.16,2370.07,2378.4
2017-11-06,2385.28,2408.04,2363.99,2386.73
2017-11-07,2404.01,2410.23,2398.77,2404.99
2017-11-08,2404.83,2416.85,2398.93,2410.93
2017-11-09,2419.78,2442.71,2407.93,2430.8
2017-11-10,2443.81,2448.42,2437.44,2442.05
2017-11-13,2422.55,2430.56,2416.04,2424.04
2017-11-14,2441.78,2442.28,2438.47,2438.97
2017-11-15,2425.49,2440.4,2422.67,2437.56
2017-11-16,2435.71,2450.91,2408.11,2423.23
2017-11-17,2436.94,2446.5,2427.97,2437.53
2017-11-20,2436.09,2467.65,2427.04,2458.52
2017-11-21,2450.91,2451.55,2448.88,2449.53
2017-11-22,2439.83,2453.76,2429.38,2443.29
2017-11-23,2408.96,2430.77,2395.41,2417.18
2017-11-24,2392.31,2395.2,2380.63,2383.5
2017-11-27,2389.83,2396.52,2376.52,2383.18
2017-11-28,2402.97,2407.79,2395.69,2400.51
2017-11-29,2391.61,2397.09,2385.59,2391.06
2017-11-30,2424.29,2432.0,2412.93,2420.62
2017-12-01,2407.06,2424.71,2400.9,2418.51
2017-12-04,2417.93,2431.55,2402.93,2416.54
2017-12-05,2420.7,2428.12,2404.35,2411.74
2017-12-06,2439.33,2442.32,2428.76,2431.74
2017-12-07,2406.04,2421.66,2398.04,2413.65
2017-12-08,2413.39,2422.55,2402.89,2412.05
2017-12-11,2395.44,2411.96,2387.04,2403.54
2017-12-12,2394.89,2401.02,2387.65,2393.77
2017-12-13,2390.41,2397.52,2388.71,2395.81
2017-12-14,2388.69,2405.43,2378.23,2394.94
2017-12-15,2419.38,2419.52,2416.64,2416.78
2017-12-18,2413.43,2432.32,2399.85,2418.7
2017-12-19,2424.67,2439.3,2415.85,2430.46
2017-12-20,2437.12,2437.58,2434.09,2434.55
2017-12-21,2451.63,2478.69,2435.59,2462.57
2017-12-22,2454.41,2459.77,2451.42,2456.78
2017-12-25,2441.07,2453.62,2439.82,2452.37
2017-12-26,2457.25,2480.61,2443.98,2467.28
2017-12-27,2469.83,2475.98,2455.05,2461.18
2017-12-28,2468.04,2478.45,2460.73,2471.12
2017-12-29,2511.42,2532.48,2495.8,2516.83
2018-01-01,2504.08,2513.63,2488.18,2497.7
2018-01-02,2539.6,2541.71,2525.24,2527.34
2018-01-03,2518.73,2534.65,2500.92,2516.83
2018-01-04,2550.13,2564.26,2528.25,2542.34
2018-01-05,2550.39,2560.33,2544.69,2554.62
2018-01-08,2566.96,2567.71,2565.8,2566.54
2018-01-09,2562.07,2571.44,2552.65,2562.01
2018-01-10,2558.12,2561.4,2552.35,2555.63
2018-01-11,2547.5,2565.21,2522.48,2540.15
2018-01-12,2528.07,2552.28,2515.11,2539.26
2018-01-15,2529.43,2537.29,2528.34,2536.2
2018-01-16,2535.39,2547.37,2527.11,2539.08
2018-01-17,2503.15,2511.67,2501.94,2510.45
2018-01-18,2512.29,2530.12,2492.75,2510.56
2018-01-19,2536.72,2556.53,2515.26,2535.06
2018-01-22,2554.82,2564.11,2545.08,2554.37
2018-01-23,2550.61,2569.79,2534.53,2553.7
2018-01-24,2613.57,2616.41,2600.22,2603.05
2018-01-25,2591.3,2597.0,2583.92,2589.62
2018-01-26,2584.96,2590.53,2580.57,2586.13
2018-01-29,2557.89,2562.4,2552.88,2557.38
2018-01-30,2554.03,2561.08,2541.3,2548.34
2018-01-31,2584.38,2594.0,2573.1,2582.72
2018-02-01,2566.84,2578.82,2561.55,2573.51
2018-02-02,2554.38,2564.15,2531.24,2540.95
2018-02-05,2559.35,2566.63,2548.54,2555.81
2018-02-06,2552.54,2573.92,2540.06,2561.4
2018-02-07,2561.54,2583.02,2554.13,2575.57
2018-02-08,2572.52,2574.34,2565.4,2567.21
2018-02-09,2554.89,2560.68,2539.25,2545.02
2018-02-12,2542.39,2557.98,2523.38,2538.95
2018-02-13,2552.78,2570.73,2530.17,2548.09
2018-02-14,2549.56,2554.32,2539.94,2544.69
2018-02-15,2550.45,2563.8,2537.08,2550.42
2018-02-16,2525.01,2550.31,2512.57,2537.81
2018-02-19,2538.49,2543.98,2538.34,2543.83
2018-02-20,2547.9,2552.38,2537.38,2541.84
2018-02-21,2530.5,2536.72,2519.85,2526.06
2018-02-22,2525.75,2530.66,2522.32,2527.23
2018-02-23,2513.87,2524.19,2507.7,2518.01
2018-02-26,2529.49,2530.58,2527.08,2528.17
2018-02-27,2541.08,2544.85,2539.94,2543.7
2018-02-28,2550.99,2561.63,2540.97,2551.6
2018-03-01,2517.63,2517.94,2516.31,2516.63
2018-03-02,2490.84,2500.63,2486.87,2496.66
2018-03-05,2489.86,2493.29,2480.47,2483.9
2018-03-06,2466.68,2473.25,2461.34,2467.9
2018-03-07,2460.82,2461.08,2456.95,2457.22
2018-03-08,2476.11,2484.71,2467.04,2475.64
2018-03-09,2500.75,2500.87,2489.12,2489.24
2018-03-12,2484.86,2488.49,2477.2,2480.82
2018-03-13,2495.28,2504.58,2482.94,2492.23
2018-03-14,2501.02,2520.51,2478.77,2498.24
2018-03-15,2512.62,2522.14,2487.55,2497.01
2018-03-16,2518.73,2526.58,2511.21,2519.06
2018-03-19,2506.64,2514.71,2497.34,2505.4
2018-03-20,2506.52,2513.36,2498.9,2505.74
2018-03-21,2469.68,2494.51,2459.55,2484.33
2018-03-22,2464.99,2468.01,2461.27,2464.3
2018-03-23,2445.05,2450.24,2432.45,2437.62
2018-03-26,2422.93,2425.62,2416.51,2419.2
2018-03-27,2432.85,2439.14,2415.61,2421.87
2018-03-28,2422.59,2426.49,2413.01,2416.89
2018-03-29,2416.3,2419.58,2409.39,2412.67
2018-03-30,2414.37,2421.55,2400.79,2407.95
2018-04-02,2446.64,2447.24,2443.36,2443.97
2018-04-03,2419.64,2427.41,2413.91,2421.68
2018-04-04,2396.81,2400.04,2394.5,2397.73
2018-04-05,2365.09,2391.57,2355.7,2382.12
2018-04-06,2393.45,2403.56,2371.99,2382.05
2018-04-09,2391.59,2405.69,2378.91,2393.01
2018-04-10,2398.76,2418.56,2386.53,2406.3
2018-04-11,2423.06,2435.42,2413.38,2425.73
2018-04-12,2436.81,2439.62,2421.25,2424.04
2018-04-13,2417.22,2438.49,2395.43,2416.7
2018-04-16,2450.81,2457.97,2441.78,2448.93
2018-04-17,2409.08,2413.31,2389.89,2394.1
2018-04-18,2402.38,2405.38,2393.38,2396.37
2018-04-19,2403.74,2413.18,2396.39,2405.82
2018-04-20,2431.01,2452.55,2421.97,2443.47
2018-04-23,2414.94,2423.98,2401.3,2410.32
2018-04-24,2397.86,2405.49,2395.12,2402.75
2018-04-25,2381.6,2393.85,2364.66,2376.89
2018-04-26,2342.55,2345.89,2339.56,2342.89
2018-04-27,2343.77,2348.4,2336.26,2340.9
2018-04-30,2365.15,2365.52,2358.44,2358.81
2018-05-01,2371.7,2387.68,2368.11,2384.07
2018-05-02,2375.56,2381.14,2369.06,2374.64
2018-05-03,2388.8,2394.23,2383.5,2388.93
2018-05-04,2388.01,2391.82,2382.15,2385.95
2018-05-07,2400.63,2425.08,2372.59,2397.01
2018-05-08,2421.46,2434.24,2407.59,2420.36
2018-05-09,2412.08,2442.86,2386.05,2416.78
2018-05-10,2429.93,2447.47,2420.68,2438.19
2018-05-11,2402.75,2426.53,2390.53,2414.25
2018-05-14,2427.49,2435.52,2418.58,2426.61
2018-05-15,2450.79,2459.7,2438.02,2446.92
2018-05-16,2462.25,2470.69,2456.34,2464.77
2018-05-17,2446.91,2451.76,2435.98,2440.82
2018-05-18,2435.69,2439.21,2433.02,2436.53
2018-05-21,2440.8,2442.87,2439.35,2441.42
2018-05-22,2439.22,2453.21,2435.81,2449.79
2018-05-23,2448.31,2455.81,2444.07,2451.57
2018-05-24,2485.85,2489.24,2475.62,2479.0
2018-05-25,2462.84,2471.75,2443.69,2452.56
2018-05-28,2445.06,2454.93,2436.58,2446.45
2018-05-29,2419.27,2428.51,2403.77,2412.99
2018-05-30,2435.62,2439.79,2421.17,2425.33
2018-05-31,2429.25,2448.84,2416.56,2436.11
2018-06-01,2503.87,2513.92,2491.45,2501.49
2018-06-04,2520.78,2542.33,2497.81,2519.34
2018-06-05,2532.06,2541.27,2514.74,2523.92
2018-06-06,2520.57,2533.86,2513.63,2526.9
2018-06-07,2521.05,2532.03,2507.69,2518.66
2018-06-08,2517.36,2525.85,2510.81,2519.31
2018-06-11,2525.31,2545.37,2502.07,2522.1
2018-06-12,2490.86,2506.2,2466.48,2481.77
2018-06-13,2495.43,2501.57,2478.3,2484.41
2018-06-14,2494.3,2509.88,2469.61,2485.13
2018-06-15,2510.59,2527.62,2501.06,2518.07
2018-06-18,2509.31,2513.85,2508.35,2512.88
2018-06-19,2503.64,2507.62,2492.12,2496.1
2018-06-20,2504.34,2506.62,2497.53,2499.81
2018-06-21,2497.68,2505.22,2492.11,2499.65
2018-06-22,2488.63,2499.5,2484.63,2495.49
2018-06-25,2439.44,2471.08,2436.76,2468.37
2018-06-26,2452.54,2470.34,2446.55,2464.32
2018-06-27,2449.86,2456.71,2445.27,2452.11
2018-06-28,2445.07,2448.73,2443.54,2447.2
2018-06-29,2463.89,2464.79,2459.95,2460.85
2018-07-02,2451.06,2456.95,2440.75,2446.64
2018-07-03,2458.88,2464.62,2436.63,2442.33
2018-07-04,2447.29,2467.67,2432.61,2452.96
2018-07-05,2433.27,2461.38,2419.57,2447.6
2018-07-06,2491.43,2498.99,2490.84,2498.4
2018-07-09,2515.38,2518.72,2499.48,2502.8
2018-07-10,2477.62,2486.57,2468.57,2477.52
2018-07-11,2468.07,2487.71,2441.02,2460.6
2018-07-12,2437.93,2465.11,2414.92,2442.06
2018-07-13,2422.47,2444.23,2404.39,2426.12
2018-07-16,2425.07,2438.79,2423.89,2437.6
2018-07-17,2413.89,2419.61,2410.56,2416.28
2018-07-18,2410.59,2424.97,2396.13,2410.51
2018-07-19,2439.93,2442.28,2431.25,2433.6
2018-07-20,2427.89,2433.15,2418.56,2423.81
2018-07-23,2452.54,2454.77,2435.79,2438.01
2018-07-24,2404.34,2423.92,2385.89,2405.45
2018-07-25,2400.91,2414.7,2385.38,2399.16
2018-07-26,2382.83,2384.25,2381.51,2382.94
2018-07-27,2385.2,2404.77,2370.65,2390.19
2018-07-30,2374.69,2374.73,2371.74,2371.78
2018-07-31,2411.83,2419.1,2406.57,2413.83
2018-08-01,2394.36,2397.09,2379.75,2382.47
2018-08-02,2400.15,2407.26,2398.73,2405.84
2018-08-03,2421.25,2431.33,2413.65,2423.72
2018-08-06,2421.12,2435.22,2416.11,2430.19
2018-08-07,2433.96,2448.01,2417.45,2431.49
2018-08-08,2458.1,2476.05,2450.01,2467.93
2018-08-09,2515.61,2518.03,2513.25,2515.67
2018-08-10,2501.35,2520.62,2490.93,2510.16
2018-08-13,2504.52,2521.12,2495.36,2511.93
2018-08-14,2494.02,2504.05,2489.73,2499.75
2018-08-15,2481.19,2496.37,2460.63,2475.77
2018-08-16,2483.45,2492.71,2474.89,2484.15
2018-08-17,2487.28,2490.16,2485.31,2488.19
2018-08-20,2460.02,2469.5,2446.42,2455.88
2018-08-21,2459.64,2470.01,2454.16,2464.52
2018-08-22,2455.05,2481.66,2443.07,2469.61
2018-08-23,2449.23,2471.56,2435.04,2457.33
2018-08-24,2441.92,2451.2,2434.74,2444.02
2018-08-27,2451.96,2463.38,2440.89,2452.32
2018-08-28,2487.71,2489.97,2481.29,2483.55
2018-08-29,2489.43,2491.01,2488.93,2490.52
2018-08-30,2512.45,2517.47,2499.8,2504.81
2018-08-31,2490.01,2490.01,2487.31,2487.31
2018-09-03,2467.32,2486.96,2458.18,2477.78
2018-09-04,2469.64,2493.75,2464.58,2488.65
2018-09-05,2453.47,2461.26,2453.12,2460.91
2018-09-06,2465.3,2485.38,2444.21,2464.28
2018-09-07,2475.92,2485.38,2463.72,2473.17
2018-09-10,2470.17,2484.52,2456.61,2470.95
2018-09-11,2477.18,2486.48,2466.98,2476.28
2018-09-12,2486.21,2496.16,2466.49,2476.4
2018-09-13,2463.34,2468.95,2457.63,2463.24
2018-09-14,2442.06,2442.91,2438.65,2439.5
2018-09-17,2448.59,2465.32,2420.27,2436.92
2018-09-18,2448.72,2468.07,2442.79,2462.1
2018-09-19,2494.03,2496.19,2479.16,2481.31
2018-09-20,2454.43,2474.84,2453.02,2473.42
2018-09-21,2459.17,2476.54,2447.94,2465.28
2018-09-24,2451.22,2474.92,2431.66,2455.34
2018-09-25,2434.13,2452.13,2428.14,2446.11
2018-09-26,2450.02,2456.48,2444.79,2451.24
2018-09-27,2470.87,2483.25,2458.86,2471.24
2018-09-28,2519.9,2525.84,2508.39,2514.32
2018-10-01,2500.93,2527.18,2469.44,2495.63
2018-10-02,2508.18,2520.71,2494.34,2506.87
2018-10-03,2524.21,2548.15,2491.9,2515.76
2018-10-04,2512.35,2516.21,2503.65,2507.5
2018-10-05,2483.42,2487.62,2481.65,2485.84
2018-10-08,2490.45,2506.31,2473.7,2489.56
2018-10-09,2524.64,2538.1,2516.01,2529.46
2018-10-10,2523.24,2547.0,2508.84,2532.55
2018-10-11,2518.25,2519.53,2513.75,2515.03
2018-10-12,2498.82,2518.67,2490.28,2510.1
2018-10-15,2484.37,2495.81,2474.33,2485.77
2018-10-16,2467.71,2486.52,2466.03,2484.84
2018-10-17,2497.38,2513.41,2480.82,2496.85
2018-10-18,2476.45,2486.37,2471.94,2481.86
2018-10-19,2421.46,2442.23,2396.61,2417.34
2018-10-22,2420.79,2422.44,2420.77,2422.41
2018-10-23,2411.69,2417.72,2406.6,2412.62
2018-10-24,2398.55,2421.66,2375.07,2398.18
2018-10-25,2379.48,2401.29,2362.08,2383.85
2018-10-26,2388.28,2397.64,2383.0,2392.35
2018-10-29,2380.54,2400.47,2364.68,2384.59
2018-10-30,2402.45,2421.02,2384.78,2403.35
2018-10-31,2418.11,2442.18,2398.11,2422.15
2018-11-01,2420.2,2426.17,2410.97,2416.93
2018-11-02,2393.66,2419.23,2380.93,2406.43
2018-11-05,2396.71,2409.99,2394.27,2407.54
2018-11-06,2418.1,2426.72,2395.9,2404.47
2018-11-07,2367.21,2374.69,2362.82,2370.3
2018-11-08,2400.57,2411.88,2396.59,2407.9
2018-11-09,2421.27,2433.22,2409.52,2421.46
2018-11-12,2416.25,2431.81,2395.19,2410.71
2018-11-13,2377.77,2389.68,2361.32,2373.21
2018-11-14,2364.75,2374.65,2360.18,2370.07
2018-11-15,2355.47,2361.67,2352.9,2359.1
2018-11-16,2356.18,2359.93,2354.8,2358.54
2018-11-19,2318.31,2332.32,2302.14,2316.14
2018-11-20,2308.77,2313.68,2303.54,2308.45
2018-11-21,2295.75,2305.98,2291.87,2302.09
2018-11-22,2296.56,2313.23,2283.42,2300.07
2018-11-23,2295.41,2307.85,2284.8,2297.24
2018-11-26,2309.09,2331.12,2276.94,2298.87
2018-11-27,2328.69,2329.99,2328.63,2329.93
2018-11-28,2344.09,2355.88,2309.39,2321.05
2018-11-29,2302.85,2306.0,2301.56,2304.71
2018-11-30,2261.47,2278.96,2255.5,2272.95
2018-12-03,2267.53,2268.43,2264.24,2265.14
2018-12-04,2248.11,2251.99,2237.21,2241.07
2018-12-05,2266.23,2267.65,2261.59,2263.01
2018-12-06,2265.48,2273.16,2256.47,2264.15
2018-12-07,2282.62,2295.78,2272.08,2285.23
2018-12-10,2314.17,2322.9,2307.42,2316.15
2018-12-11,2285.33,2310.65,2276.15,2301.4
2018-12-12,2302.85,2308.4,2291.4,2296.93
2018-12-13,2322.29,2339.28,2307.95,2324.93
2018-12-14,2338.36,2343.43,2325.29,2330.34
2018-12-17,2338.43,2343.12,2337.47,2342.17
2018-12-18,2363.13,2364.43,2362.22,2363.51
2018-12-19,2390.72,2399.9,2372.66,2381.8
2018-12-20,2399.93,2407.81,2382.5,2390.35
2018-12-21,2423.84,2424.08,2417.5,2417.74
2018-12-24,2402.9,2419.39,2399.98,2416.46
2018-12-25,2417.13,2429.33,2414.24,2426.43
2018-12-26,2427.86,2434.82,2415.82,2422.77
2018-12-27,2437.16,2445.5,2433.94,2442.27
2018-12-28,2428.73,2434.36,2422.56,2428.19
2018-12-31,2397.06,2409.15,2383.49,2395.57
2019-01-01,2410.39,2415.81,2403.13,2408.54
2019-01-02,2380.73,2396.34,2372.71,2388.3
2019-01-03,2373.8,2381.9,2358.47,2366.54
2019-01-04,2387.42,2393.28,2385.32,2391.18
2019-01-07,2412.55,2416.87,2403.98,2408.29
2019-01-08,2399.56,2422.31,2378.31,2401.05
2019-01-09,2355.41,2362.96,2334.42,2341.92
2019-01-10,2363.08,2368.54,2347.42,2352.86
2019-01-11,2381.18,2394.87,2352.44,2366.05
2019-01-14,2386.69,2396.44,2365.2,2374.91
2019-01-15,2382.95,2385.22,2381.64,2383.91
2019-01-16,2376.36,2384.83,2371.71,2380.17
2019-01-17,2364.02,2375.99,2360.14,2372.1
2019-01-18,2352.7,2365.67,2337.86,2350.82
2019-01-21,2336.76,2338.76,2334.6,2336.59
2019-01-22,2343.09,2357.49,2328.99,2343.39
2019-01-23,2344.51,2364.07,2330.83,2350.35
2019-01-24,2368.39,2384.91,2349.33,2365.83
2019-01-25,2336.19,2343.3,2331.77,2338.87
2019-01-28,2303.06,2316.75,2292.72,2306.4
2019-01-29,2301.41,2309.28,2292.42,2300.28
2019-01-30,2281.49,2287.43,2276.08,2282.02
2019-01-31,2277.42,2304.36,2260.34,2287.21
2019-02-01,2258.63,2283.37,2239.29,2263.98
2019-02-04,2293.4,2312.0,2271.18,2289.75
2019-02-05,2275.95,2286.82,2265.4,2276.27
2019-02-06,2295.85,2311.36,2293.8,2309.31
2019-02-07,2326.1,2331.21,2316.13,2321.23
2019-02-08,2302.33,2309.84,2295.17,2302.68
2019-02-11,2337.77,2352.14,2330.88,2345.24
2019-02-12,2346.79,2360.92,2337.4,2351.51
2019-02-13,2356.93,2362.21,2350.49,2355.77
2019-02-14,2339.9,2364.48,2330.98,2355.51
2019-02-15,2368.43,2379.67,2354.21,2365.44
2019-02-18,2383.78,2392.09,2368.45,2376.74
2019-02-19,2367.06,2384.69,2343.18,2360.76
2019-02-20,2365.74,2372.97,2350.37,2357.58
2019-02-21,2355.26,2364.38,2351.67,2360.78
2019-02-22,2380.24,2382.05,2371.07,2372.88
2019-02-25,2387.44,2402.15,2370.78,2385.49
2019-02-26,2383.11,2403.79,2368.44,2389.09
2019-02-27,2382.25,2390.94,2370.24,2378.92
2019-02-28,2371.07,2387.38,2351.67,2367.96
2019-03-01,2357.27,2381.03,2322.78,2346.42
2019-03-04,2367.28,2368.17,2357.92,2358.8
2019-03-05,2342.9,2357.43,2333.26,2347.77
2019-03-06,2347.49,2351.44,2341.15,2345.09
2019-03-07,2353.04,2376.21,2327.56,2350.71
2019-03-08,2353.51,2356.65,2348.6,2351.73
2019-03-11,2350.37,2354.46,2348.44,2352.52
2019-03-12,2348.36,2360.26,2324.24,2336.07
2019-03-13,2338.08,2348.38,2332.18,2342.46
2019-03-14,2349.26,2363.6,2323.3,2337.57
2019-03-15,2327.13,2338.83,2325.42,2337.12
2019-03-18,2357.83,2364.3,2354.06,2360.53
2019-03-19,2376.41,2383.89,2363.51,2370.97
2019-03-20,2353.1,2373.05,2340.64,2360.55
2019-03-21,2353.24,2360.72,2350.97,2358.44
2019-03-22,2393.75,2417.28,2366.42,2389.92
2019-03-25,2371.79,2394.61,2361.38,2384.15
2019-03-26,2393.09,2405.08,2373.24,2385.19
2019-03-27,2408.82,2428.46,2378.62,2398.18
2019-03-28,2413.26,2419.53,2396.06,2402.3
2019-03-29,2397.39,2398.64,2393.8,2395.05
2019-04-01,2377.77,2386.73,2371.87,2380.82
2019-04-02,2379.07,2388.06,2372.69,2381.66
2019-04-03,2397.39,2413.16,2379.57,2395.32
2019-04-04,2422.41,2435.42,2408.45,2421.46
2019-04-05,2390.86,2404.29,2380.17,2393.59
2019-04-08,2441.23,2463.51,2407.51,2429.68
2019-04-09,2422.51,2430.94,2415.88,2424.3
2019-04-10,2452.91,2457.53,2437.77,2442.38
2019-04-11,2428.85,2434.51,2422.47,2428.13
2019-04-12,2397.63,2402.99,2392.0,2397.36
2019-04-15,2377.98,2380.14,2372.13,2374.29
2019-04-16,2372.86,2385.89,2356.26,2369.27
2019-04-17,2379.8,2384.89,2375.74,2380.83
2019-04-18,2386.72,2395.87,2373.55,2382.68
2019-04-19,2383.99,2392.73,2370.36,2379.08
2019-04-22,2415.25,2421.21,2397.4,2403.33
2019-04-23,2404.76,2411.22,2397.79,2404.25
2019-04-24,2404.87,2411.87,2403.52,2410.52
2019-04-25,2466.35,2477.47,2460.28,2471.38
2019-04-26,2488.35,2493.63,2465.54,2470.79
2019-04-29,2444.48,2468.34,2434.53,2458.34
2019-04-30,2458.72,2471.11,2455.15,2467.53
2019-05-01,2481.95,2483.29,2480.42,2481.76
2019-05-02,2481.26,2487.21,2479.91,2485.85
2019-05-03,2493.17,2499.73,2480.53,2487.06
2019-05-06,2518.41,2531.58,2499.76,2512.9
2019-05-07,2532.66,2543.46,2525.94,2536.73
2019-05-08,2542.99,2548.4,2526.18,2531.57
2019-05-09,2508.0,2521.36,2502.98,2516.33
2019-05-10,2516.53,2525.61,2513.04,2522.11
2019-05-13,2517.79,2522.36,2501.41,2505.96
2019-05-14,2510.85,2524.38,2507.2,2520.72
2019-05-15,2528.89,2533.45,2521.71,2526.26
2019-05-16,2587.14,2595.58,2566.62,2575.02
2019-05-17,2579.42,2619.75,2559.51,2599.69
2019-05-20,2571.01,2575.61,2569.01,2573.61
2019-05-21,2567.12,2568.44,2558.53,2559.84
2019-05-22,2517.41,2524.32,2512.55,2519.45
2019-05-23,2476.01,2494.95,2456.62,2475.56
2019-05-24,2477.34,2489.76,2463.53,2475.94
2019-05-27,2452.48,2459.38,2443.29,2450.18
2019-05-28,2474.44,2488.91,2465.99,2480.44
2019-05-29,2506.51,2508.92,2498.37,2500.77
2019-05-30,2495.07,2500.82,2487.41,2493.16
2019-05-31,2476.06,2490.05,2470.63,2484.6
2019-06-03,2507.54,2513.97,2504.62,2511.05
2019-06-04,2530.96,2542.77,2529.92,2541.73
2019-06-05,2522.5,2538.18,2505.22,2520.88
2019-06-06,2501.65,2507.71,2491.93,2497.97
2019-06-07,2491.73,2501.92,2479.95,2490.14
2019-06-10,2500.33,2504.67,2491.88,2496.21
2019-06-11,2485.31,2490.44,2479.19,2484.32
2019-06-12,2496.92,2512.45,2475.73,2491.23
2019-06-13,2525.82,2528.63,2523.98,2526.79
2019-06-14,2502.38,2503.56,2495.94,2497.12
2019-06-17,2476.58,2504.29,2458.54,2486.17
2019-06-18,2447.38,2472.99,2432.13,2457.68
2019-06-19,2440.96,2443.49,2437.81,2440.33
2019-06-20,2438.74,2446.71,2425.78,2433.74
2019-06-21,2416.96,2426.61,2409.33,2418.97
2019-06-24,2432.78,2435.65,2425.27,2428.13
2019-06-25,2432.59,2445.26,2417.68,2430.33
2019-06-26,2420.36,2439.37,2416.34,2435.33
2019-06-27,2445.52,2450.58,2423.56,2428.59
2019-06-28,2414.6,2431.61,2406.76,2423.75
2019-07-01,2409.15,2425.61,2399.57,2416.0
2019-07-02,2419.63,2426.49,2404.47,2411.31
2019-07-03,2419.69,2424.73,2414.51,2419.55
2019-07-04,2377.14,2390.05,2369.73,2382.63
2019-07-05,2385.57,2403.52,2371.0,2388.93
2019-07-08,2367.42,2383.97,2357.17,2373.69
2019-07-09,2362.47,2378.15,2352.51,2368.16
2019-07-10,2344.77,2348.28,2335.73,2339.23
2019-07-11,2330.53,2336.12,2328.42,2334.01
2019-07-12,2333.65,2350.82,2324.01,2341.15
2019-07-15,2347.03,2355.96,2343.47,2352.39
2019-07-16,2329.93,2333.53,2327.42,2331.02
2019-07-17,2335.52,2344.96,2331.35,2340.78
2019-07-18,2362.25,2368.96,2357.74,2364.44
2019-07-19,2358.64,2363.39,2351.42,2356.17
2019-07-22,2355.0,2363.37,2350.03,2358.4
2019-07-23,2313.95,2320.68,2313.2,2319.93
2019-07-24,2299.99,2307.31,2297.49,2304.81
2019-07-25,2322.16,2322.4,2312.26,2312.5
2019-07-26,2348.48,2351.1,2330.65,2333.26
2019-07-29,2324.73,2329.33,2319.8,2324.4
2019-07-30,2383.21,2384.35,2376.9,2378.03
2019-07-31,2378.44,2386.94,2376.66,2385.16
2019-08-01,2357.12,2366.1,2352.34,2361.3
2019-08-02,2390.53,2391.25,2386.58,2387.3
2019-08-05,2347.27,2372.43,2338.95,2364.04
2019-08-06,2376.99,2377.81,2370.67,2371.49
2019-08-07,2350.53,2360.83,2344.23,2354.52
2019-08-08,2322.09,2342.05,2309.71,2329.62
2019-08-09,2352.75,2365.18,2337.59,2350.01
2019-08-12,2356.83,2363.07,2340.45,2346.67
2019-08-13,2379.24,2383.31,2377.41,2381.48
2019-08-14,2364.68,2385.46,2341.85,2362.61
2019-08-15,2336.83,2342.19,2328.29,2333.65
2019-08-16,2327.81,2329.51,2324.44,2326.13
2019-08-19,2377.02,2406.57,2354.66,2384.15
2019-08-20,2402.62,2413.32,2390.32,2401.01
2019-08-21,2413.46,2416.37,2409.23,2412.13
2019-08-22,2403.82,2440.86,2386.78,2423.67
2019-08-23,2420.49,2429.88,2404.9,2414.28
2019-08-26,2456.34,2469.31,2454.5,2467.47
2019-08-27,2476.38,2483.1,2468.72,2475.43
2019-08-28,2492.73,2502.99,2471.21,2481.43
2019-08-29,2497.48,2503.42,2493.37,2499.3
2019-08-30,2465.41,2479.71,2458.9,2473.17
2019-09-02,2458.85,2460.74,2452.84,2454.73
2019-09-03,2458.99,2462.46,2445.24,2448.69
2019-09-04,2458.47,2467.36,2457.78,2466.67
2019-09-05,2422.77,2447.94,2414.94,2440.05
2019-09-06,2446.37,2447.73,2436.37,2437.72
2019-09-09,2437.91,2442.43,2427.18,2431.68
2019-09-10,2403.18,2411.28,2392.31,2400.41
2019-09-11,2377.41,2400.39,2367.39,2390.31
2019-09-12,2405.0,2405.84,2399.85,2400.69
2019-09-13,2379.15,2391.86,2359.12,2371.79
2019-09-16,2413.78,2416.05,2396.01,2398.26
2019-09-17,2404.96,2408.22,2403.73,2406.99
2019-09-18,2414.33,2414.37,2413.14,2413.18
2019-09-19,2397.14,2413.98,2395.9,2412.72
2019-09-20,2398.02,2401.0,2388.11,2391.08
2019-09-23,2384.11,2390.93,2370.58,2377.38
2019-09-24,2387.29,2396.78,2374.92,2384.4
2019-09-25,2380.22,2381.27,2370.72,2371.77
2019-09-26,2369.98,2386.94,2358.62,2375.55
2019-09-27,2356.79,2366.01,2349.11,2358.33
2019-09-30,2365.14,2370.09,2361.47,2366.41
2019-10-01,2384.34,2396.26,2364.63,2376.51
2019-10-02,2353.39,2353.57,2345.32,2345.5
2019-10-03,2349.9,2359.2,2338.38,2347.66
2019-10-04,2321.11,2324.36,2316.03,2319.27
2019-10-07,2288.24,2288.8,2283.91,2284.46
2019-10-08,2272.84,2279.8,2268.18,2275.14
2019-10-09,2340.6,2346.31,2325.39,2331.08
2019-10-10,2343.91,2355.87,2335.14,2347.09
2019-10-11,2377.67,2394.14,2358.15,2374.61
2019-10-14,2381.78,2387.43,2380.39,2386.05
2019-10-15,2396.77,2424.61,2362.23,2389.99
2019-10-16,2406.36,2407.96,2405.47,2407.08
2019-10-17,2409.22,2410.21,2393.39,2394.38
2019-10-18,2402.31,2420.29,2385.24,2403.22
2019-10-21,2431.75,2446.11,2410.62,2424.93
2019-10-22,2432.92,2446.62,2423.84,2437.53
2019-10-23,2458.0,2469.72,2448.57,2460.27
2019-10-24,2461.93,2472.26,2451.91,2462.24
2019-10-25,2495.71,2506.65,2482.15,2493.08
2019-10-28,2480.82,2501.57,2465.67,2486.39
2019-10-29,2520.54,2534.06,2511.36,2524.87
2019-10-30,2533.67,2537.58,2529.08,2532.99
2019-10-31,2525.62,2534.71,2513.53,2522.61
2019-11-01,2497.07,2509.91,2484.5,2497.34
2019-11-04,2477.37,2482.0,2474.07,2478.7
2019-11-05,2448.47,2459.77,2446.97,2458.26
2019-11-06,2458.57,2480.45,2433.04,2454.88
2019-11-07,2435.03,2447.71,2416.24,2428.89
2019-11-08,2459.6,2462.11,2450.02,2452.52
2019-11-11,2453.44,2454.15,2451.63,2452.34
2019-11-12,2447.64,2456.01,2443.71,2452.08
2019-11-13,2425.85,2434.08,2419.98,2428.2
2019-11-14,2413.48,2427.42,2398.44,2412.37
2019-11-15,2368.98,2374.76,2363.35,2369.12
2019-11-18,2393.29,2404.34,2388.33,2399.37
2019-11-19,2359.74,2377.87,2353.61,2371.71
2019-11-20,2342.14,2348.98,2339.21,2346.05
2019-11-21,2371.54,2384.39,2360.67,2373.51
2019-11-22,2383.03,2390.89,2372.98,2380.83
2019-11-25,2379.26,2399.17,2362.3,2382.19
2019-11-26,2386.59,2408.05,2366.96,2388.4
2019-11-27,2406.98,2411.56,2401.59,2406.18
2019-11-28,2418.61,2422.96,2402.96,2407.3
2019-11-29,2375.86,2378.14,2374.77,2377.04
2019-12-02,2379.03,2401.23,2367.99,2390.13
2019-12-03,2392.94,2401.63,2389.18,2397.86
2019-12-04,2432.84,2453.47,2399.2,2419.72
2019-12-05,2405.29,2408.61,2391.69,2394.99
2019-12-06,2387.37,2397.67,2370.39,2380.66
2019-12-09,2392.67,2393.87,2386.44,2387.64
2019-12-10,2374.42,2396.13,2347.69,2369.35
2019-12-11,2322.93,2327.16,2320.38,2324.6
2019-12-12,2335.38,2341.95,2322.78,2329.32
2019-12-13,2353.62,2359.08,2341.79,2347.24
2019-12-16,2350.88,2353.24,2342.59,2344.94
2019-12-17,2351.69,2356.4,2351.2,2355.92
2019-12-18,2361.61,2368.61,2356.91,2363.91
2019-12-19,2359.71,2367.09,2356.9,2364.26
2019-12-20,2374.07,2380.02,2361.06,2366.99
2019-12-23,2394.58,2401.77,2385.23,2392.41
2019-12-24,2376.41,2382.61,2367.43,2373.62
2019-12-25,2392.39,2407.5,2373.17,2388.26
2019-12-26,2355.41,2371.55,2349.32,2365.43
2019-12-27,2356.62,2359.63,2347.39,2350.4
2019-12-30,2369.34,2385.18,2357.38,2373.2
2019-12-31,2346.93,2357.83,2339.21,2350.1
2020-01-01,2340.11,2346.94,2339.16,2345.99
2020-01-02,2391.72,2399.34,2383.52,2391.14
2020-01-03,2409.49,2418.05,2401.41,2409.97
2020-01-06,2384.1,2397.88,2380.33,2394.09
2020-01-07,2369.79,2398.05,2354.39,2382.57
2020-01-08,2377.36,2387.4,2368.76,2378.8
2020-01-09,2409.12,2417.74,2394.65,2403.25
2020-01-10,2388.38,2416.71,2354.98,2383.25
2020-01-13,2368.8,2373.54,2356.98,2361.71
2020-01-14,2373.67,2394.75,2354.02,2375.08
2020-01-15,2340.24,2358.66,2324.33,2342.73
2020-01-16,2324.87,2326.67,2323.84,2325.64
2020-01-17,2330.17,2332.05,2322.69,2324.56
2020-01-20,2334.93,2337.99,2320.65,2323.69
2020-01-21,2295.18,2311.37,2282.19,2298.36
2020-01-22,2304.27,2326.6,2283.8,2306.11
2020-01-23,2317.7,2335.31,2299.88,2317.48
2020-01-24,2303.74,2320.49,2288.83,2305.57
2020-01-27,2333.06,2351.93,2318.28,2337.13
2020-01-28,2342.89,2348.2,2338.47,2343.77
2020-01-29,2319.31,2325.95,2318.19,2324.82
2020-01-30,2361.08,2366.01,2351.03,2355.95
2020-01-31,2356.23,2377.48,2324.7,2345.86
2020-02-03,2347.02,2356.04,2340.01,2349.02
2020-02-04,2351.59,2358.35,2333.18,2339.91
2020-02-05,2351.24,2357.82,2345.42,2352.0
2020-02-06,2338.02,2349.73,2331.22,2342.92
2020-02-07,2339.98,2349.95,2325.22,2335.17
2020-02-10,2325.59,2333.1,2324.56,2332.06
2020-02-11,2327.32,2333.23,2317.08,2322.98
2020-02-12,2345.61,2362.75,2326.7,2343.83
2020-02-13,2317.4,2339.06,2298.58,2320.21
2020-02-14,2316.6,2337.25,2299.51,2320.14
2020-02-17,2315.94,2331.21,2306.77,2322.02
2020-02-18,2327.43,2337.08,2310.62,2320.25
2020-02-19,2337.59,2348.38,2328.36,2339.15
2020-02-20,2313.12,2318.6,2305.49,2310.96
2020-02-21,2322.4,2328.57,2316.31,2322.48
2020-02-24,2297.61,2309.4,2287.3,2299.08
2020-02-25,2292.72,2314.53,2268.69,2290.48
2020-02-26,2269.69,2282.35,2253.57,2266.21
2020-02-27,2262.54,2270.2,2253.94,2261.6
2020-02-28,2251.16,2253.04,2250.55,2252.43
2020-03-02,2276.61,2293.36,2267.33,2284.05
2020-03-03,2285.24,2300.23,2274.42,2289.39
2020-03-04,2296.23,2299.39,2295.18,2298.34
2020-03-05,2278.04,2283.75,2272.22,2277.93
2020-03-06,2280.78,2308.28,2265.31,2292.74
2020-03-09,2327.04,2331.57,2318.2,2322.72
2020-03-10,2341.24,2344.85,2335.38,2338.99
2020-03-11,2309.82,2315.8,2307.87,2313.86
2020-03-12,2298.84,2306.26,2297.76,2305.17
2020-03-13,2302.67,2312.82,2297.28,2307.42
2020-03-16,2286.2,2296.84,2284.68,2295.31
2020-03-17,2340.84,2346.56,2337.51,2343.23
2020-03-18,2332.28,2338.24,2327.58,2333.54
2020-03-19,2338.7,2347.12,2323.87,2332.27
2020-03-20,2323.87,2337.77,2306.68,2320.56
2020-03-23,2331.95,2342.87,2312.38,2323.26
2020-03-24,2349.63,2359.61,2338.87,2348.84
2020-03-25,2343.72,2365.54,2328.36,2350.14
2020-03-26,2357.39,2366.48,2336.1,2345.15
2020-03-27,2322.01,2330.19,2316.06,2324.23
2020-03-30,2334.14,2352.44,2326.75,2345.01
2020-03-31,2343.01,2356.53,2327.95,2341.46
2020-04-01,2326.42,2339.25,2324.75,2337.57
2020-04-02,2295.41,2296.43,2294.98,2295.99
2020-04-03,2293.36,2297.54,2292.46,2296.64
2020-04-06,2300.09,2304.42,2292.16,2296.48
2020-04-07,2271.82,2282.04,2255.15,2265.34
2020-04-08,2285.55,2288.77,2284.57,2287.78
2020-04-09,2278.42,2300.98,2258.6,2281.13
2020-04-10,2325.75,2333.98,2312.27,2320.48
2020-04-13,2349.04,2362.29,2341.22,2354.45
2020-04-14,2343.66,2344.06,2342.8,2343.2
2020-04-15,2375.62,2383.11,2364.29,2371.77
2020-04-16,2398.73,2415.59,2387.6,2404.43
2020-04-17,2393.21,2402.89,2385.69,2395.37
2020-04-20,2382.65,2384.54,2380.03,2381.93
2020-04-21,2352.37,2369.72,2325.74,2343.01
2020-04-22,2344.66,2357.19,2340.68,2353.2
2020-04-23,2336.35,2338.08,2335.67,2337.4
2020-04-24,2357.9,2370.04,2336.27,2348.36
2020-04-27,2351.6,2358.2,2338.19,2344.77
2020-04-28,2331.04,2339.72,2324.3,2332.97
2020-04-29,2325.11,2341.34,2309.38,2325.61
2020-04-30,2307.42,2315.0,2296.67,2304.24
2020-05-01,2301.72,2314.43,2285.71,2298.41
2020-05-04,2303.27,2305.98,2291.09,2293.79
2020-05-05,2306.16,2311.67,2292.86,2298.36
2020-05-06,2295.62,2310.98,2289.84,2305.18
2020-05-07,2278.21,2293.61,2273.79,2289.17
2020-05-08,2311.8,2329.66,2297.74,2315.57
2020-05-11,2309.18,2330.77,2300.54,2322.09
2020-05-12,2365.25,2376.19,2345.09,2355.98
2020-05-13,2354.12,2383.41,2335.53,2364.73
2020-05-14,2367.9,2391.47,2346.47,2370.02
2020-05-15,2358.15,2365.61,2356.88,2364.33
2020-05-18,2374.12,2386.5,2373.1,2385.48
2020-05-19,2398.4,2416.34,2372.05,2389.93
2020-05-20,2406.37,2416.55,2400.38,2410.54
2020-05-21,2459.48,2468.2,2436.83,2445.49
2020-05-22,2444.27,2446.21,2432.06,2434.0
2020-05-25,2454.32,2463.08,2445.58,2454.34
2020-05-26,2453.22,2480.3,2441.74,2468.74
2020-05-27,2477.88,2485.63,2472.67,2480.41
2020-05-28,2491.25,2512.83,2452.84,2474.28
2020-05-29,2471.87,2483.26,2457.33,2468.7
2020-06-01,2462.36,2480.22,2445.75,2463.6
2020-06-02,2449.9,2455.21,2449.09,2454.4
2020-06-03,2447.2,2448.05,2439.86,2440.71
2020-06-04,2444.67,2452.8,2433.84,2441.96
2020-06-05,2432.28,2438.48,2424.01,2430.21
2020-06-08,2455.64,2467.35,2435.62,2447.29
2020-06-09,2459.84,2474.58,2437.18,2451.88
2020-06-10,2461.89,2469.74,2450.83,2458.67
2020-06-11,2444.81,2461.92,2439.41,2456.5
2020-06-12,2454.04,2467.46,2447.89,2461.29
2020-06-15,2459.89,2465.14,2459.19,2464.44
2020-06-16,2483.32,2495.56,2471.37,2483.6
2020-06-17,2488.94,2503.07,2463.72,2477.79
2020-06-18,2503.98,2517.15,2475.57,2488.66
2020-06-19,2468.26,2468.59,2465.04,2465.37
2020-06-22,2492.27,2497.02,2483.41,2488.16
2020-06-23,2468.88,2482.22,2466.8,2480.12
2020-06-24,2461.98,2467.68,2459.4,2465.11
2020-06-25,2441.74,2449.17,2438.37,2445.8
2020-06-26,2420.64,2432.03,2413.88,2425.27
2020-06-29,2429.0,2436.46,2417.34,2424.78
2020-06-30,2456.92,2471.88,2445.3,2460.25
2020-07-01,2438.38,2459.56,2431.19,2452.33
2020-07-02,2417.23,2419.55,2408.83,2411.14
2020-07-03,2432.26,2443.76,2412.04,2423.51
2020-07-06,2411.22,2412.83,2407.53,2409.14
2020-07-07,2429.73,2437.37,2423.32,2430.96
2020-07-08,2420.44,2427.22,2420.2,2426.98
2020-07-09,2420.05,2433.29,2412.94,2426.15
2020-07-10,2463.57,2464.32,2454.93,2455.68
2020-07-13,2471.08,2496.06,2451.7,2476.64
2020-07-14,2469.75,2477.61,2447.11,2454.92
2020-07-15,2443.63,2445.86,2434.46,2436.69
2020-07-16,2407.11,2407.94,2403.83,2404.66
2020-07-17,2484.21,2487.96,2460.42,2464.14
2020-07-20,2463.92,2470.86,2447.61,2454.53
2020-07-21,2480.38,2495.84,2468.13,2483.59
2020-07-22,2469.13,2483.05,2462.85,2476.74
2020-07-23,2455.53,2470.54,2443.66,2458.66
2020-07-24,2463.13,2469.21,2457.81,2463.89
2020-07-27,2460.02,2476.48,2449.2,2465.63
2020-07-28,2478.8,2490.17,2475.83,2487.19
2020-07-29,2510.42,2533.78,2485.31,2508.65
2020-07-30,2507.02,2524.89,2482.53,2500.36
2020-07-31,2488.24,2493.84,2468.88,2474.45
2020-08-03,2459.33,2483.47,2434.63,2458.77
2020-08-04,2421.32,2427.23,2411.05,2416.95
2020-08-05,2404.76,2427.72,2395.29,2418.19
2020-08-06,2431.24,2442.28,2413.99,2425.0
2020-08-07,2400.58,2410.2,2398.26,2407.87
2020-08-10,2396.22,2400.43,2389.83,2394.03
2020-08-11,2401.18,2403.5,2399.17,2401.49
2020-08-12,2394.06,2409.91,2379.95,2395.8
2020-08-13,2388.47,2406.3,2381.35,2399.15
2020-08-14,2393.77,2412.56,2380.45,2399.22
2020-08-17,2411.02,2424.61,2404.37,2417.94
2020-08-18,2409.31,2418.47,2404.47,2413.62
2020-08-19,2419.6,2426.77,2403.92,2411.05
2020-08-20,2376.23,2391.1,2363.9,2378.75
2020-08-21,2381.52,2397.47,2370.41,2386.33
2020-08-24,2406.92,2416.81,2392.37,2402.24
2020-08-25,2409.22,2424.56,2391.54,2406.86
2020-08-26,2471.48,2475.41,2452.59,2456.5
2020-08-27,2475.04,2481.43,2461.18,2467.55
2020-08-28,2456.81,2481.83,2446.61,2471.56
2020-08-31,2501.35,2506.5,2490.17,2495.32
2020-09-01,2551.91,2567.75,2530.86,2546.67
2020-09-02,2570.91,2589.71,2539.47,2558.17
2020-09-03,2514.2,2521.31,2508.58,2515.69
2020-09-04,2540.14,2545.0,2526.96,2531.81
2020-09-07,2521.79,2533.59,2512.68,2524.47
2020-09-08,2491.4,2506.76,2473.87,2489.23
2020-09-09,2525.84,2542.86,2516.86,2533.86
2020-09-10,2562.39,2588.52,2546.93,2573.0
2020-09-11,2565.84,2574.21,2550.83,2559.17
2020-09-14,2551.17,2553.08,2549.24,2551.15
2020-09-15,2551.48,2570.63,2542.2,2561.32
2020-09-16,2554.55,2556.55,2546.32,2548.32
2020-09-17,2531.21,2555.07,2528.31,2552.15
2020-09-18,2537.02,2546.67,2533.55,2543.2
2020-09-21,2534.0,2553.07,2527.64,2546.68
2020-09-22,2531.73,2537.9,2516.51,2522.66
2020-09-23,2545.33,2552.78,2541.2,2548.64
2020-09-24,2583.2,2595.77,2570.02,2582.59
2020-09-25,2589.32,2607.03,2569.26,2586.96
2020-09-28,2604.42,2612.89,2589.67,2598.12
2020-09-29,2624.16,2624.79,2618.07,2618.7
2020-09-30,2631.24,2641.48,2614.73,2624.94
2020-10-01,2668.86,2673.94,2665.92,2670.99
2020-10-02,2653.28,2667.63,2632.18,2646.5
2020-10-05,2670.98,2685.5,2661.74,2676.24
2020-10-06,2675.56,2685.28,2669.08,2678.79
2020-10-07,2646.4,2660.79,2644.28,2658.66
2020-10-08,2728.51,2739.36,2704.06,2714.86
2020-10-09,2764.93,2782.01,2756.14,2773.2
2020-10-12,2788.76,2793.45,2772.33,2777.0
2020-10-13,2795.11,2805.17,2780.56,2790.61
2020-10-14,2784.92,2787.31,2780.86,2783.25
2020-10-15,2782.79,2788.15,2774.38,2779.73
2020-10-16,2748.83,2762.19,2744.3,2757.65
2020-10-19,2750.78,2762.6,2725.83,2737.59
2020-10-20,2781.22,2804.27,2761.22,2784.24
2020-10-21,2795.62,2797.69,2785.08,2787.15
2020-10-22,2787.54,2798.41,2781.22,2792.09
2020-10-23,2765.38,2781.74,2760.96,2777.31
2020-10-26,2807.33,2807.52,2790.52,2790.72
2020-10-27,2755.2,2771.19,2744.23,2760.2
2020-10-28,2750.84,2760.68,2737.21,2747.04
2020-10-29,2699.62,2728.39,2695.64,2724.37
2020-10-30,2758.88,2760.02,2758.34,2759.47
2020-11-02,2734.9,2751.77,2713.11,2729.95
2020-11-03,2709.6,2720.43,2697.62,2708.44
2020-11-04,2666.53,2684.28,2649.57,2667.32
2020-11-05,2652.06,2654.07,2651.73,2653.74
2020-11-06,2657.33,2672.56,2635.22,2650.41
2020-11-09,2675.27,2699.31,2661.71,2685.7
2020-11-10,2685.54,2694.94,2678.06,2687.45
2020-11-11,2696.39,2704.77,2676.49,2684.83
2020-11-12,2686.84,2705.26,2680.45,2698.85
2020-11-13,2694.49,2715.06,2674.78,2695.35
2020-11-16,2754.67,2766.53,2751.97,2763.82
2020-11-17,2758.29,2764.46,2749.63,2755.8
2020-11-18,2771.76,2779.26,2763.99,2771.49
2020-11-19,2788.69,2811.95,2773.39,2796.61
2020-11-20,2787.61,2788.18,2786.84,2787.41
2020-11-23,2802.79,2805.07,2799.96,2802.24
2020-11-24,2790.78,2797.16,2789.52,2795.89
2020-11-25,2804.46,2808.41,2804.02,2807.97
2020-11-26,2810.32,2832.6,2793.54,2815.79
2020-11-27,2798.55,2827.15,2789.29,2817.83
2020-11-30,2809.02,2823.27,2787.01,2801.23
2020-12-01,2862.65,2869.36,2845.73,2852.42
2020-12-02,2855.82,2879.44,2847.32,2870.9
2020-12-03,2847.71,2857.3,2827.87,2837.43
2020-12-04,2835.79,2842.66,2825.51,2832.38
2020-12-07,2795.44,2814.94,2785.24,2804.71
2020-12-08,2826.86,2831.54,2823.97,2828.64
2020-12-09,2827.47,2839.33,2821.61,2833.46
2020-12-10,2846.72,2857.49,2828.13,2838.86
2020-12-11,2816.19,2838.22,2801.98,2823.97
2020-12-14,2844.58,2847.16,2824.01,2826.58
2020-12-15,2861.03,2870.05,2842.13,2851.12
2020-12-16,2871.11,2884.43,2868.39,2881.7
2020-12-17,2921.02,2921.29,2906.46,2906.73
2020-12-18,2879.98,2892.13,2861.55,2873.68
2020-12-21,2877.5,2908.5,2847.81,2878.8
2020-12-22,2895.75,2905.31,2880.35,2889.89
2020-12-23,2884.96,2886.36,2875.6,2876.98
2020-12-24,2835.56,2853.43,2824.19,2842.03
2020-12-25,2823.82,2824.29,2816.28,2816.76
2020-12-28,2860.29,2873.25,2851.06,2864.01
2020-12-29,2847.65,2856.86,2831.52,2840.71
2020-12-30,2846.79,2863.22,2831.54,2847.96
2020-12-31,2841.55,2870.03,2821.75,2850.17
2021-01-01,2856.54,2859.77,2847.93,2851.15
2021-01-04,2851.56,2857.7,2848.67,2854.81
2021-01-05,2881.78,2898.1,2864.12,2880.44
2021-01-06,2890.8,2904.12,2873.96,2887.26
2021-01-07,2890.53,2891.13,2877.25,2877.85
2021-01-08,2881.44,2907.05,2859.62,2885.21
2021-01-11,2857.79,2867.75,2855.13,2865.08
2021-01-12,2897.55,2901.58,2879.31,2883.32
2021-01-13,2872.88,2877.32,2868.42,2872.85
2021-01-14,2859.36,2891.13,2832.32,2864.04
2021-01-15,2886.54,2891.64,2878.31,2883.41
2021-01-18,2881.94,2902.98,2863.9,2884.92
2021-01-19,2880.48,2887.39,2875.89,2882.8
2021-01-20,2940.83,2949.11,2910.08,2918.3
2021-01-21,2891.64,2901.16,2890.72,2900.24
2021-01-22,2906.4,2919.98,2905.41,2918.99
2021-01-25,2964.7,2971.37,2947.2,2953.84
2021-01-26,2985.03,3016.21,2957.28,2988.43
2021-01-27,3050.46,3052.27,3045.74,3047.55
2021-01-28,3041.28,3048.57,3028.2,3035.47
2021-01-29,3002.2,3026.78,2993.5,3018.04
2021-02-01,3057.27,3073.11,3031.05,3046.84
2021-02-02,3069.65,3079.31,3065.17,3074.82
2021-02-03,3076.48,3082.84,3052.73,3059.05
2021-02-04,3068.22,3080.81,3062.98,3075.56
2021-02-05,3162.75,3183.48,3127.33,3147.96
2021-02-08,3176.13,3177.37,3158.33,3159.57
2021-02-09,3180.88,3195.64,3170.81,3185.56
2021-02-10,3225.74,3248.69,3204.65,3227.59
2021-02-11,3289.18,3299.5,3281.97,3292.28
2021-02-12,3313.92,3324.18,3288.67,3298.88
2021-02-15,3339.15,3339.7,3336.81,3337.36
2021-02-16,3322.46,3329.92,3309.7,3317.15
2021-02-17,3316.57,3337.24,3297.34,3318.0
2021-02-18,3311.61,3323.38,3295.18,3306.93
2021-02-19,3264.8,3287.35,3237.04,3259.55
2021-02-22,3220.72,3241.18,3206.08,3226.5
2021-02-23,3256.99,3273.9,3222.95,3239.77
2021-02-24,3251.36,3271.81,3232.91,3253.35
2021-02-25,3238.6,3246.24,3221.01,3228.63
2021-02-26,3258.52,3287.87,3241.61,3270.9
2021-03-01,3264.68,3270.0,3252.69,3258.0
2021-03-02,3278.23,3289.01,3257.05,3267.79
2021-03-03,3262.75,3270.96,3251.96,3260.15
2021-03-04,3276.74,3278.99,3263.95,3266.2
2021-03-05,3285.67,3294.01,3284.33,3292.66
2021-03-08,3327.97,3332.8,3318.43,3323.26
2021-03-09,3328.86,3344.14,3328.83,3344.11
2021-03-10,3362.85,3367.54,3356.67,3361.35
2021-03-11,3322.2,3348.13,3304.23,3330.12
2021-03-12,3361.57,3363.79,3360.04,3362.26
2021-03-15,3358.63,3360.92,3342.5,3344.79
2021-03-16,3362.04,3364.96,3341.69,3344.6
2021-03-17,3325.21,3339.57,3323.71,3338.05
2021-03-18,3362.63,3380.96,3331.86,3350.11
2021-03-19,3354.11,3367.56,3326.68,3340.09
2021-03-22,3350.25,3383.03,3314.24,3346.99
2021-03-23,3406.65,3429.14,3370.43,3392.83
2021-03-24,3356.67,3364.51,3353.02,3360.86
2021-03-25,3358.57,3368.36,3353.97,3363.76
2021-03-26,3332.1,3350.72,3318.6,3337.2
2021-03-29,3373.95,3378.9,3361.8,3366.73
2021-03-30,3349.62,3375.94,3324.29,3350.6
2021-03-31,3348.03,3358.45,3344.82,3355.23
2021-04-01,3314.56,3339.12,3296.69,3321.22
2021-04-02,3359.3,3373.28,3345.32,3359.29
2021-04-05,3362.18,3391.56,3341.44,3370.77
2021-04-06,3384.11,3384.45,3377.01,3377.34
2021-04-07,3414.61,3420.05,3397.0,3402.41
2021-04-08,3381.03,3386.03,3366.21,3371.19
2021-04-09,3387.02,3389.19,3355.55,3357.7
2021-04-12,3376.39,3379.3,3369.34,3372.24
2021-04-13,3344.87,3372.67,3300.29,3327.95
2021-04-14,3289.23,3291.11,3285.53,3287.42
2021-04-15,3267.49,3281.87,3255.86,3270.23
2021-04-16,3245.9,3263.43,3227.22,3244.74
2021-04-19,3249.3,3262.12,3234.87,3247.68
2021-04-20,3266.78,3283.09,3251.67,3267.99
2021-04-21,3283.47,3311.87,3265.83,3294.17
2021-04-22,3338.96,3357.11,3330.67,3348.8
2021-04-23,3363.94,3366.28,3350.21,3352.54
2021-04-26,3376.02,3377.07,3366.54,3367.59
2021-04-27,3389.16,3405.11,3355.3,3371.17
2021-04-28,3380.2,3391.41,3372.99,3384.19
2021-04-29,3394.22,3404.33,3389.08,3399.18
2021-04-30,3416.51,3446.72,3398.19,3428.33
2021-05-03,3477.48,3491.44,3452.59,3466.5
2021-05-04,3475.13,3491.39,3468.21,3484.45
2021-05-05,3529.2,3531.4,3527.32,3529.52
2021-05-06,3536.17,3557.73,3511.32,3532.85
2021-05-07,3502.02,3535.32,3485.3,3518.52
2021-05-10,3525.45,3535.47,3507.25,3517.25
2021-05-11,3528.17,3536.53,3509.17,3517.51
2021-05-12,3493.51,3503.94,3480.18,3490.61
2021-05-13,3476.46,3480.31,3473.52,3477.36
2021-05-14,3449.4,3451.35,3447.79,3449.74
2021-05-17,3486.74,3488.54,3470.35,3472.15
2021-05-18,3487.21,3508.24,3465.64,3486.66
2021-05-19,3441.18,3442.79,3439.79,3441.39
2021-05-20,3421.27,3448.65,3400.98,3428.33
2021-05-21,3456.06,3503.73,3437.81,3485.32
2021-05-24,3527.33,3538.39,3504.74,3515.77
2021-05-25,3532.87,3538.51,3527.27,3532.9
2021-05-26,3508.92,3522.86,3504.23,3518.16
2021-05-27,3553.05,3579.22,3504.7,3530.7
2021-05-28,3539.19,3552.39,3521.36,3534.54
2021-05-31,3522.0,3540.13,3506.05,3524.18
2021-06-01,3523.26,3534.13,3501.7,3512.53
2021-06-02,3507.48,3516.56,3494.55,3503.61
2021-06-03,3469.51,3480.44,3454.97,3465.89
2021-06-04,3427.35,3436.33,3424.65,3433.62
2021-06-07,3448.29,3454.62,3434.78,3441.1
2021-06-08,3432.72,3454.25,3401.6,3423.07
2021-06-09,3414.93,3427.36,3408.71,3421.12
2021-06-10,3362.56,3384.73,3359.63,3381.79
2021-06-11,3422.18,3425.67,3408.97,3412.45
2021-06-14,3493.04,3510.26,3469.27,3486.47
2021-06-15,3530.94,3534.0,3518.98,3522.04
2021-06-16,3560.51,3570.82,3549.71,3560.02
2021-06-17,3593.13,3600.76,3575.17,3582.78
2021-06-18,3587.71,3602.1,3580.37,3594.75
2021-06-21,3606.56,3620.04,3595.11,3608.58
2021-06-22,3574.79,3610.58,3550.33,3586.05
2021-06-23,3623.24,3636.85,3597.13,3610.7
2021-06-24,3632.73,3636.57,3629.39,3633.24
2021-06-25,3626.05,3629.58,3620.01,3623.53
2021-06-28,3654.93,3655.33,3649.78,3650.18
2021-06-29,3631.01,3652.88,3611.76,3633.62
2021-06-30,3628.21,3630.45,3617.04,3619.28
2021-07-01,3666.23,3682.65,3631.74,3648.08
2021-07-02,3676.09,3676.67,3664.74,3665.32
2021-07-05,3652.17,3680.34,3643.03,3671.15
2021-07-06,3666.56,3677.09,3654.82,3665.35
2021-07-07,3676.88,3677.35,3674.7,3675.17
2021-07-08,3638.91,3656.88,3607.5,3625.4
2021-07-09,3602.57,3621.63,3589.48,3608.52
2021-07-12,3573.83,3607.0,3551.92,3585.02
2021-07-13,3601.02,3615.95,3577.13,3592.02
2021-07-14,3630.83,3642.68,3619.19,3631.04
2021-07-15,3644.37,3655.46,3640.12,3651.2
2021-07-16,3638.72,3648.0,3632.29,3641.56
2021-07-19,3619.06,3635.73,3617.77,3634.44
2021-07-20,3619.94,3632.44,3605.61,3618.1
2021-07-21,3681.43,3707.59,3658.64,3684.78
2021-07-22,3698.2,3709.36,3681.16,3692.3
2021-07-23,3701.44,3712.35,3692.82,3703.72
2021-07-26,3653.87,3658.05,3649.3,3653.48
2021-07-27,3619.29,3652.11,3591.46,3624.24
2021-07-28,3627.22,3650.36,3606.87,3629.99
2021-07-29,3609.69,3630.52,3601.16,3621.96
2021-07-30,3644.54,3660.99,3616.9,3633.29
2021-08-02,3649.37,3659.81,3639.39,3649.83
2021-08-03,3653.18,3684.93,3643.43,3675.11
2021-08-04,3607.52,3630.11,3602.2,3624.76
2021-08-05,3609.89,3619.85,3588.76,3598.69
2021-08-06,3603.39,3604.82,3602.44,3603.86
2021-08-09,3599.85,3612.92,3587.0,3600.07
2021-08-10,3599.02,3604.28,3593.79,3599.05
2021-08-11,3616.28,3629.71,3597.59,3611.0
2021-08-12,3613.07,3633.32,3576.4,3596.56
2021-08-13,3616.1,3622.34,3605.05,3611.28
2021-08-16,3647.85,3655.51,3636.82,3644.48
2021-08-17,3648.45,3663.39,3639.78,3654.71
2021-08-18,3668.05,3723.77,3629.57,3685.11
2021-08-19,3630.57,3639.08,3616.92,3625.41
2021-08-20,3622.08,3633.62,3604.53,3616.05
2021-08-23,3672.71,3676.27,3657.08,3660.63
2021-08-24,3660.89,3674.21,3628.93,3642.18
2021-08-25,3607.3,3627.84,3599.39,3619.9
2021-08-26,3618.67,3632.87,3611.16,3625.35
2021-08-27,3641.46,3662.9,3612.77,3634.17
2021-08-30,3634.45,3644.12,3624.76,3634.43
2021-08-31,3717.8,3737.77,3681.89,3701.78
2021-09-01,3714.71,3736.93,3694.67,3716.87
2021-09-02,3719.44,3737.61,3679.19,3697.25
2021-09-03,3661.78,3672.32,3650.63,3661.17
2021-09-06,3711.08,3720.46,3683.71,3693.04
2021-09-07,3646.88,3689.68,3630.72,3673.4
2021-09-08,3757.14,3761.43,3747.38,3751.67
2021-09-09,3774.23,3800.71,3747.49,3773.97
2021-09-10,3776.28,3808.41,3768.07,3800.15
2021-09-13,3825.25,3852.33,3798.35,3825.43
2021-09-14,3854.64,3891.37,3832.37,3869.01
2021-09-15,3793.68,3806.88,3786.43,3799.61
2021-09-16,3773.07,3784.52,3758.18,3769.62
2021-09-17,3810.45,3843.01,3779.31,3811.86
2021-09-20,3881.94,3903.76,3856.0,3877.8
2021-09-21,3847.35,3849.92,3842.97,3845.53
2021-09-22,3821.94,3833.86,3783.3,3795.14
2021-09-23,3812.71,3819.51,3802.95,3809.75
2021-09-24,3835.74,3845.69,3824.49,3834.44
2021-09-27,3862.02,3876.15,3843.03,3857.15
2021-09-28,3863.41,3875.83,3851.3,3863.71
2021-09-29,3793.93,3813.89,3792.09,3812.04
2021-09-30,3817.29,3826.46,3800.23,3809.38
2021-10-01,3828.47,3836.72,3805.48,3813.7
2021-10-04,3830.82,3840.2,3803.69,3813.03
2021-10-05,3767.49,3785.77,3741.47,3759.71
2021-10-06,3786.34,3790.19,3785.54,3789.39
2021-10-07,3830.85,3847.86,3810.83,3827.83
2021-10-08,3831.58,3839.41,3803.38,3811.16
2021-10-11,3820.27,3838.23,3804.88,3822.84
2021-10-12,3802.63,3830.32,3788.65,3816.29
2021-10-13,3835.51,3836.16,3809.61,3810.26
2021-10-14,3825.05,3845.94,3815.91,3836.77
2021-10-15,3845.46,3877.12,3832.08,3863.68
2021-10-18,3920.49,3945.37,3891.88,3916.74
2021-10-19,3965.19,3984.06,3941.49,3960.34
2021-10-20,3967.95,3973.19,3957.26,3962.5
2021-10-21,4075.65,4103.44,4037.22,4064.94
2021-10-22,4120.59,4142.95,4100.25,4122.59
2021-10-25,4112.34,4115.71,4110.79,4114.16
2021-10-26,4116.74,4139.8,4100.81,4123.84
2021-10-27,4064.39,4068.64,4058.47,4062.72
2021-10-28,4076.83,4089.77,4057.3,4070.22
2021-10-29,4144.1,4151.49,4125.49,4132.86
2021-11-01,4226.45,4246.83,4217.51,4237.87
2021-11-02,4215.68,4236.24,4210.96,4231.5
2021-11-03,4251.82,4274.16,4218.28,4240.56
2021-11-04,4251.73,4274.59,4235.65,4258.49
2021-11-05,4309.36,4331.9,4299.63,4322.14
2021-11-08,4258.07,4300.85,4239.17,4281.84
2021-11-09,4385.88,4407.83,4345.59,4367.44
2021-11-10,4355.24,4376.12,4330.77,4351.64
2021-11-11,4314.61,4352.37,4269.85,4307.56
2021-11-12,4298.61,4300.18,4291.42,4292.98
2021-11-15,4261.66,4264.16,4256.45,4258.95
2021-11-16,4269.51,4278.17,4261.14,4269.8
2021-11-17,4210.28,4211.77,4209.69,4211.17
2021-11-18,4201.3,4220.74,4194.24,4213.65
2021-11-19,4211.07,4243.43,4201.18,4233.49
2021-11-22,4305.83,4321.01,4261.94,4277.02
2021-11-23,4296.45,4306.46,4285.95,4295.96
2021-11-24,4333.47,4342.29,4330.35,4339.16
2021-11-25,4303.54,4328.17,4289.31,4313.9
2021-11-26,4336.05,4337.62,4320.87,4322.44
2021-11-29,4242.08,4277.89,4204.44,4240.23
2021-11-30,4222.26,4246.05,4209.46,4233.22
2021-12-01,4238.4,4268.24,4212.45,4242.27
2021-12-02,4256.61,4286.49,4222.78,4252.64
2021-12-03,4189.77,4209.08,4175.35,4194.64
2021-12-06,4179.9,4188.97,4160.65,4169.7
2021-12-07,4183.56,4199.44,4141.28,4157.07
2021-12-08,4133.49,4139.65,4132.58,4138.73
2021-12-09,4155.25,4180.6,4133.48,4158.81
2021-12-10,4136.99,4152.83,4131.48,4147.31
2021-12-13,4137.14,4139.94,4136.25,4139.04
2021-12-14,4094.49,4124.13,4089.11,4118.72
2021-12-15,4163.47,4197.21,4116.14,4149.78
2021-12-16,4165.79,4201.27,4147.12,4182.53
2021-12-17,4156.97,4175.52,4148.52,4167.05
2021-12-20,4248.72,4265.34,4231.04,4247.66
2021-12-21,4233.01,4242.71,4205.92,4215.59
2021-12-22,4231.13,4261.36,4211.81,4242.0
2021-12-23,4201.57,4234.56,4170.95,4203.92
2021-12-24,4226.46,4227.82,4221.38,4222.74
2021-12-27,4222.39,4237.89,4215.42,4230.91
2021-12-28,4189.34,4198.62,4181.58,4190.86
2021-12-29,4160.21,4180.49,4159.88,4180.16
2021-12-30,4227.63,4236.39,4225.57,4234.33
2021-12-31,4215.96,4217.39,4199.03,4200.45
2022-01-03,4212.56,4221.31,4193.55,4202.28
2022-01-04,4201.01,4220.45,4187.19,4206.61
2022-01-05,4185.83,4215.25,4169.22,4198.59
2022-01-06,4133.62,4149.84,4120.04,4136.25
2022-01-07,4139.36,4157.65,4139.33,4157.61
2022-01-10,4143.35,4179.08,4110.1,4145.8
2022-01-11,4170.33,4183.4,4162.4,4175.46
2022-01-12,4170.84,4202.0,4145.32,4176.44
2022-01-13,4170.2,4174.64,4167.53,4171.97
2022-01-14,4184.12,4193.0,4168.52,4177.39
2022-01-17,4119.85,4157.44,4095.21,4132.73
2022-01-18,4188.52,4198.04,4167.04,4176.52
2022-01-19,4171.66,4191.07,4138.27,4157.62
2022-01-20,4166.78,4173.94,4132.36,4139.46
2022-01-21,4178.06,4178.88,4173.52,4174.35
2022-01-24,4187.11,4193.2,4162.63,4168.69
2022-01-25,4166.2,4178.9,4141.37,4154.03
2022-01-26,4162.63,4188.05,4134.85,4160.26
2022-01-27,4157.77,4184.78,4146.04,4173.01
2022-01-28,4173.01,4184.72,4150.15,4161.83
2022-01-31,4180.26,4184.32,4173.2,4177.26
2022-02-01,4153.32,4155.03,4129.46,4131.16
2022-02-02,4141.46,4149.45,4124.32,4132.29
2022-02-03,4163.44,4178.93,4134.84,4150.29
2022-02-04,4154.98,4176.45,4140.76,4162.2
2022-02-07,4079.63,4119.29,4037.02,4076.64
2022-02-08,4042.77,4093.77,4015.4,4066.24
2022-02-09,4028.54,4032.26,4018.14,4021.85
2022-02-10,4071.56,4080.04,4048.29,4056.74
2022-02-11,4055.14,4087.74,4005.81,4038.27
2022-02-14,4057.8,4064.98,4054.95,4062.13
2022-02-15,3995.65,4050.13,3963.21,4017.51
2022-02-16,4017.45,4030.93,4010.47,4023.94
2022-02-17,4017.28,4022.51,4012.99,4018.22
2022-02-18,4103.41,4115.84,4085.96,4098.38
2022-02-21,4095.14,4132.15,4083.29,4120.23
2022-02-22,4145.17,4151.91,4139.73,4146.47
2022-02-23,4187.33,4204.95,4182.8,4200.4
2022-02-24,4217.28,4228.61,4187.78,4199.06
2022-02-25,4156.48,4191.54,4150.78,4185.8
2022-02-28,4174.61,4177.16,4159.42,4161.96
2022-03-01,4151.54,4170.97,4134.1,4153.53
2022-03-02,4034.66,4060.02,4034.22,4059.58
2022-03-03,4073.2,4083.04,4043.02,4052.81
2022-03-04,4069.44,4089.09,4033.44,4053.02
2022-03-07,4051.46,4074.06,4013.81,4036.32
2022-03-08,3983.9,3996.29,3970.41,3982.79
2022-03-09,3964.63,3986.99,3950.32,3972.64
2022-03-10,3921.06,3925.19,3916.17,3920.3
2022-03-11,3976.67,3978.84,3968.01,3970.17
2022-03-14,3945.4,3963.85,3933.41,3951.84
2022-03-15,3873.69,3916.93,3840.53,3883.68
2022-03-16,3879.25,3888.15,3864.63,3873.52
2022-03-17,3899.37,3911.01,3885.46,3897.09
2022-03-18,3909.03,3939.08,3868.23,3898.2
2022-03-21,3878.79,3879.17,3860.77,3861.15
2022-03-22,3846.7,3884.21,3799.43,3836.85
2022-03-23,3811.66,3829.74,3806.83,3824.89
2022-03-24,3808.34,3809.41,3807.43,3808.49
2022-03-25,3771.91,3788.65,3750.82,3767.54
2022-03-28,3767.83,3768.56,3757.98,3758.7
2022-03-29,3726.0,3745.03,3697.46,3716.44
2022-03-30,3743.34,3758.42,3728.91,3743.99
2022-03-31,3769.05,3783.18,3760.48,3774.6
2022-04-01,3754.58,3765.08,3732.79,3743.26
2022-04-04,3718.07,3728.77,3703.16,3713.86
2022-04-05,3702.48,3710.58,3691.27,3699.36
2022-04-06,3689.07,3701.3,3684.67,3696.89
2022-04-07,3726.41,3734.3,3695.23,3703.08
2022-04-08,3718.04,3722.65,3710.66,3715.27
2022-04-11,3719.84,3734.31,3706.35,3720.81
2022-04-12,3767.83,3794.74,3738.12,3765.01
2022-04-13,3762.04,3780.15,3745.42,3763.52
2022-04-14,3706.88,3723.89,3704.26,3721.26
2022-04-15,3673.98,3679.71,3664.96,3670.69
2022-04-18,3696.2,3712.67,3695.89,3712.36
2022-04-19,3726.14,3739.68,3711.44,3724.98
2022-04-20,3710.43,3752.59,3686.22,3728.25
2022-04-21,3714.44,3751.77,3701.35,3738.6
2022-04-22,3746.97,3775.38,3711.73,3740.09
2022-04-25,3731.47,3764.12,3711.28,3743.87
2022-04-26,3734.07,3758.31,3705.0,3729.21
2022-04-27,3758.98,3777.38,3738.68,3757.07
2022-04-28,3739.18,3758.39,3718.34,3737.53
2022-04-29,3700.2,3707.78,3699.59,3707.17
2022-05-02,3647.3,3665.04,3631.01,3648.74
2022-05-03,3633.93,3653.48,3621.57,3641.1
2022-05-04,3688.37,3692.72,3673.6,3677.94
2022-05-05,3657.88,3667.44,3653.63,3663.19
2022-05-06,3618.88,3624.19,3616.28,3621.58
2022-05-09,3635.13,3665.84,3596.38,3627.02
2022-05-10,3600.77,3613.45,3594.82,3607.49
2022-05-11,3633.34,3662.74,3623.63,3652.97
2022-05-12,3671.84,3716.96,3638.56,3683.57
2022-05-13,3656.16,3660.23,3640.57,3644.62
2022-05-16,3636.79,3653.49,3619.2,3635.89
2022-05-17,3616.14,3623.05,3606.07,3612.98
2022-05-18,3581.81,3588.44,3572.0,3578.63
2022-05-19,3596.52,3610.38,3563.55,3577.33
2022-05-20,3579.22,3617.9,3563.05,3601.64
2022-05-23,3594.94,3603.69,3587.57,3596.32
2022-05-24,3581.39,3594.02,3568.43,3581.06
2022-05-25,3516.48,3528.43,3504.74,3516.69
2022-05-26,3507.03,3525.73,3479.98,3498.64
2022-05-27,3525.2,3525.36,3516.35,3516.5
2022-05-30,3473.76,3483.49,3466.29,3476.01
2022-05-31,3497.69,3523.13,3490.11,3515.51
2022-06-01,3526.85,3528.37,3499.0,3500.51
2022-06-02,3505.7,3510.28,3501.2,3505.77
2022-06-03,3494.51,3515.26,3472.84,3493.59
2022-06-06,3465.6,3467.72,3450.42,3452.53
2022-06-07,3461.47,3467.0,3460.03,3465.56
2022-06-08,3461.52,3477.23,3432.52,3448.16
2022-06-09,3421.12,3441.16,3404.25,3424.27
2022-06-10,3374.62,3376.59,3354.25,3356.21
2022-06-13,3394.07,3422.08,3361.46,3389.44
2022-06-14,3383.83,3393.28,3381.26,3390.7
2022-06-15,3445.94,3460.17,3409.4,3423.54
2022-06-16,3447.83,3449.21,3440.23,3441.61
2022-06-17,3466.83,3489.02,3451.02,3473.18
2022-06-20,3434.92,3455.35,3429.08,3449.48
2022-06-21,3416.68,3436.82,3389.44,3409.54
2022-06-22,3445.7,3449.34,3427.82,3431.45
2022-06-23,3438.73,3445.14,3428.33,3434.74
2022-06-24,3424.25,3424.31,3420.81,3420.86
2022-06-27,3451.17,3456.55,3429.76,3435.11
2022-06-28,3449.19,3465.66,3426.57,3443.01
2022-06-29,3453.23,3486.15,3427.18,3460.05
2022-06-30,3423.2,3429.6,3423.11,3429.52
2022-07-01,3460.58,3468.06,3447.35,3454.82
2022-07-04,3454.66,3468.09,3436.05,3449.46
2022-07-05,3490.85,3492.37,3477.98,3479.49
2022-07-06,3509.42,3521.74,3493.23,3505.54
2022-07-07,3530.21,3536.0,3517.26,3523.03
2022-07-08,3521.28,3527.08,3511.81,3517.6
2022-07-11,3540.81,3546.39,3525.04,3530.6
2022-07-12,3567.16,3592.73,3533.68,3559.2
2022-07-13,3570.2,3579.2,3563.96,3572.96
2022-07-14,3573.02,3585.58,3562.48,3575.04
2022-07-15,3594.8,3607.48,3578.63,3591.31
2022-07-18,3568.82,3578.79,3557.66,3567.63
2022-07-19,3620.47,3627.15,3599.6,3606.25
2022-07-20,3556.87,3563.93,3547.55,3554.61
2022-07-21,3536.82,3563.23,3525.63,3551.99
2022-07-22,3524.53,3550.78,3510.87,3537.07
2022-07-25,3508.56,3518.01,3501.63,3511.08
2022-07-26,3524.27,3539.86,3501.09,3516.65
2022-07-27,3474.65,3499.44,3457.48,3482.23
2022-07-28,3546.58,3572.26,3514.03,3539.66
2022-07-29,3490.36,3506.69,3482.09,3498.41
2022-08-01,3467.36,3472.49,3460.58,3465.71
2022-08-02,3438.11,3455.39,3416.57,3433.84
2022-08-03,3425.27,3441.46,3420.89,3437.06
2022-08-04,3466.86,3476.99,3452.62,3462.75
2022-08-05,3491.14,3511.46,3454.07,3474.3
2022-08-08,3503.62,3524.56,3484.77,3505.69
2022-08-09,3479.55,3488.16,3470.15,3478.75
2022-08-10,3495.91,3523.4,3465.79,3493.26
2022-08-11,3481.85,3507.35,3455.41,3480.9
2022-08-12,3483.62,3531.74,3435.25,3483.37
2022-08-15,3503.32,3534.42,3472.79,3503.88
2022-08-16,3436.74,3466.25,3423.53,3452.98
2022-08-17,3508.72,3541.1,3471.61,3503.95
2022-08-18,3484.05,3506.03,3473.38,3495.33
2022-08-19,3450.78,3468.14,3429.54,3446.88
2022-08-22,3425.65,3430.59,3413.54,3418.46
2022-08-23,3422.24,3430.1,3410.22,3418.07
2022-08-24,3386.97,3396.88,3386.07,3395.98
2022-08-25,3340.62,3347.92,3330.18,3337.46
2022-08-26,3336.28,3346.15,3328.55,3338.42
2022-08-29,3305.45,3312.99,3303.77,3311.31
2022-08-30,3348.16,3360.17,3315.62,3327.56
2022-08-31,3288.0,3306.13,3278.79,3296.89
2022-09-01,3363.43,3381.69,3340.22,3358.45
2022-09-02,3385.62,3394.25,3361.6,3370.19
2022-09-05,3371.8,3383.79,3355.96,3367.93
2022-09-06,3375.93,3390.35,3367.76,3382.17
2022-09-07,3324.75,3353.26,3301.77,3330.25
2022-09-08,3301.13,3318.14,3298.01,3315.02
2022-09-09,3362.27,3373.93,3349.66,3361.32
2022-09-12,3346.28,3357.15,3334.11,3344.97
2022-09-13,3338.34,3349.56,3329.63,3340.85
2022-09-14,3340.16,3342.66,3323.46,3325.95
2022-09-15,3362.59,3375.23,3350.34,3362.97
2022-09-16,3337.86,3366.65,3324.73,3353.46
2022-09-19,3327.15,3338.98,3300.31,3312.08
2022-09-20,3367.02,3385.77,3359.94,3378.66
2022-09-21,3343.97,3354.18,3328.29,3338.49
2022-09-22,3339.9,3353.35,3319.68,3333.11
2022-09-23,3307.62,3311.06,3304.56,3308.0
2022-09-26,3291.62,3317.86,3255.85,3282.01
2022-09-27,3253.21,3257.81,3247.44,3252.05
2022-09-28,3233.35,3251.43,3218.37,3236.43
2022-09-29,3241.45,3265.66,3237.24,3261.43
2022-09-30,3193.26,3221.63,3181.22,3209.53
2022-10-03,3273.06,3273.49,3245.4,3245.83
2022-10-04,3285.83,3294.76,3269.28,3278.18
2022-10-05,3307.48,3333.92,3268.29,3294.63
2022-10-06,3326.01,3339.5,3287.29,3300.67
2022-10-07,3307.51,3311.07,3307.08,3310.64
2022-10-10,3354.78,3365.12,3345.39,3355.72
2022-10-11,3295.12,3316.01,3290.16,3311.03
2022-10-12,3330.63,3333.67,3330.01,3333.05
2022-10-13,3312.79,3334.14,3294.11,3315.45
2022-10-14,3336.69,3345.91,3330.92,3340.12
2022-10-17,3341.74,3343.84,3328.66,3330.75
2022-10-18,3359.88,3369.2,3342.9,3352.2
2022-10-19,3322.59,3323.07,3312.48,3312.96
2022-10-20,3259.14,3273.04,3256.75,3270.63
2022-10-21,3272.21,3288.26,3255.41,3271.45
2022-10-24,3322.45,3337.98,3303.03,3318.54
2022-10-25,3355.24,3366.83,3324.54,3336.06
2022-10-26,3354.77,3360.4,3347.48,3353.11
2022-10-27,3377.62,3382.48,3373.93,3378.79
2022-10-28,3381.66,3397.3,3354.59,3370.18
2022-10-31,3391.6,3412.94,3372.41,3393.74
2022-11-01,3383.98,3384.38,3378.33,3378.72
2022-11-02,3376.92,3384.36,3364.54,3371.97
2022-11-03,3363.97,3391.65,3341.09,3368.74
2022-11-04,3349.51,3367.85,3337.67,3355.98
2022-11-07,3359.78,3363.3,3356.57,3360.09
2022-11-08,3351.14,3368.51,3338.16,3355.5
2022-11-09,3323.74,3356.37,3306.2,3338.75
2022-11-10,3344.95,3372.08,3310.66,3337.72
2022-11-11,3350.51,3361.79,3333.52,3344.78
2022-11-14,3313.83,3337.93,3297.17,3321.23
2022-11-15,3327.49,3343.25,3320.15,3335.89
2022-11-16,3330.39,3333.92,3322.0,3325.52
2022-11-17,3351.74,3368.03,3318.01,3334.21
2022-11-18,3329.42,3342.69,3306.02,3319.25
2022-11-21,3367.04,3368.49,3353.52,3354.96
2022-11-22,3380.87,3389.67,3375.17,3383.96
2022-11-23,3361.86,3363.51,3356.02,3357.67
2022-11-24,3373.6,3376.33,3372.21,3374.94
2022-11-25,3409.66,3421.94,3404.83,3417.1
2022-11-28,3398.61,3412.48,3382.75,3396.61
2022-11-29,3366.36,3381.47,3360.05,3375.14
2022-11-30,3390.49,3400.6,3387.98,3398.09
2022-12-01,3360.9,3374.2,3352.11,3365.4
2022-12-02,3344.83,3352.57,3340.48,3348.23
2022-12-05,3330.33,3353.22,3307.74,3330.63
2022-12-06,3335.49,3367.0,3324.85,3356.3
2022-12-07,3332.49,3349.94,3324.41,3341.84
2022-12-08,3354.69,3366.57,3327.13,3338.95
2022-12-09,3323.28,3323.64,3323.0,3323.37
2022-12-12,3371.98,3374.69,3363.6,3366.31
2022-12-13,3351.45,3356.41,3342.31,3347.27
2022-12-14,3312.35,3322.46,3303.32,3313.43
2022-12-15,3270.48,3281.81,3267.85,3279.17
2022-12-16,3299.62,3318.07,3286.65,3305.07
2022-12-19,3357.84,3363.04,3333.06,3338.23
2022-12-20,3373.36,3405.23,3346.93,3378.76
2022-12-21,3365.87,3378.29,3336.22,3348.57
2022-12-22,3343.58,3349.45,3341.88,3347.75
2022-12-23,3418.04,3426.6,3412.76,3421.31
2022-12-26,3423.77,3456.82,3389.94,3422.99
2022-12-27,3409.87,3424.79,3396.77,3411.68
2022-12-28,3406.24,3418.05,3404.05,3415.85
2022-12-29,3435.34,3440.5,3430.33,3435.49
2022-12-30,3439.09,3471.67,3421.83,3454.34
2023-01-02,3449.78,3467.84,3427.98,3446.02
2023-01-03,3436.95,3444.76,3426.82,3434.63
2023-01-04,3439.17,3448.91,3421.94,3431.67
2023-01-05,3411.47,3424.21,3403.83,3416.56
2023-01-06,3395.01,3414.14,3368.41,3387.5
2023-01-09,3456.82,3487.94,3421.28,3452.36
2023-01-10,3447.6,3464.96,3428.94,3446.28
2023-01-11,3462.41,3473.83,3430.64,3441.99
2023-01-12,3443.59,3443.71,3438.61,3438.73
2023-01-13,3437.6,3448.6,3431.4,3442.39
2023-01-16,3483.84,3486.65,3465.07,3467.86
2023-01-17,3465.52,3472.25,3453.51,3460.23
2023-01-18,3517.44,3537.94,3478.38,3498.77
2023-01-19,3501.55,3532.45,3490.32,3521.15
2023-01-20,3517.37,3521.34,3516.58,3520.55
2023-01-23,3510.36,3514.63,3509.24,3513.51
2023-01-24,3529.97,3565.72,3514.42,3550.08
2023-01-25,3551.85,3578.62,3523.33,3550.09
2023-01-26,3515.01,3527.92,3506.03,3518.93
2023-01-27,3532.55,3560.83,3525.63,3553.87
2023-01-30,3536.67,3548.49,3533.0,3544.82
2023-01-31,3590.1,3598.43,3566.93,3575.23
2023-02-01,3514.41,3522.21,3497.07,3504.85
2023-02-02,3491.64,3511.22,3479.54,3499.11
2023-02-03,3530.11,3541.71,3526.38,3537.97
2023-02-06,3556.65,3573.22,3530.96,3547.49
2023-02-07,3548.28,3583.27,3534.42,3569.33
2023-02-08,3553.33,3578.09,3522.31,3547.02
2023-02-09,3542.1,3567.27,3536.53,3561.67
2023-02-10,3583.61,3583.95,3565.71,3566.04
2023-02-13,3589.43,3615.29,3556.55,3582.35
2023-02-14,3626.01,3655.06,3617.19,3646.18
2023-02-15,3683.12,3706.26,3664.21,3687.32
2023-02-16,3716.23,3724.16,3704.78,3712.7
2023-02-17,3715.74,3740.09,3713.68,3738.02
2023-02-20,3717.19,3733.37,3701.49,3717.67
2023-02-21,3710.94,3729.5,3687.05,3705.58
2023-02-22,3639.76,3668.6,3633.68,3662.49
2023-02-23,3636.12,3637.5,3626.62,3628.0
2023-02-24,3604.15,3611.38,3598.28,3605.5
2023-02-27,3623.69,3626.18,3611.28,3613.75
2023-02-28,3579.12,3603.01,3557.76,3581.64
2023-03-01,3579.89,3599.54,3571.66,3591.28
2023-03-02,3579.46,3596.77,3574.62,3591.91
2023-03-03,3560.11,3564.68,3558.88,3563.45
2023-03-06,3618.36,3626.67,3612.11,3620.41
2023-03-07,3597.3,3600.32,3582.84,3585.86
2023-03-08,3621.79,3627.58,3619.05,3624.83
2023-03-09,3545.81,3567.36,3540.96,3562.49
2023-03-10,3559.55,3571.56,3552.44,3564.44
2023-03-13,3524.26,3553.43,3511.35,3540.45
2023-03-14,3531.4,3535.23,3523.87,3527.7
2023-03-15,3595.4,3600.24,3584.32,3589.15
2023-03-16,3592.84,3619.14,3558.54,3584.78
2023-03-17,3554.54,3571.89,3540.44,3557.77
2023-03-20,3577.29,3586.74,3575.37,3584.82
2023-03-21,3575.01,3586.56,3568.96,3580.5
2023-03-22,3590.61,3600.43,3581.77,3591.59
2023-03-23,3564.92,3598.12,3537.23,3570.38
2023-03-24,3568.24,3579.61,3539.78,3551.09
2023-03-27,3536.21,3564.45,3511.88,3540.09
2023-03-28,3570.86,3584.28,3558.53,3571.95
2023-03-29,3564.13,3587.05,3549.3,3572.18
2023-03-30,3539.77,3578.73,3508.63,3547.53
2023-03-31,3546.54,3563.67,3543.01,3560.13
2023-04-03,3563.88,3576.89,3561.9,3574.91
2023-04-04,3620.41,3626.93,3593.71,3600.19
2023-04-05,3598.75,3609.75,3581.91,3592.89
2023-04-06,3594.46,3610.41,3582.17,3598.11
2023-04-07,3611.43,3624.34,3605.66,3618.56
2023-04-10,3614.7,3637.01,3579.12,3601.35
2023-04-11,3627.16,3655.43,3608.05,3636.28
2023-04-12,3625.32,3655.83,3613.49,3643.94
2023-04-13,3622.36,3629.57,3610.0,3617.2
2023-04-14,3580.8,3608.74,3562.9,3590.79
2023-04-17,3588.46,3609.01,3581.81,3602.33
2023-04-18,3581.78,3593.71,3581.63,3593.56
2023-04-19,3629.8,3648.52,3606.6,3625.29
2023-04-20,3623.19,3630.45,3617.06,3624.32
2023-04-21,3630.91,3646.52,3626.07,3641.67
2023-04-24,3634.61,3635.55,3628.56,3629.5
2023-04-25,3627.89,3643.48,3621.36,3636.92
2023-04-26,3667.77,3686.83,3666.79,3685.85
2023-04-27,3673.97,3710.35,3652.14,3688.44
2023-04-28,3678.68,3682.6,3674.51,3678.44
2023-05-01,3658.19,3667.27,3657.73,3666.81
2023-05-02,3674.75,3676.44,3671.91,3673.59
2023-05-03,3737.37,3744.09,3718.25,3724.94
2023-05-04,3681.67,3696.1,3674.23,3688.64
2023-05-05,3723.75,3747.73,3670.4,3694.2
2023-05-08,3655.88,3661.96,3646.78,3652.85
2023-05-09,3646.06,3674.15,3619.91,3647.99
2023-05-10,3649.74,3673.31,3640.89,3664.42
2023-05-11,3618.85,3623.47,3618.02,3622.64
2023-05-12,3614.72,3620.99,3611.14,3617.41
2023-05-15,3649.03,3652.39,3637.38,3640.73
2023-05-16,3646.98,3668.54,3631.98,3653.51
2023-05-17,3677.43,3706.72,3643.4,3672.66
2023-05-18,3650.46,3656.09,3644.37,3650.0
2023-05-19,3678.53,3688.4,3657.96,3667.8
2023-05-22,3673.98,3685.51,3650.9,3662.4
2023-05-23,3697.35,3698.26,3692.74,3693.65
2023-05-24,3636.71,3668.24,3596.92,3628.38
2023-05-25,3640.79,3656.12,3613.27,3628.56
2023-05-26,3646.99,3654.49,3633.64,3641.12
2023-05-29,3701.63,3707.39,3692.8,3698.55
2023-05-30,3714.17,3720.64,3703.15,3709.61
2023-05-31,3741.76,3756.21,3709.38,3723.75
2023-06-01,3743.42,3750.8,3734.79,3742.16
2023-06-02,3797.88,3809.17,3778.33,3789.59
2023-06-05,3781.32,3804.45,3765.91,3789.01
2023-06-06,3767.71,3772.69,3745.87,3750.82
2023-06-07,3712.26,3744.2,3675.36,3707.26
2023-06-08,3733.09,3742.24,3727.82,3736.96
2023-06-09,3751.22,3752.43,3750.8,3752.01
2023-06-12,3753.96,3769.06,3741.33,3756.42
2023-06-13,3745.35,3748.45,3742.19,3745.29
2023-06-14,3761.46,3767.51,3753.06,3759.1
2023-06-15,3771.4,3775.06,3769.96,3773.62
2023-06-16,3778.54,3824.38,3750.92,3796.63
2023-06-19,3793.1,3799.02,3767.13,3773.01
2023-06-20,3726.74,3736.87,3713.65,3723.77
2023-06-21,3706.01,3722.7,3686.33,3703.0
2023-06-22,3667.98,3700.54,3635.94,3668.5
2023-06-23,3642.92,3660.31,3615.68,3633.02
2023-06-26,3699.96,3730.66,3668.73,3699.42
2023-06-27,3631.99,3637.36,3630.02,3635.38
2023-06-28,3658.76,3694.21,3626.06,3661.48
2023-06-29,3715.24,3735.33,3681.33,3701.34
2023-06-30,3745.4,3746.63,3741.89,3743.13
2023-07-03,3765.05,3772.27,3758.22,3765.44
2023-07-04,3811.29,3826.07,3801.51,3816.28
2023-07-05,3877.55,3891.6,3867.24,3881.28
2023-07-06,3889.6,3896.05,3870.6,3877.03
2023-07-07,3886.65,3915.06,3869.0,3897.36
2023-07-10,3955.78,3959.77,3943.86,3947.84
2023-07-11,3932.46,3942.68,3913.94,3924.14
2023-07-12,3923.65,3931.84,3912.93,3921.11
2023-07-13,3903.48,3917.66,3891.53,3905.7
2023-07-14,3908.75,3934.33,3900.66,3926.21
2023-07-17,3880.17,3897.63,3855.04,3872.46
2023-07-18,3906.99,3929.02,3903.77,3925.78
2023-07-19,3950.46,3954.82,3944.13,3948.49
2023-07-20,3973.26,3988.0,3957.9,3972.64
2023-07-21,3908.36,3931.07,3876.7,3899.37
2023-07-24,3863.97,3891.33,3847.07,3874.38
2023-07-25,3918.68,3939.62,3908.92,3929.83
2023-07-26,3935.65,3974.45,3890.61,3929.35
2023-07-27,3876.0,3896.71,3857.28,3877.98
2023-07-28,3868.18,3896.51,3863.42,3891.73
2023-07-31,3923.65,3930.69,3916.68,3923.72
2023-08-01,3967.39,3969.5,3943.88,3945.99
2023-08-02,3954.43,3973.56,3928.83,3947.93
2023-08-03,3978.19,4004.83,3965.81,3992.39
2023-08-04,3980.93,3999.92,3956.36,3975.33
2023-08-07,4018.33,4022.49,4002.37,4006.52
2023-08-08,3996.36,4018.61,3994.91,4017.15
2023-08-09,4015.28,4028.61,4005.42,4018.74
2023-08-10,4027.84,4056.36,3983.79,4012.2
2023-08-11,3988.69,4015.57,3980.17,4007.01
2023-08-14,4017.87,4053.88,3985.26,4021.24
2023-08-15,4015.22,4028.11,4004.92,4017.81
2023-08-16,4043.73,4053.57,4038.94,4048.77
2023-08-17,4053.46,4069.47,4020.85,4036.8
2023-08-18,4110.54,4128.76,4077.38,4095.53
2023-08-21,4084.37,4113.14,4059.33,4088.08
2023-08-22,4111.92,4143.45,4093.03,4124.5
2023-08-23,4177.66,4195.28,4144.22,4161.77
2023-08-24,4181.29,4185.96,4166.94,4171.6
2023-08-25,4178.1,4184.53,4171.88,4178.31
2023-08-28,4172.91,4180.97,4156.68,4164.72
2023-08-29,4159.85,4190.53,4121.17,4151.79
2023-08-30,4153.13,4180.24,4137.0,4164.06
2023-08-31,4159.78,4167.87,4159.12,4167.21
2023-09-01,4210.06,4222.2,4197.84,4209.99
2023-09-04,4179.9,4216.24,4168.03,4204.29
2023-09-05,4190.4,4205.58,4179.54,4194.71
2023-09-06,4132.37,4152.29,4122.31,4142.21
2023-09-07,4171.35,4179.01,4161.55,4169.21
2023-09-08,4178.52,4221.25,4150.05,4192.69
2023-09-11,4241.87,4258.47,4219.83,4236.41
2023-09-12,4278.13,4283.68,4269.73,4275.28
2023-09-13,4303.81,4318.48,4290.46,4305.13
2023-09-14,4342.02,4360.93,4317.04,4335.92
2023-09-15,4366.39,4370.9,4354.15,4358.64
2023-09-18,4389.54,4426.05,4356.19,4392.67
2023-09-19,4330.98,4334.32,4327.18,4330.52
2023-09-20,4286.3,4295.95,4285.41,4295.05
2023-09-21,4245.87,4257.47,4243.09,4254.68
2023-09-22,4322.59,4337.61,4287.23,4302.19
2023-09-25,4281.86,4288.37,4277.96,4284.46
2023-09-26,4266.36,4267.18,4265.7,4266.52
2023-09-27,4269.68,4292.86,4247.49,4270.67
2023-09-28,4236.36,4247.17,4220.85,4231.65
2023-09-29,4242.58,4274.14,4217.99,4249.51
2023-10-02,4181.58,4201.15,4167.65,4187.21
2023-10-03,4163.46,4173.73,4141.55,4151.79
2023-10-04,4146.22,4167.8,4143.22,4164.8
2023-10-05,4129.96,4132.75,4124.85,4127.65
2023-10-06,4169.13,4182.32,4166.24,4179.42
2023-10-09,4166.61,4239.12,4119.65,4191.87
2023-10-10,4235.88,4245.6,4227.19,4236.91
2023-10-11,4239.46,4277.86,4215.87,4254.19
2023-10-12,4241.29,4260.83,4238.79,4258.32
2023-10-13,4261.02,4298.15,4191.25,4228.1
2023-10-16,4277.78,4281.05,4267.57,4270.84
2023-10-17,4298.02,4317.26,4271.52,4290.73
2023-10-18,4367.06,4378.82,4355.99,4367.75
2023-10-19,4383.67,4403.94,4379.18,4399.43
2023-10-20,4385.48,4388.07,4385.06,4387.65
2023-10-23,4400.83,4414.25,4392.13,4405.53
2023-10-24,4397.03,4438.42,4381.27,4422.56
2023-10-25,4489.33,4497.13,4457.58,4465.34
2023-10-26,4511.73,4524.5,4500.17,4512.94
2023-10-27,4496.28,4514.94,4488.89,4507.54
2023-10-30,4472.26,4477.63,4465.24,4470.61
2023-10-31,4388.38,4429.18,4365.89,4406.6
2023-11-01,4355.27,4375.72,4347.13,4367.56
2023-11-02,4370.88,4384.48,4337.28,4350.82
2023-11-03,4401.58,4428.64,4381.43,4408.46
2023-11-06,4472.26,4482.77,4462.0,4472.51
2023-11-07,4510.36,4552.54,4466.79,4508.96
2023-11-08,4551.99,4558.7,4547.67,4554.37
2023-11-09,4522.97,4544.03,4509.25,4530.29
2023-11-10,4508.52,4532.07,4454.65,4478.04
2023-11-13,4441.81,4470.99,4422.57,4451.71
2023-11-14,4370.82,4385.88,4367.53,4382.57
2023-11-15,4353.99,4383.61,4318.01,4347.59
2023-11-16,4318.28,4357.37,4295.99,4334.99
2023-11-17,4360.01,4370.99,4335.74,4346.69
2023-11-20,4361.13,4379.5,4345.4,4363.77
2023-11-21,4346.22,4373.91,4316.87,4344.54
2023-11-22,4374.69,4382.35,4363.17,4370.82
2023-11-23,4347.81,4364.0,4336.05,4352.24
2023-11-24,4370.45,4386.13,4342.84,4358.48
2023-11-27,4339.45,4362.42,4308.09,4331.01
2023-11-28,4383.52,4403.61,4356.67,4376.73
2023-11-29,4363.31,4398.53,4348.06,4383.22
2023-11-30,4408.74,4417.34,4404.76,4413.36
2023-12-01,4374.64,4397.45,4353.3,4376.1
2023-12-04,4415.94,4420.36,4388.64,4393.04
2023-12-05,4400.14,4424.46,4394.59,4418.89
2023-12-06,4341.3,4359.42,4331.54,4349.63
2023-12-07,4412.3,4427.92,4382.46,4398.03
2023-12-08,4345.7,4374.69,4329.03,4357.98
2023-12-11,4368.3,4402.08,4343.22,4376.94
2023-12-12,4470.04,4484.89,4432.92,4447.7
2023-12-13,4491.84,4509.63,4469.14,4486.91
2023-12-14,4447.97,4469.36,4415.21,4436.55
2023-12-15,4444.52,4464.23,4415.25,4434.91
2023-12-18,4491.7,4514.93,4466.9,4490.12
2023-12-19,4465.57,4471.52,4458.4,4464.35
2023-12-20,4467.63,4495.85,4427.63,4455.78
2023-12-21,4435.1,4469.44,4412.12,4446.4
2023-12-22,4495.51,4502.79,4465.0,4472.25
2023-12-25,4418.83,4441.28,4403.49,4425.92
2023-12-26,4468.15,4471.2,4451.43,4454.48
2023-12-27,4443.52,4446.99,4433.31,4436.78
2023-12-28,4434.6,4442.6,4433.88,4441.89
2023-12-29,4445.56,4481.04,4403.69,4439.12
2024-01-01,4472.26,4487.0,4455.81,4470.55
2024-01-02,4450.96,4498.64,4427.11,4474.66
2024-01-03,4531.32,4546.81,4517.01,4532.5
2024-01-04,4555.56,4580.43,4547.84,4572.69
2024-01-05,4553.37,4569.49,4530.35,4546.45
2024-01-08,4603.41,4625.29,4583.49,4605.36
2024-01-09,4631.91,4652.91,4598.81,4619.75
2024-01-10,4618.72,4670.32,4576.89,4628.4
2024-01-11,4643.86,4663.46,4642.4,4661.99
2024-01-12,4610.22,4641.89,4593.54,4625.15
2024-01-15,4609.28,4624.95,4565.95,4581.52
2024-01-16,4627.52,4630.16,4583.24,4585.85
2024-01-17,4594.17,4611.3,4549.74,4566.76
2024-01-18,4625.98,4657.09,4616.38,4647.45
2024-01-19,4602.27,4641.38,4582.35,4621.36
2024-01-22,4615.89,4641.85,4604.77,4630.69
2024-01-23,4651.4,4670.69,4621.38,4640.62
2024-01-24,4718.73,4726.97,4680.9,4689.08
2024-01-25,4666.45,4674.62,4645.67,4653.82
2024-01-26,4598.89,4624.62,4570.55,4596.27
2024-01-29,4643.99,4702.24,4598.77,4656.9
2024-01-30,4658.54,4706.0,4615.11,4662.53
2024-01-31,4696.59,4711.73,4680.2,4695.34
2024-02-01,4740.41,4742.75,4725.56,4727.89
2024-02-02,4761.4,4776.42,4753.53,4768.54
2024-02-05,4768.24,4774.49,4756.27,4762.51
2024-02-06,4743.83,4759.84,4723.93,4739.92
2024-02-07,4668.68,4680.08,4655.88,4667.27
2024-02-08,4628.13,4671.38,4590.42,4633.63
2024-02-09,4642.06,4655.64,4626.79,4640.37
2024-02-12,4623.48,4626.98,4621.31,4624.81
2024-02-13,4575.91,4596.82,4565.79,4586.67
2024-02-14,4606.4,4617.06,4583.57,4594.21
2024-02-15,4672.38,4696.55,4626.36,4650.42
2024-02-16,4655.21,4687.89,4620.17,4652.83
2024-02-19,4620.37,4639.57,4601.82,4621.01
2024-02-20,4685.17,4744.47,4615.36,4674.53
2024-02-21,4652.17,4693.99,4607.8,4649.59
2024-02-22,4726.71,4726.85,4710.45,4710.59
2024-02-23,4705.92,4709.06,4701.29,4704.42
2024-02-26,4727.16,4727.53,4718.48,4718.86
2024-02-27,4807.0,4831.07,4758.19,4782.13
2024-02-28,4751.44,4774.29,4710.69,4733.44
2024-02-29,4694.99,4700.48,4691.7,4697.2
2024-03-01,4709.14,4737.85,4665.3,4693.91
2024-03-04,4681.12,4719.25,4658.1,4696.16
2024-03-05,4797.85,4802.04,4796.56,4800.75
2024-03-06,4780.32,4788.29,4760.45,4768.4
2024-03-07,4742.45,4765.54,4697.8,4720.78
2024-03-08,4677.65,4700.61,4665.29,4688.22
2024-03-11,4704.7,4738.07,4671.73,4705.09
2024-03-12,4727.71,4778.08,4677.31,4727.67
2024-03-13,4702.57,4720.34,4686.11,4703.87
2024-03-14,4691.32,4734.36,4665.55,4708.5
2024-03-15,4794.13,4823.32,4757.79,4786.93
2024-03-18,4776.33,4825.27,4745.86,4794.68
2024-03-19,4825.69,4855.0,4780.06,4809.27
2024-03-20,4903.71,4918.63,4869.07,4883.93
2024-03-21,4848.35,4866.21,4839.8,4857.65
2024-03-22,4811.01,4855.79,4784.71,4829.4
2024-03-25,4816.7,4831.51,4802.35,4817.16
2024-03-26,4791.41,4816.48,4773.84,4798.89
2024-03-27,4728.15,4746.68,4712.6,4731.12
2024-03-28,4741.61,4750.02,4731.89,4740.3
2024-03-29,4739.13,4790.73,4700.91,4752.4
2024-04-01,4775.3,4778.02,4748.95,4751.65
2024-04-02,4757.3,4767.33,4756.44,4766.47
2024-04-03,4794.91,4803.26,4773.16,4781.49
2024-04-04,4722.67,4765.65,4692.41,4735.31
2024-04-05,4753.15,4774.04,4731.38,4752.27
2024-04-08,4793.22,4810.32,4769.67,4786.75
2024-04-09,4731.63,4762.75,4698.6,4729.7
2024-04-10,4789.23,4822.48,4759.66,4792.88
2024-04-11,4742.82,4796.35,4696.37,4749.84
2024-04-12,4705.71,4726.21,4690.98,4711.46
2024-04-15,4723.73,4746.1,4710.97,4733.31
2024-04-16,4765.57,4771.6,4754.79,4760.81
2024-04-17,4823.73,4829.75,4791.39,4797.38
2024-04-18,4830.05,4844.86,4810.05,4824.85
2024-04-19,4818.12,4850.67,4777.03,4809.53
2024-04-22,4842.14,4886.17,4782.58,4826.47
2024-04-23,4812.8,4822.11,4810.02,4819.32
2024-04-24,4805.53,4837.13,4800.12,4831.69
2024-04-25,4839.76,4847.76,4831.73,4839.72
2024-04-26,4837.47,4848.9,4813.68,4825.09
2024-04-29,4853.34,4856.37,4821.23,4824.25
2024-04-30,4742.91,4759.81,4740.01,4756.9
2024-05-01,4814.34,4816.0,4796.85,4798.51
2024-05-02,4819.0,4837.16,4797.08,4815.23
2024-05-03,4723.05,4772.68,4678.99,4728.57
2024-05-06,4755.43,4783.17,4742.7,4770.4
2024-05-07,4765.64,4801.83,4737.86,4774.0
2024-05-08,4750.66,4777.47,4715.75,4742.51
2024-05-09,4725.41,4743.17,4690.44,4708.14
2024-05-10,4649.54,4697.11,4640.36,4687.86
2024-05-13,4669.42,4684.19,4647.51,4662.25
2024-05-14,4630.67,4668.8,4600.58,4638.65
2024-05-15,4708.14,4735.36,4687.74,4714.93
2024-05-16,4742.78,4743.53,4736.11,4736.86
2024-05-17,4852.51,4885.31,4792.1,4824.71
2024-05-20,4832.42,4845.25,4830.02,4842.85
2024-05-21,4869.41,4876.53,4863.7,4870.81
2024-05-22,4817.14,4862.47,4794.79,4840.01
2024-05-23,4844.66,4846.06,4836.9,4838.3
2024-05-24,4830.08,4843.9,4826.29,4840.1
2024-05-27,4897.07,4926.74,4844.49,4874.02
2024-05-28,4881.85,4931.54,4826.93,4876.58
2024-05-29,4891.0,4902.19,4883.98,4895.16
2024-05-30,4907.92,4927.05,4892.88,4911.99
2024-05-31,4909.14,4913.21,4899.71,4903.77
2024-06-03,4905.82,4908.03,4893.45,4895.67
2024-06-04,4856.68,4886.94,4843.56,4873.77
2024-06-05,4920.45,4927.15,4915.96,4922.65
2024-06-06,4914.98,4922.6,4907.41,4915.02
2024-06-07,4936.1,4940.12,4928.95,4932.97
2024-06-10,4955.65,4957.86,4934.11,4936.31
2024-06-11,4962.32,4985.97,4959.98,4983.63
2024-06-12,4921.23,4923.16,4905.24,4907.16
2024-06-13,4929.95,4931.51,4923.0,4924.57
2024-06-14,4871.56,4897.24,4853.19,4878.84
2024-06-17,4917.48,4942.47,4880.7,4905.62
2024-06-18,4899.53,4906.96,4897.75,4905.17
2024-06-19,4824.54,4858.74,4816.76,4850.92
2024-06-20,4821.05,4878.94,4813.41,4871.23
2024-06-21,4868.78,4888.85,4866.54,4886.61
2024-06-24,4880.44,4912.72,4856.18,4888.42
2024-06-25,4892.87,4910.38,4872.85,4890.35
2024-06-26,4911.89,4913.71,4901.28,4903.1
2024-06-27,4953.11,4975.57,4934.51,4956.95
2024-06-28,4928.24,4953.83,4923.6,4949.17
2024-07-01,4996.21,5025.01,4973.15,5001.92
2024-07-02,5003.29,5024.39,4985.48,5006.57
2024-07-03,5091.99,5130.69,5027.07,5065.58
2024-07-04,5069.56,5140.88,4989.91,5061.11
2024-07-05,5014.14,5053.25,5000.14,5039.18
2024-07-08,5004.19,5017.81,4995.31,5008.92
2024-07-09,5024.65,5032.23,5006.62,5014.18
2024-07-10,4988.57,5016.3,4960.53,4988.26
2024-07-11,5028.54,5053.65,5028.04,5053.15
2024-07-12,5035.73,5043.34,5015.79,5023.39
2024-07-15,5015.95,5031.93,4994.52,5010.48
2024-07-16,5039.29,5056.06,5024.91,5041.67
2024-07-17,5085.0,5102.19,5080.16,5097.33
2024-07-18,5148.87,5154.08,5128.08,5133.27
2024-07-19,5153.98,5189.07,5147.12,5182.18
2024-07-22,5167.96,5199.08,5161.07,5192.17
2024-07-23,5182.32,5203.96,5172.15,5193.77
2024-07-24,5286.52,5310.2,5258.07,5281.73
2024-07-25,5332.89,5371.67,5316.1,5354.81
2024-07-26,5377.21,5425.21,5338.09,5386.01
2024-07-29,5436.92,5448.27,5431.14,5442.49
2024-07-30,5484.13,5488.28,5474.34,5478.49
2024-07-31,5423.13,5460.02,5390.78,5427.64
2024-08-01,5419.52,5479.57,5363.95,5423.96
2024-08-02,5475.12,5505.64,5456.25,5486.74
2024-08-05,5542.32,5568.37,5498.31,5524.27
2024-08-06,5531.05,5532.41,5518.78,5520.13
2024-08-07,5592.62,5612.59,5562.25,5582.18
2024-08-08,5582.2,5603.43,5574.05,5595.26
2024-08-09,5615.78,5658.44,5581.82,5624.43
2024-08-12,5653.66,5679.37,5619.91,5645.59
2024-08-13,5655.16,5686.44,5633.9,5665.14
2024-08-14,5671.62,5690.13,5668.93,5687.43
2024-08-15,5743.38,5781.41,5700.41,5738.41
2024-08-16,5771.3,5812.86,5752.55,5794.04
2024-08-19,5774.13,5779.21,5772.69,5777.76
2024-08-20,5803.04,5831.14,5759.52,5787.55
2024-08-21,5838.63,5863.1,5811.63,5836.09
2024-08-22,5805.94,5848.68,5781.57,5824.24
2024-08-23,5770.81,5774.39,5759.07,5762.64
2024-08-26,5717.49,5730.65,5714.67,5727.82
2024-08-27,5702.66,5714.69,5676.23,5688.23
2024-08-28,5674.38,5678.1,5662.01,5665.73
2024-08-29,5625.55,5632.76,5624.21,5631.42
2024-08-30,5660.92,5684.03,5650.59,5673.68
2024-09-02,5650.25,5683.01,5631.96,5664.68
2024-09-03,5760.25,5771.72,5704.45,5715.84
2024-09-04,5624.7,5696.71,5591.84,5663.63
2024-09-05,5615.96,5646.33,5615.41,5645.78
2024-09-06,5666.64,5697.17,5617.52,5647.96
2024-09-09,5702.52,5727.34,5662.63,5687.39
2024-09-10,5739.93,5745.55,5728.11,5733.73
2024-09-11,5672.78,5724.43,5655.33,5706.88
2024-09-12,5755.85,5772.25,5730.18,5746.56
2024-09-13,5653.62,5678.69,5645.23,5670.28
2024-09-16,5710.79,5741.71,5681.58,5712.49
2024-09-17,5658.57,5673.75,5636.51,5651.67
2024-09-18,5677.94,5720.51,5626.82,5669.33
2024-09-19,5705.07,5723.63,5697.69,5716.23
2024-09-20,5774.02,5779.93,5745.95,5751.84
2024-09-23,5698.17,5736.22,5646.36,5684.31
2024-09-24,5646.7,5709.47,5600.37,5663.01
2024-09-25,5684.5,5704.47,5672.75,5692.7
2024-09-26,5707.63,5752.87,5675.48,5720.65
2024-09-27,5729.14,5732.76,5726.6,5730.22
2024-09-30,5649.35,5672.14,5615.97,5638.71
2024-10-01,5660.21,5719.95,5632.22,5691.81
2024-10-02,5715.32,5765.01,5699.95,5749.55
2024-10-03,5739.0,5755.63,5736.74,5753.36
2024-10-04,5783.36,5783.37,5759.97,5759.98
2024-10-07,5788.05,5810.66,5761.33,5783.92
2024-10-08,5871.66,5885.59,5830.15,5844.01
2024-10-09,5847.36,5856.43,5841.03,5850.1
2024-10-10,5822.04,5858.15,5800.74,5836.79
2024-10-11,5819.44,5880.72,5787.74,5848.86
2024-10-14,5834.46,5858.86,5824.64,5849.01
2024-10-15,5833.48,5849.53,5828.31,5844.35
2024-10-16,5720.42,5763.5,5719.28,5762.34
2024-10-17,5767.83,5788.19,5762.07,5782.42
2024-10-18,5815.77,5833.77,5812.65,5830.64
2024-10-21,5877.21,5890.61,5863.42,5876.82
2024-10-22,5913.05,5978.31,5848.55,5913.8
2024-10-23,5911.6,5943.73,5873.82,5905.93
2024-10-24,5878.25,5932.83,5852.55,5907.01
2024-10-25,5933.92,5966.81,5921.35,5954.19
2024-10-28,6008.45,6031.45,5968.86,5991.8
2024-10-29,6045.94,6055.78,6040.82,6050.65
2024-10-30,6028.35,6031.11,6010.33,6013.07
2024-10-31,5973.47,6010.62,5938.86,5976.0
2024-11-01,5956.79,5968.22,5942.01,5953.44
2024-11-04,5921.96,5947.6,5886.99,5912.59
2024-11-05,5839.83,5901.91,5787.61,5849.6
2024-11-06,5855.44,5888.31,5834.35,5867.18
2024-11-07,5869.47,5910.35,5840.64,5881.47
2024-11-08,5887.32,5897.51,5878.51,5888.7
2024-11-11,5917.04,5937.55,5886.4,5906.87
2024-11-12,5830.73,5855.02,5813.58,5837.85
2024-11-13,5834.09,5847.96,5800.13,5813.95
2024-11-14,5829.29,5834.8,5793.38,5798.85
2024-11-15,5784.05,5825.75,5757.7,5799.33
2024-11-18,5759.18,5759.57,5738.33,5738.72
2024-11-19,5696.74,5720.25,5673.54,5697.05
2024-11-20,5684.64,5695.5,5667.31,5678.16
2024-11-21,5724.13,5741.22,5709.35,5726.43
2024-11-22,5759.25,5760.4,5737.12,5738.26
2024-11-25,5796.0,5821.01,5764.98,5789.97
2024-11-26,5777.57,5794.32,5766.87,5783.6
2024-11-27,5775.71,5818.92,5739.78,5782.95
2024-11-28,5783.77,5820.52,5768.0,5804.69
2024-11-29,5785.81,5801.4,5780.16,5795.75
2024-12-02,5795.32,5801.82,5767.7,5774.18
2024-12-03,5725.47,5736.12,5696.32,5706.93
2024-12-04,5670.22,5693.16,5658.21,5681.13
2024-12-05,5701.55,5726.4,5695.57,5720.4
2024-12-06,5794.58,5822.36,5750.38,5778.08
2024-12-09,5756.25,5770.11,5735.01,5748.85
2024-12-10,5637.62,5692.51,5616.49,5671.24
2024-12-11,5764.6,5777.79,5702.15,5715.23
2024-12-12,5719.92,5733.35,5706.29,5719.72
2024-12-13,5689.09,5717.94,5631.49,5660.2
2024-12-16,5530.52,5537.93,5520.24,5527.63
2024-12-17,5472.19,5507.06,5454.5,5489.32
2024-12-18,5477.65,5509.84,5442.28,5474.46
2024-12-19,5404.82,5434.61,5398.96,5428.72
2024-12-20,5465.41,5498.03,5434.88,5467.48
2024-12-23,5424.94,5444.33,5423.32,5442.7
2024-12-24,5447.26,5451.18,5446.68,5450.6
2024-12-25,5569.84,5569.98,5565.56,5565.7
2024-12-26,5581.03,5586.7,5570.43,5576.09
2024-12-27,5551.32,5597.97,5529.18,5575.74
2024-12-30,5571.17,5624.82,5528.41,5581.97
2024-12-31,5584.18,5628.67,5573.05,5617.47
2025-01-01,5655.64,5668.41,5632.39,5645.13
2025-01-02,5605.95,5611.31,5597.18,5602.54
2025-01-03,5568.14,5590.25,5565.74,5587.84
2025-01-06,5589.4,5592.11,5563.22,5565.92
2025-01-07,5565.73,5573.88,5549.81,5557.95
2025-01-08,5644.8,5649.46,5641.92,5646.58
2025-01-09,5670.19,5692.45,5656.02,5678.26
2025-01-10,5666.61,5678.91,5665.17,5677.47
2025-01-13,5728.02,5748.05,5721.59,5741.61
2025-01-14,5772.29,5775.2,5749.13,5752.03
2025-01-15,5683.26,5705.08,5656.78,5678.59
2025-01-16,5739.86,5776.48,5721.41,5757.98
2025-01-17,5774.77,5784.32,5742.89,5752.39
2025-01-20,5653.3,5680.96,5627.18,5654.83
2025-01-21,5569.75,5595.46,5559.46,5585.14
2025-01-22,5675.59,5687.2,5630.61,5642.15
2025-01-23,5555.18,5592.66,5536.07,5573.49
2025-01-24,5627.06,5655.1,5613.03,5641.03
2025-01-27,5653.17,5667.5,5638.83,5653.16
2025-01-28,5695.65,5740.64,5645.2,5690.15
2025-01-29,5668.91,5687.08,5663.58,5681.74
2025-01-30,5671.62,5710.73,5670.39,5709.49
2025-01-31,5727.77,5741.67,5713.31,5727.21
2025-02-03,5713.16,5742.46,5701.88,5731.14
2025-02-04,5678.61,5684.83,5678.5,5684.73
2025-02-05,5691.13,5727.55,5668.64,5705.0
2025-02-06,5606.15,5634.2,5596.42,5624.43
2025-02-07,5667.92,5683.16,5657.22,5672.46
2025-02-10,5678.89,5695.09,5673.49,5689.68
2025-02-11,5700.62,5757.14,5658.6,5715.02
2025-02-12,5613.51,5627.61,5583.23,5597.29
2025-02-13,5534.36,5589.74,5495.66,5550.93
2025-02-14,5530.02,5537.74,5526.49,5534.21
2025-02-17,5575.82,5579.66,5572.61,5576.45
2025-02-18,5510.99,5539.27,5510.81,5539.09
2025-02-19,5645.47,5665.54,5644.4,5664.46
2025-02-20,5656.29,5657.81,5655.44,5656.96
2025-02-21,5613.39,5622.85,5605.24,5614.69
2025-02-24,5602.48,5618.2,5600.04,5615.76
2025-02-25,5576.98,5635.77,5518.63,5577.42
2025-02-26,5533.44,5541.01,5521.42,5529.0
2025-02-27,5593.54,5620.89,5556.4,5583.71
2025-02-28,5625.45,5657.18,5582.56,5614.23
2025-03-03,5673.8,5688.74,5638.41,5653.29
2025-03-04,5720.3,5756.72,5682.05,5718.45
2025-03-05,5721.58,5773.32,5693.89,5745.52
2025-03-06,5694.49,5730.41,5663.65,5699.54
2025-03-07,5715.61,5747.94,5705.16,5737.45
2025-03-10,5707.48,5737.86,5662.74,5693.04
2025-03-11,5699.17,5720.68,5654.35,5675.78
2025-03-12,5679.02,5688.72,5669.44,5679.13
2025-03-13,5697.5,5757.59,5617.81,5677.7
2025-03-14,5617.73,5634.46,5582.67,5599.35
2025-03-17,5570.23,5583.65,5551.75,5565.16
2025-03-18,5580.81,5587.78,5565.05,5572.01
2025-03-19,5566.97,5589.11,5529.1,5551.17
2025-03-20,5588.79,5662.42,5538.86,5612.29
2025-03-21,5684.53,5701.24,5663.61,5680.31
2025-03-24,5646.94,5657.17,5627.36,5637.57
2025-03-25,5622.85,5657.1,5612.95,5647.15
2025-03-26,5761.08,5772.99,5716.37,5728.22
2025-03-27,5745.75,5750.52,5722.23,5726.98
2025-03-28,5731.83,5758.07,5686.82,5712.97
2025-03-31,5770.15,5788.13,5745.12,5763.08
2025-04-01,5737.22,5806.9,5684.06,5753.59
2025-04-02,5796.04,5847.49,5766.85,5818.18
2025-04-03,5791.87,5826.4,5759.08,5793.59
2025-04-04,5787.26,5803.0,5759.48,5775.19
2025-04-07,5830.26,5854.97,5796.13,5820.79
2025-04-08,5859.05,5901.05,5787.35,5829.14
2025-04-09,5832.3,5901.59,5768.51,5837.74
2025-04-10,5744.63,5756.38,5739.09,5750.84
2025-04-11,5739.36,5746.46,5732.12,5739.22
2025-04-14,5769.28,5831.62,5727.17,5789.36
2025-04-15,5782.69,5806.55,5733.0,5756.75
2025-04-16,5790.76,5847.0,5738.91,5795.11
2025-04-17,5816.68,5847.85,5781.12,5812.27
2025-04-18,5821.15,5823.91,5804.21,5806.96
2025-04-21,5866.33,5892.48,5853.48,5879.6
2025-04-22,5871.35,5906.2,5831.65,5866.47
2025-04-23,5856.8,5869.64,5844.09,5856.93
2025-04-24,5867.55,5906.54,5811.54,5850.43
2025-04-25,5858.09,5865.51,5850.51,5857.94
2025-04-28,5851.35,5920.83,5832.6,5901.93
2025-04-29,5818.35,5849.55,5803.56,5834.71
2025-04-30,5853.75,5895.53,5838.5,5880.21
2025-05-01,5921.69,5928.36,5881.02,5887.65
2025-05-02,5941.44,5954.78,5903.05,5916.34
2025-05-05,5995.19,6037.23,5992.09,6034.12
2025-05-06,5991.0,6026.45,5973.82,6009.22
2025-05-07,5926.12,5951.68,5925.29,5950.84
2025-05-08,5965.13,5976.85,5949.54,5961.25
2025-05-09,5961.89,5992.68,5948.28,5979.03
2025-05-12,6018.56,6033.56,6008.37,6023.36
2025-05-13,5972.73,6005.41,5964.86,5997.51
2025-05-14,5965.96,5991.46,5932.81,5958.27
2025-05-15,5856.63,5909.21,5833.81,5886.28
2025-05-16,5867.35,5874.33,5816.7,5823.62
2025-05-19,5835.89,5856.27,5789.39,5809.68
2025-05-20,5851.57,5881.49,5778.63,5808.33
2025-05-21,5922.01,5928.91,5904.37,5911.26
2025-05-22,5859.87,5877.49,5815.09,5832.63
2025-05-23,5868.16,5868.2,5852.44,5852.48
2025-05-26,5805.72,5840.38,5788.66,5823.27
2025-05-27,5831.51,5851.0,5818.54,5838.03
2025-05-28,5822.78,5832.56,5805.62,5815.39
2025-05-29,5889.5,5892.74,5865.99,5869.21
2025-05-30,5921.59,5925.48,5917.82,5921.71
2025-06-02,5930.64,5959.14,5892.34,5920.79
2025-06-03,5986.83,6029.88,5949.8,5992.81
2025-06-04,6023.48,6047.02,6007.41,6030.94
2025-06-05,6071.75,6108.71,6061.76,6098.67
2025-06-06,6104.4,6141.71,6059.05,6096.31
2025-06-09,6136.42,6154.0,6127.93,6145.5
2025-06-10,6084.0,6113.92,6077.65,6107.55
2025-06-11,6054.71,6096.8,6023.47,6065.5
2025-06-12,6176.04,6189.42,6157.39,6170.76
2025-06-13,6129.39,6146.75,6099.8,6117.13
2025-06-16,6096.15,6138.06,6057.64,6099.53
2025-06-17,6027.57,6034.64,6001.27,6008.32
2025-06-18,5996.23,6015.39,5950.46,5969.54
2025-06-19,5919.31,5926.06,5917.66,5924.4
2025-06-20,5913.0,5951.19,5857.7,5895.78
2025-06-23,5906.22,5947.32,5877.03,5918.07
2025-06-24,5924.85,5977.34,5895.69,5948.06
2025-06-25,5886.14,5910.28,5878.75,5902.87
2025-06-26,5853.84,5876.09,5846.84,5869.07
2025-06-27,5918.54,5941.21,5903.68,5926.32
2025-06-30,6051.95,6058.14,6010.03,6016.18
2025-07-01,6070.33,6079.95,6070.27,6079.88
2025-07-02,5995.76,6012.83,5985.48,6002.54
2025-07-03,6066.65,6086.91,6043.61,6063.86
2025-07-04,6131.82,6200.44,6087.75,6156.21
2025-07-07,6083.78,6110.61,6054.3,6081.12
2025-07-08,6148.26,6193.49,6091.03,6136.17
2025-07-09,6175.99,6214.2,6110.6,6148.64
2025-07-10,6158.31,6202.97,6089.64,6134.13
2025-07-11,6147.68,6177.18,6111.52,6140.99
2025-07-14,6166.17,6203.05,6133.45,6170.31
2025-07-15,6224.77,6238.23,6214.4,6227.86
2025-07-16,6289.55,6311.06,6260.38,6281.87
2025-07-17,6206.79,6223.22,6191.24,6207.66
2025-07-18,6175.06,6192.11,6159.69,6176.74
2025-07-21,6171.45,6202.07,6158.22,6188.8
2025-07-22,6279.45,6329.96,6216.44,6266.84
2025-07-23,6138.93,6153.53,6118.86,6133.45
2025-07-24,6092.23,6110.3,6088.02,6106.08
2025-07-25,6061.42,6064.36,6031.53,6034.46
2025-07-28,5981.68,5988.6,5971.02,5977.94
2025-07-29,6006.28,6080.38,5958.15,6032.05
2025-07-30,6027.84,6032.41,6006.23,6010.8
2025-07-31,5889.74,5905.18,5886.23,5901.65
2025-08-01,5892.47,5938.63,5853.61,5899.72
2025-08-04,6004.2,6022.86,5988.92,6007.57
2025-08-05,5937.89,5950.97,5909.5,5922.55
2025-08-06,5953.05,5965.66,5941.47,5954.08
2025-08-07,6047.03,6065.78,6017.11,6035.83
2025-08-08,6008.07,6037.74,6006.91,6036.57
2025-08-11,6116.43,6151.63,6101.59,6136.74
2025-08-12,6106.16,6133.04,6078.69,6105.57
2025-08-13,6165.11,6206.76,6136.97,6178.55
2025-08-14,6234.7,6242.85,6230.37,6238.52
2025-08-15,6250.19,6252.76,6233.66,6236.23
2025-08-18,6149.9,6169.53,6145.14,6164.76
2025-08-19,6102.83,6136.7,6082.5,6116.32
2025-08-20,6004.76,6008.06,5999.47,6002.78
2025-08-21,5997.65,6043.94,5989.9,6036.15
2025-08-22,6081.31,6106.66,6037.72,6062.99
2025-08-25,6074.49,6076.51,6070.1,6072.12
2025-08-26,6070.62,6114.58,6024.98,6068.93
2025-08-27,6128.85,6142.46,6125.18,6138.78
2025-08-28,6167.77,6203.82,6119.07,6155.05
2025-08-29,6126.02,6164.99,6090.03,6128.98
2025-09-01,6162.29,6193.28,6108.83,6139.7
2025-09-02,6211.38,6279.2,6175.79,6243.43
2025-09-03,6276.02,6277.08,6273.77,6274.83
2025-09-04,6256.49,6276.1,6236.09,6255.69
2025-09-05,6259.87,6282.24,6231.69,6254.03
2025-09-08,6308.41,6337.21,6253.28,6281.96
2025-09-09,6235.7,6301.54,6195.65,6261.32
2025-09-10,6210.65,6259.71,6187.79,6236.75
2025-09-11,6230.74,6300.23,6167.93,6237.35
2025-09-12,6277.92,6314.22,6277.48,6313.77
2025-09-15,6401.13,6424.29,6334.15,6357.15
2025-09-16,6353.59,6371.57,6317.92,6335.85
2025-09-17,6388.33,6394.42,6372.35,6378.43
2025-09-18,6392.51,6402.99,6367.08,6377.53
2025-09-19,6417.76,6437.81,6373.41,6393.38
2025-09-22,6397.11,6412.42,6393.63,6408.93
2025-09-23,6295.49,6305.5,6292.32,6302.32
2025-09-24,6157.53,6214.31,6094.49,6151.21
2025-09-25,6156.6,6179.37,6143.18,6165.93
2025-09-26,6109.64,6137.74,6098.61,6126.68
2025-09-29,6043.7,6083.92,6013.15,6053.32
2025-09-30,6024.83,6042.33,6000.46,6017.94
2025-10-01,6087.88,6092.82,6066.35,6071.28
2025-10-02,6070.73,6095.09,6069.61,6093.96
2025-10-03,6133.39,6152.71,6117.58,6136.89
2025-10-06,6165.4,6177.17,6154.63,6166.4
2025-10-07,6098.1,6152.34,6069.52,6123.64
2025-10-08,6174.74,6247.71,6093.57,6166.44
2025-10-09,6196.9,6201.89,6193.91,6198.9
2025-10-10,6178.16,6211.25,6162.57,6195.61
2025-10-13,6195.56,6209.57,6190.55,6204.54
2025-10-14,6256.83,6273.36,6230.29,6246.79
2025-10-15,6229.31,6254.27,6186.21,6211.09
2025-10-16,6274.48,6283.16,6259.42,6268.09
2025-10-17,6333.85,6357.17,6274.64,6297.84
2025-10-20,6323.29,6340.92,6284.62,6302.2
2025-10-21,6390.41,6413.68,6356.62,6379.86
2025-10-22,6301.06,6366.4,6249.14,6314.37
2025-10-23,6313.38,6326.06,6279.39,6292.03
2025-10-24,6244.58,6278.99,6224.64,6259.01
2025-10-27,6296.28,6308.6,6269.92,6282.21
2025-10-28,6296.61,6377.06,6262.92,6343.12
2025-10-29,6284.78,6326.82,6252.11,6294.1
2025-10-30,6434.45,6469.91,6426.12,6461.55
2025-10-31,6420.81,6433.39,6413.76,6426.33
2025-11-03,6417.64,6480.27,6384.94,6447.41
2025-11-04,6447.45,6455.3,6439.05,6446.9
2025-11-05,6457.67,6481.46,6424.89,6448.64
2025-11-06,6395.66,6409.95,6393.87,6408.16
2025-11-07,6456.01,6481.55,6436.68,6462.21
2025-11-10,6427.72,6431.6,6419.61,6423.49
2025-11-11,6333.5,6354.35,6313.55,6334.39
2025-11-12,6305.11,6314.51,6270.35,6279.71
2025-11-13,6342.71,6401.26,6297.33,6355.78
2025-11-14,6430.94,6459.8,6391.78,6420.6
2025-11-17,6329.47,6349.55,6304.47,6324.53
2025-11-18,6337.8,6372.23,6333.74,6368.15
2025-11-19,6271.11,6309.04,6231.55,6269.47
2025-11-20,6270.08,6293.87,6247.92,6271.71
2025-11-21,6204.97,6233.49,6185.66,6214.15
2025-11-24,6302.39,6325.0,6246.52,6269.02
2025-11-25,6325.32,6389.43,6237.18,6301.03
2025-11-26,6339.52,6368.97,6324.64,6354.05
2025-11-27,6353.45,6385.85,6309.03,6341.37
2025-11-28,6348.38,6358.19,6324.47,6334.25
2025-12-01,6269.56,6279.78,6256.61,6266.82
2025-12-02,6197.76,6232.28,6183.78,6218.25
2025-12-03,6253.47,6295.44,6229.48,6271.39
2025-12-04,6303.91,6309.31,6288.56,6293.94
2025-12-05,6312.29,6324.21,6290.82,6302.71
2025-12-08,6369.0,6377.19,6366.27,6374.46
2025-12-09,6335.09,6345.07,6300.25,6310.18
2025-12-10,6378.71,6379.94,6349.04,6350.26
2025-12-11,6320.64,6349.47,6263.97,6292.67
2025-12-12,6400.28,6416.0,6356.22,6371.88
2025-12-15,6405.75,6442.84,6368.98,6406.06
2025-12-16,6431.19,6478.13,6410.19,6457.05
2025-12-17,6415.69,6439.42,6398.2,6421.9
2025-12-18,6532.72,6542.56,6525.14,6534.97
2025-12-19,6623.97,6649.36,6611.14,6636.5
2025-12-22,6652.53,6705.76,6606.96,6660.14
2025-12-23,6694.04,6718.56,6692.8,6717.32
2025-12-24,6712.1,6729.02,6680.86,6697.74
2025-12-25,6661.41,6674.21,6616.29,6629.03
2025-12-26,6715.19,6729.07,6653.77,6667.55
2025-12-29,6626.57,6672.97,6575.27,6621.64
2025-12-30,6683.48,6723.94,6646.49,6686.93
2025-12-31,6736.77,6749.03,6725.27,6737.52
2026-01-01,6771.74,6774.69,6741.27,6744.2
2026-01-02,6778.09,6809.64,6719.43,6750.86
2026-01-05,6802.08,6827.65,6781.44,6806.99
2026-01-06,6842.26,6863.95,6796.04,6817.65
2026-01-07,6796.47,6826.64,6763.03,6793.18
2026-01-08,6697.18,6719.42,6689.76,6711.99
2026-01-09,6756.91,6767.76,6749.21,6760.05
2026-01-12,6819.16,6836.11,6767.63,6784.49
2026-01-13,6939.48,6954.45,6909.55,6924.49
2026-01-14,6903.82,6923.08,6895.08,6914.33
2026-01-15,6944.52,6970.08,6899.56,6925.05
2026-01-16,6951.71,6978.75,6909.86,6936.85
2026-01-19,6966.88,6984.81,6955.45,6973.37
2026-01-20,6901.95,6931.21,6888.21,6917.44
2026-01-21,6885.84,6920.49,6874.26,6908.88
2026-01-22,6913.32,6993.27,6867.87,6947.59
2026-01-23,6911.7,6926.75,6910.24,6925.29
2026-01-26,6966.18,6972.23,6963.85,6969.89
2026-01-27,6996.15,7034.7,6931.39,6969.8
2026-01-28,7002.97,7069.2,6919.64,6985.7
2026-01-29,7044.64,7060.31,7024.82,7040.49
2026-01-30,6982.84,7045.93,6959.37,7022.32
2026-02-02,6951.46,7008.58,6888.24,6945.31
2026-02-03,6892.03,6939.96,6878.35,6926.22
2026-02-04,6896.3,6919.2,6855.43,6878.28
2026-02-05,6781.52,6783.9,6760.86,6763.23
2026-02-06,6757.25,6769.73,6743.74,6756.21
2026-02-09,6787.86,6797.0,6762.14,6771.26
2026-02-10,6844.23,6883.56,6784.26,6823.47
2026-02-11,6763.55,6787.25,6737.63,6761.33
2026-02-12,6761.98,6768.23,6758.67,6764.92
2026-02-13,6795.93,6879.08,6740.19,6823.13
2026-02-16,6789.38,6804.89,6781.11,6796.62
2026-02-17,6802.97,6857.39,6769.05,6823.37
2026-02-18,6884.71,6920.45,6869.88,6905.57
2026-02-19,6789.0,6823.39,6769.61,6803.96
2026-02-20,6776.77,6833.5,6760.25,6816.88
2026-02-23,6902.68,6920.3,6864.9,6882.46
2026-02-24,6865.69,6893.72,6833.18,6861.18
2026-02-25,6956.28,7005.43,6883.16,6932.14
2026-02-26,6978.78,6999.37,6941.48,6962.03
2026-02-27,7061.96,7071.63,7041.76,7051.41
2026-03-02,7104.98,7107.04,7086.03,7088.09
2026-03-03,7181.47,7194.34,7165.36,7178.22
2026-03-04,7212.46,7226.5,7170.35,7184.33
2026-03-05,7091.09,7114.45,7078.61,7101.95
2026-03-06,7059.85,7072.96,7047.17,7060.27
2026-03-09,7103.55,7111.32,7101.74,7109.51
2026-03-10,7197.5,7247.01,7105.0,7154.21
2026-03-11,7115.07,7171.73,7072.02,7128.59
2026-03-12,7243.61,7258.12,7201.28,7215.74
2026-03-13,7157.24,7190.75,7153.14,7186.63
2026-03-16,7206.26,7212.62,7197.73,7204.09
2026-03-17,7213.24,7261.26,7169.19,7217.18
2026-03-18,7114.41,7186.39,7064.44,7136.27
2026-03-19,7107.61,7131.49,7097.94,7121.8
2026-03-20,7250.96,7287.78,7203.27,7240.03
2026-03-23,7175.79,7212.24,7146.61,7183.04
2026-03-24,7186.02,7236.17,7156.82,7206.89
2026-03-25,7154.85,7170.62,7119.9,7135.63
2026-03-26,7077.14,7093.9,7060.83,7077.59
2026-03-27,7002.04,7019.52,6977.63,6995.09
2026-03-30,7065.27,7091.1,7016.44,7042.18
2026-03-31,7021.75,7034.01,6977.12,6989.33
2026-04-01,7002.4,7070.94,6982.36,7050.76
2026-04-02,7015.54,7026.65,7006.68,7017.8
2026-04-03,6985.36,7037.28,6968.84,7020.68
2026-04-06,7102.71,7103.07,7044.74,7045.1
2026-04-07,6957.65,6994.78,6917.39,6954.5
2026-04-08,6983.31,6993.88,6952.43,6962.98
2026-04-09,6966.04,6987.56,6957.66,6979.17
2026-04-10,7029.86,7110.95,6956.35,7037.36
2026-04-13,7011.57,7022.53,6977.6,6988.52
2026-04-14,6952.76,6999.85,6895.0,6942.03
2026-04-15,7010.74,7045.28,6941.27,6975.63
2026-04-16,7031.38,7056.05,7024.38,7049.03
2026-04-17,7008.93,7015.63,7006.82,7013.52
2026-04-20,6961.24,6984.49,6927.32,6950.54
2026-04-21,6945.8,6960.45,6917.34,6931.96
2026-04-22,6884.98,6888.14,6873.18,6876.33
2026-04-23,6870.36,6909.44,6858.71,6897.74
2026-04-24,6819.94,6840.47,6818.75,6839.28
2026-04-27,6905.81,6939.1,6865.49,6898.74
2026-04-28,6878.08,6969.51,6818.92,6910.08
2026-04-29,6945.44,7000.15,6909.33,6963.95
2026-04-30,6832.65,6849.5,6815.03,6831.88
2026-05-01,6723.95,6760.64,6703.0,6739.64
2026-05-04,6819.59,6830.56,6803.94,6814.9
2026-05-05,6774.74,6800.6,6750.71,6776.56
2026-05-06,6682.78,6726.5,6654.97,6698.62
2026-05-07,6675.23,6713.24,6652.62,6690.58
2026-05-08,6732.51,6736.81,6702.52,6706.8
2026-05-11,6712.23,6763.72,6653.08,6704.51
2026-05-12,6737.82,6755.99,6714.67,6732.83
2026-05-13,6754.4,6768.68,6739.01,6753.29
2026-05-14,6752.12,6810.75,6712.02,6770.55
2026-05-15,6833.81,6850.33,6828.88,6845.4
2026-05-18,6799.13,6865.45,6782.26,6848.46
2026-05-19,6833.39,6890.4,6789.54,6846.46
2026-05-20,6877.66,6898.34,6869.81,6890.47
2026-05-21,6931.47,6950.19,6901.39,6920.08
2026-05-22,6857.69,6885.02,6842.82,6870.12
2026-05-25,6884.9,6910.61,6843.05,6868.7
2026-05-26,6887.36,6921.47,6858.65,6892.73
2026-05-27,6863.66,6870.34,6853.92,6860.6
2026-05-28,6831.08,6848.52,6814.28,6831.72
2026-05-29,6771.27,6790.84,6737.56,6757.08
2026-06-01,6629.12,6652.3,6582.13,6605.22
2026-06-02,6569.31,6607.88,6550.3,6588.82
2026-06-03,6634.86,6663.01,6572.03,6600.02
2026-06-04,6527.64,6550.05,6522.07,6544.47
2026-06-05,6620.96,6661.34,6584.26,6624.62
2026-06-08,6560.79,6571.91,6560.11,6571.22
2026-06-09,6655.49,6656.73,6624.28,6625.52
2026-06-10,6630.68,6689.58,6593.07,6651.85
2026-06-11,6787.89,6788.12,6773.09,6773.31
2026-06-12,6758.21,6818.04,6743.55,6803.28
2026-06-15,6740.98,6771.4,6694.22,6724.57
2026-06-16,6779.62,6812.94,6750.21,6783.51
2026-06-17,6868.56,6942.0,6802.93,6876.29
2026-06-18,6764.3,6778.39,6764.29,6778.37
2026-06-19,6812.28,6828.74,6797.19,6813.64
2026-06-22,6852.94,6876.88,6836.33,6860.25
2026-06-23,6816.89,6899.13,6765.51,6847.52
2026-06-24,6699.0,6738.75,6675.13,6714.82
2026-06-25,6716.52,6765.93,6651.17,6700.47
2026-06-26,6662.84,6716.55,6617.24,6670.89
2026-06-29,6740.76,6778.0,6719.6,6756.79
2026-06-30,6753.83,6781.83,6724.9,6752.89
