date,open,high,low,close
1990-01-02,389.2,391.2,387.3,389.2
1990-01-03,390.4,392.3,388.4,390.4
1990-01-04,388.9,390.8,386.9,388.9
1990-01-05,391.2,393.1,389.2,391.2
1990-01-08,392.7,394.7,390.7,392.7
1990-01-09,394.9,396.8,392.9,394.9
1990-01-10,395.2,397.2,393.3,395.2
1990-01-11,394.2,396.2,392.2,394.2
1990-01-12,392.8,394.7,390.8,392.8
1990-01-15,391.2,393.2,389.3,391.2
1990-01-16,390.8,392.7,388.8,390.8
1990-01-17,389.6,391.5,387.6,389.6
1990-01-18,390.0,391.9,388.0,390.0
1990-01-19,388.6,390.5,386.6,388.6
1990-01-22,387.5,389.4,385.5,387.5
1990-01-23,386.9,388.8,384.9,386.9
1990-01-24,385.7,387.6,383.8,385.7
1990-01-25,385.2,387.2,383.3,385.2
1990-01-26,386.2,388.2,384.3,386.2
1990-01-29,384.8,386.7,382.9,384.8
1990-01-30,383.1,385.0,381.1,383.1
1990-01-31,383.0,384.9,381.1,383.0
1990-02-01,381.4,383.3,379.5,381.4
1990-02-02,383.8,385.7,381.9,383.8
1990-02-05,382.8,384.7,380.9,382.8
1990-02-06,383.0,385.0,381.1,383.0
1990-02-07,383.9,385.8,382.0,383.9
1990-02-08,382.1,384.0,380.2,382.1
1990-02-09,381.0,382.9,379.1,381.0
1990-02-12,380.2,382.1,378.3,380.2
1990-02-13,381.7,383.7,379.8,381.7
1990-02-14,384.8,386.7,382.9,384.8
1990-02-15,387.8,389.7,385.8,387.8
1990-02-16,389.7,391.6,387.7,389.7
1990-02-19,387.5,389.4,385.5,387.5
1990-02-20,386.0,388.0,384.1,386.0
1990-02-21,388.2,390.1,386.3,388.2
1990-02-22,390.4,392.4,388.5,390.4
1990-02-23,391.4,393.4,389.5,391.4
1990-02-26,392.3,394.3,390.4,392.3
1990-02-27,391.3,393.3,389.4,391.3
1990-02-28,393.7,395.7,391.7,393.7
1990-03-01,392.0,394.0,390.1,392.0
1990-03-02,389.2,391.2,387.3,389.2
1990-03-05,390.2,392.1,388.2,390.2
1990-03-06,389.0,391.0,387.1,389.0
1990-03-07,386.8,388.8,384.9,386.8
1990-03-08,388.1,390.1,386.2,388.1
1990-03-09,385.1,387.1,383.2,385.1
1990-03-12,385.8,387.7,383.8,385.8
1990-03-13,385.0,386.9,383.1,385.0
1990-03-14,387.5,389.4,385.6,387.5
1990-03-15,388.1,390.0,386.1,388.1
1990-03-16,389.6,391.5,387.6,389.6
1990-03-19,387.6,389.5,385.6,387.6
1990-03-20,384.8,386.7,382.9,384.8
1990-03-21,384.2,386.1,382.3,384.2
1990-03-22,385.2,387.1,383.3,385.2
1990-03-23,385.3,387.2,383.3,385.3
1990-03-26,386.9,388.8,385.0,386.9
1990-03-27,387.6,389.6,385.7,387.6
1990-03-28,385.8,387.8,383.9,385.8
1990-03-29,386.5,388.4,384.5,386.5
1990-03-30,386.6,388.5,384.7,386.6
1990-04-02,388.4,390.3,386.4,388.4
1990-04-03,386.7,388.7,384.8,386.7
1990-04-04,385.6,387.5,383.6,385.6
1990-04-05,386.1,388.0,384.2,386.1
1990-04-06,388.2,390.1,386.2,388.2
1990-04-09,387.6,389.5,385.6,387.6
1990-04-10,388.3,390.2,386.3,388.3
1990-04-11,388.1,390.0,386.2,388.1
1990-04-12,387.8,389.7,385.9,387.8
1990-04-13,389.4,391.3,387.4,389.4
1990-04-16,389.1,391.1,387.2,389.1
1990-04-17,388.2,390.1,386.2,388.2
1990-04-18,387.2,389.1,385.2,387.2
1990-04-19,386.5,388.4,384.6,386.5
1990-04-20,385.3,387.2,383.3,385.3
1990-04-23,384.7,386.6,382.8,384.7
1990-04-24,384.7,386.6,382.8,384.7
1990-04-25,385.1,387.0,383.1,385.1
1990-04-26,383.4,385.4,381.5,383.4
1990-04-27,382.8,384.7,380.9,382.8
1990-04-30,382.1,384.0,380.2,382.1
1990-05-01,381.0,382.9,379.1,381.0
1990-05-02,380.2,382.1,378.3,380.2
1990-05-03,381.7,383.6,379.7,381.7
1990-05-04,383.8,385.7,381.9,383.8
1990-05-07,383.2,385.1,381.2,383.2
1990-05-08,382.0,383.9,380.1,382.0
1990-05-09,381.9,383.8,380.0,381.9
1990-05-10,382.1,384.0,380.2,382.1
1990-05-11,383.1,385.1,381.2,383.1
1990-05-14,382.4,384.3,380.5,382.4
1990-05-15,381.5,383.4,379.6,381.5
1990-05-16,385.3,387.2,383.4,385.3
1990-05-17,383.2,385.1,381.3,383.2
1990-05-18,384.5,386.4,382.6,384.5
1990-05-21,386.5,388.5,384.6,386.5
1990-05-22,385.9,387.8,384.0,385.9
1990-05-23,386.4,388.3,384.4,386.4
1990-05-24,383.6,385.5,381.7,383.6
1990-05-25,383.5,385.4,381.6,383.5
1990-05-28,385.1,387.0,383.2,385.1
1990-05-29,385.1,387.0,383.2,385.1
1990-05-30,385.0,386.9,383.0,385.0
1990-05-31,387.4,389.4,385.5,387.4
1990-06-01,388.4,390.3,386.5,388.4
1990-06-04,389.0,391.0,387.1,389.0
1990-06-05,387.4,389.3,385.5,387.4
1990-06-06,383.3,385.3,381.4,383.3
1990-06-07,383.8,385.7,381.9,383.8
1990-06-08,383.7,385.6,381.7,383.7
1990-06-11,384.6,386.5,382.7,384.6
1990-06-12,384.6,386.5,382.7,384.6
1990-06-13,384.5,386.4,382.5,384.5
1990-06-14,384.3,386.2,382.4,384.3
1990-06-15,382.4,384.4,380.5,382.4
1990-06-18,379.4,381.3,377.6,379.4
1990-06-19,378.1,380.0,376.3,378.1
1990-06-20,376.6,378.5,374.7,376.6
1990-06-21,376.7,378.6,374.8,376.7
1990-06-22,374.4,376.3,372.5,374.4
1990-06-25,373.9,375.7,372.0,373.9
1990-06-26,377.1,379.0,375.2,377.1
1990-06-27,377.2,379.0,375.3,377.2
1990-06-28,377.4,379.3,375.5,377.4
1990-06-29,377.5,379.4,375.6,377.5
1990-07-02,377.9,379.8,376.0,377.9
1990-07-03,377.2,379.0,375.3,377.2
1990-07-04,377.0,378.9,375.2,377.0
1990-07-05,376.3,378.2,374.5,376.3
1990-07-06,374.2,376.1,372.4,374.2
1990-07-09,376.2,378.1,374.3,376.2
1990-07-10,375.0,376.9,373.2,375.0
1990-07-11,377.7,379.6,375.8,377.7
1990-07-12,376.6,378.5,374.7,376.6
1990-07-13,374.7,376.5,372.8,374.7
1990-07-16,377.8,379.6,375.9,377.8
1990-07-17,375.6,377.5,373.7,375.6
1990-07-18,372.3,374.2,370.5,372.3
1990-07-19,370.5,372.3,368.6,370.5
1990-07-20,370.7,372.5,368.8,370.7
1990-07-23,369.0,370.8,367.1,369.0
1990-07-24,368.6,370.4,366.8,368.6
1990-07-25,366.0,367.9,364.2,366.0
1990-07-26,368.3,370.2,366.5,368.3
1990-07-27,369.5,371.3,367.6,369.5
1990-07-30,367.9,369.8,366.1,367.9
1990-07-31,364.9,366.8,363.1,364.9
1990-08-01,364.3,366.1,362.4,364.3
1990-08-02,366.0,367.8,364.1,366.0
1990-08-03,368.2,370.1,366.4,368.2
1990-08-06,368.3,370.1,366.4,368.3
1990-08-07,368.0,369.9,366.2,368.0
1990-08-08,367.7,369.5,365.8,367.7
1990-08-09,368.6,370.5,366.8,368.6
1990-08-10,370.4,372.3,368.6,370.4
1990-08-13,370.5,372.4,368.7,370.5
1990-08-14,370.3,372.2,368.5,370.3
1990-08-15,371.9,373.7,370.0,371.9
1990-08-16,374.4,376.3,372.6,374.4
1990-08-17,374.2,376.0,372.3,374.2
1990-08-20,374.4,376.3,372.5,374.4
1990-08-21,373.4,375.3,371.5,373.4
1990-08-22,373.7,375.6,371.9,373.7
1990-08-23,372.5,374.4,370.7,372.5
1990-08-24,374.9,376.8,373.0,374.9
1990-08-27,376.3,378.2,374.4,376.3
1990-08-28,379.0,380.9,377.1,379.0
1990-08-29,378.0,379.9,376.1,378.0
1990-08-30,381.1,383.0,379.2,381.1
1990-08-31,381.3,383.2,379.4,381.3
1990-09-03,380.8,382.7,378.9,380.8
1990-09-04,382.5,384.4,380.6,382.5
1990-09-05,380.7,382.6,378.8,380.7
1990-09-06,380.6,382.5,378.7,380.6
1990-09-07,380.1,382.0,378.2,380.1
1990-09-10,380.5,382.4,378.6,380.5
1990-09-11,379.6,381.5,377.7,379.6
1990-09-12,378.7,380.6,376.8,378.7
1990-09-13,378.0,379.9,376.1,378.0
1990-09-14,377.5,379.4,375.6,377.5
1990-09-17,377.5,379.3,375.6,377.5
1990-09-18,379.3,381.2,377.4,379.3
1990-09-19,375.9,377.8,374.1,375.9
1990-09-20,377.1,379.0,375.2,377.1
1990-09-21,376.3,378.2,374.5,376.3
1990-09-24,376.0,377.9,374.1,376.0
1990-09-25,374.3,376.2,372.5,374.3
1990-09-26,374.5,376.4,372.6,374.5
1990-09-27,374.0,375.8,372.1,374.0
1990-09-28,373.7,375.6,371.9,373.7
1990-10-01,374.6,376.5,372.7,374.6
1990-10-02,375.6,377.5,373.7,375.6
1990-10-03,377.7,379.6,375.9,377.7
1990-10-04,376.7,378.6,374.9,376.7
1990-10-05,377.7,379.6,375.8,377.7
1990-10-08,378.5,380.4,376.6,378.5
1990-10-09,378.4,380.3,376.5,378.4
1990-10-10,380.8,382.7,378.9,380.8
1990-10-11,379.6,381.5,377.7,379.6
1990-10-12,379.6,381.5,377.7,379.6
1990-10-15,379.7,381.6,377.8,379.7
1990-10-16,377.7,379.6,375.8,377.7
1990-10-17,379.5,381.4,377.6,379.5
1990-10-18,379.1,381.0,377.2,379.1
1990-10-19,379.5,381.4,377.6,379.5
1990-10-22,381.6,383.5,379.7,381.6
1990-10-23,381.5,383.5,379.6,381.5
1990-10-24,381.3,383.2,379.4,381.3
1990-10-25,381.0,382.9,379.1,381.0
1990-10-26,379.2,381.1,377.3,379.2
1990-10-29,378.3,380.2,376.4,378.3
1990-10-30,377.9,379.8,376.0,377.9
1990-10-31,377.8,379.7,376.0,377.8
1990-11-01,379.8,381.7,377.9,379.8
1990-11-02,380.9,382.8,379.0,380.9
1990-11-05,379.6,381.5,377.7,379.6
1990-11-06,379.3,381.2,377.4,379.3
1990-11-07,381.1,383.0,379.2,381.1
1990-11-08,378.2,380.1,376.3,378.2
1990-11-09,377.6,379.5,375.7,377.6
1990-11-12,375.4,377.3,373.5,375.4
1990-11-13,379.0,380.9,377.1,379.0
1990-11-14,379.9,381.8,378.0,379.9
1990-11-15,378.8,380.7,376.9,378.8
1990-11-16,378.5,380.4,376.6,378.5
1990-11-19,376.9,378.8,375.0,376.9
1990-11-20,379.7,381.6,377.8,379.7
1990-11-21,376.0,377.9,374.1,376.0
1990-11-22,376.3,378.2,374.5,376.3
1990-11-23,376.1,378.0,374.2,376.1
1990-11-26,374.3,376.2,372.4,374.3
1990-11-27,373.9,375.7,372.0,373.9
1990-11-28,371.4,373.3,369.6,371.4
1990-11-29,373.8,375.7,372.0,373.8
1990-11-30,373.8,375.7,372.0,373.8
1990-12-03,375.1,376.9,373.2,375.1
1990-12-04,374.2,376.1,372.3,374.2
1990-12-05,376.2,378.0,374.3,376.2
1990-12-06,376.0,377.9,374.2,376.0
1990-12-07,377.5,379.4,375.6,377.5
1990-12-10,378.0,379.9,376.1,378.0
1990-12-11,377.7,379.5,375.8,377.7
1990-12-12,378.9,380.8,377.0,378.9
1990-12-13,384.8,386.7,382.9,384.8
1990-12-14,382.5,384.4,380.6,382.5
1990-12-17,381.7,383.6,379.8,381.7
1990-12-18,379.3,381.2,377.4,379.3
1990-12-19,379.6,381.5,377.7,379.6
1990-12-20,379.5,381.4,377.6,379.5
1990-12-21,382.1,384.0,380.1,382.1
1990-12-24,381.1,383.0,379.2,381.1
1990-12-25,382.0,383.9,380.1,382.0
1990-12-26,378.4,380.3,376.5,378.4
1990-12-27,378.3,380.2,376.4,378.3
1990-12-28,376.7,378.6,374.8,376.7
1990-12-31,377.2,379.1,375.3,377.2
1991-01-01,378.7,380.6,376.8,378.7
1991-01-02,377.4,379.3,375.5,377.4
1991-01-03,377.9,379.8,376.0,377.9
1991-01-04,377.1,379.0,375.2,377.1
1991-01-07,376.8,378.7,374.9,376.8
1991-01-08,377.1,379.0,375.2,377.1
1991-01-09,375.3,377.2,373.4,375.3
1991-01-10,373.6,375.5,371.8,373.6
1991-01-11,374.8,376.7,372.9,374.8
1991-01-14,373.5,375.4,371.6,373.5
1991-01-15,375.3,377.2,373.4,375.3
1991-01-16,372.4,374.3,370.6,372.4
1991-01-17,373.7,375.6,371.9,373.7
1991-01-18,373.6,375.5,371.7,373.6
1991-01-21,373.2,375.1,371.4,373.2
1991-01-22,373.3,375.2,371.4,373.3
1991-01-23,371.0,372.9,369.2,371.0
1991-01-24,372.7,374.5,370.8,372.7
1991-01-25,371.9,373.8,370.1,371.9
1991-01-28,370.5,372.4,368.7,370.5
1991-01-29,373.7,375.6,371.9,373.7
1991-01-30,373.0,374.9,371.2,373.0
1991-01-31,371.6,373.5,369.8,371.6
1991-02-01,372.8,374.6,370.9,372.8
1991-02-04,372.9,374.8,371.1,372.9
1991-02-05,374.3,376.2,372.4,374.3
1991-02-06,374.2,376.1,372.3,374.2
1991-02-07,375.4,377.3,373.5,375.4
1991-02-08,378.2,380.1,376.3,378.2
1991-02-11,376.5,378.4,374.7,376.5
1991-02-12,375.5,377.4,373.6,375.5
1991-02-13,372.8,374.7,371.0,372.8
1991-02-14,373.2,375.1,371.4,373.2
1991-02-15,373.3,375.1,371.4,373.3
1991-02-18,374.8,376.7,373.0,374.8
1991-02-19,374.5,376.4,372.7,374.5
1991-02-20,374.1,376.0,372.3,374.1
1991-02-21,374.2,376.1,372.3,374.2
1991-02-22,373.6,375.5,371.7,373.6
1991-02-25,373.8,375.7,372.0,373.8
1991-02-26,373.9,375.8,372.1,373.9
1991-02-27,374.5,376.4,372.6,374.5
1991-02-28,373.9,375.7,372.0,373.9
1991-03-01,374.3,376.2,372.5,374.3
1991-03-04,374.9,376.7,373.0,374.9
1991-03-05,374.1,375.9,372.2,374.1
1991-03-06,373.7,375.6,371.8,373.7
1991-03-07,373.2,375.0,371.3,373.2
1991-03-08,371.1,373.0,369.3,371.1
1991-03-11,370.2,372.0,368.3,370.2
1991-03-12,371.2,373.1,369.4,371.2
1991-03-13,372.3,374.2,370.5,372.3
1991-03-14,372.6,374.5,370.8,372.6
1991-03-15,370.9,372.8,369.0,370.9
1991-03-18,372.1,374.0,370.3,372.1
1991-03-19,374.6,376.5,372.8,374.6
1991-03-20,375.2,377.1,373.3,375.2
1991-03-21,374.8,376.7,372.9,374.8
1991-03-22,373.2,375.1,371.3,373.2
1991-03-25,372.8,374.7,371.0,372.8
1991-03-26,371.8,373.7,370.0,371.8
1991-03-27,371.3,373.2,369.5,371.3
1991-03-28,373.0,374.9,371.2,373.0
1991-03-29,374.1,375.9,372.2,374.1
1991-04-01,373.2,375.0,371.3,373.2
1991-04-02,373.0,374.9,371.2,373.0
1991-04-03,372.7,374.6,370.9,372.7
1991-04-04,371.8,373.7,370.0,371.8
1991-04-05,369.6,371.5,367.8,369.6
1991-04-08,370.6,372.5,368.8,370.6
1991-04-09,372.2,374.1,370.3,372.2
1991-04-10,371.0,372.9,369.2,371.0
1991-04-11,369.9,371.7,368.0,369.9
1991-04-12,371.1,372.9,369.2,371.1
1991-04-15,369.8,371.6,367.9,369.8
1991-04-16,367.6,369.4,365.8,367.6
1991-04-17,366.9,368.7,365.1,366.9
1991-04-18,368.9,370.7,367.1,368.9
1991-04-19,368.0,369.9,366.2,368.0
1991-04-22,366.9,368.7,365.1,366.9
1991-04-23,366.2,368.0,364.4,366.2
1991-04-24,364.5,366.3,362.7,364.5
1991-04-25,362.7,364.5,360.9,362.7
1991-04-26,362.5,364.3,360.7,362.5
1991-04-29,360.5,362.3,358.7,360.5
1991-04-30,360.2,362.0,358.4,360.2
1991-05-01,360.9,362.7,359.1,360.9
1991-05-02,361.7,363.5,359.9,361.7
1991-05-03,361.7,363.5,359.9,361.7
1991-05-06,360.1,361.9,358.3,360.1
1991-05-07,359.8,361.6,358.0,359.8
1991-05-08,360.6,362.4,358.8,360.6
1991-05-09,361.7,363.6,359.9,361.7
1991-05-10,361.5,363.4,359.7,361.5
1991-05-13,360.6,362.4,358.8,360.6
1991-05-14,361.0,362.8,359.2,361.0
1991-05-15,360.7,362.5,358.9,360.7
1991-05-16,359.5,361.3,357.7,359.5
1991-05-17,360.2,362.0,358.4,360.2
1991-05-20,360.4,362.2,358.6,360.4
1991-05-21,359.0,360.8,357.2,359.0
1991-05-22,358.4,360.2,356.6,358.4
1991-05-23,358.5,360.3,356.7,358.5
1991-05-24,356.6,358.4,354.8,356.6
1991-05-27,355.8,357.6,354.1,355.8
1991-05-28,357.2,359.0,355.4,357.2
1991-05-29,356.9,358.7,355.1,356.9
1991-05-30,356.1,357.9,354.3,356.1
1991-05-31,358.1,359.9,356.4,358.1
1991-06-03,358.9,360.7,357.1,358.9
1991-06-04,360.2,362.0,358.4,360.2
1991-06-05,359.3,361.1,357.5,359.3
1991-06-06,359.1,360.9,357.4,359.1
1991-06-07,359.4,361.2,357.6,359.4
1991-06-10,359.9,361.7,358.1,359.9
1991-06-11,363.5,365.3,361.6,363.5
1991-06-12,363.6,365.4,361.8,363.6
1991-06-13,365.2,367.1,363.4,365.2
1991-06-14,368.5,370.4,366.7,368.5
1991-06-17,370.7,372.6,368.9,370.7
1991-06-18,370.6,372.5,368.8,370.6
1991-06-19,372.0,373.8,370.1,372.0
1991-06-20,371.7,373.6,369.9,371.7
1991-06-21,371.3,373.2,369.4,371.3
1991-06-24,372.1,373.9,370.2,372.1
1991-06-25,372.9,374.8,371.1,372.9
1991-06-26,373.2,375.1,371.3,373.2
1991-06-27,372.5,374.3,370.6,372.5
1991-06-28,371.3,373.2,369.5,371.3
1991-07-01,369.1,370.9,367.2,369.1
1991-07-02,369.0,370.9,367.2,369.0
1991-07-03,369.1,370.9,367.2,369.1
1991-07-04,370.0,371.9,368.2,370.0
1991-07-05,367.5,369.4,365.7,367.5
1991-07-08,367.4,369.2,365.6,367.4
1991-07-09,366.9,368.7,365.0,366.9
1991-07-10,366.6,368.4,364.8,366.6
1991-07-11,368.2,370.1,366.4,368.2
1991-07-12,369.8,371.7,368.0,369.8
1991-07-15,370.9,372.7,369.0,370.9
1991-07-16,370.6,372.5,368.8,370.6
1991-07-17,369.9,371.8,368.1,369.9
1991-07-18,371.3,373.2,369.5,371.3
1991-07-19,373.4,375.2,371.5,373.4
1991-07-22,375.1,376.9,373.2,375.1
1991-07-23,375.2,377.0,373.3,375.2
1991-07-24,374.6,376.4,372.7,374.6
1991-07-25,375.0,376.8,373.1,375.0
1991-07-26,375.4,377.3,373.6,375.4
1991-07-29,374.1,376.0,372.2,374.1
1991-07-30,373.2,375.1,371.4,373.2
1991-07-31,377.1,379.0,375.2,377.1
1991-08-01,375.8,377.7,373.9,375.8
1991-08-02,376.3,378.2,374.4,376.3
1991-08-05,374.8,376.6,372.9,374.8
1991-08-06,373.9,375.8,372.1,373.9
1991-08-07,372.0,373.9,370.1,372.0
1991-08-08,370.2,372.0,368.3,370.2
1991-08-09,370.6,372.5,368.8,370.6
1991-08-12,370.8,372.7,369.0,370.8
1991-08-13,373.0,374.9,371.2,373.0
1991-08-14,372.5,374.3,370.6,372.5
1991-08-15,372.2,374.0,370.3,372.2
1991-08-16,371.6,373.4,369.7,371.6
1991-08-19,369.6,371.4,367.7,369.6
1991-08-20,370.0,371.8,368.1,370.0
1991-08-21,369.3,371.2,367.5,369.3
1991-08-22,366.8,368.7,365.0,366.8
1991-08-23,368.1,370.0,366.3,368.1
1991-08-26,366.9,368.7,365.0,366.9
1991-08-27,367.0,368.9,365.2,367.0
1991-08-28,367.3,369.1,365.4,367.3
1991-08-29,367.3,369.1,365.4,367.3
1991-08-30,365.5,367.3,363.7,365.5
1991-09-02,367.2,369.0,365.4,367.2
1991-09-03,365.8,367.6,364.0,365.8
1991-09-04,362.0,363.8,360.2,362.0
1991-09-05,363.2,365.0,361.3,363.2
1991-09-06,364.2,366.0,362.4,364.2
1991-09-09,362.2,364.0,360.4,362.2
1991-09-10,362.1,363.9,360.3,362.1
1991-09-11,363.6,365.4,361.8,363.6
1991-09-12,365.5,367.3,363.6,365.5
1991-09-13,366.1,367.9,364.3,366.1
1991-09-16,366.9,368.7,365.1,366.9
1991-09-17,367.6,369.4,365.7,367.6
1991-09-18,367.0,368.8,365.2,367.0
1991-09-19,365.1,366.9,363.3,365.1
1991-09-20,364.4,366.3,362.6,364.4
1991-09-23,365.8,367.6,363.9,365.8
1991-09-24,367.1,368.9,365.2,367.1
1991-09-25,367.0,368.8,365.2,367.0
1991-09-26,366.1,368.0,364.3,366.1
1991-09-27,368.3,370.2,366.5,368.3
1991-09-30,368.0,369.8,366.1,368.0
1991-10-01,368.4,370.3,366.6,368.4
1991-10-02,366.2,368.1,364.4,366.2
1991-10-03,365.8,367.7,364.0,365.8
1991-10-04,367.1,368.9,365.2,367.1
1991-10-07,364.6,366.4,362.8,364.6
1991-10-08,364.3,366.1,362.5,364.3
1991-10-09,364.6,366.4,362.8,364.6
1991-10-10,366.4,368.2,364.6,366.4
1991-10-11,367.4,369.3,365.6,367.4
1991-10-14,369.3,371.2,367.5,369.3
1991-10-15,370.0,371.9,368.2,370.0
1991-10-16,370.7,372.6,368.9,370.7
1991-10-17,368.8,370.6,366.9,368.8
1991-10-18,366.8,368.7,365.0,366.8
1991-10-21,368.8,370.6,366.9,368.8
1991-10-22,367.6,369.4,365.8,367.6
1991-10-23,366.4,368.2,364.5,366.4
1991-10-24,362.6,364.5,360.8,362.6
1991-10-25,364.0,365.8,362.1,364.0
1991-10-28,362.0,363.8,360.2,362.0
1991-10-29,360.6,362.4,358.8,360.6
1991-10-30,362.1,363.9,360.3,362.1
1991-10-31,358.7,360.5,356.9,358.7
1991-11-01,360.6,362.4,358.8,360.6
1991-11-04,359.2,361.0,357.4,359.2
1991-11-05,359.0,360.8,357.2,359.0
1991-11-06,357.8,359.6,356.0,357.8
1991-11-07,355.9,357.7,354.1,355.9
1991-11-08,354.9,356.7,353.1,354.9
1991-11-11,353.8,355.5,352.0,353.8
1991-11-12,352.2,354.0,350.4,352.2
1991-11-13,354.7,356.5,352.9,354.7
1991-11-14,353.4,355.2,351.7,353.4
1991-11-15,350.9,352.7,349.2,350.9
1991-11-18,348.2,350.0,346.5,348.2
1991-11-19,349.3,351.0,347.6,349.3
1991-11-20,347.2,348.9,345.5,347.2
1991-11-21,347.5,349.2,345.7,347.5
1991-11-22,350.8,352.5,349.0,350.8
1991-11-25,351.3,353.0,349.5,351.3
1991-11-26,352.0,353.8,350.3,352.0
1991-11-27,351.5,353.3,349.8,351.5
1991-11-28,351.8,353.5,350.0,351.8
1991-11-29,351.7,353.5,350.0,351.7
1991-12-02,352.3,354.1,350.5,352.3
1991-12-03,354.9,356.7,353.1,354.9
1991-12-04,354.4,356.1,352.6,354.4
1991-12-05,353.4,355.1,351.6,353.4
1991-12-06,353.4,355.2,351.6,353.4
1991-12-09,354.9,356.6,353.1,354.9
1991-12-10,354.5,356.2,352.7,354.5
1991-12-11,354.9,356.7,353.2,354.9
1991-12-12,355.7,357.5,354.0,355.7
1991-12-13,358.8,360.6,357.0,358.8
1991-12-16,359.9,361.7,358.1,359.9
1991-12-17,358.5,360.3,356.7,358.5
1991-12-18,355.2,357.0,353.5,355.2
1991-12-19,355.5,357.3,353.7,355.5
1991-12-20,354.5,356.3,352.7,354.5
1991-12-23,353.8,355.6,352.0,353.8
1991-12-24,352.5,354.3,350.7,352.5
1991-12-25,351.9,353.7,350.2,351.9
1991-12-26,351.4,353.1,349.6,351.4
1991-12-27,351.4,353.2,349.7,351.4
1991-12-30,350.6,352.3,348.8,350.6
1991-12-31,349.8,351.6,348.1,349.8
1992-01-01,350.9,352.6,349.1,350.9
1992-01-02,351.1,352.9,349.3,351.1
1992-01-03,351.3,353.1,349.6,351.3
1992-01-06,351.4,353.1,349.6,351.4
1992-01-07,350.3,352.0,348.5,350.3
1992-01-08,352.6,354.3,350.8,352.6
1992-01-09,355.6,357.4,353.8,355.6
1992-01-10,357.3,359.1,355.6,357.3
1992-01-13,354.6,356.4,352.9,354.6
1992-01-14,353.7,355.5,351.9,353.7
1992-01-15,354.8,356.5,353.0,354.8
1992-01-16,353.7,355.5,351.9,353.7
1992-01-17,352.8,354.5,351.0,352.8
1992-01-20,350.8,352.6,349.1,350.8
1992-01-21,350.5,352.3,348.7,350.5
1992-01-22,349.5,351.3,347.8,349.5
1992-01-23,346.4,348.1,344.7,346.4
1992-01-24,348.4,350.2,346.7,348.4
1992-01-27,349.2,351.0,347.5,349.2
1992-01-28,347.6,349.3,345.9,347.6
1992-01-29,349.2,350.9,347.4,349.2
1992-01-30,349.6,351.4,347.9,349.6
1992-01-31,351.5,353.2,349.7,351.5
1992-02-03,352.6,354.4,350.8,352.6
1992-02-04,351.6,353.3,349.8,351.6
1992-02-05,352.6,354.4,350.9,352.6
1992-02-06,353.7,355.5,351.9,353.7
1992-02-07,355.2,357.0,353.4,355.2
1992-02-10,356.5,358.3,354.7,356.5
1992-02-11,359.3,361.1,357.5,359.3
1992-02-12,360.4,362.2,358.6,360.4
1992-02-13,358.9,360.7,357.1,358.9
1992-02-14,358.9,360.7,357.1,358.9
1992-02-17,357.1,358.8,355.3,357.1
1992-02-18,358.6,360.4,356.8,358.6
1992-02-19,357.1,358.9,355.3,357.1
1992-02-20,360.1,361.9,358.3,360.1
1992-02-21,359.3,361.1,357.5,359.3
1992-02-24,358.9,360.7,357.1,358.9
1992-02-25,357.9,359.7,356.2,357.9
1992-02-26,356.7,358.5,354.9,356.7
1992-02-27,355.8,357.5,354.0,355.8
1992-02-28,355.9,357.7,354.2,355.9
1992-03-02,355.7,357.4,353.9,355.7
1992-03-03,354.9,356.7,353.1,354.9
1992-03-04,355.2,357.0,353.5,355.2
1992-03-05,354.4,356.1,352.6,354.4
1992-03-06,354.3,356.0,352.5,354.3
1992-03-09,356.6,358.4,354.8,356.6
1992-03-10,355.6,357.4,353.8,355.6
1992-03-11,355.0,356.8,353.2,355.0
1992-03-12,353.2,355.0,351.5,353.2
1992-03-13,352.7,354.5,350.9,352.7
1992-03-16,353.1,354.9,351.4,353.1
1992-03-17,352.3,354.1,350.6,352.3
1992-03-18,350.7,352.5,349.0,350.7
1992-03-19,351.3,353.1,349.5,351.3
1992-03-20,352.0,353.8,350.2,352.0
1992-03-23,352.8,354.5,351.0,352.8
1992-03-24,351.0,352.7,349.2,351.0
1992-03-25,353.0,354.7,351.2,353.0
1992-03-26,352.2,354.0,350.5,352.2
1992-03-27,350.8,352.5,349.0,350.8
1992-03-30,352.2,353.9,350.4,352.2
1992-03-31,354.0,355.8,352.3,354.0
1992-04-01,353.5,355.3,351.7,353.5
1992-04-02,352.2,354.0,350.5,352.2
1992-04-03,352.8,354.6,351.0,352.8
1992-04-06,350.8,352.5,349.0,350.8
1992-04-07,354.4,356.2,352.6,354.4
1992-04-08,352.8,354.6,351.0,352.8
1992-04-09,353.2,355.0,351.4,353.2
1992-04-10,352.9,354.6,351.1,352.9
1992-04-13,351.4,353.2,349.7,351.4
1992-04-14,350.1,351.8,348.3,350.1
1992-04-15,351.7,353.5,350.0,351.7
1992-04-16,352.2,353.9,350.4,352.2
1992-04-17,351.1,352.9,349.4,351.1
1992-04-20,350.3,352.0,348.5,350.3
1992-04-21,349.1,350.9,347.4,349.1
1992-04-22,350.5,352.2,348.7,350.5
1992-04-23,351.8,353.5,350.0,351.8
1992-04-24,352.4,354.2,350.7,352.4
1992-04-27,352.6,354.4,350.9,352.6
1992-04-28,353.4,355.2,351.6,353.4
1992-04-29,350.9,352.7,349.2,350.9
1992-04-30,351.3,353.0,349.5,351.3
1992-05-01,352.7,354.5,350.9,352.7
1992-05-04,352.8,354.6,351.1,352.8
1992-05-05,352.8,354.5,351.0,352.8
1992-05-06,351.7,353.5,350.0,351.7
1992-05-07,350.9,352.6,349.1,350.9
1992-05-08,350.1,351.8,348.3,350.1
1992-05-11,350.3,352.0,348.5,350.3
1992-05-12,349.6,351.3,347.8,349.6
1992-05-13,347.0,348.8,345.3,347.0
1992-05-14,348.3,350.0,346.6,348.3
1992-05-15,349.1,350.8,347.4,349.1
1992-05-18,349.5,351.3,347.8,349.5
1992-05-19,348.2,350.0,346.5,348.2
1992-05-20,347.6,349.3,345.9,347.6
1992-05-21,348.4,350.2,346.7,348.4
1992-05-22,348.5,350.2,346.8,348.5
1992-05-25,347.5,349.2,345.7,347.5
1992-05-26,349.4,351.1,347.6,349.4
1992-05-27,348.2,349.9,346.5,348.2
1992-05-28,344.1,345.8,342.3,344.1
1992-05-29,344.4,346.2,342.7,344.4
1992-06-01,344.8,346.5,343.1,344.8
1992-06-02,345.1,346.8,343.4,345.1
1992-06-03,345.8,347.6,344.1,345.8
1992-06-04,345.2,346.9,343.5,345.2
1992-06-05,346.8,348.6,345.1,346.8
1992-06-08,344.9,346.7,343.2,344.9
1992-06-09,345.1,346.8,343.4,345.1
1992-06-10,344.4,346.1,342.7,344.4
1992-06-11,346.0,347.7,344.3,346.0
1992-06-12,345.0,346.7,343.3,345.0
1992-06-15,345.2,346.9,343.5,345.2
1992-06-16,345.5,347.2,343.8,345.5
1992-06-17,345.9,347.6,344.2,345.9
1992-06-18,345.0,346.7,343.3,345.0
1992-06-19,345.7,347.4,343.9,345.7
1992-06-22,345.8,347.5,344.0,345.8
1992-06-23,346.3,348.1,344.6,346.3
1992-06-24,348.6,350.4,346.9,348.6
1992-06-25,348.8,350.5,347.0,348.8
1992-06-26,347.3,349.1,345.6,347.3
1992-06-29,350.0,351.8,348.3,350.0
1992-06-30,351.3,353.0,349.5,351.3
1992-07-01,352.0,353.7,350.2,352.0
1992-07-02,351.5,353.3,349.7,351.5
1992-07-03,352.3,354.1,350.6,352.3
1992-07-06,349.2,350.9,347.4,349.2
1992-07-07,351.2,353.0,349.5,351.2
1992-07-08,352.3,354.0,350.5,352.3
1992-07-09,351.8,353.5,350.0,351.8
1992-07-10,352.8,354.5,351.0,352.8
1992-07-13,353.3,355.0,351.5,353.3
1992-07-14,351.6,353.3,349.8,351.6
1992-07-15,351.6,353.3,349.8,351.6
1992-07-16,351.9,353.6,350.1,351.9
1992-07-17,351.5,353.2,349.7,351.5
1992-07-20,350.8,352.6,349.1,350.8
1992-07-21,351.9,353.7,350.1,351.9
1992-07-22,351.9,353.6,350.1,351.9
1992-07-23,354.2,356.0,352.5,354.2
1992-07-24,353.0,354.7,351.2,353.0
1992-07-27,353.1,354.9,351.4,353.1
1992-07-28,351.5,353.3,349.8,351.5
1992-07-29,352.2,354.0,350.4,352.2
1992-07-30,350.4,352.1,348.6,350.4
1992-07-31,350.6,352.3,348.8,350.6
1992-08-03,351.9,353.7,350.2,351.9
1992-08-04,351.7,353.5,350.0,351.7
1992-08-05,350.1,351.8,348.3,350.1
1992-08-06,351.2,353.0,349.4,351.2
1992-08-07,351.5,353.2,349.7,351.5
1992-08-10,351.0,352.7,349.2,351.0
1992-08-11,349.4,351.1,347.6,349.4
1992-08-12,347.0,348.7,345.3,347.0
1992-08-13,350.1,351.8,348.3,350.1
1992-08-14,349.1,350.8,347.3,349.1
1992-08-17,347.4,349.2,345.7,347.4
1992-08-18,347.8,349.5,346.0,347.8
1992-08-19,346.3,348.0,344.5,346.3
1992-08-20,346.9,348.7,345.2,346.9
1992-08-21,348.7,350.5,347.0,348.7
1992-08-24,347.0,348.8,345.3,347.0
1992-08-25,346.5,348.3,344.8,346.5
1992-08-26,347.1,348.8,345.3,347.1
1992-08-27,345.3,347.0,343.6,345.3
1992-08-28,344.0,345.7,342.3,344.0
1992-08-31,343.8,345.6,342.1,343.8
1992-09-01,346.6,348.4,344.9,346.6
1992-09-02,345.4,347.1,343.7,345.4
1992-09-03,345.0,346.7,343.3,345.0
1992-09-04,348.4,350.2,346.7,348.4
1992-09-07,349.3,351.0,347.5,349.3
1992-09-08,346.7,348.4,345.0,346.7
1992-09-09,346.3,348.0,344.5,346.3
1992-09-10,347.0,348.7,345.3,347.0
1992-09-11,348.9,350.6,347.2,348.9
1992-09-14,350.5,352.3,348.8,350.5
1992-09-15,351.0,352.8,349.2,351.0
1992-09-16,351.7,353.4,349.9,351.7
1992-09-17,349.5,351.3,347.8,349.5
1992-09-18,348.3,350.0,346.6,348.3
1992-09-21,346.2,348.0,344.5,346.2
1992-09-22,347.6,349.3,345.8,347.6
1992-09-23,347.9,349.6,346.2,347.9
1992-09-24,347.9,349.6,346.1,347.9
1992-09-25,349.8,351.6,348.1,349.8
1992-09-28,350.2,351.9,348.4,350.2
1992-09-29,351.4,353.2,349.7,351.4
1992-09-30,352.1,353.9,350.3,352.1
1992-10-01,352.9,354.6,351.1,352.9
1992-10-02,351.0,352.7,349.2,351.0
1992-10-05,351.9,353.6,350.1,351.9
1992-10-06,352.1,353.9,350.3,352.1
1992-10-07,351.1,352.9,349.4,351.1
1992-10-08,351.7,353.4,349.9,351.7
1992-10-09,353.0,354.8,351.3,353.0
1992-10-12,352.3,354.1,350.6,352.3
1992-10-13,350.9,352.6,349.1,350.9
1992-10-14,349.5,351.3,347.8,349.5
1992-10-15,347.3,349.0,345.6,347.3
1992-10-16,346.9,348.6,345.1,346.9
1992-10-19,347.4,349.1,345.7,347.4
1992-10-20,349.6,351.3,347.8,349.6
1992-10-21,348.1,349.9,346.4,348.1
1992-10-22,348.4,350.1,346.6,348.4
1992-10-23,348.1,349.9,346.4,348.1
1992-10-26,347.8,349.5,346.0,347.8
1992-10-27,345.4,347.1,343.7,345.4
1992-10-28,343.9,345.6,342.2,343.9
1992-10-29,346.3,348.1,344.6,346.3
1992-10-30,347.5,349.3,345.8,347.5
1992-11-02,347.6,349.4,345.9,347.6
1992-11-03,348.0,349.7,346.3,348.0
1992-11-04,348.7,350.5,347.0,348.7
1992-11-05,347.8,349.6,346.1,347.8
1992-11-06,347.0,348.7,345.2,347.0
1992-11-09,345.8,347.6,344.1,345.8
1992-11-10,345.9,347.6,344.1,345.9
1992-11-11,344.1,345.8,342.4,344.1
1992-11-12,343.1,344.8,341.4,343.1
1992-11-13,343.7,345.5,342.0,343.7
1992-11-16,343.1,344.8,341.4,343.1
1992-11-17,340.6,342.3,338.9,340.6
1992-11-18,340.2,341.9,338.5,340.2
1992-11-19,341.0,342.7,339.3,341.0
1992-11-20,341.2,342.9,339.5,341.2
1992-11-23,338.8,340.5,337.2,338.8
1992-11-24,340.4,342.1,338.7,340.4
1992-11-25,340.1,341.8,338.4,340.1
1992-11-26,340.7,342.4,339.0,340.7
1992-11-27,342.1,343.8,340.4,342.1
1992-11-30,341.9,343.6,340.1,341.9
1992-12-01,339.2,340.9,337.5,339.2
1992-12-02,341.7,343.4,340.0,341.7
1992-12-03,338.7,340.4,337.0,338.7
1992-12-04,338.3,340.0,336.6,338.3
1992-12-07,340.2,341.9,338.5,340.2
1992-12-08,339.3,341.0,337.6,339.3
1992-12-09,338.5,340.2,336.8,338.5
1992-12-10,338.3,340.0,336.6,338.3
1992-12-11,338.2,339.9,336.5,338.2
1992-12-14,337.1,338.8,335.4,337.1
1992-12-15,336.4,338.1,334.7,336.4
1992-12-16,338.1,339.8,336.4,338.1
1992-12-17,337.5,339.2,335.8,337.5
1992-12-18,338.3,340.0,336.6,338.3
1992-12-21,337.1,338.8,335.4,337.1
1992-12-22,339.2,340.9,337.5,339.2
1992-12-23,340.5,342.2,338.8,340.5
1992-12-24,340.4,342.1,338.7,340.4
1992-12-25,341.3,343.0,339.6,341.3
1992-12-28,343.2,344.9,341.5,343.2
1992-12-29,341.7,343.4,340.0,341.7
1992-12-30,340.2,341.9,338.5,340.2
1992-12-31,340.7,342.4,339.0,340.7
1993-01-01,338.9,340.6,337.2,338.9
1993-01-04,336.8,338.5,335.1,336.8
1993-01-05,334.7,336.4,333.1,334.7
1993-01-06,335.2,336.9,333.5,335.2
1993-01-07,332.7,334.3,331.0,332.7
1993-01-08,332.5,334.1,330.8,332.5
1993-01-11,328.1,329.7,326.4,328.1
1993-01-12,329.3,330.9,327.6,329.3
1993-01-13,330.5,332.1,328.8,330.5
1993-01-14,330.6,332.3,329.0,330.6
1993-01-15,332.7,334.3,331.0,332.7
1993-01-18,334.0,335.7,332.4,334.0
1993-01-19,333.2,334.9,331.6,333.2
1993-01-20,332.3,334.0,330.7,332.3
1993-01-21,333.9,335.5,332.2,333.9
1993-01-22,335.1,336.8,333.4,335.1
1993-01-25,334.8,336.5,333.2,334.8
1993-01-26,332.7,334.3,331.0,332.7
1993-01-27,334.2,335.9,332.6,334.2
1993-01-28,334.6,336.2,332.9,334.6
1993-01-29,334.7,336.4,333.0,334.7
1993-02-01,331.0,332.7,329.3,331.0
1993-02-02,332.1,333.8,330.5,332.1
1993-02-03,332.4,334.0,330.7,332.4
1993-02-04,332.0,333.6,330.3,332.0
1993-02-05,331.2,332.8,329.5,331.2
1993-02-08,331.6,333.3,329.9,331.6
1993-02-09,332.6,334.2,330.9,332.6
1993-02-10,332.4,334.0,330.7,332.4
1993-02-11,333.4,335.1,331.8,333.4
1993-02-12,332.1,333.8,330.4,332.1
1993-02-15,331.5,333.1,329.8,331.5
1993-02-16,332.7,334.4,331.1,332.7
1993-02-17,332.5,334.1,330.8,332.5
1993-02-18,335.1,336.7,333.4,335.1
1993-02-19,335.6,337.3,333.9,335.6
1993-02-22,334.1,335.7,332.4,334.1
1993-02-23,332.1,333.8,330.5,332.1
1993-02-24,333.5,335.1,331.8,333.5
1993-02-25,332.9,334.5,331.2,332.9
1993-02-26,334.4,336.0,332.7,334.4
1993-03-01,333.6,335.3,332.0,333.6
1993-03-02,334.1,335.8,332.5,334.1
1993-03-03,333.9,335.5,332.2,333.9
1993-03-04,334.4,336.1,332.7,334.4
1993-03-05,335.5,337.2,333.8,335.5
1993-03-08,335.6,337.2,333.9,335.6
1993-03-09,336.5,338.2,334.9,336.5
1993-03-10,334.3,336.0,332.6,334.3
1993-03-11,335.0,336.7,333.3,335.0
1993-03-12,335.1,336.8,333.5,335.1
1993-03-15,334.8,336.5,333.1,334.8
1993-03-16,331.7,333.3,330.0,331.7
1993-03-17,329.7,331.3,328.0,329.7
1993-03-18,330.3,332.0,328.7,330.3
1993-03-19,331.2,332.8,329.5,331.2
1993-03-22,331.9,333.6,330.3,331.9
1993-03-23,332.1,333.8,330.5,332.1
1993-03-24,330.7,332.4,329.1,330.7
1993-03-25,329.7,331.3,328.0,329.7
1993-03-26,327.2,328.8,325.5,327.2
1993-03-29,327.7,329.4,326.1,327.7
1993-03-30,330.7,332.4,329.1,330.7
1993-03-31,330.9,332.5,329.2,330.9
1993-04-01,330.2,331.8,328.5,330.2
1993-04-02,330.5,332.1,328.8,330.5
1993-04-05,330.5,332.2,328.9,330.5
1993-04-06,328.5,330.1,326.8,328.5
1993-04-07,329.2,330.8,327.5,329.2
1993-04-08,329.4,331.0,327.7,329.4
1993-04-09,329.5,331.1,327.8,329.5
1993-04-12,332.4,334.1,330.8,332.4
1993-04-13,332.4,334.1,330.8,332.4
1993-04-14,335.1,336.7,333.4,335.1
1993-04-15,334.0,335.7,332.3,334.0
1993-04-16,332.0,333.7,330.4,332.0
1993-04-19,331.1,332.7,329.4,331.1
1993-04-20,332.9,334.5,331.2,332.9
1993-04-21,332.0,333.6,330.3,332.0
1993-04-22,330.2,331.9,328.6,330.2
1993-04-23,331.0,332.6,329.3,331.0
1993-04-26,330.6,332.2,328.9,330.6
1993-04-27,331.6,333.3,329.9,331.6
1993-04-28,330.9,332.5,329.2,330.9
1993-04-29,329.9,331.5,328.2,329.9
1993-04-30,332.3,334.0,330.7,332.3
1993-05-03,331.3,332.9,329.6,331.3
1993-05-04,330.3,332.0,328.7,330.3
1993-05-05,331.2,332.8,329.5,331.2
1993-05-06,327.6,329.3,326.0,327.6
1993-05-07,329.0,330.6,327.3,329.0
1993-05-10,331.6,333.3,329.9,331.6
1993-05-11,332.9,334.6,331.2,332.9
1993-05-12,331.6,333.3,329.9,331.6
1993-05-13,330.8,332.4,329.1,330.8
1993-05-14,331.1,332.7,329.4,331.1
1993-05-17,331.6,333.3,330.0,331.6
1993-05-18,333.9,335.6,332.3,333.9
1993-05-19,336.1,337.8,334.4,336.1
1993-05-20,335.7,337.4,334.0,335.7
1993-05-21,334.9,336.6,333.2,334.9
1993-05-24,333.8,335.4,332.1,333.8
1993-05-25,334.6,336.3,333.0,334.6
1993-05-26,336.1,337.7,334.4,336.1
1993-05-27,336.0,337.7,334.4,336.0
1993-05-28,335.9,337.6,334.3,335.9
1993-05-31,338.6,340.3,336.9,338.6
1993-06-01,339.3,341.0,337.6,339.3
1993-06-02,336.3,338.0,334.6,336.3
1993-06-03,336.1,337.8,334.4,336.1
1993-06-04,336.3,337.9,334.6,336.3
1993-06-07,335.7,337.4,334.0,335.7
1993-06-08,337.3,339.0,335.6,337.3
1993-06-09,336.6,338.3,335.0,336.6
1993-06-10,335.2,336.8,333.5,335.2
1993-06-11,334.1,335.8,332.5,334.1
1993-06-14,334.9,336.6,333.2,334.9
1993-06-15,333.0,334.7,331.4,333.0
1993-06-16,332.4,334.0,330.7,332.4
1993-06-17,333.6,335.2,331.9,333.6
1993-06-18,331.7,333.4,330.1,331.7
1993-06-21,330.3,332.0,328.7,330.3
1993-06-22,328.2,329.8,326.6,328.2
1993-06-23,327.2,328.9,325.6,327.2
1993-06-24,326.8,328.5,325.2,326.8
1993-06-25,326.8,328.5,325.2,326.8
1993-06-28,325.8,327.4,324.2,325.8
1993-06-29,325.7,327.3,324.0,325.7
1993-06-30,327.3,329.0,325.7,327.3
1993-07-01,328.0,329.7,326.4,328.0
1993-07-02,331.1,332.7,329.4,331.1
1993-07-05,330.2,331.8,328.5,330.2
1993-07-06,329.7,331.4,328.1,329.7
1993-07-07,330.0,331.7,328.4,330.0
1993-07-08,329.5,331.1,327.8,329.5
1993-07-09,329.6,331.2,327.9,329.6
1993-07-12,327.1,328.7,325.4,327.1
1993-07-13,326.8,328.5,325.2,326.8
1993-07-14,328.3,329.9,326.6,328.3
1993-07-15,331.0,332.7,329.3,331.0
1993-07-16,333.0,334.7,331.3,333.0
1993-07-19,333.0,334.7,331.4,333.0
1993-07-20,333.6,335.3,331.9,333.6
1993-07-21,334.0,335.6,332.3,334.0
1993-07-22,333.1,334.8,331.4,333.1
1993-07-23,331.8,333.4,330.1,331.8
1993-07-26,332.0,333.7,330.4,332.0
1993-07-27,331.9,333.5,330.2,331.9
1993-07-28,333.0,334.6,331.3,333.0
1993-07-29,329.7,331.4,328.1,329.7
1993-07-30,329.6,331.2,327.9,329.6
1993-08-02,331.2,332.9,329.6,331.2
1993-08-03,332.0,333.6,330.3,332.0
1993-08-04,330.6,332.3,329.0,330.6
1993-08-05,328.9,330.6,327.3,328.9
1993-08-06,329.0,330.6,327.4,329.0
1993-08-09,330.1,331.7,328.4,330.1
1993-08-10,330.8,332.5,329.1,330.8
1993-08-11,331.0,332.6,329.3,331.0
1993-08-12,331.8,333.5,330.2,331.8
1993-08-13,332.1,333.8,330.5,332.1
1993-08-16,332.8,334.4,331.1,332.8
1993-08-17,333.9,335.6,332.2,333.9
1993-08-18,333.2,334.8,331.5,333.2
1993-08-19,331.9,333.5,330.2,331.9
1993-08-20,332.8,334.4,331.1,332.8
1993-08-23,331.9,333.6,330.3,331.9
1993-08-24,329.3,330.9,327.6,329.3
1993-08-25,331.2,332.9,329.6,331.2
1993-08-26,331.5,333.2,329.9,331.5
1993-08-27,331.7,333.4,330.1,331.7
1993-08-30,331.3,333.0,329.7,331.3
1993-08-31,332.4,334.0,330.7,332.4
1993-09-01,330.6,332.3,328.9,330.6
1993-09-02,330.6,332.2,328.9,330.6
1993-09-03,330.9,332.6,329.3,330.9
1993-09-06,331.5,333.2,329.9,331.5
1993-09-07,329.2,330.8,327.6,329.2
1993-09-08,330.0,331.7,328.4,330.0
1993-09-09,329.5,331.1,327.8,329.5
1993-09-10,328.6,330.3,327.0,328.6
1993-09-13,326.5,328.2,324.9,326.5
1993-09-14,329.6,331.3,328.0,329.6
1993-09-15,329.5,331.1,327.8,329.5
1993-09-16,329.8,331.5,328.2,329.8
1993-09-17,328.4,330.0,326.8,328.4
1993-09-20,326.4,328.0,324.7,326.4
1993-09-21,327.6,329.2,326.0,327.6
1993-09-22,325.9,327.5,324.3,325.9
1993-09-23,327.8,329.4,326.2,327.8
1993-09-24,330.2,331.9,328.6,330.2
1993-09-27,329.1,330.7,327.4,329.1
1993-09-28,328.5,330.1,326.8,328.5
1993-09-29,325.2,326.8,323.5,325.2
1993-09-30,323.1,324.7,321.4,323.1
1993-10-01,324.2,325.8,322.5,324.2
1993-10-04,326.0,327.6,324.4,326.0
1993-10-05,325.1,326.7,323.5,325.1
1993-10-06,324.4,326.1,322.8,324.4
1993-10-07,322.6,324.2,321.0,322.6
1993-10-08,321.4,323.0,319.8,321.4
1993-10-11,323.4,325.1,321.8,323.4
1993-10-12,324.1,325.7,322.5,324.1
1993-10-13,322.0,323.6,320.3,322.0
1993-10-14,323.0,324.6,321.4,323.0
1993-10-15,326.4,328.1,324.8,326.4
1993-10-18,325.9,327.6,324.3,325.9
1993-10-19,325.2,326.8,323.5,325.2
1993-10-20,326.1,327.7,324.5,326.1
1993-10-21,327.5,329.2,325.9,327.5
1993-10-22,328.6,330.3,327.0,328.6
1993-10-25,328.1,329.7,326.5,328.1
1993-10-26,327.5,329.2,325.9,327.5
1993-10-27,325.3,326.9,323.7,325.3
1993-10-28,323.8,325.4,322.2,323.8
1993-10-29,324.5,326.1,322.9,324.5
1993-11-01,323.9,325.5,322.3,323.9
1993-11-02,324.4,326.0,322.8,324.4
1993-11-03,324.3,325.9,322.6,324.3
1993-11-04,324.5,326.1,322.9,324.5
1993-11-05,324.7,326.3,323.1,324.7
1993-11-08,325.7,327.4,324.1,325.7
1993-11-09,326.9,328.6,325.3,326.9
1993-11-10,326.9,328.6,325.3,326.9
1993-11-11,326.7,328.3,325.1,326.7
1993-11-12,326.7,328.3,325.1,326.7
1993-11-15,325.6,327.2,324.0,325.6
1993-11-16,327.1,328.7,325.5,327.1
1993-11-17,326.4,328.0,324.7,326.4
1993-11-18,326.2,327.8,324.6,326.2
1993-11-19,326.5,328.1,324.8,326.5
1993-11-22,326.8,328.5,325.2,326.8
1993-11-23,327.2,328.8,325.6,327.2
1993-11-24,327.0,328.6,325.4,327.0
1993-11-25,329.1,330.8,327.5,329.1
1993-11-26,329.1,330.8,327.5,329.1
1993-11-29,328.6,330.2,327.0,328.6
1993-11-30,330.9,332.5,329.2,330.9
1993-12-01,329.6,331.2,328.0,329.6
1993-12-02,331.8,333.5,330.1,331.8
1993-12-03,328.9,330.6,327.3,328.9
1993-12-06,328.2,329.8,326.5,328.2
1993-12-07,325.9,327.5,324.3,325.9
1993-12-08,324.2,325.8,322.5,324.2
1993-12-09,324.8,326.5,323.2,324.8
1993-12-10,325.3,326.9,323.7,325.3
1993-12-13,324.5,326.1,322.8,324.5
1993-12-14,326.7,328.3,325.0,326.7
1993-12-15,328.1,329.8,326.5,328.1
1993-12-16,328.0,329.6,326.3,328.0
1993-12-17,325.5,327.1,323.9,325.5
1993-12-20,326.7,328.3,325.0,326.7
1993-12-21,326.0,327.6,324.4,326.0
1993-12-22,326.4,328.0,324.7,326.4
1993-12-23,327.4,329.0,325.7,327.4
1993-12-24,326.8,328.4,325.1,326.8
1993-12-27,328.3,329.9,326.7,328.3
1993-12-28,327.7,329.3,326.0,327.7
1993-12-29,328.3,329.9,326.6,328.3
1993-12-30,329.1,330.8,327.5,329.1
1993-12-31,330.1,331.8,328.5,330.1
1994-01-03,332.1,333.7,330.4,332.1
1994-01-04,330.7,332.3,329.0,330.7
1994-01-05,328.9,330.6,327.3,328.9
1994-01-06,328.3,330.0,326.7,328.3
1994-01-07,332.1,333.8,330.5,332.1
1994-01-10,333.5,335.1,331.8,333.5
1994-01-11,332.3,334.0,330.6,332.3
1994-01-12,331.5,333.1,329.8,331.5
1994-01-13,331.1,332.8,329.5,331.1
1994-01-14,331.2,332.8,329.5,331.2
1994-01-17,331.6,333.3,330.0,331.6
1994-01-18,332.2,333.8,330.5,332.2
1994-01-19,333.3,335.0,331.7,333.3
1994-01-20,335.5,337.2,333.8,335.5
1994-01-21,334.8,336.5,333.1,334.8
1994-01-24,333.9,335.6,332.2,333.9
1994-01-25,333.0,334.6,331.3,333.0
1994-01-26,332.2,333.8,330.5,332.2
1994-01-27,332.3,333.9,330.6,332.3
1994-01-28,332.7,334.4,331.0,332.7
1994-01-31,334.4,336.1,332.8,334.4
1994-02-01,333.0,334.7,331.4,333.0
1994-02-02,333.0,334.7,331.4,333.0
1994-02-03,331.5,333.2,329.8,331.5
1994-02-04,331.7,333.3,330.0,331.7
1994-02-07,334.7,336.3,333.0,334.7
1994-02-08,333.9,335.6,332.3,333.9
1994-02-09,336.6,338.3,334.9,336.6
1994-02-10,334.9,336.6,333.2,334.9
1994-02-11,333.7,335.4,332.1,333.7
1994-02-14,332.7,334.4,331.0,332.7
1994-02-15,332.5,334.1,330.8,332.5
1994-02-16,331.8,333.5,330.2,331.8
1994-02-17,332.4,334.1,330.8,332.4
1994-02-18,328.4,330.0,326.8,328.4
1994-02-21,326.8,328.4,325.2,326.8
1994-02-22,329.1,330.7,327.4,329.1
1994-02-23,327.0,328.6,325.3,327.0
1994-02-24,326.3,328.0,324.7,326.3
1994-02-25,327.0,328.6,325.3,327.0
1994-02-28,326.6,328.3,325.0,326.6
1994-03-01,325.3,326.9,323.6,325.3
1994-03-02,325.7,327.4,324.1,325.7
1994-03-03,326.7,328.3,325.0,326.7
1994-03-04,325.7,327.3,324.1,325.7
1994-03-07,326.0,327.6,324.4,326.0
1994-03-08,327.0,328.6,325.3,327.0
1994-03-09,328.1,329.8,326.5,328.1
1994-03-10,328.3,330.0,326.7,328.3
1994-03-11,330.3,331.9,328.6,330.3
1994-03-14,329.9,331.5,328.2,329.9
1994-03-15,328.2,329.9,326.6,328.2
1994-03-16,327.6,329.3,326.0,327.6
1994-03-17,328.9,330.6,327.3,328.9
1994-03-18,327.5,329.1,325.8,327.5
1994-03-21,324.2,325.8,322.6,324.2
1994-03-22,324.7,326.3,323.1,324.7
1994-03-23,324.0,325.6,322.4,324.0
1994-03-24,326.8,328.4,325.2,326.8
1994-03-25,326.9,328.6,325.3,326.9
1994-03-28,328.2,329.8,326.5,328.2
1994-03-29,327.2,328.9,325.6,327.2
1994-03-30,327.7,329.4,326.1,327.7
1994-03-31,327.9,329.6,326.3,327.9
1994-04-01,329.4,331.1,327.8,329.4
1994-04-04,329.2,330.8,327.6,329.2
1994-04-05,328.1,329.8,326.5,328.1
1994-04-06,329.2,330.8,327.5,329.2
1994-04-07,327.9,329.5,326.2,327.9
1994-04-08,326.5,328.1,324.8,326.5
1994-04-11,326.1,327.7,324.5,326.1
1994-04-12,325.4,327.1,323.8,325.4
1994-04-13,325.3,326.9,323.6,325.3
1994-04-14,324.2,325.8,322.6,324.2
1994-04-15,325.5,327.1,323.9,325.5
1994-04-18,326.6,328.3,325.0,326.6
1994-04-19,327.4,329.0,325.8,327.4
1994-04-20,328.0,329.7,326.4,328.0
1994-04-21,325.3,326.9,323.7,325.3
1994-04-22,325.2,326.9,323.6,325.2
1994-04-25,326.0,327.7,324.4,326.0
1994-04-26,327.5,329.1,325.9,327.5
1994-04-27,326.9,328.5,325.3,326.9
1994-04-28,328.3,329.9,326.6,328.3
1994-04-29,328.3,329.9,326.6,328.3
1994-05-02,324.5,326.1,322.9,324.5
1994-05-03,324.2,325.8,322.5,324.2
1994-05-04,322.9,324.5,321.3,322.9
1994-05-05,322.0,323.6,320.4,322.0
1994-05-06,323.3,324.9,321.6,323.3
1994-05-09,323.4,325.0,321.8,323.4
1994-05-10,322.6,324.2,321.0,322.6
1994-05-11,321.6,323.2,320.0,321.6
1994-05-12,322.1,323.7,320.5,322.1
1994-05-13,321.8,323.4,320.2,321.8
1994-05-16,322.5,324.1,320.9,322.5
1994-05-17,321.3,322.9,319.7,321.3
1994-05-18,320.8,322.4,319.2,320.8
1994-05-19,319.3,320.9,317.7,319.3
1994-05-20,318.6,320.2,317.0,318.6
1994-05-23,321.4,323.0,319.8,321.4
1994-05-24,320.3,321.9,318.7,320.3
1994-05-25,319.7,321.3,318.1,319.7
1994-05-26,318.6,320.2,317.1,318.6
1994-05-27,318.5,320.1,316.9,318.5
1994-05-30,318.3,319.9,316.8,318.3
1994-05-31,320.0,321.6,318.4,320.0
1994-06-01,319.4,321.0,317.8,319.4
1994-06-02,319.6,321.2,318.0,319.6
1994-06-03,317.2,318.8,315.6,317.2
1994-06-06,316.1,317.7,314.5,316.1
1994-06-07,317.6,319.2,316.0,317.6
1994-06-08,316.6,318.2,315.0,316.6
1994-06-09,317.7,319.3,316.1,317.7
1994-06-10,316.6,318.2,315.0,316.6
1994-06-13,316.4,318.0,314.9,316.4
1994-06-14,318.8,320.3,317.2,318.8
1994-06-15,319.7,321.3,318.1,319.7
1994-06-16,317.2,318.8,315.6,317.2
1994-06-17,321.4,323.0,319.8,321.4
1994-06-20,319.8,321.4,318.2,319.8
1994-06-21,322.2,323.8,320.5,322.2
1994-06-22,321.4,323.0,319.8,321.4
1994-06-23,319.7,321.3,318.1,319.7
1994-06-24,319.1,320.7,317.5,319.1
1994-06-27,318.1,319.7,316.5,318.1
1994-06-28,317.4,319.0,315.9,317.4
1994-06-29,317.6,319.1,316.0,317.6
1994-06-30,318.2,319.8,316.6,318.2
1994-07-01,320.0,321.6,318.4,320.0
1994-07-04,320.1,321.7,318.5,320.1
1994-07-05,320.1,321.7,318.5,320.1
1994-07-06,319.1,320.7,317.5,319.1
1994-07-07,318.7,320.3,317.1,318.7
1994-07-08,318.0,319.6,316.4,318.0
1994-07-11,316.2,317.7,314.6,316.2
1994-07-12,319.5,321.1,317.9,319.5
1994-07-13,319.7,321.3,318.1,319.7
1994-07-14,320.0,321.6,318.4,320.0
1994-07-15,321.4,323.0,319.8,321.4
1994-07-18,317.8,319.4,316.2,317.8
1994-07-19,320.7,322.3,319.1,320.7
1994-07-20,319.4,321.0,317.8,319.4
1994-07-21,318.2,319.8,316.6,318.2
1994-07-22,317.5,319.1,315.9,317.5
1994-07-25,318.6,320.2,317.1,318.6
1994-07-26,321.3,322.9,319.7,321.3
1994-07-27,323.2,324.8,321.6,323.2
1994-07-28,322.3,323.9,320.7,322.3
1994-07-29,319.7,321.3,318.1,319.7
1994-08-01,319.0,320.6,317.4,319.0
1994-08-02,318.1,319.7,316.5,318.1
1994-08-03,316.0,317.5,314.4,316.0
1994-08-04,316.8,318.3,315.2,316.8
1994-08-05,316.8,318.4,315.2,316.8
1994-08-08,317.3,318.9,315.7,317.3
1994-08-09,318.2,319.8,316.6,318.2
1994-08-10,319.0,320.6,317.4,319.0
1994-08-11,318.8,320.4,317.2,318.8
1994-08-12,320.8,322.4,319.2,320.8
1994-08-15,319.9,321.5,318.3,319.9
1994-08-16,318.9,320.5,317.3,318.9
1994-08-17,318.5,320.1,316.9,318.5
1994-08-18,319.1,320.7,317.5,319.1
1994-08-19,319.8,321.4,318.2,319.8
1994-08-22,319.1,320.7,317.5,319.1
1994-08-23,318.6,320.2,317.0,318.6
1994-08-24,320.1,321.7,318.5,320.1
1994-08-25,318.3,319.8,316.7,318.3
1994-08-26,321.6,323.2,320.0,321.6
1994-08-29,320.9,322.5,319.3,320.9
1994-08-30,320.4,322.0,318.8,320.4
1994-08-31,320.6,322.2,319.0,320.6
1994-09-01,321.1,322.7,319.5,321.1
1994-09-02,320.0,321.6,318.4,320.0
1994-09-05,320.1,321.7,318.5,320.1
1994-09-06,318.7,320.3,317.1,318.7
1994-09-07,317.8,319.4,316.2,317.8
1994-09-08,315.7,317.3,314.1,315.7
1994-09-09,315.9,317.4,314.3,315.9
1994-09-12,315.5,317.1,314.0,315.5
1994-09-13,313.0,314.6,311.4,313.0
1994-09-14,312.3,313.8,310.7,312.3
1994-09-15,312.4,313.9,310.8,312.4
1994-09-16,313.6,315.2,312.0,313.6
1994-09-19,312.0,313.6,310.4,312.0
1994-09-20,311.8,313.3,310.2,311.8
1994-09-21,310.6,312.1,309.0,310.6
1994-09-22,311.7,313.3,310.1,311.7
1994-09-23,311.0,312.6,309.5,311.0
1994-09-26,311.8,313.4,310.2,311.8
1994-09-27,311.5,313.1,310.0,311.5
1994-09-28,309.5,311.1,308.0,309.5
1994-09-29,309.7,311.3,308.2,309.7
1994-09-30,308.5,310.0,306.9,308.5
1994-10-03,310.1,311.7,308.6,310.1
1994-10-04,312.6,314.2,311.1,312.6
1994-10-05,313.5,315.1,312.0,313.5
1994-10-06,312.8,314.3,311.2,312.8
1994-10-07,312.9,314.5,311.3,312.9
1994-10-10,313.3,314.8,311.7,313.3
1994-10-11,314.7,316.3,313.1,314.7
1994-10-12,314.4,316.0,312.9,314.4
1994-10-13,314.9,316.5,313.4,314.9
1994-10-14,312.8,314.3,311.2,312.8
1994-10-17,313.1,314.6,311.5,313.1
1994-10-18,312.0,313.6,310.5,312.0
1994-10-19,312.2,313.8,310.6,312.2
1994-10-20,311.0,312.5,309.4,311.0
1994-10-21,311.7,313.2,310.1,311.7
1994-10-24,312.5,314.1,310.9,312.5
1994-10-25,312.3,313.8,310.7,312.3
1994-10-26,311.3,312.8,309.7,311.3
1994-10-27,312.1,313.7,310.5,312.1
1994-10-28,314.1,315.7,312.6,314.1
1994-10-31,316.5,318.0,314.9,316.5
1994-11-01,316.8,318.4,315.3,316.8
1994-11-02,317.0,318.6,315.4,317.0
1994-11-03,315.2,316.8,313.6,315.2
1994-11-04,316.8,318.3,315.2,316.8
1994-11-07,313.6,315.2,312.0,313.6
1994-11-08,315.1,316.7,313.5,315.1
1994-11-09,315.0,316.6,313.4,315.0
1994-11-10,311.9,313.4,310.3,311.9
1994-11-11,312.4,313.9,310.8,312.4
1994-11-14,312.1,313.7,310.6,312.1
1994-11-15,311.6,313.2,310.1,311.6
1994-11-16,311.4,312.9,309.8,311.4
1994-11-17,311.4,313.0,309.9,311.4
1994-11-18,311.5,313.0,309.9,311.5
1994-11-21,309.6,311.2,308.1,309.6
1994-11-22,310.3,311.8,308.7,310.3
1994-11-23,309.9,311.5,308.4,309.9
1994-11-24,312.0,313.6,310.5,312.0
1994-11-25,313.2,314.7,311.6,313.2
1994-11-28,314.3,315.8,312.7,314.3
1994-11-29,316.5,318.1,314.9,316.5
1994-11-30,317.2,318.8,315.7,317.2
1994-12-01,316.8,318.4,315.2,316.8
1994-12-02,313.4,314.9,311.8,313.4
1994-12-05,313.6,315.1,312.0,313.6
1994-12-06,315.7,317.2,314.1,315.7
1994-12-07,316.6,318.2,315.0,316.6
1994-12-08,315.7,317.3,314.2,315.7
1994-12-09,315.6,317.2,314.1,315.6
1994-12-12,314.7,316.3,313.1,314.7
1994-12-13,314.9,316.5,313.4,314.9
1994-12-14,314.1,315.7,312.6,314.1
1994-12-15,315.8,317.4,314.3,315.8
1994-12-16,315.8,317.4,314.2,315.8
1994-12-19,315.8,317.4,314.3,315.8
1994-12-20,314.6,316.2,313.0,314.6
1994-12-21,313.9,315.5,312.4,313.9
1994-12-22,312.4,313.9,310.8,312.4
1994-12-23,314.1,315.7,312.5,314.1
1994-12-26,313.3,314.8,311.7,313.3
1994-12-27,313.4,314.9,311.8,313.4
1994-12-28,311.3,312.9,309.8,311.3
1994-12-29,309.8,311.3,308.2,309.8
1994-12-30,309.6,311.1,308.0,309.6
1995-01-02,309.2,310.8,307.7,309.2
1995-01-03,309.6,311.2,308.1,309.6
1995-01-04,312.2,313.8,310.6,312.2
1995-01-05,309.6,311.2,308.1,309.6
1995-01-06,310.9,312.5,309.4,310.9
1995-01-09,311.5,313.0,309.9,311.5
1995-01-10,310.7,312.2,309.1,310.7
1995-01-11,310.1,311.7,308.6,310.1
1995-01-12,311.6,313.1,310.0,311.6
1995-01-13,311.5,313.0,309.9,311.5
1995-01-16,311.0,312.5,309.4,311.0
1995-01-17,309.6,311.2,308.1,309.6
1995-01-18,308.6,310.2,307.1,308.6
1995-01-19,307.2,308.8,305.7,307.2
1995-01-20,308.5,310.0,307.0,308.5
1995-01-23,307.5,309.1,306.0,307.5
1995-01-24,306.2,307.7,304.7,306.2
1995-01-25,306.6,308.2,305.1,306.6
1995-01-26,305.8,307.3,304.3,305.8
1995-01-27,308.0,309.5,306.4,308.0
1995-01-30,308.0,309.6,306.5,308.0
1995-01-31,308.4,309.9,306.9,308.4
1995-02-01,308.8,310.3,307.2,308.8
1995-02-02,309.5,311.1,308.0,309.5
1995-02-03,310.5,312.0,308.9,310.5
1995-02-06,310.4,311.9,308.8,310.4
1995-02-07,309.1,310.7,307.6,309.1
1995-02-08,309.0,310.5,307.4,309.0
1995-02-09,309.1,310.6,307.5,309.1
1995-02-10,307.1,308.6,305.5,307.1
1995-02-13,304.5,306.1,303.0,304.5
1995-02-14,303.3,304.8,301.8,303.3
1995-02-15,301.2,302.7,299.7,301.2
1995-02-16,301.0,302.5,299.5,301.0
1995-02-17,300.5,302.0,299.0,300.5
1995-02-20,301.0,302.5,299.4,301.0
1995-02-21,302.3,303.8,300.7,302.3
1995-02-22,303.0,304.5,301.5,303.0
1995-02-23,303.8,305.3,302.3,303.8
1995-02-24,305.3,306.8,303.7,305.3
1995-02-27,305.0,306.5,303.5,305.0
1995-02-28,302.0,303.5,300.5,302.0
1995-03-01,300.1,301.6,298.6,300.1
1995-03-02,301.1,302.6,299.6,301.1
1995-03-03,301.8,303.3,300.3,301.8
1995-03-06,302.9,304.4,301.4,302.9
1995-03-07,306.7,308.3,305.2,306.7
1995-03-08,307.1,308.6,305.6,307.1
1995-03-09,307.1,308.6,305.5,307.1
1995-03-10,307.6,309.1,306.0,307.6
1995-03-13,306.1,307.6,304.5,306.1
1995-03-14,307.1,308.7,305.6,307.1
1995-03-15,307.0,308.5,305.5,307.0
1995-03-16,309.1,310.7,307.6,309.1
1995-03-17,307.1,308.7,305.6,307.1
1995-03-20,307.1,308.7,305.6,307.1
1995-03-21,306.4,307.9,304.9,306.4
1995-03-22,305.2,306.7,303.6,305.2
1995-03-23,306.1,307.6,304.6,306.1
1995-03-24,305.8,307.3,304.3,305.8
1995-03-27,307.5,309.0,305.9,307.5
1995-03-28,306.9,308.4,305.3,306.9
1995-03-29,306.4,308.0,304.9,306.4
1995-03-30,309.0,310.5,307.4,309.0
1995-03-31,307.3,308.8,305.7,307.3
1995-04-03,306.3,307.8,304.7,306.3
1995-04-04,302.5,304.0,301.0,302.5
1995-04-05,302.2,303.8,300.7,302.2
1995-04-06,303.4,304.9,301.9,303.4
1995-04-07,304.1,305.6,302.6,304.1
1995-04-10,304.4,305.9,302.8,304.4
1995-04-11,303.4,305.0,301.9,303.4
1995-04-12,303.4,304.9,301.9,303.4
1995-04-13,303.1,304.6,301.6,303.1
1995-04-14,303.3,304.8,301.8,303.3
1995-04-17,303.7,305.2,302.1,303.7
1995-04-18,303.4,304.9,301.9,303.4
1995-04-19,303.6,305.2,302.1,303.6
1995-04-20,303.7,305.2,302.2,303.7
1995-04-21,303.0,304.5,301.5,303.0
1995-04-24,303.3,304.8,301.7,303.3
1995-04-25,301.9,303.4,300.4,301.9
1995-04-26,302.3,303.9,300.8,302.3
1995-04-27,301.2,302.7,299.7,301.2
1995-04-28,301.5,303.0,300.0,301.5
1995-05-01,302.2,303.7,300.7,302.2
1995-05-02,301.3,302.8,299.8,301.3
1995-05-03,302.8,304.4,301.3,302.8
1995-05-04,305.2,306.7,303.7,305.2
1995-05-05,304.5,306.0,303.0,304.5
1995-05-08,304.3,305.9,302.8,304.3
1995-05-09,305.9,307.5,304.4,305.9
1995-05-10,303.8,305.3,302.2,303.8
1995-05-11,303.9,305.4,302.4,303.9
1995-05-12,303.7,305.2,302.2,303.7
1995-05-15,304.8,306.4,303.3,304.8
1995-05-16,304.6,306.1,303.1,304.6
1995-05-17,305.2,306.8,303.7,305.2
1995-05-18,304.3,305.8,302.7,304.3
1995-05-19,305.5,307.0,304.0,305.5
1995-05-22,304.1,305.6,302.6,304.1
1995-05-23,305.3,306.8,303.7,305.3
1995-05-24,305.4,306.9,303.9,305.4
1995-05-25,302.5,304.0,301.0,302.5
1995-05-26,302.8,304.3,301.2,302.8
1995-05-29,303.6,305.1,302.1,303.6
1995-05-30,302.2,303.7,300.7,302.2
1995-05-31,301.3,302.8,299.8,301.3
1995-06-01,301.7,303.2,300.1,301.7
1995-06-02,301.2,302.7,299.7,301.2
1995-06-05,301.8,303.3,300.3,301.8
1995-06-06,301.7,303.2,300.2,301.7
1995-06-07,300.3,301.8,298.8,300.3
1995-06-08,303.4,304.9,301.9,303.4
1995-06-09,303.0,304.6,301.5,303.0
1995-06-12,303.2,304.8,301.7,303.2
1995-06-13,305.5,307.0,304.0,305.5
1995-06-14,306.5,308.1,305.0,306.5
1995-06-15,307.1,308.7,305.6,307.1
1995-06-16,308.3,309.9,306.8,308.3
1995-06-19,308.8,310.3,307.2,308.8
1995-06-20,309.2,310.8,307.7,309.2
1995-06-21,309.7,311.3,308.2,309.7
1995-06-22,309.3,310.8,307.7,309.3
1995-06-23,310.3,311.9,308.8,310.3
1995-06-26,310.8,312.4,309.3,310.8
1995-06-27,307.7,309.2,306.2,307.7
1995-06-28,308.6,310.1,307.0,308.6
1995-06-29,307.4,308.9,305.9,307.4
1995-06-30,307.6,309.1,306.0,307.6
1995-07-03,305.3,306.8,303.8,305.3
1995-07-04,304.5,306.0,303.0,304.5
1995-07-05,304.1,305.6,302.5,304.1
1995-07-06,304.7,306.3,303.2,304.7
1995-07-07,304.0,305.5,302.5,304.0
1995-07-10,301.3,302.8,299.8,301.3
1995-07-11,300.8,302.3,299.3,300.8
1995-07-12,300.5,302.0,299.0,300.5
1995-07-13,301.5,303.0,300.0,301.5
1995-07-14,301.8,303.3,300.3,301.8
1995-07-17,300.9,302.4,299.4,300.9
1995-07-18,301.4,302.9,299.9,301.4
1995-07-19,303.7,305.2,302.2,303.7
1995-07-20,305.2,306.7,303.6,305.2
1995-07-21,302.8,304.3,301.2,302.8
1995-07-24,305.7,307.3,304.2,305.7
1995-07-25,307.1,308.6,305.5,307.1
1995-07-26,308.8,310.4,307.3,308.8
1995-07-27,306.7,308.2,305.2,306.7
1995-07-28,306.0,307.6,304.5,306.0
1995-07-31,306.6,308.1,305.0,306.6
1995-08-01,305.1,306.6,303.5,305.1
1995-08-02,305.6,307.1,304.1,305.6
1995-08-03,307.5,309.0,305.9,307.5
1995-08-04,306.9,308.4,305.3,306.9
1995-08-07,308.7,310.2,307.1,308.7
1995-08-08,309.2,310.8,307.7,309.2
1995-08-09,306.7,308.2,305.1,306.7
1995-08-10,305.4,307.0,303.9,305.4
1995-08-11,306.7,308.2,305.1,306.7
1995-08-14,305.1,306.7,303.6,305.1
1995-08-15,306.3,307.9,304.8,306.3
1995-08-16,306.9,308.4,305.4,306.9
1995-08-17,307.1,308.6,305.5,307.1
1995-08-18,306.2,307.7,304.6,306.2
1995-08-21,306.3,307.8,304.7,306.3
1995-08-22,308.1,309.7,306.6,308.1
1995-08-23,307.4,308.9,305.8,307.4
1995-08-24,307.9,309.4,306.3,307.9
1995-08-25,310.0,311.6,308.5,310.0
1995-08-28,309.9,311.4,308.4,309.9
1995-08-29,308.9,310.5,307.4,308.9
1995-08-30,308.0,309.5,306.4,308.0
1995-08-31,305.2,306.7,303.6,305.2
1995-09-01,303.6,305.1,302.1,303.6
1995-09-04,303.8,305.4,302.3,303.8
1995-09-05,304.9,306.5,303.4,304.9
1995-09-06,304.3,305.8,302.7,304.3
1995-09-07,305.3,306.8,303.8,305.3
1995-09-08,306.2,307.8,304.7,306.2
1995-09-11,305.0,306.5,303.5,305.0
1995-09-12,304.1,305.7,302.6,304.1
1995-09-13,302.4,303.9,300.9,302.4
1995-09-14,303.3,304.8,301.7,303.3
1995-09-15,303.2,304.7,301.7,303.2
1995-09-18,304.1,305.6,302.6,304.1
1995-09-19,303.9,305.4,302.4,303.9
1995-09-20,302.7,304.2,301.1,302.7
1995-09-21,303.5,305.1,302.0,303.5
1995-09-22,301.0,302.5,299.5,301.0
1995-09-25,300.6,302.1,299.1,300.6
1995-09-26,299.7,301.2,298.2,299.7
1995-09-27,301.6,303.1,300.1,301.6
1995-09-28,303.7,305.2,302.2,303.7
1995-09-29,304.1,305.6,302.6,304.1
1995-10-02,303.1,304.7,301.6,303.1
1995-10-03,305.1,306.6,303.6,305.1
1995-10-04,304.1,305.6,302.6,304.1
1995-10-05,302.2,303.8,300.7,302.2
1995-10-06,299.8,301.3,298.3,299.8
1995-10-09,299.9,301.4,298.4,299.9
1995-10-10,297.9,299.4,296.4,297.9
1995-10-11,299.7,301.2,298.2,299.7
1995-10-12,299.1,300.6,297.6,299.1
1995-10-13,297.6,299.1,296.1,297.6
1995-10-16,299.0,300.5,297.5,299.0
1995-10-17,300.2,301.7,298.7,300.2
1995-10-18,302.2,303.7,300.7,302.2
1995-10-19,300.0,301.5,298.5,300.0
1995-10-20,297.8,299.3,296.3,297.8
1995-10-23,299.7,301.2,298.2,299.7
1995-10-24,296.4,297.8,294.9,296.4
1995-10-25,295.1,296.6,293.6,295.1
1995-10-26,295.4,296.9,293.9,295.4
1995-10-27,294.0,295.5,292.6,294.0
1995-10-30,294.5,296.0,293.1,294.5
1995-10-31,293.4,294.9,292.0,293.4
1995-11-01,295.3,296.8,293.9,295.3
1995-11-02,296.4,297.9,294.9,296.4
1995-11-03,296.9,298.4,295.5,296.9
1995-11-06,296.6,298.1,295.1,296.6
1995-11-07,295.5,297.0,294.0,295.5
1995-11-08,295.6,297.0,294.1,295.6
1995-11-09,294.3,295.8,292.8,294.3
1995-11-10,296.9,298.3,295.4,296.9
1995-11-13,297.3,298.8,295.8,297.3
1995-11-14,296.4,297.9,294.9,296.4
1995-11-15,298.4,299.9,296.9,298.4
1995-11-16,298.4,299.9,296.9,298.4
1995-11-17,300.1,301.6,298.6,300.1
1995-11-20,301.7,303.2,300.2,301.7
1995-11-21,302.1,303.6,300.6,302.1
1995-11-22,300.4,301.9,298.9,300.4
1995-11-23,299.7,301.2,298.2,299.7
1995-11-24,303.9,305.5,302.4,303.9
1995-11-27,303.0,304.5,301.4,303.0
1995-11-28,302.5,304.0,300.9,302.5
1995-11-29,301.7,303.2,300.2,301.7
1995-11-30,300.5,302.0,299.0,300.5
1995-12-01,301.2,302.7,299.7,301.2
1995-12-04,299.4,300.9,297.9,299.4
1995-12-05,298.4,299.9,296.9,298.4
1995-12-06,298.8,300.3,297.3,298.8
1995-12-07,298.5,300.0,297.0,298.5
1995-12-08,298.7,300.2,297.2,298.7
1995-12-11,298.6,300.1,297.1,298.6
1995-12-12,297.2,298.6,295.7,297.2
1995-12-13,299.0,300.5,297.5,299.0
1995-12-14,300.3,301.8,298.8,300.3
1995-12-15,299.1,300.6,297.6,299.1
1995-12-18,299.5,301.0,298.0,299.5
1995-12-19,298.9,300.4,297.4,298.9
1995-12-20,300.1,301.6,298.6,300.1
1995-12-21,301.1,302.6,299.6,301.1
1995-12-22,302.4,303.9,300.9,302.4
1995-12-25,301.0,302.5,299.5,301.0
1995-12-26,299.2,300.7,297.7,299.2
1995-12-27,297.0,298.4,295.5,297.0
1995-12-28,300.2,301.7,298.7,300.2
1995-12-29,301.2,302.7,299.7,301.2
1996-01-01,302.4,303.9,300.9,302.4
1996-01-02,300.5,302.0,299.0,300.5
1996-01-03,301.1,302.6,299.6,301.1
1996-01-04,298.9,300.4,297.4,298.9
1996-01-05,299.4,300.9,297.9,299.4
1996-01-08,299.2,300.7,297.7,299.2
1996-01-09,298.8,300.3,297.3,298.8
1996-01-10,298.1,299.6,296.6,298.1
1996-01-11,299.4,300.9,298.0,299.4
1996-01-12,298.7,300.2,297.2,298.7
1996-01-15,300.2,301.7,298.7,300.2
1996-01-16,300.0,301.5,298.5,300.0
1996-01-17,300.3,301.8,298.8,300.3
1996-01-18,300.8,302.3,299.3,300.8
1996-01-19,301.2,302.7,299.7,301.2
1996-01-22,301.2,302.7,299.7,301.2
1996-01-23,303.5,305.0,302.0,303.5
1996-01-24,304.5,306.1,303.0,304.5
1996-01-25,301.1,302.6,299.6,301.1
1996-01-26,300.7,302.2,299.1,300.7
1996-01-29,302.2,303.7,300.6,302.2
1996-01-30,300.9,302.4,299.4,300.9
1996-01-31,300.7,302.2,299.2,300.7
1996-02-01,300.6,302.1,299.1,300.6
1996-02-02,302.3,303.8,300.8,302.3
1996-02-05,300.7,302.2,299.2,300.7
1996-02-06,299.4,300.9,297.9,299.4
1996-02-07,299.9,301.4,298.4,299.9
1996-02-08,300.1,301.6,298.6,300.1
1996-02-09,300.6,302.1,299.1,300.6
1996-02-12,300.7,302.2,299.2,300.7
1996-02-13,300.3,301.8,298.8,300.3
1996-02-14,300.8,302.3,299.3,300.8
1996-02-15,300.8,302.3,299.3,300.8
1996-02-16,300.3,301.8,298.8,300.3
1996-02-19,299.9,301.4,298.4,299.9
1996-02-20,299.1,300.6,297.6,299.1
1996-02-21,298.1,299.6,296.6,298.1
1996-02-22,298.6,300.1,297.1,298.6
1996-02-23,296.9,298.4,295.5,296.9
1996-02-26,297.6,299.1,296.1,297.6
1996-02-27,297.2,298.7,295.7,297.2
1996-02-28,297.0,298.5,295.5,297.0
1996-02-29,296.8,298.2,295.3,296.8
1996-03-01,297.2,298.7,295.8,297.2
1996-03-04,298.8,300.3,297.3,298.8
1996-03-05,300.8,302.3,299.3,300.8
1996-03-06,301.8,303.3,300.3,301.8
1996-03-07,301.6,303.1,300.0,301.6
1996-03-08,302.2,303.7,300.7,302.2
1996-03-11,299.4,300.9,297.9,299.4
1996-03-12,299.9,301.4,298.4,299.9
1996-03-13,300.1,301.6,298.6,300.1
1996-03-14,298.0,299.5,296.6,298.0
1996-03-15,297.2,298.7,295.7,297.2
1996-03-18,297.4,298.8,295.9,297.4
1996-03-19,297.7,299.2,296.2,297.7
1996-03-20,298.7,300.2,297.2,298.7
1996-03-21,300.5,302.0,299.0,300.5
1996-03-22,300.0,301.5,298.5,300.0
1996-03-25,298.3,299.8,296.8,298.3
1996-03-26,299.1,300.6,297.6,299.1
1996-03-27,300.4,301.9,298.9,300.4
1996-03-28,301.6,303.1,300.1,301.6
1996-03-29,301.8,303.3,300.3,301.8
1996-04-01,303.8,305.3,302.3,303.8
1996-04-02,303.0,304.5,301.5,303.0
1996-04-03,304.5,306.0,302.9,304.5
1996-04-04,302.6,304.1,301.1,302.6
1996-04-05,299.5,301.0,298.0,299.5
1996-04-08,297.8,299.3,296.3,297.8
1996-04-09,296.9,298.4,295.4,296.9
1996-04-10,296.8,298.3,295.3,296.8
1996-04-11,295.6,297.0,294.1,295.6
1996-04-12,295.6,297.1,294.2,295.6
1996-04-15,296.3,297.7,294.8,296.3
1996-04-16,296.6,298.0,295.1,296.6
1996-04-17,296.3,297.7,294.8,296.3
1996-04-18,297.6,299.0,296.1,297.6
1996-04-19,296.4,297.9,295.0,296.4
1996-04-22,295.9,297.4,294.5,295.9
1996-04-23,295.2,296.7,293.7,295.2
1996-04-24,295.9,297.4,294.4,295.9
1996-04-25,295.3,296.8,293.8,295.3
1996-04-26,295.7,297.1,294.2,295.7
1996-04-29,296.4,297.9,295.0,296.4
1996-04-30,295.7,297.2,294.2,295.7
1996-05-01,293.7,295.2,292.2,293.7
1996-05-02,293.4,294.9,292.0,293.4
1996-05-03,292.5,293.9,291.0,292.5
1996-05-06,291.7,293.2,290.2,291.7
1996-05-07,288.9,290.3,287.4,288.9
1996-05-08,287.2,288.6,285.7,287.2
1996-05-09,288.4,289.9,287.0,288.4
1996-05-10,287.6,289.0,286.1,287.6
1996-05-13,289.1,290.6,287.7,289.1
1996-05-14,288.5,289.9,287.0,288.5
1996-05-15,289.3,290.7,287.8,289.3
1996-05-16,289.2,290.6,287.7,289.2
1996-05-17,290.1,291.6,288.7,290.1
1996-05-20,289.9,291.3,288.4,289.9
1996-05-21,290.3,291.7,288.8,290.3
1996-05-22,291.8,293.3,290.4,291.8
1996-05-23,292.4,293.9,291.0,292.4
1996-05-24,291.6,293.1,290.2,291.6
1996-05-27,289.4,290.9,288.0,289.4
1996-05-28,289.4,290.9,288.0,289.4
1996-05-29,290.1,291.5,288.6,290.1
1996-05-30,290.4,291.8,288.9,290.4
1996-05-31,289.5,290.9,288.0,289.5
1996-06-03,289.7,291.2,288.3,289.7
1996-06-04,290.6,292.1,289.2,290.6
1996-06-05,292.3,293.8,290.9,292.3
1996-06-06,292.1,293.5,290.6,292.1
1996-06-07,295.0,296.4,293.5,295.0
1996-06-10,296.4,297.9,295.0,296.4
1996-06-11,296.4,297.9,294.9,296.4
1996-06-12,296.5,298.0,295.0,296.5
1996-06-13,297.9,299.4,296.4,297.9
1996-06-14,296.5,298.0,295.0,296.5
1996-06-17,295.2,296.7,293.8,295.2
1996-06-18,293.6,295.0,292.1,293.6
1996-06-19,293.2,294.6,291.7,293.2
1996-06-20,292.1,293.5,290.6,292.1
1996-06-21,291.6,293.1,290.2,291.6
1996-06-24,291.5,293.0,290.1,291.5
1996-06-25,289.9,291.4,288.5,289.9
1996-06-26,291.6,293.1,290.1,291.6
1996-06-27,293.0,294.4,291.5,293.0
1996-06-28,292.4,293.8,290.9,292.4
1996-07-01,294.0,295.4,292.5,294.0
1996-07-02,294.3,295.7,292.8,294.3
1996-07-03,295.4,296.9,293.9,295.4
1996-07-04,293.6,295.1,292.1,293.6
1996-07-05,293.1,294.6,291.6,293.1
1996-07-08,293.7,295.1,292.2,293.7
1996-07-09,293.3,294.8,291.9,293.3
1996-07-10,293.0,294.5,291.5,293.0
1996-07-11,292.8,294.2,291.3,292.8
1996-07-12,293.1,294.6,291.7,293.1
1996-07-15,293.1,294.5,291.6,293.1
1996-07-16,294.8,296.2,293.3,294.8
1996-07-17,293.4,294.9,291.9,293.4
1996-07-18,293.4,294.9,291.9,293.4
1996-07-19,294.1,295.5,292.6,294.1
1996-07-22,292.4,293.8,290.9,292.4
1996-07-23,291.9,293.3,290.4,291.9
1996-07-24,292.0,293.5,290.6,292.0
1996-07-25,293.7,295.2,292.2,293.7
1996-07-26,293.7,295.1,292.2,293.7
1996-07-29,294.3,295.8,292.9,294.3
1996-07-30,295.1,296.6,293.6,295.1
1996-07-31,291.6,293.1,290.2,291.6
1996-08-01,291.7,293.1,290.2,291.7
1996-08-02,291.1,292.5,289.6,291.1
1996-08-05,292.7,294.2,291.3,292.7
1996-08-06,293.4,294.9,291.9,293.4
1996-08-07,294.2,295.7,292.8,294.2
1996-08-08,294.6,296.1,293.2,294.6
1996-08-09,294.5,296.0,293.1,294.5
1996-08-12,295.2,296.7,293.7,295.2
1996-08-13,294.9,296.4,293.4,294.9
1996-08-14,296.1,297.6,294.7,296.1
1996-08-15,294.6,296.0,293.1,294.6
1996-08-16,295.5,297.0,294.1,295.5
1996-08-19,294.7,296.2,293.3,294.7
1996-08-20,295.3,296.7,293.8,295.3
1996-08-21,293.2,294.6,291.7,293.2
1996-08-22,293.3,294.8,291.8,293.3
1996-08-23,292.9,294.4,291.5,292.9
1996-08-26,292.6,294.1,291.2,292.6
1996-08-27,290.4,291.9,289.0,290.4
1996-08-28,290.4,291.8,288.9,290.4
1996-08-29,290.5,291.9,289.0,290.5
1996-08-30,288.3,289.8,286.9,288.3
1996-09-02,287.0,288.4,285.6,287.0
1996-09-03,287.3,288.7,285.9,287.3
1996-09-04,287.9,289.3,286.4,287.9
1996-09-05,287.9,289.3,286.4,287.9
1996-09-06,288.0,289.4,286.5,288.0
1996-09-09,288.0,289.4,286.5,288.0
1996-09-10,287.4,288.8,285.9,287.4
1996-09-11,287.2,288.7,285.8,287.2
1996-09-12,285.7,287.1,284.3,285.7
1996-09-13,285.2,286.6,283.7,285.2
1996-09-16,285.2,286.7,283.8,285.2
1996-09-17,286.8,288.3,285.4,286.8
1996-09-18,286.8,288.2,285.3,286.8
1996-09-19,289.2,290.7,287.8,289.2
1996-09-20,291.4,292.9,290.0,291.4
1996-09-23,291.3,292.8,289.8,291.3
1996-09-24,290.7,292.1,289.2,290.7
1996-09-25,293.2,294.6,291.7,293.2
1996-09-26,293.8,295.3,292.3,293.8
1996-09-27,294.0,295.5,292.6,294.0
1996-09-30,292.8,294.3,291.4,292.8
1996-10-01,292.1,293.5,290.6,292.1
1996-10-02,290.7,292.2,289.3,290.7
1996-10-03,292.3,293.8,290.8,292.3
1996-10-04,292.7,294.1,291.2,292.7
1996-10-07,292.0,293.5,290.5,292.0
1996-10-08,291.2,292.7,289.8,291.2
1996-10-09,289.9,291.4,288.5,289.9
1996-10-10,289.7,291.2,288.3,289.7
1996-10-11,289.8,291.3,288.4,289.8
1996-10-14,287.0,288.5,285.6,287.0
1996-10-15,286.0,287.4,284.5,286.0
1996-10-16,285.3,286.7,283.8,285.3
1996-10-17,286.6,288.1,285.2,286.6
1996-10-18,286.0,287.5,284.6,286.0
1996-10-21,284.0,285.4,282.5,284.0
1996-10-22,282.9,284.3,281.4,282.9
1996-10-23,285.1,286.5,283.6,285.1
1996-10-24,284.8,286.2,283.3,284.8
1996-10-25,283.7,285.1,282.3,283.7
1996-10-28,281.9,283.3,280.5,281.9
1996-10-29,282.2,283.6,280.7,282.2
1996-10-30,282.6,284.0,281.1,282.6
1996-10-31,283.3,284.7,281.9,283.3
1996-11-01,286.6,288.1,285.2,286.6
1996-11-04,285.2,286.6,283.7,285.2
1996-11-05,284.8,286.2,283.4,284.8
1996-11-06,285.3,286.7,283.8,285.3
1996-11-07,284.8,286.3,283.4,284.8
1996-11-08,282.6,284.0,281.1,282.6
1996-11-11,283.3,284.7,281.9,283.3
1996-11-12,282.7,284.1,281.3,282.7
1996-11-13,281.7,283.1,280.3,281.7
1996-11-14,280.9,282.3,279.5,280.9
1996-11-15,283.0,284.4,281.6,283.0
1996-11-18,284.6,286.0,283.2,284.6
1996-11-19,283.4,284.8,282.0,283.4
1996-11-20,281.6,283.0,280.2,281.6
1996-11-21,282.8,284.3,281.4,282.8
1996-11-22,285.4,286.8,284.0,285.4
1996-11-25,288.0,289.5,286.6,288.0
1996-11-26,286.3,287.7,284.9,286.3
1996-11-27,287.9,289.3,286.4,287.9
1996-11-28,287.8,289.2,286.3,287.8
1996-11-29,285.5,286.9,284.0,285.5
1996-12-02,284.4,285.8,283.0,284.4
1996-12-03,283.6,285.0,282.2,283.6
1996-12-04,284.3,285.7,282.8,284.3
1996-12-05,282.8,284.2,281.4,282.8
1996-12-06,284.0,285.4,282.6,284.0
1996-12-09,284.6,286.0,283.1,284.6
1996-12-10,285.8,287.2,284.4,285.8
1996-12-11,285.0,286.5,283.6,285.0
1996-12-12,285.5,286.9,284.1,285.5
1996-12-13,284.3,285.7,282.9,284.3
1996-12-16,285.1,286.5,283.7,285.1
1996-12-17,284.8,286.3,283.4,284.8
1996-12-18,284.7,286.1,283.3,284.7
1996-12-19,284.7,286.1,283.3,284.7
1996-12-20,282.7,284.1,281.3,282.7
1996-12-23,284.2,285.6,282.7,284.2
1996-12-24,284.3,285.7,282.9,284.3
1996-12-25,285.7,287.1,284.3,285.7
1996-12-26,287.0,288.4,285.5,287.0
1996-12-27,285.9,287.4,284.5,285.9
1996-12-30,285.5,286.9,284.1,285.5
1996-12-31,283.7,285.1,282.3,283.7
1997-01-01,285.2,286.6,283.8,285.2
1997-01-02,285.5,287.0,284.1,285.5
1997-01-03,285.7,287.2,284.3,285.7
1997-01-06,285.3,286.7,283.9,285.3
1997-01-07,284.2,285.6,282.8,284.2
1997-01-08,285.7,287.1,284.2,285.7
1997-01-09,287.9,289.3,286.5,287.9
1997-01-10,289.2,290.7,287.8,289.2
1997-01-13,288.7,290.2,287.3,288.7
1997-01-14,289.0,290.4,287.5,289.0
1997-01-15,290.0,291.4,288.5,290.0
1997-01-16,289.8,291.2,288.3,289.8
1997-01-17,291.7,293.2,290.3,291.7
1997-01-20,292.7,294.2,291.3,292.7
1997-01-21,295.5,296.9,294.0,295.5
1997-01-22,295.1,296.6,293.7,295.1
1997-01-23,291.8,293.3,290.4,291.8
1997-01-24,291.5,293.0,290.1,291.5
1997-01-27,290.6,292.1,289.2,290.6
1997-01-28,290.5,292.0,289.1,290.5
1997-01-29,292.2,293.7,290.7,292.2
1997-01-30,291.2,292.6,289.7,291.2
1997-01-31,289.9,291.3,288.4,289.9
1997-02-03,288.8,290.2,287.3,288.8
1997-02-04,291.0,292.4,289.5,291.0
1997-02-05,290.1,291.5,288.6,290.1
1997-02-06,290.1,291.5,288.6,290.1
1997-02-07,291.8,293.3,290.4,291.8
1997-02-10,292.1,293.6,290.7,292.1
1997-02-11,289.1,290.6,287.7,289.1
1997-02-12,288.3,289.7,286.8,288.3
1997-02-13,287.3,288.7,285.9,287.3
1997-02-14,285.1,286.6,283.7,285.1
1997-02-17,284.4,285.9,283.0,284.4
1997-02-18,281.3,282.7,279.9,281.3
1997-02-19,281.8,283.2,280.3,281.8
1997-02-20,281.8,283.2,280.4,281.8
1997-02-21,281.1,282.5,279.7,281.1
1997-02-24,279.1,280.5,277.7,279.1
1997-02-25,280.9,282.3,279.5,280.9
1997-02-26,280.3,281.7,278.9,280.3
1997-02-27,281.7,283.1,280.3,281.7
1997-02-28,281.6,283.0,280.2,281.6
1997-03-03,283.2,284.6,281.8,283.2
1997-03-04,283.8,285.2,282.4,283.8
1997-03-05,283.9,285.3,282.5,283.9
1997-03-06,282.9,284.3,281.5,282.9
1997-03-07,284.3,285.8,282.9,284.3
1997-03-10,283.9,285.4,282.5,283.9
1997-03-11,283.0,284.4,281.5,283.0
1997-03-12,282.7,284.2,281.3,282.7
1997-03-13,282.7,284.1,281.3,282.7
1997-03-14,283.7,285.1,282.2,283.7
1997-03-17,281.4,282.8,280.0,281.4
1997-03-18,284.1,285.6,282.7,284.1
1997-03-19,284.6,286.0,283.1,284.6
1997-03-20,284.4,285.8,283.0,284.4
1997-03-21,284.8,286.2,283.4,284.8
1997-03-24,282.9,284.3,281.5,282.9
1997-03-25,283.0,284.4,281.6,283.0
1997-03-26,283.7,285.1,282.2,283.7
1997-03-27,283.2,284.6,281.8,283.2
1997-03-28,283.8,285.2,282.3,283.8
1997-03-31,284.5,285.9,283.1,284.5
1997-04-01,283.6,285.0,282.1,283.6
1997-04-02,284.9,286.3,283.4,284.9
1997-04-03,284.6,286.1,283.2,284.6
1997-04-04,286.6,288.1,285.2,286.6
1997-04-07,287.8,289.2,286.4,287.8
1997-04-08,288.0,289.4,286.5,288.0
1997-04-09,286.7,288.1,285.3,286.7
1997-04-10,286.3,287.8,284.9,286.3
1997-04-11,287.2,288.7,285.8,287.2
1997-04-14,286.2,287.7,284.8,286.2
1997-04-15,286.5,287.9,285.0,286.5
1997-04-16,286.8,288.3,285.4,286.8
1997-04-17,286.4,287.8,285.0,286.4
1997-04-18,285.2,286.7,283.8,285.2
1997-04-21,286.8,288.2,285.3,286.8
1997-04-22,287.0,288.4,285.6,287.0
1997-04-23,286.4,287.8,284.9,286.4
1997-04-24,285.2,286.6,283.8,285.2
1997-04-25,286.0,287.4,284.6,286.0
1997-04-28,285.6,287.0,284.2,285.6
1997-04-29,286.5,287.9,285.0,286.5
1997-04-30,285.1,286.6,283.7,285.1
1997-05-01,285.2,286.7,283.8,285.2
1997-05-02,284.5,285.9,283.1,284.5
1997-05-05,286.2,287.6,284.7,286.2
1997-05-06,286.3,287.7,284.9,286.3
1997-05-07,284.9,286.3,283.5,284.9
1997-05-08,285.7,287.2,284.3,285.7
1997-05-09,286.9,288.3,285.4,286.9
1997-05-12,286.1,287.5,284.7,286.1
1997-05-13,284.9,286.3,283.5,284.9
1997-05-14,282.2,283.6,280.8,282.2
1997-05-15,283.3,284.7,281.9,283.3
1997-05-16,281.2,282.6,279.8,281.2
1997-05-19,281.0,282.4,279.6,281.0
1997-05-20,279.0,280.4,277.6,279.0
1997-05-21,281.1,282.5,279.7,281.1
1997-05-22,282.6,284.0,281.1,282.6
1997-05-23,282.8,284.2,281.4,282.8
1997-05-26,283.7,285.2,282.3,283.7
1997-05-27,283.4,284.8,282.0,283.4
1997-05-28,282.3,283.7,280.9,282.3
1997-05-29,280.3,281.7,278.9,280.3
1997-05-30,281.1,282.6,279.7,281.1
1997-06-02,279.9,281.3,278.5,279.9
1997-06-03,282.7,284.1,281.3,282.7
1997-06-04,281.3,282.7,279.9,281.3
1997-06-05,282.4,283.8,280.9,282.4
1997-06-06,283.6,285.1,282.2,283.6
1997-06-09,281.9,283.3,280.5,281.9
1997-06-10,281.2,282.6,279.8,281.2
1997-06-11,280.9,282.3,279.5,280.9
1997-06-12,284.7,286.1,283.3,284.7
1997-06-13,284.2,285.6,282.7,284.2
1997-06-16,282.6,284.0,281.2,282.6
1997-06-17,283.0,284.4,281.5,283.0
1997-06-18,281.6,283.0,280.2,281.6
1997-06-19,281.4,282.8,280.0,281.4
1997-06-20,280.8,282.2,279.4,280.8
1997-06-23,281.2,282.6,279.8,281.2
1997-06-24,280.5,281.9,279.1,280.5
1997-06-25,279.6,281.0,278.2,279.6
1997-06-26,280.8,282.2,279.4,280.8
1997-06-27,281.0,282.4,279.6,281.0
1997-06-30,280.8,282.3,279.4,280.8
1997-07-01,278.6,280.0,277.2,278.6
1997-07-02,279.3,280.7,277.9,279.3
1997-07-03,278.7,280.1,277.3,278.7
1997-07-04,279.0,280.4,277.6,279.0
1997-07-07,276.9,278.3,275.5,276.9
1997-07-08,277.3,278.6,275.9,277.3
1997-07-09,277.5,278.9,276.1,277.5
1997-07-10,277.3,278.7,275.9,277.3
1997-07-11,276.4,277.8,275.0,276.4
1997-07-14,277.7,279.1,276.3,277.7
1997-07-15,276.9,278.3,275.5,276.9
1997-07-16,278.0,279.4,276.6,278.0
1997-07-17,279.2,280.6,277.8,279.2
1997-07-18,278.2,279.6,276.8,278.2
1997-07-21,278.9,280.3,277.5,278.9
1997-07-22,278.4,279.8,277.0,278.4
1997-07-23,279.1,280.5,277.7,279.1
1997-07-24,278.0,279.4,276.6,278.0
1997-07-25,277.9,279.3,276.5,277.9
1997-07-28,277.9,279.3,276.5,277.9
1997-07-29,277.8,279.2,276.4,277.8
1997-07-30,278.3,279.6,276.9,278.3
1997-07-31,277.3,278.7,275.9,277.3
1997-08-01,276.7,278.1,275.4,276.7
1997-08-04,277.5,278.9,276.1,277.5
1997-08-05,277.1,278.4,275.7,277.1
1997-08-06,276.5,277.9,275.1,276.5
1997-08-07,275.6,277.0,274.3,275.6
1997-08-08,275.2,276.6,273.8,275.2
1997-08-11,274.1,275.5,272.7,274.1
1997-08-12,275.1,276.5,273.7,275.1
1997-08-13,274.7,276.1,273.3,274.7
1997-08-14,273.6,275.0,272.2,273.6
1997-08-15,273.6,274.9,272.2,273.6
1997-08-18,272.1,273.5,270.8,272.1
1997-08-19,271.4,272.8,270.1,271.4
1997-08-20,273.2,274.6,271.8,273.2
1997-08-21,272.2,273.6,270.8,272.2
1997-08-22,272.3,273.6,270.9,272.3
1997-08-25,274.9,276.3,273.5,274.9
1997-08-26,275.3,276.6,273.9,275.3
1997-08-27,274.8,276.1,273.4,274.8
1997-08-28,272.7,274.0,271.3,272.7
1997-08-29,273.1,274.4,271.7,273.1
1997-09-01,272.3,273.7,271.0,272.3
1997-09-02,273.2,274.5,271.8,273.2
1997-09-03,272.6,273.9,271.2,272.6
1997-09-04,273.1,274.5,271.7,273.1
1997-09-05,274.9,276.2,273.5,274.9
1997-09-08,275.6,277.0,274.2,275.6
1997-09-09,274.2,275.6,272.8,274.2
1997-09-10,274.4,275.8,273.0,274.4
1997-09-11,275.6,276.9,274.2,275.6
1997-09-12,273.9,275.3,272.5,273.9
1997-09-15,275.8,277.2,274.5,275.8
1997-09-16,276.0,277.4,274.6,276.0
1997-09-17,276.6,278.0,275.3,276.6
1997-09-18,276.2,277.6,274.9,276.2
1997-09-19,276.3,277.7,274.9,276.3
1997-09-22,275.2,276.6,273.8,275.2
1997-09-23,277.0,278.3,275.6,277.0
1997-09-24,278.9,280.3,277.5,278.9
1997-09-25,281.1,282.5,279.7,281.1
1997-09-26,278.9,280.3,277.5,278.9
1997-09-29,279.0,280.4,277.6,279.0
1997-09-30,279.3,280.7,277.9,279.3
1997-10-01,278.4,279.7,277.0,278.4
1997-10-02,278.6,280.0,277.2,278.6
1997-10-03,276.9,278.3,275.5,276.9
1997-10-06,278.4,279.8,277.0,278.4
1997-10-07,276.5,277.9,275.2,276.5
1997-10-08,276.8,278.1,275.4,276.8
1997-10-09,277.6,278.9,276.2,277.6
1997-10-10,276.8,278.2,275.4,276.8
1997-10-13,278.2,279.5,276.8,278.2
1997-10-14,276.0,277.4,274.6,276.0
1997-10-15,275.9,277.3,274.5,275.9
1997-10-16,274.0,275.4,272.6,274.0
1997-10-17,273.2,274.6,271.8,273.2
1997-10-20,272.7,274.1,271.3,272.7
1997-10-21,272.2,273.6,270.8,272.2
1997-10-22,273.7,275.1,272.4,273.7
1997-10-23,272.5,273.9,271.1,272.5
1997-10-24,270.9,272.3,269.5,270.9
1997-10-27,270.6,271.9,269.2,270.6
1997-10-28,270.9,272.2,269.5,270.9
1997-10-29,271.6,273.0,270.3,271.6
1997-10-30,273.1,274.4,271.7,273.1
1997-10-31,270.8,272.1,269.4,270.8
1997-11-03,272.8,274.1,271.4,272.8
1997-11-04,272.0,273.3,270.6,272.0
1997-11-05,271.8,273.1,270.4,271.8
1997-11-06,271.9,273.3,270.6,271.9
1997-11-07,269.7,271.0,268.3,269.7
1997-11-10,269.4,270.7,268.0,269.4
1997-11-11,270.7,272.1,269.3,270.7
1997-11-12,271.6,272.9,270.2,271.6
1997-11-13,271.2,272.5,269.8,271.2
1997-11-14,271.5,272.9,270.2,271.5
1997-11-17,272.1,273.5,270.7,272.1
1997-11-18,271.9,273.3,270.6,271.9
1997-11-19,272.6,273.9,271.2,272.6
1997-11-20,271.8,273.1,270.4,271.8
1997-11-21,270.8,272.2,269.5,270.8
1997-11-24,270.6,271.9,269.2,270.6
1997-11-25,268.1,269.4,266.8,268.1
1997-11-26,269.1,270.5,267.8,269.1
1997-11-27,269.5,270.8,268.1,269.5
1997-11-28,269.4,270.8,268.1,269.4
1997-12-01,270.4,271.8,269.1,270.4
1997-12-02,271.0,272.4,269.7,271.0
1997-12-03,272.3,273.7,271.0,272.3
1997-12-04,274.1,275.5,272.7,274.1
1997-12-05,274.4,275.8,273.1,274.4
1997-12-08,273.5,274.9,272.2,273.5
1997-12-09,274.3,275.7,272.9,274.3
1997-12-10,273.5,274.8,272.1,273.5
1997-12-11,272.6,274.0,271.3,272.6
1997-12-12,272.3,273.7,271.0,272.3
1997-12-15,273.6,275.0,272.2,273.6
1997-12-16,274.4,275.8,273.0,274.4
1997-12-17,275.3,276.7,273.9,275.3
1997-12-18,275.3,276.7,273.9,275.3
1997-12-19,275.8,277.2,274.4,275.8
1997-12-22,276.3,277.6,274.9,276.3
1997-12-23,275.3,276.7,274.0,275.3
1997-12-24,275.9,277.2,274.5,275.9
1997-12-25,275.7,277.1,274.3,275.7
1997-12-26,275.1,276.5,273.7,275.1
1997-12-29,274.5,275.9,273.2,274.5
1997-12-30,273.8,275.2,272.5,273.8
1997-12-31,273.5,274.8,272.1,273.5
1998-01-01,273.4,274.8,272.1,273.4
1998-01-02,274.1,275.5,272.7,274.1
1998-01-05,275.6,277.0,274.2,275.6
1998-01-06,276.1,277.5,274.7,276.1
1998-01-07,276.0,277.4,274.6,276.0
1998-01-08,273.6,275.0,272.3,273.6
1998-01-09,276.2,277.6,274.8,276.2
1998-01-12,275.2,276.6,273.8,275.2
1998-01-13,274.3,275.7,272.9,274.3
1998-01-14,275.6,276.9,274.2,275.6
1998-01-15,274.2,275.6,272.8,274.2
1998-01-16,274.5,275.9,273.1,274.5
1998-01-19,273.8,275.2,272.4,273.8
1998-01-20,273.4,274.8,272.1,273.4
1998-01-21,273.4,274.8,272.0,273.4
1998-01-22,272.0,273.4,270.7,272.0
1998-01-23,271.9,273.3,270.5,271.9
1998-01-26,272.9,274.3,271.6,272.9
1998-01-27,272.8,274.2,271.4,272.8
1998-01-28,276.6,277.9,275.2,276.6
1998-01-29,276.4,277.8,275.0,276.4
1998-01-30,274.9,276.2,273.5,274.9
1998-02-02,274.1,275.5,272.7,274.1
1998-02-03,271.8,273.2,270.5,271.8
1998-02-04,273.0,274.4,271.6,273.0
1998-02-05,274.7,276.0,273.3,274.7
1998-02-06,275.4,276.8,274.0,275.4
1998-02-09,274.2,275.6,272.9,274.2
1998-02-10,273.1,274.5,271.8,273.1
1998-02-11,273.9,275.2,272.5,273.9
1998-02-12,273.2,274.5,271.8,273.2
1998-02-13,272.1,273.5,270.8,272.1
1998-02-16,270.9,272.3,269.6,270.9
1998-02-17,273.0,274.3,271.6,273.0
1998-02-18,272.4,273.7,271.0,272.4
1998-02-19,273.2,274.6,271.8,273.2
1998-02-20,273.7,275.1,272.3,273.7
1998-02-23,272.6,273.9,271.2,272.6
1998-02-24,272.5,273.9,271.2,272.5
1998-02-25,271.4,272.7,270.0,271.4
1998-02-26,272.9,274.3,271.5,272.9
1998-02-27,271.8,273.2,270.4,271.8
1998-03-02,272.0,273.4,270.6,272.0
1998-03-03,271.4,272.7,270.0,271.4
1998-03-04,270.3,271.7,269.0,270.3
1998-03-05,271.5,272.9,270.2,271.5
1998-03-06,270.9,272.2,269.5,270.9
1998-03-09,268.8,270.2,267.5,268.8
1998-03-10,269.3,270.7,268.0,269.3
1998-03-11,268.6,270.0,267.3,268.6
1998-03-12,268.9,270.2,267.5,268.9
1998-03-13,269.9,271.2,268.5,269.9
1998-03-16,270.2,271.6,268.9,270.2
1998-03-17,271.2,272.5,269.8,271.2
1998-03-18,269.7,271.0,268.3,269.7
1998-03-19,271.0,272.4,269.7,271.0
1998-03-20,270.6,272.0,269.3,270.6
1998-03-23,269.0,270.3,267.6,269.0
1998-03-24,266.4,267.7,265.0,266.4
1998-03-25,266.2,267.5,264.9,266.2
1998-03-26,265.5,266.9,264.2,265.5
1998-03-27,264.9,266.2,263.6,264.9
1998-03-30,265.5,266.8,264.1,265.5
1998-03-31,267.5,268.9,266.2,267.5
1998-04-01,266.7,268.0,265.3,266.7
1998-04-02,266.9,268.2,265.6,266.9
1998-04-03,266.4,267.8,265.1,266.4
1998-04-06,265.4,266.8,264.1,265.4
1998-04-07,264.5,265.9,263.2,264.5
1998-04-08,266.6,267.9,265.2,266.6
1998-04-09,266.7,268.1,265.4,266.7
1998-04-10,266.6,268.0,265.3,266.6
1998-04-13,266.0,267.3,264.6,266.0
1998-04-14,266.2,267.5,264.9,266.2
1998-04-15,265.7,267.0,264.3,265.7
1998-04-16,267.9,269.3,266.6,267.9
1998-04-17,268.2,269.6,266.9,268.2
1998-04-20,268.4,269.7,267.0,268.4
1998-04-21,268.5,269.9,267.2,268.5
1998-04-22,269.9,271.3,268.6,269.9
1998-04-23,269.9,271.2,268.5,269.9
1998-04-24,269.3,270.7,268.0,269.3
1998-04-27,269.4,270.7,268.0,269.4
1998-04-28,270.2,271.6,268.9,270.2
1998-04-29,271.4,272.8,270.0,271.4
1998-04-30,271.5,272.9,270.1,271.5
1998-05-01,271.6,272.9,270.2,271.6
1998-05-04,272.4,273.8,271.1,272.4
1998-05-05,269.3,270.6,267.9,269.3
1998-05-06,269.3,270.7,268.0,269.3
1998-05-07,268.7,270.0,267.3,268.7
1998-05-08,268.7,270.1,267.4,268.7
1998-05-11,269.0,270.4,267.7,269.0
1998-05-12,270.3,271.7,269.0,270.3
1998-05-13,268.7,270.1,267.4,268.7
1998-05-14,267.9,269.3,266.6,267.9
1998-05-15,267.0,268.3,265.6,267.0
1998-05-18,266.3,267.6,265.0,266.3
1998-05-19,264.9,266.2,263.6,264.9
1998-05-20,267.4,268.7,266.0,267.4
1998-05-21,268.3,269.7,267.0,268.3
1998-05-22,267.5,268.8,266.1,267.5
1998-05-25,267.5,268.8,266.1,267.5
1998-05-26,267.0,268.3,265.7,267.0
1998-05-27,267.2,268.5,265.9,267.2
1998-05-28,266.4,267.7,265.1,266.4
1998-05-29,264.8,266.2,263.5,264.8
1998-06-01,264.3,265.6,263.0,264.3
1998-06-02,266.0,267.3,264.6,266.0
1998-06-03,264.4,265.8,263.1,264.4
1998-06-04,265.8,267.1,264.5,265.8
1998-06-05,266.5,267.8,265.1,266.5
1998-06-08,266.0,267.4,264.7,266.0
1998-06-09,266.9,268.2,265.6,266.9
1998-06-10,267.1,268.5,265.8,267.1
1998-06-11,264.9,266.2,263.5,264.9
1998-06-12,264.5,265.9,263.2,264.5
1998-06-15,264.2,265.5,262.9,264.2
1998-06-16,265.9,267.2,264.6,265.9
1998-06-17,265.5,266.9,264.2,265.5
1998-06-18,265.4,266.7,264.1,265.4
1998-06-19,264.2,265.5,262.9,264.2
1998-06-22,264.2,265.5,262.9,264.2
1998-06-23,263.1,264.4,261.8,263.1
1998-06-24,264.4,265.8,263.1,264.4
1998-06-25,264.1,265.4,262.8,264.1
1998-06-26,263.0,264.3,261.7,263.0
1998-06-29,264.4,265.7,263.1,264.4
1998-06-30,263.1,264.4,261.8,263.1
1998-07-01,263.6,264.9,262.2,263.6
1998-07-02,262.1,263.4,260.8,262.1
1998-07-03,262.7,264.0,261.3,262.7
1998-07-06,263.9,265.2,262.6,263.9
1998-07-07,263.4,264.7,262.0,263.4
1998-07-08,262.2,263.6,260.9,262.2
1998-07-09,261.2,262.5,259.9,261.2
1998-07-10,261.4,262.7,260.1,261.4
1998-07-13,263.7,265.0,262.3,263.7
1998-07-14,264.9,266.3,263.6,264.9
1998-07-15,266.2,267.6,264.9,266.2
1998-07-16,265.1,266.4,263.8,265.1
1998-07-17,266.3,267.6,265.0,266.3
1998-07-20,267.3,268.6,266.0,267.3
1998-07-21,267.5,268.9,266.2,267.5
1998-07-22,266.8,268.1,265.5,266.8
1998-07-23,267.8,269.1,266.4,267.8
1998-07-24,267.0,268.3,265.6,267.0
1998-07-27,267.5,268.9,266.2,267.5
1998-07-28,267.1,268.4,265.7,267.1
1998-07-29,265.9,267.3,264.6,265.9
1998-07-30,265.5,266.8,264.2,265.5
1998-07-31,267.6,268.9,266.3,267.6
1998-08-03,266.2,267.5,264.9,266.2
1998-08-04,267.2,268.6,265.9,267.2
1998-08-05,268.0,269.4,266.7,268.0
1998-08-06,267.7,269.0,266.4,267.7
1998-08-07,267.0,268.3,265.7,267.0
1998-08-10,265.5,266.9,264.2,265.5
1998-08-11,266.9,268.2,265.6,266.9
1998-08-12,265.5,266.9,264.2,265.5
1998-08-13,262.6,263.9,261.3,262.6
1998-08-14,263.0,264.3,261.7,263.0
1998-08-17,261.6,262.9,260.3,261.6
1998-08-18,261.7,263.0,260.4,261.7
1998-08-19,260.4,261.7,259.1,260.4
1998-08-20,260.0,261.3,258.7,260.0
1998-08-21,260.4,261.7,259.1,260.4
1998-08-24,260.8,262.1,259.5,260.8
1998-08-25,262.4,263.8,261.1,262.4
1998-08-26,262.6,263.9,261.3,262.6
1998-08-27,262.8,264.1,261.5,262.8
1998-08-28,262.6,264.0,261.3,262.6
1998-08-31,263.7,265.0,262.3,263.7
1998-09-01,262.5,263.8,261.2,262.5
1998-09-02,262.2,263.5,260.9,262.2
1998-09-03,262.3,263.6,261.0,262.3
1998-09-04,261.4,262.7,260.1,261.4
1998-09-07,263.0,264.3,261.7,263.0
1998-09-08,263.4,264.7,262.1,263.4
1998-09-09,262.2,263.5,260.9,262.2
1998-09-10,262.7,264.0,261.4,262.7
1998-09-11,264.2,265.5,262.9,264.2
1998-09-14,263.4,264.7,262.0,263.4
1998-09-15,264.8,266.2,263.5,264.8
1998-09-16,265.1,266.4,263.8,265.1
1998-09-17,265.3,266.6,263.9,265.3
1998-09-18,266.5,267.8,265.1,266.5
1998-09-21,266.5,267.8,265.2,266.5
1998-09-22,266.8,268.1,265.4,266.8
1998-09-23,266.7,268.1,265.4,266.7
1998-09-24,264.7,266.1,263.4,264.7
1998-09-25,265.1,266.5,263.8,265.1
1998-09-28,265.3,266.6,263.9,265.3
1998-09-29,264.8,266.1,263.5,264.8
1998-09-30,262.0,263.4,260.7,262.0
1998-10-01,262.8,264.1,261.5,262.8
1998-10-02,261.9,263.2,260.6,261.9
1998-10-05,260.7,262.0,259.4,260.7
1998-10-06,259.6,260.9,258.3,259.6
1998-10-07,257.7,259.0,256.4,257.7
1998-10-08,258.5,259.8,257.2,258.5
1998-10-09,261.2,262.5,259.9,261.2
1998-10-12,260.7,262.0,259.4,260.7
1998-10-13,261.7,263.0,260.3,261.7
1998-10-14,261.6,262.9,260.3,261.6
1998-10-15,262.0,263.3,260.7,262.0
1998-10-16,262.0,263.3,260.7,262.0
1998-10-19,262.8,264.1,261.5,262.8
1998-10-20,261.6,262.9,260.2,261.6
1998-10-21,261.7,263.0,260.4,261.7
1998-10-22,263.0,264.3,261.7,263.0
1998-10-23,263.7,265.1,262.4,263.7
1998-10-26,264.0,265.3,262.7,264.0
1998-10-27,264.0,265.3,262.7,264.0
1998-10-28,263.6,264.9,262.3,263.6
1998-10-29,263.2,264.5,261.9,263.2
1998-10-30,261.5,262.8,260.2,261.5
1998-11-02,262.1,263.4,260.7,262.1
1998-11-03,263.5,264.8,262.2,263.5
1998-11-04,263.8,265.1,262.5,263.8
1998-11-05,263.7,265.1,262.4,263.7
1998-11-06,264.3,265.6,263.0,264.3
1998-11-09,261.9,263.2,260.6,261.9
1998-11-10,261.4,262.7,260.1,261.4
1998-11-11,261.4,262.7,260.1,261.4
1998-11-12,259.6,260.9,258.4,259.6
1998-11-13,260.0,261.3,258.7,260.0
1998-11-16,258.1,259.4,256.8,258.1
1998-11-17,259.0,260.3,257.7,259.0
1998-11-18,259.4,260.7,258.1,259.4
1998-11-19,259.3,260.6,258.0,259.3
1998-11-20,260.3,261.6,259.0,260.3
1998-11-23,260.4,261.8,259.1,260.4
1998-11-24,261.0,262.3,259.7,261.0
1998-11-25,261.4,262.7,260.1,261.4
1998-11-26,260.5,261.8,259.2,260.5
1998-11-27,262.2,263.5,260.9,262.2
1998-11-30,263.4,264.8,262.1,263.4
1998-12-01,263.8,265.1,262.5,263.8
1998-12-02,263.8,265.2,262.5,263.8
1998-12-03,264.5,265.8,263.2,264.5
1998-12-04,265.7,267.0,264.4,265.7
1998-12-07,267.4,268.8,266.1,267.4
1998-12-08,266.6,267.9,265.2,266.6
1998-12-09,267.4,268.7,266.1,267.4
1998-12-10,267.0,268.4,265.7,267.0
1998-12-11,265.0,266.4,263.7,265.0
1998-12-14,265.7,267.0,264.4,265.7
1998-12-15,267.0,268.3,265.7,267.0
1998-12-16,267.7,269.1,266.4,267.7
1998-12-17,267.2,268.6,265.9,267.2
1998-12-18,267.3,268.7,266.0,267.3
1998-12-21,267.7,269.0,266.4,267.7
1998-12-22,268.0,269.3,266.6,268.0
1998-12-23,268.9,270.2,267.6,268.9
1998-12-24,269.5,270.8,268.1,269.5
1998-12-25,268.5,269.8,267.1,268.5
1998-12-28,268.0,269.4,266.7,268.0
1998-12-29,267.2,268.5,265.8,267.2
1998-12-30,267.0,268.3,265.7,267.0
1998-12-31,264.7,266.1,263.4,264.7
1999-01-01,266.6,267.9,265.2,266.6
1999-01-04,265.4,266.7,264.1,265.4
1999-01-05,264.6,266.0,263.3,264.6
1999-01-06,264.5,265.8,263.2,264.5
1999-01-07,262.9,264.2,261.6,262.9
1999-01-08,262.4,263.7,261.1,262.4
1999-01-11,262.4,263.7,261.1,262.4
1999-01-12,264.1,265.4,262.7,264.1
1999-01-13,264.0,265.3,262.7,264.0
1999-01-14,263.4,264.7,262.1,263.4
1999-01-15,262.1,263.4,260.8,262.1
1999-01-18,264.2,265.5,262.8,264.2
1999-01-19,264.0,265.4,262.7,264.0
1999-01-20,263.9,265.3,262.6,263.9
1999-01-21,262.3,263.6,261.0,262.3
1999-01-22,262.8,264.1,261.4,262.8
1999-01-25,261.9,263.3,260.6,261.9
1999-01-26,263.4,264.7,262.1,263.4
1999-01-27,263.7,265.0,262.4,263.7
1999-01-28,263.6,265.0,262.3,263.6
1999-01-29,262.1,263.4,260.8,262.1
1999-02-01,261.8,263.1,260.5,261.8
1999-02-02,261.5,262.8,260.2,261.5
1999-02-03,261.5,262.8,260.2,261.5
1999-02-04,259.4,260.7,258.1,259.4
1999-02-05,258.5,259.7,257.2,258.5
1999-02-08,257.9,259.2,256.6,257.9
1999-02-09,258.5,259.8,257.2,258.5
1999-02-10,256.6,257.9,255.3,256.6
1999-02-11,258.2,259.5,256.9,258.2
1999-02-12,259.5,260.8,258.2,259.5
1999-02-15,258.4,259.7,257.1,258.4
1999-02-16,261.0,262.3,259.7,261.0
1999-02-17,261.2,262.5,259.9,261.2
1999-02-18,261.0,262.3,259.7,261.0
1999-02-19,261.5,262.8,260.2,261.5
1999-02-22,261.8,263.1,260.5,261.8
1999-02-23,261.8,263.1,260.5,261.8
1999-02-24,260.5,261.8,259.2,260.5
1999-02-25,260.0,261.3,258.7,260.0
1999-02-26,260.3,261.6,259.0,260.3
1999-03-01,261.0,262.3,259.7,261.0
1999-03-02,262.3,263.7,261.0,262.3
1999-03-03,261.7,263.0,260.4,261.7
1999-03-04,261.6,262.9,260.3,261.6
1999-03-05,260.8,262.1,259.5,260.8
1999-03-08,261.8,263.1,260.5,261.8
1999-03-09,261.3,262.6,260.0,261.3
1999-03-10,260.5,261.8,259.2,260.5
1999-03-11,260.5,261.8,259.2,260.5
1999-03-12,258.7,260.0,257.4,258.7
1999-03-15,259.2,260.5,257.9,259.2
1999-03-16,258.8,260.1,257.5,258.8
1999-03-17,261.6,263.0,260.3,261.6
1999-03-18,260.8,262.1,259.5,260.8
1999-03-19,260.4,261.7,259.1,260.4
1999-03-22,261.3,262.6,260.0,261.3
1999-03-23,262.0,263.3,260.7,262.0
1999-03-24,262.8,264.2,261.5,262.8
1999-03-25,262.3,263.6,261.0,262.3
1999-03-26,260.9,262.2,259.6,260.9
1999-03-29,263.5,264.8,262.2,263.5
1999-03-30,263.7,265.1,262.4,263.7
1999-03-31,263.7,265.0,262.4,263.7
1999-04-01,264.2,265.6,262.9,264.2
1999-04-02,262.6,263.9,261.3,262.6
1999-04-05,261.8,263.1,260.5,261.8
1999-04-06,260.5,261.8,259.2,260.5
1999-04-07,260.6,261.9,259.2,260.6
1999-04-08,259.0,260.3,257.7,259.0
1999-04-09,259.6,260.9,258.3,259.6
1999-04-12,260.7,262.0,259.4,260.7
1999-04-13,261.7,263.0,260.4,261.7
1999-04-14,261.9,263.3,260.6,261.9
1999-04-15,261.9,263.2,260.6,261.9
1999-04-16,261.3,262.6,260.0,261.3
1999-04-19,261.5,262.8,260.2,261.5
1999-04-20,261.1,262.5,259.8,261.1
1999-04-21,259.0,260.3,257.7,259.0
1999-04-22,258.3,259.6,257.0,258.3
1999-04-23,259.1,260.4,257.8,259.1
1999-04-26,257.7,259.0,256.5,257.7
1999-04-27,256.5,257.8,255.3,256.5
1999-04-28,256.4,257.6,255.1,256.4
1999-04-29,254.2,255.4,252.9,254.2
1999-04-30,255.0,256.3,253.8,255.0
1999-05-03,255.7,257.0,254.5,255.7
1999-05-04,256.8,258.0,255.5,256.8
1999-05-05,257.0,258.3,255.7,257.0
1999-05-06,256.1,257.4,254.8,256.1
1999-05-07,254.9,256.1,253.6,254.9
1999-05-10,255.5,256.7,254.2,255.5
1999-05-11,256.3,257.5,255.0,256.3
1999-05-12,255.1,256.4,253.9,255.1
1999-05-13,253.9,255.2,252.7,253.9
1999-05-14,254.0,255.3,252.8,254.0
1999-05-17,254.2,255.5,253.0,254.2
1999-05-18,255.3,256.6,254.0,255.3
1999-05-19,256.0,257.3,254.8,256.0
1999-05-20,256.0,257.3,254.7,256.0
1999-05-21,257.1,258.3,255.8,257.1
1999-05-24,256.6,257.9,255.3,256.6
1999-05-25,256.3,257.5,255.0,256.3
1999-05-26,257.1,258.4,255.8,257.1
1999-05-27,258.1,259.4,256.8,258.1
1999-05-28,259.0,260.3,257.7,259.0
1999-05-31,258.6,259.9,257.3,258.6
1999-06-01,258.5,259.8,257.3,258.5
1999-06-02,257.5,258.8,256.2,257.5
1999-06-03,258.4,259.7,257.1,258.4
1999-06-04,257.6,258.9,256.4,257.6
1999-06-07,255.4,256.7,254.2,255.4
1999-06-08,255.0,256.3,253.7,255.0
1999-06-09,254.2,255.4,252.9,254.2
1999-06-10,251.5,252.7,250.2,251.5
1999-06-11,251.1,252.4,249.8,251.1
1999-06-14,252.1,253.3,250.8,252.1
1999-06-15,252.7,253.9,251.4,252.7
1999-06-16,253.2,254.5,252.0,253.2
1999-06-17,254.8,256.1,253.5,254.8
1999-06-18,254.3,255.5,253.0,254.3
1999-06-21,253.1,254.3,251.8,253.1
1999-06-22,253.7,255.0,252.4,253.7
1999-06-23,254.1,255.4,252.9,254.1
1999-06-24,252.9,254.2,251.6,252.9
1999-06-25,252.8,254.1,251.6,252.8
1999-06-28,253.5,254.7,252.2,253.5
1999-06-29,253.8,255.1,252.6,253.8
1999-06-30,254.6,255.9,253.4,254.6
1999-07-01,254.0,255.2,252.7,254.0
1999-07-02,252.6,253.8,251.3,252.6
1999-07-05,251.7,252.9,250.4,251.7
1999-07-06,252.7,254.0,251.5,252.7
1999-07-07,253.9,255.2,252.6,253.9
1999-07-08,253.8,255.0,252.5,253.8
1999-07-09,255.4,256.7,254.1,255.4
1999-07-12,255.1,256.4,253.8,255.1
1999-07-13,254.6,255.8,253.3,254.6
1999-07-14,253.1,254.4,251.9,253.1
1999-07-15,253.1,254.4,251.9,253.1
1999-07-16,254.3,255.6,253.0,254.3
1999-07-19,255.5,256.8,254.3,255.5
1999-07-20,256.6,257.9,255.3,256.6
1999-07-21,257.0,258.3,255.7,257.0
1999-07-22,258.5,259.8,257.2,258.5
1999-07-23,257.4,258.7,256.1,257.4
1999-07-26,258.8,260.1,257.5,258.8
1999-07-27,259.0,260.3,257.7,259.0
1999-07-28,259.2,260.5,257.9,259.2
1999-07-29,257.6,258.9,256.3,257.6
1999-07-30,258.0,259.3,256.7,258.0
1999-08-02,259.3,260.6,258.0,259.3
1999-08-03,257.1,258.4,255.8,257.1
1999-08-04,258.0,259.2,256.7,258.0
1999-08-05,255.6,256.9,254.4,255.6
1999-08-06,254.3,255.6,253.0,254.3
1999-08-09,254.6,255.9,253.4,254.6
1999-08-10,256.5,257.8,255.2,256.5
1999-08-11,256.5,257.8,255.2,256.5
1999-08-12,257.1,258.4,255.8,257.1
1999-08-13,256.3,257.5,255.0,256.3
1999-08-16,256.4,257.7,255.1,256.4
1999-08-17,256.5,257.8,255.2,256.5
1999-08-18,258.4,259.7,257.1,258.4
1999-08-19,257.7,259.0,256.4,257.7
1999-08-20,257.1,258.4,255.8,257.1
1999-08-23,258.6,259.9,257.3,258.6
1999-08-24,258.4,259.7,257.1,258.4
1999-08-25,258.6,259.9,257.3,258.6
1999-08-26,259.2,260.5,257.9,259.2
1999-08-27,258.6,259.9,257.3,258.6
1999-08-30,256.8,258.1,255.5,256.8
1999-08-31,258.1,259.4,256.8,258.1
1999-09-01,258.3,259.6,257.0,258.3
1999-09-02,257.2,258.4,255.9,257.2
1999-09-03,258.2,259.5,256.9,258.2
1999-09-06,260.6,261.9,259.3,260.6
1999-09-07,261.9,263.2,260.6,261.9
1999-09-08,264.1,265.4,262.8,264.1
1999-09-09,262.7,264.0,261.4,262.7
1999-09-10,263.0,264.3,261.6,263.0
1999-09-13,263.5,264.8,262.2,263.5
1999-09-14,263.3,264.6,262.0,263.3
1999-09-15,263.0,264.3,261.6,263.0
1999-09-16,259.9,261.2,258.6,259.9
1999-09-17,261.8,263.1,260.5,261.8
1999-09-20,260.4,261.7,259.1,260.4
1999-09-21,261.5,262.8,260.1,261.5
1999-09-22,261.6,262.9,260.3,261.6
1999-09-23,261.6,262.9,260.3,261.6
1999-09-24,261.5,262.8,260.2,261.5
1999-09-27,262.1,263.4,260.7,262.1
1999-09-28,262.8,264.1,261.5,262.8
1999-09-29,263.9,265.2,262.6,263.9
1999-09-30,263.8,265.1,262.5,263.8
1999-10-01,262.6,263.9,261.3,262.6
1999-10-04,261.6,262.9,260.3,261.6
1999-10-05,262.9,264.2,261.5,262.9
1999-10-06,262.7,264.0,261.4,262.7
1999-10-07,261.7,263.0,260.4,261.7
1999-10-08,261.1,262.4,259.8,261.1
1999-10-11,261.4,262.7,260.1,261.4
1999-10-12,260.3,261.6,259.0,260.3
1999-10-13,260.5,261.8,259.2,260.5
1999-10-14,262.1,263.4,260.8,262.1
1999-10-15,262.2,263.5,260.9,262.2
1999-10-18,260.7,262.0,259.4,260.7
1999-10-19,261.9,263.2,260.6,261.9
1999-10-20,263.3,264.6,262.0,263.3
1999-10-21,264.7,266.0,263.4,264.7
1999-10-22,264.9,266.2,263.6,264.9
1999-10-25,267.7,269.0,266.3,267.7
1999-10-26,268.4,269.8,267.1,268.4
1999-10-27,271.5,272.9,270.2,271.5
1999-10-28,272.8,274.1,271.4,272.8
1999-10-29,273.8,275.1,272.4,273.8
1999-11-01,273.0,274.3,271.6,273.0
1999-11-02,271.7,273.1,270.3,271.7
1999-11-03,271.6,273.0,270.3,271.6
1999-11-04,271.3,272.6,269.9,271.3
1999-11-05,270.5,271.9,269.2,270.5
1999-11-08,270.5,271.9,269.2,270.5
1999-11-09,270.2,271.6,268.9,270.2
1999-11-10,269.4,270.8,268.1,269.4
1999-11-11,270.1,271.5,268.8,270.1
1999-11-12,269.3,270.6,267.9,269.3
1999-11-15,269.4,270.8,268.1,269.4
1999-11-16,268.1,269.5,266.8,268.1
1999-11-17,268.3,269.6,267.0,268.3
1999-11-18,268.6,269.9,267.2,268.6
1999-11-19,267.6,268.9,266.3,267.6
1999-11-22,268.0,269.4,266.7,268.0
1999-11-23,268.0,269.4,266.7,268.0
1999-11-24,267.6,269.0,266.3,267.6
1999-11-25,267.3,268.6,266.0,267.3
1999-11-26,267.9,269.3,266.6,267.9
1999-11-29,268.3,269.7,267.0,268.3
1999-11-30,269.5,270.8,268.1,269.5
1999-12-01,268.5,269.8,267.1,268.5
1999-12-02,268.4,269.8,267.1,268.4
1999-12-03,267.9,269.2,266.6,267.9
1999-12-06,268.4,269.7,267.0,268.4
1999-12-07,268.8,270.2,267.5,268.8
1999-12-08,267.7,269.0,266.4,267.7
1999-12-09,268.6,269.9,267.2,268.6
1999-12-10,271.1,272.4,269.7,271.1
1999-12-13,271.5,272.9,270.2,271.5
1999-12-14,270.6,272.0,269.3,270.6
1999-12-15,270.4,271.8,269.1,270.4
1999-12-16,270.2,271.5,268.8,270.2
1999-12-17,269.6,270.9,268.3,269.6
1999-12-20,270.8,272.1,269.4,270.8
1999-12-21,268.9,270.3,267.6,268.9
1999-12-22,269.4,270.8,268.1,269.4
1999-12-23,271.0,272.4,269.7,271.0
1999-12-24,272.5,273.9,271.1,272.5
1999-12-27,273.9,275.3,272.5,273.9
1999-12-28,273.2,274.6,271.8,273.2
1999-12-29,274.8,276.2,273.5,274.8
1999-12-30,275.2,276.6,273.8,275.2
1999-12-31,276.7,278.1,275.3,276.7
2000-01-03,278.0,279.3,276.6,278.0
2000-01-04,278.1,279.5,276.8,278.1
2000-01-05,277.7,279.1,276.3,277.7
2000-01-06,280.2,281.6,278.8,280.2
2000-01-07,278.0,279.4,276.6,278.0
2000-01-10,277.9,279.3,276.5,277.9
2000-01-11,276.2,277.6,274.9,276.2
2000-01-12,276.3,277.7,275.0,276.3
2000-01-13,276.7,278.1,275.3,276.7
2000-01-14,276.0,277.3,274.6,276.0
2000-01-17,275.6,276.9,274.2,275.6
2000-01-18,274.2,275.5,272.8,274.2
2000-01-19,274.8,276.2,273.4,274.8
2000-01-20,274.4,275.7,273.0,274.4
2000-01-21,274.9,276.3,273.6,274.9
2000-01-24,274.7,276.1,273.3,274.7
2000-01-25,275.1,276.5,273.7,275.1
2000-01-26,276.0,277.4,274.6,276.0
2000-01-27,276.6,278.0,275.2,276.6
2000-01-28,276.9,278.3,275.5,276.9
2000-01-31,277.0,278.4,275.6,277.0
2000-02-01,277.5,278.9,276.2,277.5
2000-02-02,276.9,278.3,275.5,276.9
2000-02-03,276.8,278.1,275.4,276.8
2000-02-04,277.2,278.6,275.8,277.2
2000-02-07,279.2,280.6,277.8,279.2
2000-02-08,278.5,279.9,277.1,278.5
2000-02-09,277.5,278.9,276.1,277.5
2000-02-10,277.9,279.3,276.5,277.9
2000-02-11,279.3,280.7,277.9,279.3
2000-02-14,280.4,281.8,279.0,280.4
2000-02-15,280.4,281.8,279.0,280.4
2000-02-16,281.7,283.1,280.3,281.7
2000-02-17,279.6,281.0,278.2,279.6
2000-02-18,280.8,282.2,279.4,280.8
2000-02-21,280.6,282.0,279.2,280.6
2000-02-22,281.3,282.7,279.9,281.3
2000-02-23,282.4,283.8,281.0,282.4
2000-02-24,282.5,283.9,281.1,282.5
2000-02-25,282.5,283.9,281.1,282.5
2000-02-28,282.2,283.6,280.8,282.2
2000-02-29,284.0,285.5,282.6,284.0
2000-03-01,284.4,285.9,283.0,284.4
2000-03-02,284.5,286.0,283.1,284.5
2000-03-03,286.1,287.5,284.7,286.1
2000-03-06,285.5,287.0,284.1,285.5
2000-03-07,285.1,286.5,283.7,285.1
2000-03-08,286.0,287.4,284.6,286.0
2000-03-09,287.8,289.2,286.4,287.8
2000-03-10,287.6,289.0,286.2,287.6
2000-03-13,288.0,289.5,286.6,288.0
2000-03-14,286.0,287.4,284.5,286.0
2000-03-15,287.3,288.7,285.8,287.3
2000-03-16,285.8,287.3,284.4,285.8
2000-03-17,285.1,286.5,283.7,285.1
2000-03-20,285.5,286.9,284.0,285.5
2000-03-21,284.7,286.1,283.2,284.7
2000-03-22,282.4,283.8,281.0,282.4
2000-03-23,281.1,282.5,279.7,281.1
2000-03-24,281.4,282.8,280.0,281.4
2000-03-27,283.4,284.8,282.0,283.4
2000-03-28,285.1,286.5,283.7,285.1
2000-03-29,285.5,286.9,284.1,285.5
2000-03-30,285.6,287.1,284.2,285.6
2000-03-31,286.5,287.9,285.1,286.5
2000-04-03,288.1,289.5,286.7,288.1
2000-04-04,288.1,289.5,286.6,288.1
2000-04-05,288.1,289.6,286.7,288.1
2000-04-06,288.2,289.7,286.8,288.2
2000-04-07,289.2,290.7,287.8,289.2
2000-04-10,287.7,289.2,286.3,287.7
2000-04-11,287.7,289.1,286.2,287.7
2000-04-12,288.1,289.5,286.6,288.1
2000-04-13,285.8,287.3,284.4,285.8
2000-04-14,286.9,288.3,285.5,286.9
2000-04-17,288.3,289.8,286.9,288.3
2000-04-18,286.1,287.5,284.6,286.1
2000-04-19,285.6,287.1,284.2,285.6
2000-04-20,285.3,286.7,283.9,285.3
2000-04-21,284.4,285.8,282.9,284.4
2000-04-24,283.9,285.3,282.5,283.9
2000-04-25,283.5,284.9,282.1,283.5
2000-04-26,284.4,285.8,283.0,284.4
2000-04-27,286.0,287.4,284.6,286.0
2000-04-28,286.7,288.2,285.3,286.7
2000-05-01,286.0,287.5,284.6,286.0
2000-05-02,287.1,288.5,285.6,287.1
2000-05-03,287.9,289.3,286.4,287.9
2000-05-04,284.5,286.0,283.1,284.5
2000-05-05,286.2,287.6,284.8,286.2
2000-05-08,286.7,288.1,285.3,286.7
2000-05-09,287.0,288.5,285.6,287.0
2000-05-10,285.2,286.6,283.7,285.2
2000-05-11,287.2,288.7,285.8,287.2
2000-05-12,287.8,289.2,286.3,287.8
2000-05-15,289.0,290.4,287.6,289.0
2000-05-16,287.5,289.0,286.1,287.5
2000-05-17,288.3,289.7,286.8,288.3
2000-05-18,289.0,290.4,287.5,289.0
2000-05-19,288.9,290.3,287.4,288.9
2000-05-22,287.7,289.2,286.3,287.7
2000-05-23,287.8,289.3,286.4,287.8
2000-05-24,286.9,288.3,285.5,286.9
2000-05-25,286.3,287.7,284.9,286.3
2000-05-26,287.9,289.3,286.5,287.9
2000-05-29,288.4,289.9,287.0,288.4
2000-05-30,288.5,289.9,287.1,288.5
2000-05-31,287.3,288.7,285.9,287.3
2000-06-01,287.4,288.9,286.0,287.4
2000-06-02,287.5,288.9,286.1,287.5
2000-06-05,286.8,288.3,285.4,286.8
2000-06-06,288.4,289.8,286.9,288.4
2000-06-07,289.8,291.3,288.4,289.8
2000-06-08,289.1,290.5,287.6,289.1
2000-06-09,289.7,291.2,288.3,289.7
2000-06-12,288.0,289.4,286.5,288.0
2000-06-13,288.6,290.1,287.2,288.6
2000-06-14,289.8,291.2,288.3,289.8
2000-06-15,288.7,290.1,287.2,288.7
2000-06-16,288.9,290.4,287.5,288.9
2000-06-19,289.6,291.0,288.1,289.6
2000-06-20,293.2,294.7,291.7,293.2
2000-06-21,296.3,297.8,294.8,296.3
2000-06-22,296.6,298.1,295.1,296.6
2000-06-23,295.7,297.2,294.2,295.7
2000-06-26,296.2,297.7,294.7,296.2
2000-06-27,297.5,299.0,296.0,297.5
2000-06-28,295.4,296.9,293.9,295.4
2000-06-29,292.9,294.4,291.5,292.9
2000-06-30,291.7,293.2,290.3,291.7
2000-07-03,293.1,294.6,291.7,293.1
2000-07-04,294.2,295.7,292.8,294.2
2000-07-05,294.9,296.3,293.4,294.9
2000-07-06,296.2,297.7,294.8,296.2
2000-07-07,296.0,297.5,294.6,296.0
2000-07-10,296.0,297.5,294.5,296.0
2000-07-11,296.5,298.0,295.0,296.5
2000-07-12,298.5,300.0,297.0,298.5
2000-07-13,299.0,300.4,297.5,299.0
2000-07-14,298.8,300.3,297.3,298.8
2000-07-17,299.4,300.9,297.9,299.4
2000-07-18,301.0,302.5,299.5,301.0
2000-07-19,300.4,301.9,298.9,300.4
2000-07-20,299.8,301.3,298.3,299.8
2000-07-21,299.2,300.6,297.7,299.2
2000-07-24,300.3,301.8,298.8,300.3
2000-07-25,299.3,300.8,297.8,299.3
2000-07-26,300.1,301.6,298.5,300.1
2000-07-27,298.2,299.7,296.8,298.2
2000-07-28,298.0,299.5,296.5,298.0
2000-07-31,298.2,299.7,296.7,298.2
2000-08-01,300.3,301.8,298.8,300.3
2000-08-02,301.5,303.0,299.9,301.5
2000-08-03,300.9,302.4,299.4,300.9
2000-08-04,300.3,301.8,298.8,300.3
2000-08-07,299.7,301.2,298.2,299.7
2000-08-08,298.4,299.9,296.9,298.4
2000-08-09,300.4,301.9,298.9,300.4
2000-08-10,299.5,301.0,298.0,299.5
2000-08-11,301.6,303.1,300.1,301.6
2000-08-14,302.0,303.5,300.4,302.0
2000-08-15,301.8,303.3,300.3,301.8
2000-08-16,301.9,303.4,300.4,301.9
2000-08-17,303.3,304.9,301.8,303.3
2000-08-18,302.2,303.7,300.7,302.2
2000-08-21,303.1,304.6,301.5,303.1
2000-08-22,303.0,304.5,301.4,303.0
2000-08-23,303.4,304.9,301.9,303.4
2000-08-24,303.1,304.6,301.6,303.1
2000-08-25,302.6,304.1,301.1,302.6
2000-08-28,303.5,305.0,302.0,303.5
2000-08-29,301.8,303.3,300.3,301.8
2000-08-30,303.6,305.1,302.0,303.6
2000-08-31,303.7,305.2,302.1,303.7
2000-09-01,302.9,304.4,301.4,302.9
2000-09-04,303.6,305.1,302.1,303.6
2000-09-05,302.8,304.3,301.3,302.8
2000-09-06,302.9,304.5,301.4,302.9
2000-09-07,303.1,304.6,301.6,303.1
2000-09-08,304.7,306.2,303.1,304.7
2000-09-11,305.2,306.7,303.7,305.2
2000-09-12,303.8,305.4,302.3,303.8
2000-09-13,304.6,306.1,303.1,304.6
2000-09-14,305.5,307.0,303.9,305.5
2000-09-15,303.5,305.0,302.0,303.5
2000-09-18,302.4,303.9,300.9,302.4
2000-09-19,305.0,306.5,303.4,305.0
2000-09-20,304.6,306.1,303.1,304.6
2000-09-21,304.3,305.8,302.8,304.3
2000-09-22,304.3,305.8,302.8,304.3
2000-09-25,303.9,305.4,302.3,303.9
2000-09-26,301.8,303.3,300.3,301.8
2000-09-27,300.7,302.2,299.2,300.7
2000-09-28,300.2,301.7,298.7,300.2
2000-09-29,299.9,301.4,298.4,299.9
2000-10-02,299.6,301.1,298.1,299.6
2000-10-03,298.2,299.7,296.7,298.2
2000-10-04,298.0,299.4,296.5,298.0
2000-10-05,299.8,301.3,298.3,299.8
2000-10-06,299.4,300.9,297.9,299.4
2000-10-09,299.8,301.3,298.3,299.8
2000-10-10,302.0,303.5,300.5,302.0
2000-10-11,301.4,303.0,299.9,301.4
2000-10-12,305.5,307.1,304.0,305.5
2000-10-13,306.8,308.3,305.2,306.8
2000-10-16,307.2,308.7,305.7,307.2
2000-10-17,307.0,308.5,305.5,307.0
2000-10-18,308.8,310.3,307.2,308.8
2000-10-19,307.9,309.5,306.4,307.9
2000-10-20,307.5,309.0,305.9,307.5
2000-10-23,309.8,311.3,308.2,309.8
2000-10-24,309.3,310.9,307.8,309.3
2000-10-25,308.8,310.3,307.3,308.8
2000-10-26,308.1,309.6,306.5,308.1
2000-10-27,305.8,307.3,304.3,305.8
2000-10-30,307.5,309.1,306.0,307.5
2000-10-31,307.6,309.2,306.1,307.6
2000-11-01,309.0,310.6,307.5,309.0
2000-11-02,308.9,310.5,307.4,308.9
2000-11-03,308.5,310.1,307.0,308.5
2000-11-06,308.1,309.6,306.5,308.1
2000-11-07,309.1,310.6,307.6,309.1
2000-11-08,308.2,309.8,306.7,308.2
2000-11-09,308.9,310.4,307.3,308.9
2000-11-10,309.1,310.6,307.5,309.1
2000-11-13,308.2,309.7,306.7,308.2
2000-11-14,307.9,309.4,306.3,307.9
2000-11-15,308.1,309.6,306.6,308.1
2000-11-16,308.0,309.5,306.4,308.0
2000-11-17,310.5,312.1,309.0,310.5
2000-11-20,311.2,312.8,309.7,311.2
2000-11-21,311.1,312.6,309.5,311.1
2000-11-22,310.8,312.3,309.2,310.8
2000-11-23,310.6,312.2,309.1,310.6
2000-11-24,310.0,311.6,308.5,310.0
2000-11-27,309.4,311.0,307.9,309.4
2000-11-28,310.4,312.0,308.9,310.4
2000-11-29,312.5,314.1,311.0,312.5
2000-11-30,312.1,313.6,310.5,312.1
2000-12-01,312.8,314.4,311.2,312.8
2000-12-04,312.3,313.9,310.8,312.3
2000-12-05,312.6,314.2,311.0,312.6
2000-12-06,311.1,312.7,309.5,311.1
2000-12-07,310.2,311.8,308.7,310.2
2000-12-08,309.4,310.9,307.9,309.4
2000-12-11,309.8,311.3,308.2,309.8
2000-12-12,308.6,310.2,307.1,308.6
2000-12-13,306.2,307.7,304.7,306.2
2000-12-14,305.0,306.5,303.5,305.0
2000-12-15,305.3,306.9,303.8,305.3
2000-12-18,305.2,306.7,303.6,305.2
2000-12-19,305.0,306.5,303.5,305.0
2000-12-20,306.0,307.5,304.4,306.0
2000-12-21,305.5,307.0,304.0,305.5
2000-12-22,306.0,307.5,304.4,306.0
2000-12-25,309.5,311.0,307.9,309.5
2000-12-26,309.4,311.0,307.9,309.4
2000-12-27,309.6,311.2,308.1,309.6
2000-12-28,310.5,312.1,309.0,310.5
2000-12-29,309.9,311.4,308.3,309.9
2001-01-01,309.7,311.3,308.2,309.7
2001-01-02,310.1,311.6,308.5,310.1
2001-01-03,310.7,312.3,309.2,310.7
2001-01-04,310.0,311.5,308.4,310.0
2001-01-05,311.1,312.7,309.6,311.1
2001-01-08,313.8,315.3,312.2,313.8
2001-01-09,311.6,313.2,310.1,311.6
2001-01-10,312.5,314.1,311.0,312.5
2001-01-11,312.8,314.4,311.2,312.8
2001-01-12,312.8,314.3,311.2,312.8
2001-01-15,313.8,315.4,312.2,313.8
2001-01-16,315.9,317.5,314.3,315.9
2001-01-17,316.5,318.1,314.9,316.5
2001-01-18,317.9,319.5,316.3,317.9
2001-01-19,318.0,319.6,316.4,318.0
2001-01-22,318.9,320.5,317.3,318.9
2001-01-23,318.3,319.9,316.7,318.3
2001-01-24,318.6,320.1,317.0,318.6
2001-01-25,318.4,320.0,316.8,318.4
2001-01-26,318.7,320.3,317.1,318.7
2001-01-29,317.0,318.6,315.4,317.0
2001-01-30,315.8,317.4,314.3,315.8
2001-01-31,317.7,319.3,316.1,317.7
2001-02-01,319.7,321.3,318.1,319.7
2001-02-02,317.6,319.2,316.0,317.6
2001-02-05,317.4,319.0,315.8,317.4
2001-02-06,316.7,318.3,315.1,316.7
2001-02-07,317.4,319.0,315.8,317.4
2001-02-08,317.6,319.2,316.0,317.6
2001-02-09,318.8,320.4,317.2,318.8
2001-02-12,317.5,319.1,315.9,317.5
2001-02-13,318.3,319.9,316.7,318.3
2001-02-14,318.2,319.8,316.6,318.2
2001-02-15,317.6,319.1,316.0,317.6
2001-02-16,318.5,320.1,316.9,318.5
2001-02-19,318.7,320.3,317.1,318.7
2001-02-20,318.9,320.5,317.3,318.9
2001-02-21,321.0,322.6,319.4,321.0
2001-02-22,321.3,322.9,319.7,321.3
2001-02-23,324.0,325.6,322.4,324.0
2001-02-26,321.3,322.9,319.7,321.3
2001-02-27,321.6,323.2,320.0,321.6
2001-02-28,320.4,322.0,318.7,320.4
2001-03-01,319.8,321.4,318.2,319.8
2001-03-02,319.3,320.9,317.7,319.3
2001-03-05,321.1,322.7,319.5,321.1
2001-03-06,320.9,322.5,319.3,320.9
2001-03-07,319.7,321.3,318.1,319.7
2001-03-08,321.0,322.6,319.4,321.0
2001-03-09,319.8,321.4,318.2,319.8
2001-03-12,322.6,324.2,321.0,322.6
2001-03-13,321.2,322.8,319.6,321.2
2001-03-14,321.2,322.8,319.6,321.2
2001-03-15,324.1,325.7,322.5,324.1
2001-03-16,323.9,325.5,322.3,323.9
2001-03-19,324.9,326.6,323.3,324.9
2001-03-20,325.0,326.6,323.4,325.0
2001-03-21,325.2,326.9,323.6,325.2
2001-03-22,324.4,326.0,322.8,324.4
2001-03-23,325.2,326.9,323.6,325.2
2001-03-26,327.5,329.1,325.8,327.5
2001-03-27,325.0,326.7,323.4,325.0
2001-03-28,324.1,325.7,322.5,324.1
2001-03-29,323.7,325.3,322.1,323.7
2001-03-30,322.9,324.5,321.3,322.9
2001-04-02,324.3,325.9,322.7,324.3
2001-04-03,323.8,325.4,322.2,323.8
2001-04-04,324.3,325.9,322.7,324.3
2001-04-05,326.6,328.2,325.0,326.6
2001-04-06,324.5,326.1,322.9,324.5
2001-04-09,325.5,327.2,323.9,325.5
2001-04-10,325.7,327.3,324.1,325.7
2001-04-11,325.8,327.5,324.2,325.8
2001-04-12,325.0,326.6,323.3,325.0
2001-04-13,324.8,326.5,323.2,324.8
2001-04-16,325.5,327.1,323.8,325.5
2001-04-17,325.6,327.2,324.0,325.6
2001-04-18,326.9,328.5,325.3,326.9
2001-04-19,325.8,327.4,324.1,325.8
2001-04-20,324.3,325.9,322.7,324.3
2001-04-23,322.4,324.0,320.7,322.4
2001-04-24,323.1,324.7,321.5,323.1
2001-04-25,324.7,326.3,323.0,324.7
2001-04-26,323.6,325.2,322.0,323.6
2001-04-27,322.4,324.0,320.8,322.4
2001-04-30,325.8,327.4,324.2,325.8
2001-05-01,328.0,329.6,326.4,328.0
2001-05-02,330.1,331.8,328.5,330.1
2001-05-03,330.8,332.5,329.2,330.8
2001-05-04,332.0,333.7,330.3,332.0
2001-05-07,332.1,333.7,330.4,332.1
2001-05-08,330.4,332.0,328.7,330.4
2001-05-09,328.8,330.5,327.2,328.8
2001-05-10,329.2,330.8,327.5,329.2
2001-05-11,330.8,332.4,329.1,330.8
2001-05-14,331.1,332.7,329.4,331.1
2001-05-15,332.2,333.9,330.5,332.2
2001-05-16,332.3,334.0,330.6,332.3
2001-05-17,333.0,334.6,331.3,333.0
2001-05-18,334.2,335.9,332.5,334.2
2001-05-21,336.4,338.1,334.7,336.4
2001-05-22,336.9,338.6,335.2,336.9
2001-05-23,339.5,341.2,337.8,339.5
2001-05-24,339.1,340.8,337.4,339.1
2001-05-25,340.9,342.6,339.2,340.9
2001-05-28,341.8,343.5,340.1,341.8
2001-05-29,339.2,340.9,337.5,339.2
2001-05-30,341.1,342.8,339.4,341.1
2001-05-31,339.7,341.4,338.0,339.7
2001-06-01,339.3,341.0,337.6,339.3
2001-06-04,340.8,342.5,339.1,340.8
2001-06-05,339.7,341.4,338.0,339.7
2001-06-06,339.6,341.3,337.9,339.6
2001-06-07,340.5,342.2,338.8,340.5
2001-06-08,339.4,341.1,337.7,339.4
2001-06-11,339.4,341.1,337.7,339.4
2001-06-12,339.0,340.7,337.3,339.0
2001-06-13,340.4,342.1,338.7,340.4
2001-06-14,342.5,344.2,340.8,342.5
2001-06-15,340.9,342.6,339.2,340.9
2001-06-18,341.3,343.0,339.6,341.3
2001-06-19,340.6,342.3,338.9,340.6
2001-06-20,340.7,342.4,339.0,340.7
2001-06-21,343.2,344.9,341.5,343.2
2001-06-22,343.7,345.4,341.9,343.7
2001-06-25,343.1,344.8,341.4,343.1
2001-06-26,341.2,342.9,339.5,341.2
2001-06-27,342.6,344.4,340.9,342.6
2001-06-28,342.0,343.7,340.3,342.0
2001-06-29,341.0,342.7,339.3,341.0
2001-07-02,341.9,343.6,340.2,341.9
2001-07-03,342.8,344.5,341.0,342.8
2001-07-04,342.3,344.0,340.6,342.3
2001-07-05,341.1,342.8,339.4,341.1
2001-07-06,343.1,344.8,341.4,343.1
2001-07-09,344.4,346.1,342.7,344.4
2001-07-10,345.7,347.5,344.0,345.7
2001-07-11,345.2,346.9,343.5,345.2
2001-07-12,344.1,345.8,342.3,344.1
2001-07-13,343.4,345.1,341.7,343.4
2001-07-16,341.7,343.4,339.9,341.7
2001-07-17,341.4,343.1,339.7,341.4
2001-07-18,340.7,342.4,339.0,340.7
2001-07-19,340.8,342.5,339.1,340.8
2001-07-20,341.2,342.9,339.4,341.2
2001-07-23,341.8,343.5,340.1,341.8
2001-07-24,341.2,342.9,339.5,341.2
2001-07-25,339.9,341.6,338.2,339.9
2001-07-26,338.2,339.9,336.5,338.2
2001-07-27,338.9,340.6,337.2,338.9
2001-07-30,339.8,341.5,338.1,339.8
2001-07-31,338.3,340.0,336.6,338.3
2001-08-01,340.6,342.3,338.9,340.6
2001-08-02,342.1,343.9,340.4,342.1
2001-08-03,341.0,342.7,339.3,341.0
2001-08-06,342.0,343.7,340.3,342.0
2001-08-07,342.2,343.9,340.4,342.2
2001-08-08,342.8,344.6,341.1,342.8
2001-08-09,343.4,345.1,341.7,343.4
2001-08-10,344.6,346.3,342.9,344.6
2001-08-13,347.1,348.9,345.4,347.1
2001-08-14,347.7,349.4,345.9,347.7
2001-08-15,348.5,350.2,346.8,348.5
2001-08-16,350.6,352.4,348.8,350.6
2001-08-17,349.8,351.6,348.1,349.8
2001-08-20,348.8,350.6,347.1,348.8
2001-08-21,349.8,351.6,348.1,349.8
2001-08-22,348.2,349.9,346.4,348.2
2001-08-23,347.2,348.9,345.4,347.2
2001-08-24,349.5,351.2,347.7,349.5
2001-08-27,347.4,349.2,345.7,347.4
2001-08-28,348.1,349.8,346.3,348.1
2001-08-29,346.2,348.0,344.5,346.2
2001-08-30,347.1,348.8,345.3,347.1
2001-08-31,349.9,351.6,348.1,349.9
2001-09-03,348.8,350.5,347.0,348.8
2001-09-04,346.0,347.7,344.3,346.0
2001-09-05,346.8,348.6,345.1,346.8
2001-09-06,346.2,348.0,344.5,346.2
2001-09-07,346.3,348.0,344.6,346.3
2001-09-10,347.4,349.2,345.7,347.4
2001-09-11,348.5,350.3,346.8,348.5
2001-09-12,349.6,351.3,347.8,349.6
2001-09-13,349.8,351.5,348.0,349.8
2001-09-14,350.6,352.3,348.8,350.6
2001-09-17,350.8,352.5,349.0,350.8
2001-09-18,350.5,352.2,348.7,350.5
2001-09-19,350.7,352.4,348.9,350.7
2001-09-20,351.7,353.4,349.9,351.7
2001-09-21,350.9,352.7,349.2,350.9
2001-09-24,351.7,353.5,350.0,351.7
2001-09-25,351.3,353.0,349.5,351.3
2001-09-26,350.4,352.2,348.7,350.4
2001-09-27,352.2,353.9,350.4,352.2
2001-09-28,352.9,354.7,351.1,352.9
2001-10-01,353.9,355.7,352.2,353.9
2001-10-02,352.7,354.5,351.0,352.7
2001-10-03,352.6,354.3,350.8,352.6
2001-10-04,353.6,355.4,351.9,353.6
2001-10-05,354.3,356.1,352.6,354.3
2001-10-08,358.4,360.2,356.6,358.4
2001-10-09,358.7,360.5,356.9,358.7
2001-10-10,357.7,359.5,355.9,357.7
2001-10-11,357.1,358.9,355.3,357.1
2001-10-12,355.9,357.7,354.1,355.9
2001-10-15,355.4,357.2,353.6,355.4
2001-10-16,355.7,357.5,353.9,355.7
2001-10-17,355.2,356.9,353.4,355.2
2001-10-18,357.3,359.0,355.5,357.3
2001-10-19,358.6,360.4,356.8,358.6
2001-10-22,360.2,362.0,358.4,360.2
2001-10-23,359.8,361.6,358.0,359.8
2001-10-24,361.1,362.9,359.3,361.1
2001-10-25,362.5,364.3,360.7,362.5
2001-10-26,364.6,366.5,362.8,364.6
2001-10-29,363.9,365.8,362.1,363.9
2001-10-30,363.8,365.6,362.0,363.8
2001-10-31,362.6,364.4,360.8,362.6
2001-11-01,366.2,368.0,364.4,366.2
2001-11-02,365.6,367.5,363.8,365.6
2001-11-05,367.5,369.4,365.7,367.5
2001-11-06,367.5,369.3,365.6,367.5
2001-11-07,368.5,370.3,366.6,368.5
2001-11-08,368.1,369.9,366.3,368.1
2001-11-09,369.1,371.0,367.3,369.1
2001-11-12,369.5,371.3,367.6,369.5
2001-11-13,371.6,373.5,369.7,371.6
2001-11-14,371.6,373.5,369.7,371.6
2001-11-15,370.1,372.0,368.3,370.1
2001-11-16,370.5,372.4,368.7,370.5
2001-11-19,370.5,372.3,368.6,370.5
2001-11-20,368.7,370.6,366.9,368.7
2001-11-21,369.0,370.9,367.2,369.0
2001-11-22,367.9,369.7,366.0,367.9
2001-11-23,367.4,369.2,365.5,367.4
2001-11-26,367.6,369.4,365.7,367.6
2001-11-27,364.5,366.3,362.7,364.5
2001-11-28,363.9,365.7,362.1,363.9
2001-11-29,365.3,367.1,363.4,365.3
2001-11-30,365.0,366.8,363.2,365.0
2001-12-03,362.6,364.4,360.8,362.6
2001-12-04,362.7,364.5,360.8,362.7
2001-12-05,363.5,365.3,361.7,363.5
2001-12-06,363.2,365.0,361.4,363.2
2001-12-07,363.0,364.8,361.2,363.0
2001-12-10,362.8,364.6,361.0,362.8
2001-12-11,363.9,365.7,362.1,363.9
2001-12-12,362.9,364.7,361.0,362.9
2001-12-13,363.9,365.7,362.0,363.9
2001-12-14,363.6,365.5,361.8,363.6
2001-12-17,366.0,367.8,364.1,366.0
2001-12-18,365.4,367.2,363.5,365.4
2001-12-19,363.9,365.7,362.0,363.9
2001-12-20,365.0,366.8,363.2,365.0
2001-12-21,365.9,367.7,364.0,365.9
2001-12-24,366.9,368.7,365.1,366.9
2001-12-25,368.2,370.1,366.4,368.2
2001-12-26,366.8,368.7,365.0,366.8
2001-12-27,365.8,367.6,364.0,365.8
2001-12-28,367.9,369.7,366.1,367.9
2001-12-31,368.9,370.8,367.1,368.9
2002-01-01,368.2,370.1,366.4,368.2
2002-01-02,365.7,367.6,363.9,365.7
2002-01-03,364.1,365.9,362.3,364.1
2002-01-04,363.0,364.8,361.2,363.0
2002-01-07,362.9,364.7,361.1,362.9
2002-01-08,363.7,365.5,361.9,363.7
2002-01-09,362.1,363.9,360.3,362.1
2002-01-10,361.8,363.6,360.0,361.8
2002-01-11,360.4,362.2,358.6,360.4
2002-01-14,360.6,362.4,358.8,360.6
2002-01-15,364.7,366.5,362.9,364.7
2002-01-16,366.8,368.7,365.0,366.8
2002-01-17,368.0,369.8,366.1,368.0
2002-01-18,367.4,369.2,365.6,367.4
2002-01-21,366.4,368.2,364.5,366.4
2002-01-22,366.6,368.4,364.7,366.6
2002-01-23,364.6,366.4,362.8,364.6
2002-01-24,366.0,367.8,364.2,366.0
2002-01-25,366.1,367.9,364.3,366.1
2002-01-28,366.7,368.6,364.9,366.7
2002-01-29,364.6,366.5,362.8,364.6
2002-01-30,365.2,367.0,363.4,365.2
2002-01-31,365.3,367.1,363.5,365.3
2002-02-01,364.3,366.1,362.4,364.3
2002-02-04,365.4,367.2,363.6,365.4
2002-02-05,365.3,367.1,363.5,365.3
2002-02-06,366.2,368.1,364.4,366.2
2002-02-07,367.6,369.5,365.8,367.6
2002-02-08,366.4,368.2,364.6,366.4
2002-02-11,367.3,369.2,365.5,367.3
2002-02-12,367.9,369.7,366.1,367.9
2002-02-13,370.2,372.0,368.3,370.2
2002-02-14,371.8,373.6,369.9,371.8
2002-02-15,371.5,373.3,369.6,371.5
2002-02-18,371.4,373.3,369.6,371.4
2002-02-19,371.9,373.8,370.1,371.9
2002-02-20,370.5,372.4,368.7,370.5
2002-02-21,369.4,371.3,367.6,369.4
2002-02-22,369.1,371.0,367.3,369.1
2002-02-25,366.3,368.1,364.5,366.3
2002-02-26,365.4,367.2,363.6,365.4
2002-02-27,365.6,367.4,363.7,365.6
2002-02-28,370.4,372.2,368.5,370.4
2002-03-01,370.2,372.0,368.3,370.2
2002-03-04,371.9,373.8,370.1,371.9
2002-03-05,372.0,373.9,370.2,372.0
2002-03-06,373.1,375.0,371.2,373.1
2002-03-07,371.8,373.7,370.0,371.8
2002-03-08,369.9,371.8,368.1,369.9
2002-03-11,372.8,374.7,370.9,372.8
2002-03-12,371.2,373.1,369.3,371.2
2002-03-13,373.9,375.8,372.1,373.9
2002-03-14,373.7,375.6,371.9,373.7
2002-03-15,372.9,374.7,371.0,372.9
2002-03-18,372.8,374.7,371.0,372.8
2002-03-19,375.7,377.6,373.8,375.7
2002-03-20,375.0,376.9,373.1,375.0
2002-03-21,374.8,376.6,372.9,374.8
2002-03-22,376.6,378.5,374.7,376.6
2002-03-25,378.0,379.8,376.1,378.0
2002-03-26,381.4,383.3,379.5,381.4
2002-03-27,383.2,385.2,381.3,383.2
2002-03-28,382.2,384.1,380.3,382.2
2002-03-29,384.2,386.2,382.3,384.2
2002-04-01,381.5,383.4,379.6,381.5
2002-04-02,382.8,384.7,380.9,382.8
2002-04-03,381.9,383.8,380.0,381.9
2002-04-04,382.9,384.9,381.0,382.9
2002-04-05,386.0,388.0,384.1,386.0
2002-04-08,383.7,385.6,381.8,383.7
2002-04-09,385.2,387.1,383.3,385.2
2002-04-10,386.5,388.4,384.6,386.5
2002-04-11,387.5,389.4,385.5,387.5
2002-04-12,385.9,387.8,384.0,385.9
2002-04-15,386.1,388.0,384.1,386.1
2002-04-16,384.6,386.5,382.7,384.6
2002-04-17,385.4,387.3,383.4,385.4
2002-04-18,383.4,385.3,381.5,383.4
2002-04-19,382.9,384.8,381.0,382.9
2002-04-22,384.4,386.3,382.5,384.4
2002-04-23,383.4,385.3,381.5,383.4
2002-04-24,383.0,384.9,381.1,383.0
2002-04-25,381.9,383.8,380.0,381.9
2002-04-26,382.6,384.5,380.6,382.6
2002-04-29,382.9,384.9,381.0,382.9
2002-04-30,382.1,384.0,380.2,382.1
2002-05-01,381.5,383.4,379.6,381.5
2002-05-02,382.1,384.0,380.2,382.1
2002-05-03,380.8,382.7,378.9,380.8
2002-05-06,381.5,383.4,379.6,381.5
2002-05-07,382.0,383.9,380.1,382.0
2002-05-08,382.6,384.5,380.7,382.6
2002-05-09,382.1,384.1,380.2,382.1
2002-05-10,383.5,385.4,381.6,383.5
2002-05-13,385.6,387.6,383.7,385.6
2002-05-14,386.9,388.8,385.0,386.9
2002-05-15,387.4,389.4,385.5,387.4
2002-05-16,385.4,387.3,383.5,385.4
2002-05-17,388.3,390.2,386.4,388.3
2002-05-20,388.9,390.8,386.9,388.9
2002-05-21,389.5,391.5,387.6,389.5
2002-05-22,388.5,390.5,386.6,388.5
2002-05-23,388.4,390.3,386.5,388.4
2002-05-24,390.4,392.4,388.5,390.4
2002-05-27,392.1,394.0,390.1,392.1
2002-05-28,391.7,393.6,389.7,391.7
2002-05-29,394.1,396.1,392.1,394.1
2002-05-30,392.5,394.5,390.5,392.5
2002-05-31,389.9,391.9,388.0,389.9
2002-06-03,387.3,389.3,385.4,387.3
2002-06-04,388.9,390.9,387.0,388.9
2002-06-05,388.1,390.0,386.2,388.1
2002-06-06,388.2,390.1,386.3,388.2
2002-06-07,390.2,392.2,388.3,390.2
2002-06-10,391.3,393.2,389.3,391.3
2002-06-11,389.6,391.6,387.7,389.6
2002-06-12,392.5,394.4,390.5,392.5
2002-06-13,392.2,394.1,390.2,392.2
2002-06-14,392.2,394.2,390.3,392.2
2002-06-17,391.6,393.6,389.7,391.6
2002-06-18,390.1,392.1,388.2,390.1
2002-06-19,390.8,392.7,388.8,390.8
2002-06-20,388.8,390.8,386.9,388.8
2002-06-21,389.1,391.0,387.1,389.1
2002-06-24,392.3,394.3,390.3,392.3
2002-06-25,393.7,395.7,391.8,393.7
2002-06-26,394.3,396.2,392.3,394.3
2002-06-27,392.7,394.7,390.7,392.7
2002-06-28,392.9,394.8,390.9,392.9
2002-07-01,392.3,394.2,390.3,392.3
2002-07-02,394.9,396.9,392.9,394.9
2002-07-03,394.3,396.3,392.4,394.3
2002-07-04,393.3,395.3,391.4,393.3
2002-07-05,393.3,395.2,391.3,393.3
2002-07-08,392.7,394.6,390.7,392.7
2002-07-09,393.4,395.4,391.4,393.4
2002-07-10,396.6,398.6,394.6,396.6
2002-07-11,396.8,398.8,394.8,396.8
2002-07-12,395.5,397.5,393.5,395.5
2002-07-15,395.8,397.8,393.9,395.8
2002-07-16,394.1,396.0,392.1,394.1
2002-07-17,399.0,401.0,397.0,399.0
2002-07-18,402.0,404.0,400.0,402.0
2002-07-19,404.0,406.0,401.9,404.0
2002-07-22,405.4,407.4,403.3,405.4
2002-07-23,404.9,407.0,402.9,404.9
2002-07-24,404.6,406.6,402.6,404.6
2002-07-25,404.1,406.2,402.1,404.1
2002-07-26,407.9,409.9,405.8,407.9
2002-07-29,407.6,409.7,405.6,407.6
2002-07-30,406.5,408.6,404.5,406.5
2002-07-31,406.2,408.2,404.2,406.2
2002-08-01,406.8,408.9,404.8,406.8
2002-08-02,401.1,403.1,399.1,401.1
2002-08-05,402.2,404.2,400.2,402.2
2002-08-06,398.2,400.2,396.2,398.2
2002-08-07,400.9,402.9,398.9,400.9
2002-08-08,398.3,400.3,396.3,398.3
2002-08-09,397.3,399.3,395.4,397.3
2002-08-12,395.0,396.9,393.0,395.0
2002-08-13,398.4,400.4,396.4,398.4
2002-08-14,398.7,400.7,396.7,398.7
2002-08-15,402.7,404.7,400.7,402.7
2002-08-16,406.1,408.1,404.0,406.1
2002-08-19,408.4,410.5,406.4,408.4
2002-08-20,406.1,408.1,404.0,406.1
2002-08-21,406.4,408.4,404.3,406.4
2002-08-22,408.6,410.7,406.6,408.6
2002-08-23,409.2,411.2,407.1,409.2
2002-08-26,408.8,410.9,406.8,408.8
2002-08-27,409.3,411.4,407.3,409.3
2002-08-28,410.0,412.1,408.0,410.0
2002-08-29,407.5,409.6,405.5,407.5
2002-08-30,406.6,408.7,404.6,406.6
2002-09-02,408.0,410.1,406.0,408.0
2002-09-03,409.5,411.6,407.5,409.5
2002-09-04,409.9,411.9,407.8,409.9
2002-09-05,409.2,411.2,407.1,409.2
2002-09-06,408.9,410.9,406.8,408.9
2002-09-09,408.0,410.1,406.0,408.0
2002-09-10,408.0,410.0,405.9,408.0
2002-09-11,409.5,411.5,407.4,409.5
2002-09-12,413.5,415.5,411.4,413.5
2002-09-13,411.4,413.4,409.3,411.4
2002-09-16,413.7,415.8,411.7,413.7
2002-09-17,414.3,416.3,412.2,414.3
2002-09-18,411.5,413.6,409.4,411.5
2002-09-19,411.3,413.4,409.3,411.3
2002-09-20,411.1,413.1,409.0,411.1
2002-09-23,411.5,413.5,409.4,411.5
2002-09-24,413.2,415.3,411.2,413.2
2002-09-25,416.4,418.5,414.3,416.4
2002-09-26,418.4,420.5,416.3,418.4
2002-09-27,418.5,420.5,416.4,418.5
2002-09-30,419.1,421.2,417.0,419.1
2002-10-01,422.3,424.4,420.2,422.3
2002-10-02,420.1,422.2,418.0,420.1
2002-10-03,421.9,424.0,419.8,421.9
2002-10-04,419.6,421.7,417.5,419.6
2002-10-07,417.2,419.3,415.1,417.2
2002-10-08,418.1,420.2,416.0,418.1
2002-10-09,415.2,417.3,413.2,415.2
2002-10-10,414.6,416.7,412.5,414.6
2002-10-11,416.9,419.0,414.8,416.9
2002-10-14,415.7,417.7,413.6,415.7
2002-10-15,418.7,420.7,416.6,418.7
2002-10-16,414.8,416.9,412.7,414.8
2002-10-17,416.6,418.7,414.5,416.6
2002-10-18,414.3,416.4,412.3,414.3
2002-10-21,414.5,416.5,412.4,414.5
2002-10-22,415.0,417.0,412.9,415.0
2002-10-23,414.6,416.7,412.5,414.6
2002-10-24,414.3,416.4,412.3,414.3
2002-10-25,412.1,414.2,410.0,412.1
2002-10-28,415.1,417.2,413.0,415.1
2002-10-29,413.2,415.3,411.1,413.2
2002-10-30,411.4,413.5,409.4,411.4
2002-10-31,411.6,413.7,409.6,411.6
2002-11-01,410.8,412.8,408.7,410.8
2002-11-04,412.9,415.0,410.8,412.9
2002-11-05,412.3,414.4,410.3,412.3
2002-11-06,412.7,414.8,410.7,412.7
2002-11-07,413.3,415.3,411.2,413.3
2002-11-08,415.2,417.3,413.2,415.2
2002-11-11,414.9,417.0,412.9,414.9
2002-11-12,412.4,414.5,410.4,412.4
2002-11-13,411.5,413.6,409.5,411.5
2002-11-14,413.9,416.0,411.8,413.9
2002-11-15,414.8,416.9,412.8,414.8
2002-11-18,414.9,417.0,412.8,414.9
2002-11-19,415.3,417.4,413.3,415.3
2002-11-20,415.2,417.3,413.2,415.2
2002-11-21,416.9,419.0,414.8,416.9
2002-11-22,417.8,419.8,415.7,417.8
2002-11-25,417.9,420.0,415.8,417.9
2002-11-26,419.7,421.8,417.6,419.7
2002-11-27,421.8,424.0,419.7,421.8
2002-11-28,420.4,422.5,418.3,420.4
2002-11-29,419.0,421.1,416.9,419.0
2002-12-02,423.7,425.9,421.6,423.7
2002-12-03,424.8,427.0,422.7,424.8
2002-12-04,427.6,429.8,425.5,427.6
2002-12-05,429.0,431.1,426.9,429.0
2002-12-06,429.6,431.7,427.4,429.6
2002-12-09,426.1,428.2,424.0,426.1
2002-12-10,424.0,426.1,421.9,424.0
2002-12-11,425.2,427.3,423.1,425.2
2002-12-12,423.7,425.8,421.6,423.7
2002-12-13,423.6,425.7,421.5,423.6
2002-12-16,425.6,427.8,423.5,425.6
2002-12-17,425.9,428.1,423.8,425.9
2002-12-18,426.7,428.8,424.5,426.7
2002-12-19,429.0,431.2,426.9,429.0
2002-12-20,431.5,433.6,429.3,431.5
2002-12-23,431.6,433.7,429.4,431.6
2002-12-24,433.6,435.7,431.4,433.6
2002-12-25,431.7,433.8,429.5,431.7
2002-12-26,431.9,434.1,429.7,431.9
2002-12-27,432.7,434.9,430.5,432.7
2002-12-30,432.7,434.8,430.5,432.7
2002-12-31,432.1,434.3,430.0,432.1
2003-01-01,430.0,432.2,427.9,430.0
2003-01-02,429.9,432.1,427.8,429.9
2003-01-03,427.2,429.3,425.0,427.2
2003-01-06,427.4,429.6,425.3,427.4
2003-01-07,427.7,429.8,425.6,427.7
2003-01-08,429.1,431.3,427.0,429.1
2003-01-09,427.2,429.3,425.1,427.2
2003-01-10,428.0,430.1,425.8,428.0
2003-01-13,429.5,431.6,427.3,429.5
2003-01-14,429.5,431.7,427.4,429.5
2003-01-15,430.4,432.6,428.3,430.4
2003-01-16,431.0,433.1,428.8,431.0
2003-01-17,426.6,428.7,424.4,426.6
2003-01-20,425.6,427.8,423.5,425.6
2003-01-21,429.7,431.8,427.5,429.7
2003-01-22,431.0,433.1,428.8,431.0
2003-01-23,430.1,432.2,427.9,430.1
2003-01-24,430.9,433.0,428.7,430.9
2003-01-27,432.6,434.7,430.4,432.6
2003-01-28,435.3,437.5,433.1,435.3
2003-01-29,434.6,436.8,432.4,434.6
2003-01-30,433.6,435.7,431.4,433.6
2003-01-31,432.8,434.9,430.6,432.8
2003-02-03,432.1,434.3,430.0,432.1
2003-02-04,431.3,433.4,429.1,431.3
2003-02-05,431.8,434.0,429.6,431.8
2003-02-06,431.3,433.4,429.1,431.3
2003-02-07,431.4,433.5,429.2,431.4
2003-02-10,435.2,437.4,433.0,435.2
2003-02-11,433.6,435.8,431.5,433.6
2003-02-12,434.4,436.5,432.2,434.4
2003-02-13,432.5,434.7,430.4,432.5
2003-02-14,434.4,436.5,432.2,434.4
2003-02-17,436.8,439.0,434.6,436.8
2003-02-18,435.4,437.5,433.2,435.4
2003-02-19,434.3,436.5,432.1,434.3
2003-02-20,435.6,437.8,433.5,435.6
2003-02-21,435.3,437.5,433.1,435.3
2003-02-24,438.3,440.5,436.1,438.3
2003-02-25,436.2,438.4,434.1,436.2
2003-02-26,438.3,440.5,436.1,438.3
2003-02-27,442.2,444.4,440.0,442.2
2003-02-28,442.8,445.0,440.6,442.8
2003-03-03,442.3,444.5,440.1,442.3
2003-03-04,440.9,443.1,438.7,440.9
2003-03-05,440.6,442.8,438.4,440.6
2003-03-06,441.8,444.0,439.6,441.8
2003-03-07,439.2,441.4,437.0,439.2
2003-03-10,439.1,441.3,436.9,439.1
2003-03-11,439.5,441.7,437.3,439.5
2003-03-12,442.4,444.6,440.2,442.4
2003-03-13,445.6,447.9,443.4,445.6
2003-03-14,445.3,447.5,443.0,445.3
2003-03-17,443.5,445.8,441.3,443.5
2003-03-18,443.8,446.0,441.6,443.8
2003-03-19,444.1,446.3,441.9,444.1
2003-03-20,446.2,448.4,443.9,446.2
2003-03-21,445.3,447.5,443.0,445.3
2003-03-24,443.8,446.0,441.6,443.8
2003-03-25,443.8,446.1,441.6,443.8
2003-03-26,443.3,445.5,441.1,443.3
2003-03-27,442.7,444.9,440.5,442.7
2003-03-28,441.3,443.5,439.1,441.3
2003-03-31,439.6,441.8,437.5,439.6
2003-04-01,440.9,443.1,438.7,440.9
2003-04-02,441.7,443.9,439.4,441.7
2003-04-03,440.5,442.7,438.3,440.5
2003-04-04,442.2,444.4,440.0,442.2
2003-04-07,439.5,441.7,437.3,439.5
2003-04-08,439.2,441.4,437.0,439.2
2003-04-09,439.9,442.1,437.7,439.9
2003-04-10,442.3,444.5,440.1,442.3
2003-04-11,441.6,443.8,439.4,441.6
2003-04-14,444.2,446.5,442.0,444.2
2003-04-15,443.3,445.5,441.1,443.3
2003-04-16,445.0,447.2,442.8,445.0
2003-04-17,448.2,450.4,445.9,448.2
2003-04-18,446.4,448.7,444.2,446.4
2003-04-21,447.2,449.4,445.0,447.2
2003-04-22,448.3,450.5,446.0,448.3
2003-04-23,446.1,448.4,443.9,446.1
2003-04-24,447.1,449.3,444.9,447.1
2003-04-25,446.2,448.5,444.0,446.2
2003-04-28,445.3,447.5,443.1,445.3
2003-04-29,444.8,447.0,442.6,444.8
2003-04-30,444.2,446.5,442.0,444.2
2003-05-01,446.1,448.3,443.9,446.1
2003-05-02,446.4,448.6,444.1,446.4
2003-05-05,451.2,453.4,448.9,451.2
2003-05-06,450.3,452.5,448.0,450.3
2003-05-07,451.2,453.5,449.0,451.2
2003-05-08,451.0,453.3,448.8,451.0
2003-05-09,448.8,451.1,446.6,448.8
2003-05-12,452.2,454.5,450.0,452.2
2003-05-13,452.5,454.8,450.3,452.5
2003-05-14,451.2,453.4,448.9,451.2
2003-05-15,452.0,454.3,449.8,452.0
2003-05-16,454.0,456.3,451.7,454.0
2003-05-19,452.9,455.1,450.6,452.9
2003-05-20,453.1,455.3,450.8,453.1
2003-05-21,455.0,457.3,452.8,455.0
2003-05-22,455.3,457.6,453.1,455.3
2003-05-23,456.4,458.6,454.1,456.4
2003-05-26,456.2,458.5,453.9,456.2
2003-05-27,453.4,455.6,451.1,453.4
2003-05-28,453.1,455.3,450.8,453.1
2003-05-29,452.2,454.5,450.0,452.2
2003-05-30,452.2,454.5,450.0,452.2
2003-06-02,451.7,454.0,449.5,451.7
2003-06-03,452.3,454.6,450.1,452.3
2003-06-04,452.0,454.2,449.7,452.0
2003-06-05,453.7,456.0,451.4,453.7
2003-06-06,455.0,457.3,452.8,455.0
2003-06-09,453.9,456.2,451.6,453.9
2003-06-10,456.4,458.7,454.1,456.4
2003-06-11,455.2,457.5,452.9,455.2
2003-06-12,453.4,455.6,451.1,453.4
2003-06-13,455.6,457.9,453.3,455.6
2003-06-16,455.1,457.3,452.8,455.1
2003-06-17,455.5,457.8,453.2,455.5
2003-06-18,453.4,455.6,451.1,453.4
2003-06-19,453.0,455.3,450.8,453.0
2003-06-20,453.2,455.5,450.9,453.2
2003-06-23,453.2,455.5,451.0,453.2
2003-06-24,452.7,455.0,450.4,452.7
2003-06-25,453.2,455.5,450.9,453.2
2003-06-26,455.4,457.7,453.2,455.4
2003-06-27,454.0,456.3,451.8,454.0
2003-06-30,450.2,452.4,447.9,450.2
2003-07-01,453.1,455.4,450.9,453.1
2003-07-02,452.4,454.7,450.2,452.4
2003-07-03,451.9,454.2,449.6,451.9
2003-07-04,451.5,453.7,449.2,451.5
2003-07-07,450.0,452.2,447.7,450.0
2003-07-08,450.0,452.2,447.7,450.0
2003-07-09,450.1,452.4,447.9,450.1
2003-07-10,451.7,453.9,449.4,451.7
2003-07-11,451.3,453.5,449.0,451.3
2003-07-14,447.8,450.1,445.6,447.8
2003-07-15,446.2,448.5,444.0,446.2
2003-07-16,449.2,451.5,447.0,449.2
2003-07-17,448.5,450.8,446.3,448.5
2003-07-18,450.4,452.6,448.1,450.4
2003-07-21,450.2,452.5,448.0,450.2
2003-07-22,452.5,454.8,450.3,452.5
2003-07-23,453.4,455.7,451.2,453.4
2003-07-24,451.4,453.7,449.2,451.4
2003-07-25,450.0,452.3,447.8,450.0
2003-07-28,448.5,450.8,446.3,448.5
2003-07-29,451.2,453.4,448.9,451.2
2003-07-30,449.7,451.9,447.4,449.7
2003-07-31,449.9,452.2,447.7,449.9
2003-08-01,450.6,452.9,448.3,450.6
2003-08-04,452.3,454.5,450.0,452.3
2003-08-05,452.3,454.5,450.0,452.3
2003-08-06,450.2,452.4,447.9,450.2
2003-08-07,448.9,451.1,446.7,448.9
2003-08-08,448.0,450.2,445.7,448.0
2003-08-11,444.5,446.7,442.3,444.5
2003-08-12,446.6,448.8,444.4,446.6
2003-08-13,448.7,451.0,446.5,448.7
2003-08-14,447.8,450.1,445.6,447.8
2003-08-15,451.4,453.7,449.2,451.4
2003-08-18,452.6,454.9,450.3,452.6
2003-08-19,455.2,457.4,452.9,455.2
2003-08-20,457.5,459.7,455.2,457.5
2003-08-21,457.9,460.2,455.7,457.9
2003-08-22,454.9,457.1,452.6,454.9
2003-08-25,456.5,458.8,454.2,456.5
2003-08-26,458.3,460.6,456.0,458.3
2003-08-27,457.8,460.1,455.6,457.8
2003-08-28,458.9,461.2,456.6,458.9
2003-08-29,459.6,461.9,457.3,459.6
2003-09-01,458.8,461.1,456.5,458.8
2003-09-02,459.4,461.7,457.1,459.4
2003-09-03,459.2,461.5,456.9,459.2
2003-09-04,460.7,463.0,458.4,460.7
2003-09-05,460.3,462.6,458.0,460.3
2003-09-08,460.1,462.4,457.8,460.1
2003-09-09,457.8,460.1,455.5,457.8
2003-09-10,462.9,465.2,460.5,462.9
2003-09-11,462.7,465.0,460.4,462.7
2003-09-12,461.2,463.5,458.9,461.2
2003-09-15,463.5,465.8,461.2,463.5
2003-09-16,464.5,466.9,462.2,464.5
2003-09-17,466.2,468.6,463.9,466.2
2003-09-18,468.0,470.4,465.7,468.0
2003-09-19,470.6,473.0,468.3,470.6
2003-09-22,469.3,471.7,467.0,469.3
2003-09-23,470.1,472.4,467.7,470.1
2003-09-24,467.5,469.9,465.2,467.5
2003-09-25,467.5,469.8,465.2,467.5
2003-09-26,469.4,471.7,467.0,469.4
2003-09-29,468.5,470.9,466.2,468.5
2003-09-30,473.4,475.7,471.0,473.4
2003-10-01,473.8,476.2,471.5,473.8
2003-10-02,470.7,473.1,468.4,470.7
2003-10-03,472.5,474.9,470.2,472.5
2003-10-06,477.6,480.0,475.2,477.6
2003-10-07,473.5,475.9,471.1,473.5
2003-10-08,475.3,477.7,472.9,475.3
2003-10-09,473.7,476.1,471.3,473.7
2003-10-10,474.0,476.4,471.7,474.0
2003-10-13,472.3,474.7,470.0,472.3
2003-10-14,474.5,476.8,472.1,474.5
2003-10-15,474.3,476.7,471.9,474.3
2003-10-16,477.0,479.3,474.6,477.0
2003-10-17,475.3,477.7,472.9,475.3
2003-10-20,475.7,478.1,473.3,475.7
2003-10-21,471.7,474.1,469.3,471.7
2003-10-22,477.3,479.7,474.9,477.3
2003-10-23,481.4,483.8,479.0,481.4
2003-10-24,485.7,488.2,483.3,485.7
2003-10-27,489.1,491.5,486.6,489.1
2003-10-28,487.8,490.2,485.3,487.8
2003-10-29,487.6,490.0,485.1,487.6
2003-10-30,488.1,490.5,485.6,488.1
2003-10-31,488.7,491.1,486.2,488.7
2003-11-03,486.7,489.2,484.3,486.7
2003-11-04,484.5,487.0,482.1,484.5
2003-11-05,482.1,484.5,479.7,482.1
2003-11-06,481.5,483.9,479.1,481.5
2003-11-07,481.2,483.6,478.8,481.2
2003-11-10,481.0,483.4,478.6,481.0
2003-11-11,481.9,484.3,479.5,481.9
2003-11-12,479.5,481.9,477.1,479.5
2003-11-13,478.3,480.7,475.9,478.3
2003-11-14,477.4,479.8,475.0,477.4
2003-11-17,479.9,482.3,477.5,479.9
2003-11-18,480.8,483.2,478.4,480.8
2003-11-19,481.9,484.3,479.5,481.9
2003-11-20,480.5,482.9,478.1,480.5
2003-11-21,481.1,483.5,478.7,481.1
2003-11-24,480.4,482.8,478.0,480.4
2003-11-25,479.5,481.9,477.1,479.5
2003-11-26,480.8,483.2,478.4,480.8
2003-11-27,480.1,482.5,477.7,480.1
2003-11-28,480.5,482.9,478.1,480.5
2003-12-01,481.0,483.4,478.6,481.0
2003-12-02,479.3,481.7,476.9,479.3
2003-12-03,478.8,481.2,476.4,478.8
2003-12-04,478.4,480.8,476.0,478.4
2003-12-05,478.4,480.8,476.0,478.4
2003-12-08,476.0,478.4,473.6,476.0
2003-12-09,475.5,477.8,473.1,475.5
2003-12-10,478.2,480.6,475.8,478.2
2003-12-11,479.9,482.3,477.5,479.9
2003-12-12,479.8,482.2,477.4,479.8
2003-12-15,478.6,481.0,476.2,478.6
2003-12-16,479.7,482.1,477.3,479.7
2003-12-17,482.3,484.8,479.9,482.3
2003-12-18,486.0,488.4,483.6,486.0
2003-12-19,485.5,487.9,483.0,485.5
2003-12-22,484.3,486.7,481.9,484.3
2003-12-23,485.9,488.3,483.5,485.9
2003-12-24,487.1,489.6,484.7,487.1
2003-12-25,487.7,490.1,485.2,487.7
2003-12-26,486.9,489.3,484.5,486.9
2003-12-29,485.2,487.7,482.8,485.2
2003-12-30,487.2,489.7,484.8,487.2
2003-12-31,489.6,492.0,487.1,489.6
2004-01-01,489.2,491.6,486.7,489.2
2004-01-02,493.1,495.5,490.6,493.1
2004-01-05,494.2,496.7,491.7,494.2
2004-01-06,494.1,496.6,491.7,494.1
2004-01-07,492.1,494.5,489.6,492.1
2004-01-08,489.1,491.5,486.6,489.1
2004-01-09,488.6,491.1,486.2,488.6
2004-01-12,490.3,492.8,487.9,490.3
2004-01-13,495.5,498.0,493.0,495.5
2004-01-14,495.9,498.4,493.4,495.9
2004-01-15,497.4,499.9,494.9,497.4
2004-01-16,495.9,498.4,493.5,495.9
2004-01-19,497.1,499.5,494.6,497.1
2004-01-20,497.5,500.0,495.0,497.5
2004-01-21,495.9,498.3,493.4,495.9
2004-01-22,498.9,501.4,496.4,498.9
2004-01-23,498.8,501.3,496.3,498.8
2004-01-26,501.7,504.2,499.1,501.7
2004-01-27,501.8,504.3,499.3,501.8
2004-01-28,501.2,503.7,498.7,501.2
2004-01-29,499.8,502.3,497.3,499.8
2004-01-30,499.4,501.9,496.9,499.4
2004-02-02,502.8,505.4,500.3,502.8
2004-02-03,501.2,503.7,498.7,501.2
2004-02-04,502.7,505.2,500.2,502.7
2004-02-05,502.2,504.7,499.7,502.2
2004-02-06,503.6,506.1,501.1,503.6
2004-02-09,504.5,507.1,502.0,504.5
2004-02-10,502.0,504.5,499.5,502.0
2004-02-11,502.5,505.1,500.0,502.5
2004-02-12,507.1,509.7,504.6,507.1
2004-02-13,507.8,510.3,505.2,507.8
2004-02-16,510.0,512.6,507.5,510.0
2004-02-17,510.5,513.1,508.0,510.5
2004-02-18,512.0,514.6,509.5,512.0
2004-02-19,510.4,512.9,507.8,510.4
2004-02-20,510.1,512.6,507.5,510.1
2004-02-23,512.2,514.8,509.6,512.2
2004-02-24,511.4,513.9,508.8,511.4
2004-02-25,513.5,516.0,510.9,513.5
2004-02-26,511.3,513.8,508.7,511.3
2004-02-27,511.3,513.9,508.8,511.3
2004-03-01,511.5,514.0,508.9,511.5
2004-03-02,516.8,519.4,514.2,516.8
2004-03-03,515.8,518.3,513.2,515.8
2004-03-04,516.4,519.0,513.8,516.4
2004-03-05,512.2,514.7,509.6,512.2
2004-03-08,510.2,512.7,507.6,510.2
2004-03-09,510.9,513.5,508.4,510.9
2004-03-10,510.5,513.1,508.0,510.5
2004-03-11,510.1,512.7,507.6,510.1
2004-03-12,509.6,512.2,507.1,509.6
2004-03-15,509.9,512.4,507.3,509.9
2004-03-16,506.6,509.1,504.1,506.6
2004-03-17,506.8,509.4,504.3,506.8
2004-03-18,506.8,509.3,504.2,506.8
2004-03-19,509.3,511.9,506.8,509.3
2004-03-22,511.8,514.3,509.2,511.8
2004-03-23,506.2,508.7,503.6,506.2
2004-03-24,505.1,507.7,502.6,505.1
2004-03-25,509.4,511.9,506.8,509.4
2004-03-26,511.6,514.1,509.0,511.6
2004-03-29,513.3,515.8,510.7,513.3
2004-03-30,512.4,515.0,509.9,512.4
2004-03-31,514.2,516.8,511.6,514.2
2004-04-01,511.1,513.7,508.6,511.1
2004-04-02,510.3,512.8,507.7,510.3
2004-04-05,511.8,514.4,509.2,511.8
2004-04-06,513.4,516.0,510.8,513.4
2004-04-07,514.1,516.7,511.5,514.1
2004-04-08,515.2,517.7,512.6,515.2
2004-04-09,515.7,518.3,513.1,515.7
2004-04-12,515.7,518.2,513.1,515.7
2004-04-13,518.6,521.2,516.0,518.6
2004-04-14,522.5,525.2,519.9,522.5
2004-04-15,522.3,524.9,519.7,522.3
2004-04-16,519.8,522.4,517.2,519.8
2004-04-19,519.8,522.4,517.2,519.8
2004-04-20,520.1,522.7,517.5,520.1
2004-04-21,515.6,518.2,513.0,515.6
2004-04-22,518.7,521.3,516.1,518.7
2004-04-23,517.5,520.1,514.9,517.5
2004-04-26,516.5,519.1,513.9,516.5
2004-04-27,516.1,518.7,513.5,516.1
2004-04-28,515.5,518.1,512.9,515.5
2004-04-29,516.0,518.6,513.4,516.0
2004-04-30,518.0,520.6,515.4,518.0
2004-05-03,521.5,524.1,518.9,521.5
2004-05-04,523.3,525.9,520.7,523.3
2004-05-05,521.4,524.0,518.8,521.4
2004-05-06,521.3,524.0,518.7,521.3
2004-05-07,521.8,524.4,519.2,521.8
2004-05-10,523.0,525.6,520.4,523.0
2004-05-11,524.2,526.8,521.6,524.2
2004-05-12,524.5,527.1,521.8,524.5
2004-05-13,524.4,527.0,521.8,524.4
2004-05-14,526.4,529.0,523.8,526.4
2004-05-17,526.6,529.2,524.0,526.6
2004-05-18,528.6,531.3,526.0,528.6
2004-05-19,530.3,533.0,527.7,530.3
2004-05-20,533.2,535.9,530.6,533.2
2004-05-21,533.5,536.1,530.8,533.5
2004-05-24,536.7,539.4,534.0,536.7
2004-05-25,535.7,538.3,533.0,535.7
2004-05-26,536.1,538.8,533.4,536.1
2004-05-27,537.4,540.1,534.7,537.4
2004-05-28,534.9,537.5,532.2,534.9
2004-05-31,534.2,536.9,531.6,534.2
2004-06-01,532.5,535.2,529.9,532.5
2004-06-02,532.3,535.0,529.7,532.3
2004-06-03,531.1,533.8,528.5,531.1
2004-06-04,531.4,534.0,528.7,531.4
2004-06-07,531.6,534.3,529.0,531.6
2004-06-08,531.1,533.7,528.4,531.1
2004-06-09,531.4,534.1,528.8,531.4
2004-06-10,530.1,532.7,527.4,530.1
2004-06-11,528.4,531.0,525.7,528.4
2004-06-14,526.5,529.1,523.9,526.5
2004-06-15,523.1,525.7,520.4,523.1
2004-06-16,522.2,524.8,519.5,522.2
2004-06-17,523.9,526.5,521.3,523.9
2004-06-18,524.0,526.6,521.4,524.0
2004-06-21,525.0,527.6,522.3,525.0
2004-06-22,524.6,527.2,522.0,524.6
2004-06-23,529.2,531.9,526.6,529.2
2004-06-24,529.9,532.6,527.3,529.9
2004-06-25,529.0,531.6,526.3,529.0
2004-06-28,527.5,530.2,524.9,527.5
2004-06-29,531.6,534.3,529.0,531.6
2004-06-30,528.9,531.5,526.2,528.9
2004-07-01,527.7,530.3,525.1,527.7
2004-07-02,526.5,529.1,523.9,526.5
2004-07-05,527.4,530.0,524.8,527.4
2004-07-06,528.7,531.3,526.1,528.7
2004-07-07,529.3,532.0,526.7,529.3
2004-07-08,529.0,531.7,526.4,529.0
2004-07-09,526.5,529.2,523.9,526.5
2004-07-12,531.6,534.2,528.9,531.6
2004-07-13,532.5,535.2,529.9,532.5
2004-07-14,534.1,536.8,531.5,534.1
2004-07-15,533.0,535.6,530.3,533.0
2004-07-16,532.7,535.4,530.0,532.7
2004-07-19,536.1,538.7,533.4,536.1
2004-07-20,531.6,534.2,528.9,531.6
2004-07-21,533.7,536.4,531.1,533.7
2004-07-22,533.6,536.3,530.9,533.6
2004-07-23,534.9,537.6,532.2,534.9
2004-07-26,539.3,542.0,536.6,539.3
2004-07-27,538.4,541.1,535.8,538.4
2004-07-28,532.9,535.5,530.2,532.9
2004-07-29,531.0,533.7,528.4,531.0
2004-07-30,531.7,534.3,529.0,531.7
2004-08-02,536.2,538.8,533.5,536.2
2004-08-03,535.7,538.4,533.0,535.7
2004-08-04,539.5,542.2,536.8,539.5
2004-08-05,534.7,537.4,532.1,534.7
2004-08-06,534.2,536.8,531.5,534.2
2004-08-09,537.4,540.1,534.7,537.4
2004-08-10,539.9,542.6,537.2,539.9
2004-08-11,535.9,538.6,533.3,535.9
2004-08-12,534.6,537.3,532.0,534.6
2004-08-13,534.9,537.6,532.3,534.9
2004-08-16,534.5,537.2,531.8,534.5
2004-08-17,537.7,540.4,535.0,537.7
2004-08-18,538.2,540.9,535.5,538.2
2004-08-19,535.6,538.2,532.9,535.6
2004-08-20,537.2,539.9,534.5,537.2
2004-08-23,539.3,542.0,536.6,539.3
2004-08-24,537.3,540.0,534.6,537.3
2004-08-25,535.9,538.6,533.3,535.9
2004-08-26,535.1,537.7,532.4,535.1
2004-08-27,538.8,541.5,536.1,538.8
2004-08-30,539.6,542.3,536.9,539.6
2004-08-31,535.3,538.0,532.6,535.3
2004-09-01,533.3,536.0,530.6,533.3
2004-09-02,535.7,538.4,533.1,535.7
2004-09-03,535.6,538.3,532.9,535.6
2004-09-06,534.1,536.8,531.5,534.1
2004-09-07,534.2,536.9,531.5,534.2
2004-09-08,537.3,539.9,534.6,537.3
2004-09-09,542.8,545.5,540.1,542.8
2004-09-10,543.2,545.9,540.4,543.2
2004-09-13,545.2,547.9,542.4,545.2
2004-09-14,545.4,548.1,542.6,545.4
2004-09-15,546.3,549.0,543.5,546.3
2004-09-16,544.6,547.3,541.9,544.6
2004-09-17,548.3,551.0,545.5,548.3
2004-09-20,548.0,550.8,545.3,548.0
2004-09-21,546.0,548.7,543.2,546.0
2004-09-22,544.7,547.5,542.0,544.7
2004-09-23,546.7,549.5,544.0,546.7
2004-09-24,545.7,548.4,542.9,545.7
2004-09-27,550.0,552.7,547.2,550.0
2004-09-28,551.7,554.5,549.0,551.7
2004-09-29,553.9,556.7,551.1,553.9
2004-09-30,553.1,555.9,550.4,553.1
2004-10-01,552.1,554.8,549.3,552.1
2004-10-04,552.9,555.7,550.1,552.9
2004-10-05,550.5,553.3,547.8,550.5
2004-10-06,552.0,554.8,549.2,552.0
2004-10-07,554.4,557.1,551.6,554.4
2004-10-08,553.1,555.8,550.3,553.1
2004-10-11,555.4,558.2,552.6,555.4
2004-10-12,556.2,559.0,553.4,556.2
2004-10-13,558.9,561.7,556.1,558.9
2004-10-14,562.6,565.4,559.8,562.6
2004-10-15,564.3,567.1,561.4,564.3
2004-10-18,564.4,567.3,561.6,564.4
2004-10-19,567.0,569.8,564.2,567.0
2004-10-20,566.8,569.7,564.0,566.8
2004-10-21,566.0,568.8,563.2,566.0
2004-10-22,564.5,567.3,561.7,564.5
2004-10-25,565.1,567.9,562.2,565.1
2004-10-26,567.2,570.1,564.4,567.2
2004-10-27,564.7,567.6,561.9,564.7
2004-10-28,561.9,564.7,559.1,561.9
2004-10-29,559.3,562.1,556.5,559.3
2004-11-01,562.2,565.0,559.3,562.2
2004-11-02,563.2,566.0,560.4,563.2
2004-11-03,566.6,569.4,563.7,566.6
2004-11-04,565.3,568.2,562.5,565.3
2004-11-05,562.6,565.4,559.8,562.6
2004-11-08,566.7,569.6,563.9,566.7
2004-11-09,565.1,567.9,562.2,565.1
2004-11-10,566.7,569.5,563.8,566.7
2004-11-11,563.7,566.5,560.8,563.7
2004-11-12,564.2,567.1,561.4,564.2
2004-11-15,564.5,567.3,561.7,564.5
2004-11-16,561.5,564.3,558.7,561.5
2004-11-17,566.1,568.9,563.2,566.1
2004-11-18,564.2,567.0,561.4,564.2
2004-11-19,562.3,565.1,559.5,562.3
2004-11-22,561.6,564.4,558.8,561.6
2004-11-23,557.1,559.9,554.3,557.1
2004-11-24,557.0,559.8,554.2,557.0
2004-11-25,556.2,558.9,553.4,556.2
2004-11-26,559.1,561.9,556.3,559.1
2004-11-29,560.8,563.7,558.0,560.8
2004-11-30,558.5,561.3,555.7,558.5
2004-12-01,557.8,560.5,555.0,557.8
2004-12-02,563.4,566.2,560.5,563.4
2004-12-03,561.7,564.5,558.9,561.7
2004-12-06,564.6,567.4,561.8,564.6
2004-12-07,563.4,566.3,560.6,563.4
2004-12-08,561.7,564.5,558.8,561.7
2004-12-09,561.0,563.8,558.2,561.0
2004-12-10,565.0,567.8,562.2,565.0
2004-12-13,562.6,565.4,559.7,562.6
2004-12-14,564.7,567.5,561.8,564.7
2004-12-15,567.9,570.8,565.1,567.9
2004-12-16,567.0,569.9,564.2,567.0
2004-12-17,569.7,572.6,566.9,569.7
2004-12-20,572.4,575.3,569.6,572.4
2004-12-21,570.8,573.6,567.9,570.8
2004-12-22,568.9,571.7,566.0,568.9
2004-12-23,568.9,571.8,566.1,568.9
2004-12-24,569.6,572.4,566.7,569.6
2004-12-27,569.6,572.4,566.7,569.6
2004-12-28,571.3,574.1,568.4,571.3
2004-12-29,569.9,572.7,567.0,569.9
2004-12-30,568.2,571.0,565.3,568.2
2004-12-31,568.7,571.6,565.9,568.7
2005-01-03,570.1,572.9,567.2,570.1
2005-01-04,573.6,576.4,570.7,573.6
2005-01-05,574.9,577.8,572.0,574.9
2005-01-06,576.8,579.7,573.9,576.8
2005-01-07,576.2,579.1,573.3,576.2
2005-01-10,576.1,579.0,573.2,576.1
2005-01-11,574.9,577.7,572.0,574.9
2005-01-12,575.6,578.5,572.7,575.6
2005-01-13,576.2,579.1,573.4,576.2
2005-01-14,576.8,579.6,573.9,576.8
2005-01-17,577.0,579.9,574.1,577.0
2005-01-18,577.2,580.1,574.3,577.2
2005-01-19,581.3,584.2,578.4,581.3
2005-01-20,582.1,585.0,579.2,582.1
2005-01-21,583.5,586.4,580.6,583.5
2005-01-24,585.1,588.0,582.1,585.1
2005-01-25,584.6,587.6,581.7,584.6
2005-01-26,585.9,588.8,583.0,585.9
2005-01-27,585.9,588.8,583.0,585.9
2005-01-28,583.0,585.9,580.0,583.0
2005-01-31,582.2,585.1,579.3,582.2
2005-02-01,586.9,589.8,584.0,586.9
2005-02-02,589.6,592.5,586.6,589.6
2005-02-03,588.7,591.7,585.8,588.7
2005-02-04,590.2,593.2,587.3,590.2
2005-02-07,591.0,594.0,588.1,591.0
2005-02-08,594.9,597.9,592.0,594.9
2005-02-09,594.3,597.3,591.3,594.3
2005-02-10,594.5,597.5,591.5,594.5
2005-02-11,592.4,595.3,589.4,592.4
2005-02-14,592.3,595.3,589.4,592.3
2005-02-15,585.8,588.7,582.9,585.8
2005-02-16,586.6,589.5,583.6,586.6
2005-02-17,589.1,592.0,586.1,589.1
2005-02-18,593.1,596.1,590.1,593.1
2005-02-21,594.6,597.6,591.6,594.6
2005-02-22,593.6,596.5,590.6,593.6
2005-02-23,591.5,594.5,588.6,591.5
2005-02-24,590.4,593.4,587.5,590.4
2005-02-25,586.7,589.7,583.8,586.7
2005-02-28,586.9,589.8,583.9,586.9
2005-03-01,584.9,587.8,581.9,584.9
2005-03-02,583.9,586.8,581.0,583.9
2005-03-03,583.9,586.8,581.0,583.9
2005-03-04,585.2,588.1,582.3,585.2
2005-03-07,582.2,585.1,579.3,582.2
2005-03-08,582.0,585.0,579.1,582.0
2005-03-09,584.3,587.2,581.4,584.3
2005-03-10,588.2,591.1,585.2,588.2
2005-03-11,588.4,591.3,585.4,588.4
2005-03-14,594.5,597.4,591.5,594.5
2005-03-15,596.2,599.2,593.2,596.2
2005-03-16,596.4,599.4,593.4,596.4
2005-03-17,599.4,602.4,596.4,599.4
2005-03-18,598.1,601.1,595.1,598.1
2005-03-21,596.1,599.1,593.1,596.1
2005-03-22,598.4,601.4,595.4,598.4
2005-03-23,599.7,602.7,596.7,599.7
2005-03-24,602.1,605.1,599.1,602.1
2005-03-25,604.4,607.4,601.4,604.4
2005-03-28,609.5,612.5,606.4,609.5
2005-03-29,605.5,608.6,602.5,605.5
2005-03-30,604.4,607.5,601.4,604.4
2005-03-31,603.6,606.6,600.5,603.6
2005-04-01,606.1,609.1,603.0,606.1
2005-04-04,607.2,610.3,604.2,607.2
2005-04-05,609.7,612.8,606.7,609.7
2005-04-06,610.0,613.1,607.0,610.0
2005-04-07,609.6,612.7,606.6,609.6
2005-04-08,610.9,613.9,607.8,610.9
2005-04-11,611.6,614.7,608.5,611.6
2005-04-12,612.1,615.2,609.1,612.1
2005-04-13,613.3,616.3,610.2,613.3
2005-04-14,613.9,616.9,610.8,613.9
2005-04-15,615.7,618.8,612.7,615.7
2005-04-18,615.8,618.9,612.7,615.8
2005-04-19,615.7,618.8,612.6,615.7
2005-04-20,612.8,615.8,609.7,612.8
2005-04-21,614.8,617.9,611.7,614.8
2005-04-22,618.5,621.6,615.4,618.5
2005-04-25,614.0,617.1,611.0,614.0
2005-04-26,615.2,618.3,612.1,615.2
2005-04-27,614.5,617.5,611.4,614.5
2005-04-28,613.7,616.7,610.6,613.7
2005-04-29,614.9,618.0,611.8,614.9
2005-05-02,615.1,618.2,612.0,615.1
2005-05-03,615.7,618.8,612.6,615.7
2005-05-04,614.5,617.6,611.5,614.5
2005-05-05,617.9,621.0,614.8,617.9
2005-05-06,616.9,620.0,613.8,616.9
2005-05-09,615.2,618.3,612.2,615.2
2005-05-10,615.8,618.9,612.8,615.8
2005-05-11,613.6,616.6,610.5,613.6
2005-05-12,614.0,617.1,610.9,614.0
2005-05-13,617.9,621.0,614.8,617.9
2005-05-16,618.0,621.0,614.9,618.0
2005-05-17,614.4,617.5,611.3,614.4
2005-05-18,613.3,616.3,610.2,613.3
2005-05-19,615.2,618.3,612.2,615.2
2005-05-20,615.4,618.5,612.3,615.4
2005-05-23,617.5,620.6,614.4,617.5
2005-05-24,615.8,618.9,612.7,615.8
2005-05-25,614.7,617.8,611.6,614.7
2005-05-26,616.2,619.3,613.2,616.2
2005-05-27,620.1,623.2,617.0,620.1
2005-05-30,619.4,622.5,616.3,619.4
2005-05-31,619.3,622.4,616.2,619.3
2005-06-01,621.7,624.8,618.6,621.7
2005-06-02,621.8,624.9,618.6,621.8
2005-06-03,623.0,626.2,619.9,623.0
2005-06-06,621.4,624.5,618.3,621.4
2005-06-07,621.2,624.3,618.1,621.2
2005-06-08,619.5,622.6,616.4,619.5
2005-06-09,615.3,618.4,612.2,615.3
2005-06-10,613.3,616.4,610.2,613.3
2005-06-13,615.2,618.2,612.1,615.2
2005-06-14,616.7,619.8,613.6,616.7
2005-06-15,618.7,621.8,615.6,618.7
2005-06-16,620.0,623.1,616.9,620.0
2005-06-17,619.5,622.6,616.4,619.5
2005-06-20,615.5,618.6,612.4,615.5
2005-06-21,613.0,616.0,609.9,613.0
2005-06-22,616.1,619.2,613.0,616.1
2005-06-23,614.3,617.4,611.2,614.3
2005-06-24,614.5,617.5,611.4,614.5
2005-06-27,615.5,618.6,612.4,615.5
2005-06-28,612.4,615.5,609.4,612.4
2005-06-29,613.8,616.9,610.7,613.8
2005-06-30,618.0,621.1,614.9,618.0
2005-07-01,618.4,621.5,615.3,618.4
2005-07-04,618.5,621.6,615.4,618.5
2005-07-05,615.9,619.0,612.8,615.9
2005-07-06,615.7,618.8,612.6,615.7
2005-07-07,617.5,620.6,614.4,617.5
2005-07-08,617.9,621.0,614.8,617.9
2005-07-11,617.7,620.8,614.6,617.7
2005-07-12,620.6,623.7,617.5,620.6
2005-07-13,620.3,623.4,617.2,620.3
2005-07-14,619.5,622.6,616.4,619.5
2005-07-15,620.3,623.4,617.2,620.3
2005-07-18,624.4,627.5,621.3,624.4
2005-07-19,624.2,627.3,621.1,624.2
2005-07-20,622.2,625.3,619.1,622.2
2005-07-21,623.9,627.0,620.8,623.9
2005-07-22,623.3,626.4,620.2,623.3
2005-07-25,625.5,628.6,622.4,625.5
2005-07-26,620.6,623.7,617.5,620.6
2005-07-27,621.2,624.3,618.1,621.2
2005-07-28,621.0,624.1,617.9,621.0
2005-07-29,619.1,622.2,616.0,619.1
2005-08-01,617.0,620.1,613.9,617.0
2005-08-02,617.0,620.1,614.0,617.0
2005-08-03,615.1,618.2,612.0,615.1
2005-08-04,608.5,611.5,605.5,608.5
2005-08-05,606.7,609.8,603.7,606.7
2005-08-08,605.5,608.5,602.4,605.5
2005-08-09,606.9,610.0,603.9,606.9
2005-08-10,605.3,608.3,602.2,605.3
2005-08-11,606.7,609.7,603.7,606.7
2005-08-12,605.7,608.7,602.6,605.7
2005-08-15,609.6,612.6,606.5,609.6
2005-08-16,611.8,614.8,608.7,611.8
2005-08-17,612.2,615.3,609.1,612.2
2005-08-18,613.7,616.8,610.7,613.7
2005-08-19,616.3,619.4,613.2,616.3
2005-08-22,618.0,621.0,614.9,618.0
2005-08-23,619.3,622.4,616.2,619.3
2005-08-24,614.8,617.9,611.8,614.8
2005-08-25,614.7,617.7,611.6,614.7
2005-08-26,613.8,616.9,610.8,613.8
2005-08-29,618.2,621.3,615.1,618.2
2005-08-30,618.2,621.3,615.2,618.2
2005-08-31,617.6,620.7,614.5,617.6
2005-09-01,620.0,623.1,616.9,620.0
2005-09-02,617.1,620.2,614.0,617.1
2005-09-05,618.5,621.6,615.4,618.5
2005-09-06,614.6,617.7,611.5,614.6
2005-09-07,614.1,617.1,611.0,614.1
2005-09-08,614.2,617.3,611.2,614.2
2005-09-09,619.3,622.4,616.2,619.3
2005-09-12,620.5,623.6,617.4,620.5
2005-09-13,619.3,622.4,616.3,619.3
2005-09-14,620.2,623.3,617.1,620.2
2005-09-15,625.0,628.1,621.9,625.0
2005-09-16,620.6,623.7,617.5,620.6
2005-09-19,624.3,627.4,621.1,624.3
2005-09-20,626.2,629.4,623.1,626.2
2005-09-21,626.8,630.0,623.7,626.8
2005-09-22,626.9,630.1,623.8,626.9
2005-09-23,631.5,634.7,628.4,631.5
2005-09-26,634.6,637.7,631.4,634.6
2005-09-27,632.5,635.6,629.3,632.5
2005-09-28,633.2,636.4,630.1,633.2
2005-09-29,637.1,640.3,633.9,637.1
2005-09-30,639.0,642.1,635.8,639.0
2005-10-03,640.7,643.9,637.5,640.7
2005-10-04,637.7,640.9,634.5,637.7
2005-10-05,644.2,647.4,641.0,644.2
2005-10-06,646.3,649.5,643.0,646.3
2005-10-07,651.0,654.2,647.7,651.0
2005-10-10,652.2,655.5,648.9,652.2
2005-10-11,652.0,655.3,648.8,652.0
2005-10-12,650.3,653.5,647.0,650.3
2005-10-13,652.8,656.1,649.6,652.8
2005-10-14,656.6,659.9,653.3,656.6
2005-10-17,659.5,662.8,656.2,659.5
2005-10-18,665.0,668.3,661.7,665.0
2005-10-19,664.7,668.0,661.4,664.7
2005-10-20,662.5,665.8,659.2,662.5
2005-10-21,662.7,666.0,659.3,662.7
2005-10-24,664.8,668.1,661.5,664.8
2005-10-25,663.6,666.9,660.2,663.6
2005-10-26,663.0,666.3,659.7,663.0
2005-10-27,663.1,666.4,659.8,663.1
2005-10-28,664.0,667.3,660.6,664.0
2005-10-31,664.4,667.7,661.1,664.4
2005-11-01,664.3,667.7,661.0,664.3
2005-11-02,665.6,668.9,662.2,665.6
2005-11-03,667.1,670.4,663.8,667.1
2005-11-04,665.3,668.6,661.9,665.3
2005-11-07,660.6,663.9,657.3,660.6
2005-11-08,657.7,661.0,654.4,657.7
2005-11-09,658.9,662.2,655.6,658.9
2005-11-10,656.9,660.2,653.7,656.9
2005-11-11,657.7,661.0,654.4,657.7
2005-11-14,658.1,661.4,654.8,658.1
2005-11-15,658.3,661.6,655.1,658.3
2005-11-16,659.7,663.0,656.4,659.7
2005-11-17,662.8,666.1,659.5,662.8
2005-11-18,662.6,665.9,659.3,662.6
2005-11-21,660.3,663.6,657.0,660.3
2005-11-22,661.2,664.5,657.9,661.2
2005-11-23,663.0,666.4,659.7,663.0
2005-11-24,657.1,660.3,653.8,657.1
2005-11-25,655.4,658.7,652.1,655.4
2005-11-28,656.3,659.6,653.1,656.3
2005-11-29,655.4,658.7,652.1,655.4
2005-11-30,656.2,659.4,652.9,656.2
2005-12-01,655.0,658.3,651.7,655.0
2005-12-02,657.9,661.2,654.6,657.9
2005-12-05,658.9,662.2,655.6,658.9
2005-12-06,654.4,657.7,651.2,654.4
2005-12-07,656.9,660.2,653.6,656.9
2005-12-08,659.4,662.7,656.1,659.4
2005-12-09,659.7,662.9,656.4,659.7
2005-12-12,655.6,658.9,652.4,655.6
2005-12-13,658.6,661.9,655.3,658.6
2005-12-14,656.3,659.6,653.0,656.3
2005-12-15,655.9,659.2,652.6,655.9
2005-12-16,655.0,658.2,651.7,655.0
2005-12-19,652.3,655.6,649.1,652.3
2005-12-20,653.2,656.4,649.9,653.2
2005-12-21,654.5,657.8,651.2,654.5
2005-12-22,655.5,658.8,652.2,655.5
2005-12-23,655.7,658.9,652.4,655.7
2005-12-26,654.9,658.2,651.7,654.9
2005-12-27,659.6,662.9,656.3,659.6
2005-12-28,660.7,664.0,657.4,660.7
2005-12-29,658.7,662.0,655.4,658.7
2005-12-30,660.5,663.8,657.2,660.5
2006-01-02,662.4,665.8,659.1,662.4
2006-01-03,664.6,667.9,661.3,664.6
2006-01-04,664.9,668.2,661.6,664.9
2006-01-05,663.6,667.0,660.3,663.6
2006-01-06,660.5,663.8,657.2,660.5
2006-01-09,660.2,663.5,656.9,660.2
2006-01-10,656.5,659.8,653.2,656.5
2006-01-11,658.2,661.5,654.9,658.2
2006-01-12,654.7,658.0,651.5,654.7
2006-01-13,654.8,658.1,651.5,654.8
2006-01-16,658.3,661.6,655.0,658.3
2006-01-17,658.6,661.9,655.3,658.6
2006-01-18,659.3,662.6,656.0,659.3
2006-01-19,661.4,664.7,658.1,661.4
2006-01-20,663.5,666.8,660.2,663.5
2006-01-23,667.6,670.9,664.2,667.6
2006-01-24,669.6,672.9,666.3,669.6
2006-01-25,671.0,674.4,667.7,671.0
2006-01-26,666.1,669.4,662.8,666.1
2006-01-27,667.4,670.7,664.1,667.4
2006-01-30,673.0,676.4,669.7,673.0
2006-01-31,675.1,678.5,671.8,675.1
2006-02-01,677.9,681.2,674.5,677.9
2006-02-02,676.2,679.6,672.8,676.2
2006-02-03,676.2,679.6,672.8,676.2
2006-02-06,678.5,681.9,675.2,678.5
2006-02-07,679.9,683.3,676.5,679.9
2006-02-08,682.2,685.6,678.8,682.2
2006-02-09,679.1,682.5,675.7,679.1
2006-02-10,677.2,680.5,673.8,677.2
2006-02-13,674.5,677.9,671.1,674.5
2006-02-14,675.7,679.0,672.3,675.7
2006-02-15,675.6,679.0,672.2,675.6
2006-02-16,675.5,678.9,672.1,675.5
2006-02-17,674.1,677.5,670.7,674.1
2006-02-20,672.9,676.3,669.5,672.9
2006-02-21,673.6,676.9,670.2,673.6
2006-02-22,677.2,680.6,673.8,677.2
2006-02-23,681.9,685.3,678.5,681.9
2006-02-24,686.5,689.9,683.0,686.5
2006-02-27,685.8,689.2,682.3,685.8
2006-02-28,682.6,686.1,679.2,682.6
2006-03-01,686.0,689.4,682.6,686.0
2006-03-02,689.6,693.1,686.2,689.6
2006-03-03,690.8,694.2,687.3,690.8
2006-03-06,691.2,694.7,687.8,691.2
2006-03-07,689.5,692.9,686.0,689.5
2006-03-08,691.2,694.7,687.7,691.2
2006-03-09,692.8,696.2,689.3,692.8
2006-03-10,693.5,696.9,690.0,693.5
2006-03-13,690.9,694.4,687.5,690.9
2006-03-14,688.3,691.7,684.8,688.3
2006-03-15,688.2,691.7,684.8,688.2
2006-03-16,691.3,694.8,687.9,691.3
2006-03-17,693.9,697.4,690.5,693.9
2006-03-20,693.4,696.9,689.9,693.4
2006-03-21,688.4,691.9,685.0,688.4
2006-03-22,692.4,695.9,688.9,692.4
2006-03-23,696.0,699.4,692.5,696.0
2006-03-24,696.3,699.8,692.8,696.3
2006-03-27,695.6,699.1,692.1,695.6
2006-03-28,694.8,698.3,691.3,694.8
2006-03-29,697.5,701.0,694.0,697.5
2006-03-30,699.0,702.4,695.5,699.0
2006-03-31,697.7,701.2,694.2,697.7
2006-04-03,704.2,707.7,700.7,704.2
2006-04-04,699.7,703.2,696.2,699.7
2006-04-05,697.9,701.4,694.5,697.9
2006-04-06,696.4,699.9,692.9,696.4
2006-04-07,696.8,700.3,693.3,696.8
2006-04-10,700.7,704.2,697.2,700.7
2006-04-11,702.9,706.5,699.4,702.9
2006-04-12,703.2,706.7,699.7,703.2
2006-04-13,699.4,702.9,695.9,699.4
2006-04-14,702.1,705.6,698.6,702.1
2006-04-17,699.5,703.0,696.0,699.5
2006-04-18,698.5,702.0,695.0,698.5
2006-04-19,698.5,702.0,695.0,698.5
2006-04-20,696.5,700.0,693.0,696.5
2006-04-21,694.5,698.0,691.0,694.5
2006-04-24,698.0,701.5,694.5,698.0
2006-04-25,702.4,705.9,698.9,702.4
2006-04-26,702.3,705.8,698.8,702.3
2006-04-27,697.4,700.9,693.9,697.4
2006-04-28,698.6,702.1,695.1,698.6
2006-05-01,697.7,701.2,694.2,697.7
2006-05-02,699.1,702.6,695.6,699.1
2006-05-03,700.3,703.8,696.8,700.3
2006-05-04,695.4,698.9,691.9,695.4
2006-05-05,694.9,698.4,691.4,694.9
2006-05-08,697.8,701.3,694.3,697.8
2006-05-09,698.1,701.6,694.6,698.1
2006-05-10,695.5,699.0,692.1,695.5
2006-05-11,698.1,701.5,694.6,698.1
2006-05-12,693.9,697.4,690.5,693.9
2006-05-15,695.9,699.4,692.5,695.9
2006-05-16,695.1,698.6,691.7,695.1
2006-05-17,697.1,700.6,693.7,697.1
2006-05-18,697.2,700.7,693.7,697.2
2006-05-19,699.3,702.8,695.8,699.3
2006-05-22,704.3,707.8,700.8,704.3
2006-05-23,706.7,710.2,703.1,706.7
2006-05-24,708.9,712.4,705.4,708.9
2006-05-25,710.8,714.3,707.2,710.8
2006-05-26,706.0,709.6,702.5,706.0
2006-05-29,707.2,710.8,703.7,707.2
2006-05-30,708.3,711.9,704.8,708.3
2006-05-31,710.2,713.8,706.7,710.2
2006-06-01,710.1,713.6,706.5,710.1
2006-06-02,712.4,715.9,708.8,712.4
2006-06-05,710.4,713.9,706.8,710.4
2006-06-06,716.4,719.9,712.8,716.4
2006-06-07,718.0,721.6,714.4,718.0
2006-06-08,715.3,718.9,711.7,715.3
2006-06-09,719.3,722.9,715.7,719.3
2006-06-12,716.6,720.2,713.0,716.6
2006-06-13,716.7,720.3,713.1,716.7
2006-06-14,717.2,720.7,713.6,717.2
2006-06-15,716.1,719.7,712.5,716.1
2006-06-16,715.9,719.5,712.3,715.9
2006-06-19,716.9,720.4,713.3,716.9
2006-06-20,714.0,717.5,710.4,714.0
2006-06-21,715.1,718.7,711.5,715.1
2006-06-22,715.4,719.0,711.8,715.4
2006-06-23,721.3,724.9,717.7,721.3
2006-06-26,726.1,729.8,722.5,726.1
2006-06-27,723.9,727.5,720.2,723.9
2006-06-28,723.4,727.0,719.8,723.4
2006-06-29,721.4,725.0,717.8,721.4
2006-06-30,720.8,724.4,717.2,720.8
2006-07-03,724.1,727.7,720.5,724.1
2006-07-04,723.9,727.5,720.3,723.9
2006-07-05,722.5,726.1,718.9,722.5
2006-07-06,724.4,728.0,720.8,724.4
2006-07-07,718.9,722.5,715.3,718.9
2006-07-10,718.7,722.3,715.1,718.7
2006-07-11,723.1,726.7,719.4,723.1
2006-07-12,727.4,731.0,723.7,727.4
2006-07-13,731.1,734.8,727.5,731.1
2006-07-14,727.4,731.1,723.8,727.4
2006-07-17,724.5,728.1,720.8,724.5
2006-07-18,723.3,726.9,719.6,723.3
2006-07-19,723.6,727.2,720.0,723.6
2006-07-20,721.8,725.4,718.2,721.8
2006-07-21,717.3,720.9,713.7,717.3
2006-07-24,721.2,724.8,717.6,721.2
2006-07-25,723.9,727.5,720.3,723.9
2006-07-26,722.6,726.2,719.0,722.6
2006-07-27,725.1,728.7,721.5,725.1
2006-07-28,728.2,731.8,724.5,728.2
2006-07-31,722.1,725.7,718.5,722.1
2006-08-01,724.3,727.9,720.7,724.3
2006-08-02,724.6,728.2,721.0,724.6
2006-08-03,717.7,721.3,714.1,717.7
2006-08-04,721.5,725.1,717.9,721.5
2006-08-07,722.9,726.6,719.3,722.9
2006-08-08,718.9,722.5,715.3,718.9
2006-08-09,720.9,724.5,717.3,720.9
2006-08-10,722.1,725.7,718.5,722.1
2006-08-11,724.4,728.0,720.8,724.4
2006-08-14,719.9,723.5,716.3,719.9
2006-08-15,719.9,723.5,716.3,719.9
2006-08-16,717.9,721.5,714.3,717.9
2006-08-17,718.4,722.0,714.8,718.4
2006-08-18,714.4,718.0,710.9,714.4
2006-08-21,712.9,716.5,709.4,712.9
2006-08-22,718.8,722.3,715.2,718.8
2006-08-23,723.2,726.8,719.6,723.2
2006-08-24,726.9,730.5,723.2,726.9
2006-08-25,731.9,735.5,728.2,731.9
2006-08-28,727.4,731.0,723.8,727.4
2006-08-29,727.9,731.6,724.3,727.9
2006-08-30,729.3,733.0,725.7,729.3
2006-08-31,728.8,732.5,725.2,728.8
2006-09-01,723.8,727.5,720.2,723.8
2006-09-04,728.0,731.6,724.3,728.0
2006-09-05,730.6,734.2,726.9,730.6
2006-09-06,729.4,733.0,725.7,729.4
2006-09-07,732.6,736.3,728.9,732.6
2006-09-08,733.6,737.2,729.9,733.6
2006-09-11,736.6,740.3,732.9,736.6
2006-09-12,734.3,738.0,730.6,734.3
2006-09-13,735.6,739.3,731.9,735.6
2006-09-14,736.9,740.5,733.2,736.9
2006-09-15,736.6,740.3,733.0,736.6
2006-09-18,729.8,733.5,726.2,729.8
2006-09-19,731.2,734.9,727.6,731.2
2006-09-20,732.8,736.4,729.1,732.8
2006-09-21,730.7,734.4,727.1,730.7
2006-09-22,733.3,737.0,729.6,733.3
2006-09-25,735.4,739.1,731.7,735.4
2006-09-26,737.3,741.0,733.7,737.3
2006-09-27,736.8,740.5,733.2,736.8
2006-09-28,732.4,736.1,728.8,732.4
2006-09-29,728.3,732.0,724.7,728.3
2006-10-02,732.2,735.9,728.6,732.2
2006-10-03,729.9,733.6,726.3,729.9
2006-10-04,728.7,732.3,725.0,728.7
2006-10-05,732.4,736.0,728.7,732.4
2006-10-06,727.0,730.6,723.4,727.0
2006-10-09,724.1,727.7,720.5,724.1
2006-10-10,728.0,731.6,724.3,728.0
2006-10-11,729.5,733.2,725.9,729.5
2006-10-12,724.8,728.4,721.2,724.8
2006-10-13,725.0,728.6,721.4,725.0
2006-10-16,727.6,731.3,724.0,727.6
2006-10-17,725.8,729.4,722.1,725.8
2006-10-18,723.0,726.6,719.3,723.0
2006-10-19,719.6,723.2,716.0,719.6
2006-10-20,724.0,727.6,720.4,724.0
2006-10-23,729.4,733.0,725.7,729.4
2006-10-24,733.1,736.8,729.4,733.1
2006-10-25,738.1,741.8,734.4,738.1
2006-10-26,743.0,746.7,739.3,743.0
2006-10-27,739.3,743.0,735.6,739.3
2006-10-30,743.9,747.6,740.2,743.9
2006-10-31,745.1,748.8,741.4,745.1
2006-11-01,751.4,755.2,747.7,751.4
2006-11-02,762.1,766.0,758.3,762.1
2006-11-03,761.5,765.3,757.7,761.5
2006-11-06,761.2,765.0,757.4,761.2
2006-11-07,760.2,764.0,756.4,760.2
2006-11-08,760.5,764.3,756.7,760.5
2006-11-09,761.4,765.2,757.6,761.4
2006-11-10,769.5,773.3,765.6,769.5
2006-11-13,770.3,774.1,766.4,770.3
2006-11-14,768.7,772.5,764.8,768.7
2006-11-15,768.6,772.4,764.7,768.6
2006-11-16,765.9,769.7,762.1,765.9
2006-11-17,760.8,764.6,757.0,760.8
2006-11-20,761.2,765.0,757.4,761.2
2006-11-21,768.6,772.5,764.8,768.6
2006-11-22,771.3,775.1,767.4,771.3
2006-11-23,769.6,773.5,765.8,769.6
2006-11-24,770.6,774.5,766.8,770.6
2006-11-27,778.8,782.7,774.9,778.8
2006-11-28,779.0,782.9,775.1,779.0
2006-11-29,775.8,779.7,771.9,775.8
2006-11-30,775.7,779.6,771.8,775.7
2006-12-01,777.5,781.4,773.6,777.5
2006-12-04,779.1,783.0,775.2,779.1
2006-12-05,783.2,787.1,779.3,783.2
2006-12-06,782.9,786.9,779.0,782.9
2006-12-07,775.2,779.1,771.4,775.2
2006-12-08,776.5,780.4,772.7,776.5
2006-12-11,778.2,782.1,774.3,778.2
2006-12-12,779.1,783.0,775.2,779.1
2006-12-13,776.2,780.1,772.3,776.2
2006-12-14,782.3,786.2,778.3,782.3
2006-12-15,778.5,782.4,774.6,778.5
2006-12-18,776.0,779.9,772.1,776.0
2006-12-19,775.3,779.2,771.4,775.3
2006-12-20,779.4,783.3,775.5,779.4
2006-12-21,783.5,787.4,779.6,783.5
2006-12-22,785.2,789.1,781.2,785.2
2006-12-25,788.2,792.1,784.2,788.2
2006-12-26,783.7,787.6,779.8,783.7
2006-12-27,778.2,782.1,774.3,778.2
2006-12-28,777.1,780.9,773.2,777.1
2006-12-29,779.9,783.8,776.0,779.9
2007-01-01,783.2,787.1,779.3,783.2
2007-01-02,780.3,784.2,776.4,780.3
2007-01-03,777.3,781.2,773.4,777.3
2007-01-04,781.1,785.0,777.2,781.1
2007-01-05,781.7,785.6,777.8,781.7
2007-01-08,775.9,779.8,772.1,775.9
2007-01-09,772.8,776.6,768.9,772.8
2007-01-10,774.8,778.7,770.9,774.8
2007-01-11,771.5,775.4,767.7,771.5
2007-01-12,769.0,772.9,765.2,769.0
2007-01-15,767.5,771.3,763.6,767.5
2007-01-16,771.0,774.9,767.2,771.0
2007-01-17,771.7,775.6,767.9,771.7
2007-01-18,777.6,781.5,773.7,777.6
2007-01-19,776.7,780.6,772.8,776.7
2007-01-22,777.1,781.0,773.3,777.1
2007-01-23,778.7,782.6,774.8,778.7
2007-01-24,777.2,781.0,773.3,777.2
2007-01-25,772.7,776.5,768.8,772.7
2007-01-26,772.3,776.2,768.5,772.3
2007-01-29,771.4,775.3,767.6,771.4
2007-01-30,771.9,775.8,768.1,771.9
2007-01-31,770.9,774.8,767.1,770.9
2007-02-01,773.1,777.0,769.2,773.1
2007-02-02,772.8,776.7,769.0,772.8
2007-02-05,769.3,773.1,765.4,769.3
2007-02-06,768.4,772.3,764.6,768.4
2007-02-07,765.8,769.6,762.0,765.8
2007-02-08,773.1,777.0,769.3,773.1
2007-02-09,774.2,778.1,770.4,774.2
2007-02-12,777.9,781.8,774.0,777.9
2007-02-13,778.4,782.3,774.5,778.4
2007-02-14,784.9,788.9,781.0,784.9
2007-02-15,781.4,785.3,777.5,781.4
2007-02-16,779.6,783.5,775.7,779.6
2007-02-19,784.5,788.4,780.6,784.5
2007-02-20,783.4,787.3,779.5,783.4
2007-02-21,781.7,785.6,777.8,781.7
2007-02-22,780.7,784.6,776.8,780.7
2007-02-23,787.6,791.5,783.6,787.6
2007-02-26,795.2,799.2,791.2,795.2
2007-02-27,796.6,800.6,792.6,796.6
2007-02-28,797.3,801.3,793.4,797.3
2007-03-01,800.7,804.7,796.7,800.7
2007-03-02,801.9,805.9,797.9,801.9
2007-03-05,803.1,807.1,799.0,803.1
2007-03-06,801.5,805.5,797.5,801.5
2007-03-07,799.6,803.6,795.6,799.6
2007-03-08,801.3,805.3,797.3,801.3
2007-03-09,801.8,805.8,797.8,801.8
2007-03-12,807.2,811.2,803.1,807.2
2007-03-13,806.1,810.2,802.1,806.1
2007-03-14,803.1,807.1,799.1,803.1
2007-03-15,798.5,802.5,794.5,798.5
2007-03-16,796.3,800.3,792.4,796.3
2007-03-19,792.8,796.8,788.8,792.8
2007-03-20,797.1,801.1,793.1,797.1
2007-03-21,796.2,800.2,792.2,796.2
2007-03-22,794.3,798.3,790.3,794.3
2007-03-23,796.4,800.4,792.5,796.4
2007-03-26,803.9,807.9,799.9,803.9
2007-03-27,802.7,806.7,798.7,802.7
2007-03-28,799.4,803.4,795.4,799.4
2007-03-29,798.6,802.6,794.6,798.6
2007-03-30,793.1,797.1,789.2,793.1
2007-04-02,796.1,800.0,792.1,796.1
2007-04-03,798.6,802.6,794.6,798.6
2007-04-04,797.8,801.8,793.8,797.8
2007-04-05,794.9,798.8,790.9,794.9
2007-04-06,803.4,807.4,799.4,803.4
2007-04-09,800.5,804.5,796.5,800.5
2007-04-10,798.7,802.7,794.7,798.7
2007-04-11,799.5,803.5,795.5,799.5
2007-04-12,803.0,807.0,799.0,803.0
2007-04-13,803.0,807.0,799.0,803.0
2007-04-16,804.3,808.4,800.3,804.3
2007-04-17,806.8,810.9,802.8,806.8
2007-04-18,817.6,821.7,813.6,817.6
2007-04-19,815.7,819.7,811.6,815.7
2007-04-20,814.0,818.1,810.0,814.0
2007-04-23,814.5,818.5,810.4,814.5
2007-04-24,816.8,820.9,812.7,816.8
2007-04-25,825.0,829.2,820.9,825.0
2007-04-26,824.3,828.5,820.2,824.3
2007-04-27,825.8,830.0,821.7,825.8
2007-04-30,819.1,823.2,815.0,819.1
2007-05-01,819.5,823.6,815.4,819.5
2007-05-02,819.5,823.6,815.4,819.5
2007-05-03,822.9,827.0,818.8,822.9
2007-05-04,821.1,825.2,817.0,821.1
2007-05-07,817.8,821.9,813.7,817.8
2007-05-08,818.7,822.8,814.6,818.7
2007-05-09,813.8,817.9,809.8,813.8
2007-05-10,811.7,815.7,807.6,811.7
2007-05-11,812.4,816.5,808.3,812.4
2007-05-14,805.8,809.8,801.8,805.8
2007-05-15,805.9,809.9,801.8,805.9
2007-05-16,812.0,816.1,807.9,812.0
2007-05-17,807.4,811.4,803.3,807.4
2007-05-18,806.0,810.1,802.0,806.0
2007-05-21,809.6,813.7,805.6,809.6
2007-05-22,813.1,817.2,809.1,813.1
2007-05-23,814.0,818.1,810.0,814.0
2007-05-24,814.1,818.2,810.0,814.1
2007-05-25,820.2,824.3,816.1,820.2
2007-05-28,822.0,826.1,817.9,822.0
2007-05-29,818.9,822.9,814.8,818.9
2007-05-30,819.8,823.9,815.7,819.8
2007-05-31,819.8,823.9,815.7,819.8
2007-06-01,818.7,822.8,814.6,818.7
2007-06-04,814.4,818.5,810.4,814.4
2007-06-05,815.2,819.3,811.2,815.2
2007-06-06,818.0,822.1,813.9,818.0
2007-06-07,821.2,825.3,817.1,821.2
2007-06-08,821.8,825.9,817.7,821.8
2007-06-11,823.1,827.2,819.0,823.1
2007-06-12,821.8,825.9,817.7,821.8
2007-06-13,825.6,829.7,821.5,825.6
2007-06-14,822.1,826.2,818.0,822.1
2007-06-15,821.0,825.1,816.9,821.0
2007-06-18,819.7,823.8,815.6,819.7
2007-06-19,820.2,824.3,816.1,820.2
2007-06-20,825.3,829.5,821.2,825.3
2007-06-21,822.0,826.1,817.8,822.0
2007-06-22,823.6,827.8,819.5,823.6
2007-06-25,826.0,830.1,821.9,826.0
2007-06-26,823.4,827.5,819.3,823.4
2007-06-27,823.6,827.7,819.4,823.6
2007-06-28,821.3,825.5,817.2,821.3
2007-06-29,822.6,826.7,818.5,822.6
2007-07-02,823.9,828.0,819.8,823.9
2007-07-03,829.8,833.9,825.6,829.8
2007-07-04,827.8,831.9,823.6,827.8
2007-07-05,827.9,832.0,823.8,827.9
2007-07-06,827.4,831.5,823.2,827.4
2007-07-09,833.3,837.5,829.2,833.3
2007-07-10,832.2,836.4,828.0,832.2
2007-07-11,829.8,833.9,825.6,829.8
2007-07-12,827.9,832.0,823.8,827.9
2007-07-13,826.1,830.2,821.9,826.1
2007-07-16,825.7,829.9,821.6,825.7
2007-07-17,823.9,828.0,819.7,823.9
2007-07-18,825.0,829.2,820.9,825.0
2007-07-19,821.7,825.8,817.6,821.7
2007-07-20,824.9,829.1,820.8,824.9
2007-07-23,826.9,831.0,822.7,826.9
2007-07-24,833.4,837.6,829.2,833.4
2007-07-25,835.7,839.9,831.5,835.7
2007-07-26,837.6,841.8,833.4,837.6
2007-07-27,845.0,849.2,840.8,845.0
2007-07-30,847.4,851.6,843.1,847.4
2007-07-31,846.8,851.1,842.6,846.8
2007-08-01,843.9,848.1,839.7,843.9
2007-08-02,849.2,853.4,844.9,849.2
2007-08-03,845.9,850.1,841.7,845.9
2007-08-06,843.0,847.2,838.8,843.0
2007-08-07,839.7,843.9,835.5,839.7
2007-08-08,837.8,842.0,833.6,837.8
2007-08-09,838.8,843.0,834.6,838.8
2007-08-10,838.6,842.8,834.4,838.6
2007-08-13,841.9,846.1,837.7,841.9
2007-08-14,838.9,843.1,834.7,838.9
2007-08-15,836.7,840.9,832.6,836.7
2007-08-16,838.2,842.4,834.0,838.2
2007-08-17,835.9,840.0,831.7,835.9
2007-08-20,833.0,837.1,828.8,833.0
2007-08-21,829.0,833.1,824.8,829.0
2007-08-22,830.3,834.4,826.1,830.3
2007-08-23,831.4,835.6,827.3,831.4
2007-08-24,832.4,836.6,828.3,832.4
2007-08-27,838.6,842.8,834.4,838.6
2007-08-28,840.7,844.9,836.5,840.7
2007-08-29,841.7,845.9,837.5,841.7
2007-08-30,847.3,851.5,843.0,847.3
2007-08-31,851.3,855.6,847.1,851.3
2007-09-03,849.8,854.1,845.6,849.8
2007-09-04,853.3,857.6,849.1,853.3
2007-09-05,859.9,864.2,855.6,859.9
2007-09-06,866.1,870.5,861.8,866.1
2007-09-07,869.4,873.7,865.0,869.4
2007-09-10,871.1,875.5,866.8,871.1
2007-09-11,871.8,876.2,867.5,871.8
2007-09-12,876.5,880.9,872.2,876.5
2007-09-13,871.4,875.8,867.1,871.4
2007-09-14,875.5,879.9,871.1,875.5
2007-09-17,876.2,880.6,871.9,876.2
2007-09-18,872.6,877.0,868.3,872.6
2007-09-19,868.3,872.7,864.0,868.3
2007-09-20,862.4,866.8,858.1,862.4
2007-09-21,864.7,869.0,860.4,864.7
2007-09-24,872.3,876.6,867.9,872.3
2007-09-25,870.4,874.8,866.1,870.4
2007-09-26,867.5,871.8,863.1,867.5
2007-09-27,871.8,876.2,867.5,871.8
2007-09-28,872.2,876.5,867.8,872.2
2007-10-01,877.4,881.7,873.0,877.4
2007-10-02,873.8,878.1,869.4,873.8
2007-10-03,876.0,880.4,871.6,876.0
2007-10-04,882.2,886.6,877.7,882.2
2007-10-05,878.1,882.5,873.7,878.1
2007-10-08,877.5,881.9,873.1,877.5
2007-10-09,876.1,880.5,871.8,876.1
2007-10-10,878.7,883.1,874.3,878.7
2007-10-11,883.0,887.4,878.5,883.0
2007-10-12,880.3,884.7,875.9,880.3
2007-10-15,889.5,894.0,885.1,889.5
2007-10-16,889.1,893.6,884.7,889.1
2007-10-17,886.6,891.0,882.2,886.6
2007-10-18,891.2,895.6,886.7,891.2
2007-10-19,891.0,895.5,886.6,891.0
2007-10-22,889.9,894.3,885.4,889.9
2007-10-23,887.5,891.9,883.1,887.5
2007-10-24,894.5,899.0,890.0,894.5
2007-10-25,890.4,894.8,885.9,890.4
2007-10-26,893.9,898.3,889.4,893.9
2007-10-29,891.1,895.6,886.7,891.1
2007-10-30,888.5,893.0,884.1,888.5
2007-10-31,888.0,892.4,883.5,888.0
2007-11-01,889.2,893.6,884.7,889.2
2007-11-02,883.2,887.6,878.7,883.2
2007-11-05,882.0,886.4,877.6,882.0
2007-11-06,885.8,890.2,881.3,885.8
2007-11-07,889.4,893.8,884.9,889.4
2007-11-08,888.2,892.6,883.7,888.2
2007-11-09,883.9,888.4,879.5,883.9
2007-11-12,885.5,890.0,881.1,885.5
2007-11-13,888.6,893.0,884.1,888.6
2007-11-14,889.2,893.6,884.8,889.2
2007-11-15,894.1,898.6,889.6,894.1
2007-11-16,892.9,897.4,888.4,892.9
2007-11-19,888.8,893.2,884.3,888.8
2007-11-20,886.7,891.2,882.3,886.7
2007-11-21,886.9,891.4,882.5,886.9
2007-11-22,884.7,889.1,880.2,884.7
2007-11-23,883.1,887.6,878.7,883.1
2007-11-26,887.7,892.1,883.3,887.7
2007-11-27,885.1,889.5,880.6,885.1
2007-11-28,880.7,885.1,876.3,880.7
2007-11-29,884.2,888.7,879.8,884.2
2007-11-30,887.0,891.4,882.6,887.0
2007-12-03,884.6,889.0,880.1,884.6
2007-12-04,887.6,892.1,883.2,887.6
2007-12-05,884.0,888.4,879.6,884.0
2007-12-06,882.0,886.4,877.6,882.0
2007-12-07,878.8,883.2,874.4,878.8
2007-12-10,878.8,883.2,874.4,878.8
2007-12-11,881.8,886.2,877.4,881.8
2007-12-12,883.6,888.0,879.1,883.6
2007-12-13,881.4,885.8,877.0,881.4
2007-12-14,883.0,887.4,878.6,883.0
2007-12-17,885.9,890.3,881.4,885.9
2007-12-18,890.0,894.5,885.6,890.0
2007-12-19,891.8,896.3,887.4,891.8
2007-12-20,895.0,899.4,890.5,895.0
2007-12-21,895.5,900.0,891.0,895.5
2007-12-24,893.7,898.1,889.2,893.7
2007-12-25,894.7,899.2,890.2,894.7
2007-12-26,899.5,904.0,895.0,899.5
2007-12-27,904.3,908.8,899.8,904.3
2007-12-28,895.0,899.5,890.5,895.0
2007-12-31,898.5,903.0,894.0,898.5
2008-01-01,896.9,901.3,892.4,896.9
2008-01-02,898.8,903.2,894.3,898.8
2008-01-03,894.2,898.7,889.7,894.2
2008-01-04,893.3,897.7,888.8,893.3
2008-01-07,888.9,893.4,884.5,888.9
2008-01-08,888.3,892.8,883.9,888.3
2008-01-09,891.5,896.0,887.0,891.5
2008-01-10,894.0,898.4,889.5,894.0
2008-01-11,902.5,907.0,898.0,902.5
2008-01-14,901.7,906.2,897.2,901.7
2008-01-15,899.0,903.5,894.5,899.0
2008-01-16,904.6,909.1,900.1,904.6
2008-01-17,898.7,903.2,894.2,898.7
2008-01-18,900.1,904.6,895.6,900.1
2008-01-21,903.2,907.8,898.7,903.2
2008-01-22,895.4,899.8,890.9,895.4
2008-01-23,892.3,896.8,887.9,892.3
2008-01-24,888.4,892.9,884.0,888.4
2008-01-25,892.8,897.2,888.3,892.8
2008-01-28,892.3,896.7,887.8,892.3
2008-01-29,892.5,896.9,888.0,892.5
2008-01-30,887.8,892.2,883.4,887.8
2008-01-31,886.3,890.7,881.9,886.3
2008-02-01,884.7,889.2,880.3,884.7
2008-02-04,886.3,890.7,881.8,886.3
2008-02-05,886.8,891.2,882.3,886.8
2008-02-06,893.7,898.2,889.2,893.7
2008-02-07,897.5,902.0,893.0,897.5
2008-02-08,892.1,896.6,887.6,892.1
2008-02-11,897.9,902.4,893.4,897.9
2008-02-12,902.3,906.8,897.8,902.3
2008-02-13,903.5,908.0,899.0,903.5
2008-02-14,908.0,912.5,903.5,908.0
2008-02-15,913.1,917.7,908.5,913.1
2008-02-18,912.5,917.1,908.0,912.5
2008-02-19,908.6,913.2,904.1,908.6
2008-02-20,911.5,916.0,906.9,911.5
2008-02-21,909.1,913.6,904.6,909.1
2008-02-22,910.8,915.4,906.3,910.8
2008-02-25,908.5,913.0,903.9,908.5
2008-02-26,913.0,917.5,908.4,913.0
2008-02-27,910.8,915.4,906.3,910.8
2008-02-28,910.9,915.4,906.3,910.9
2008-02-29,910.8,915.3,906.2,910.8
2008-03-03,908.3,912.8,903.8,908.3
2008-03-04,913.5,918.1,908.9,913.5
2008-03-05,919.3,923.8,914.7,919.3
2008-03-06,919.5,924.1,914.9,919.5
2008-03-07,917.4,922.0,912.8,917.4
2008-03-10,918.5,923.0,913.9,918.5
2008-03-11,917.5,922.1,912.9,917.5
2008-03-12,918.4,923.0,913.8,918.4
2008-03-13,918.2,922.8,913.6,918.2
2008-03-14,915.8,920.4,911.2,915.8
2008-03-17,922.2,926.8,917.6,922.2
2008-03-18,922.3,926.9,917.7,922.3
2008-03-19,930.4,935.1,925.8,930.4
2008-03-20,931.4,936.0,926.7,931.4
2008-03-21,930.4,935.0,925.7,930.4
2008-03-24,931.0,935.7,926.3,931.0
2008-03-25,930.3,934.9,925.6,930.3
2008-03-26,930.6,935.3,925.9,930.6
2008-03-27,932.2,936.8,927.5,932.2
2008-03-28,928.6,933.3,924.0,928.6
2008-03-31,926.7,931.4,922.1,926.7
2008-04-01,930.4,935.1,925.8,930.4
2008-04-02,933.2,937.9,928.6,933.2
2008-04-03,928.1,932.7,923.4,928.1
2008-04-04,931.1,935.7,926.4,931.1
2008-04-07,936.2,940.9,931.5,936.2
2008-04-08,937.9,942.6,933.2,937.9
2008-04-09,932.4,937.0,927.7,932.4
2008-04-10,928.3,933.0,923.7,928.3
2008-04-11,929.4,934.0,924.7,929.4
2008-04-14,938.7,943.4,934.0,938.7
2008-04-15,937.5,942.2,932.8,937.5
2008-04-16,940.7,945.4,936.0,940.7
2008-04-17,939.0,943.7,934.3,939.0
2008-04-18,946.3,951.1,941.6,946.3
2008-04-21,948.1,952.9,943.4,948.1
2008-04-22,944.0,948.8,939.3,944.0
2008-04-23,941.7,946.4,937.0,941.7
2008-04-24,939.2,943.9,934.5,939.2
2008-04-25,940.7,945.4,936.0,940.7
2008-04-28,940.1,944.8,935.4,940.1
2008-04-29,939.4,944.1,934.7,939.4
2008-04-30,948.0,952.7,943.2,948.0
2008-05-01,946.7,951.5,942.0,946.7
2008-05-02,948.3,953.0,943.6,948.3
2008-05-05,949.2,953.9,944.4,949.2
2008-05-06,949.8,954.6,945.1,949.8
2008-05-07,953.3,958.0,948.5,953.3
2008-05-08,945.6,950.3,940.8,945.6
2008-05-09,947.3,952.0,942.5,947.3
2008-05-12,948.0,952.7,943.2,948.0
2008-05-13,949.8,954.5,945.0,949.8
2008-05-14,950.0,954.8,945.3,950.0
2008-05-15,950.4,955.1,945.6,950.4
2008-05-16,952.6,957.3,947.8,952.6
2008-05-19,952.5,957.3,947.8,952.5
2008-05-20,961.2,966.0,956.4,961.2
2008-05-21,958.2,963.0,953.4,958.2
2008-05-22,964.6,969.4,959.8,964.6
2008-05-23,960.3,965.2,955.5,960.3
2008-05-26,961.2,966.0,956.4,961.2
2008-05-27,963.3,968.1,958.4,963.3
2008-05-28,960.4,965.2,955.6,960.4
2008-05-29,957.5,962.3,952.7,957.5
2008-05-30,957.5,962.3,952.7,957.5
2008-06-02,962.9,967.7,958.1,962.9
2008-06-03,964.1,969.0,959.3,964.1
2008-06-04,972.4,977.3,967.5,972.4
2008-06-05,975.1,980.0,970.2,975.1
2008-06-06,973.8,978.6,968.9,973.8
2008-06-09,964.9,969.7,960.0,964.9
2008-06-10,959.8,964.6,955.0,959.8
2008-06-11,960.1,964.9,955.3,960.1
2008-06-12,955.3,960.1,950.5,955.3
2008-06-13,956.2,960.9,951.4,956.2
2008-06-16,959.7,964.5,954.9,959.7
2008-06-17,960.0,964.8,955.2,960.0
2008-06-18,960.4,965.2,955.6,960.4
2008-06-19,969.6,974.5,964.8,969.6
2008-06-20,970.9,975.8,966.1,970.9
2008-06-23,972.5,977.4,967.7,972.5
2008-06-24,969.7,974.5,964.8,969.7
2008-06-25,970.8,975.7,966.0,970.8
2008-06-26,970.1,975.0,965.3,970.1
2008-06-27,978.5,983.4,973.6,978.5
2008-06-30,982.7,987.6,977.8,982.7
2008-07-01,989.3,994.2,984.3,989.3
2008-07-02,990.5,995.5,985.6,990.5
2008-07-03,995.9,1000.8,990.9,995.9
2008-07-04,992.1,997.0,987.1,992.1
2008-07-07,994.6,999.5,989.6,994.6
2008-07-08,991.5,996.4,986.5,991.5
2008-07-09,990.3,995.2,985.3,990.3
2008-07-10,991.0,996.0,986.1,991.0
2008-07-11,987.8,992.8,982.9,987.8
2008-07-14,983.9,988.9,979.0,983.9
2008-07-15,988.9,993.9,984.0,988.9
2008-07-16,983.1,988.0,978.2,983.1
2008-07-17,991.0,995.9,986.0,991.0
2008-07-18,988.5,993.5,983.6,988.5
2008-07-21,992.9,997.8,987.9,992.9
2008-07-22,996.2,1001.2,991.2,996.2
2008-07-23,992.5,997.4,987.5,992.5
2008-07-24,995.2,1000.2,990.2,995.2
2008-07-25,996.7,1001.7,991.7,996.7
2008-07-28,1001.1,1006.1,996.1,1001.1
2008-07-29,1006.5,1011.6,1001.5,1006.5
2008-07-30,1010.2,1015.2,1005.1,1010.2
2008-07-31,1006.9,1012.0,1001.9,1006.9
2008-08-01,1006.5,1011.5,1001.4,1006.5
2008-08-04,1004.7,1009.8,999.7,1004.7
2008-08-05,1003.0,1008.0,998.0,1003.0
2008-08-06,1005.7,1010.8,1000.7,1005.7
2008-08-07,1008.8,1013.8,1003.7,1008.8
2008-08-08,1011.6,1016.7,1006.6,1011.6
2008-08-11,1014.3,1019.4,1009.3,1014.3
2008-08-12,1016.5,1021.5,1011.4,1016.5
2008-08-13,1014.9,1020.0,1009.8,1014.9
2008-08-14,1020.7,1025.8,1015.6,1020.7
2008-08-15,1023.5,1028.6,1018.4,1023.5
2008-08-18,1024.6,1029.7,1019.5,1024.6
2008-08-19,1029.2,1034.3,1024.1,1029.2
2008-08-20,1026.9,1032.1,1021.8,1026.9
2008-08-21,1027.4,1032.5,1022.3,1027.4
2008-08-22,1031.0,1036.2,1025.9,1031.0
2008-08-25,1027.0,1032.2,1021.9,1027.0
2008-08-26,1036.2,1041.4,1031.0,1036.2
2008-08-27,1033.5,1038.7,1028.3,1033.5
2008-08-28,1031.5,1036.7,1026.3,1031.5
2008-08-29,1031.6,1036.7,1026.4,1031.6
2008-09-01,1035.4,1040.6,1030.2,1035.4
2008-09-02,1038.7,1043.9,1033.5,1038.7
2008-09-03,1044.6,1049.8,1039.4,1044.6
2008-09-04,1043.8,1049.0,1038.6,1043.8
2008-09-05,1044.7,1050.0,1039.5,1044.7
2008-09-08,1039.1,1044.3,1033.9,1039.1
2008-09-09,1034.6,1039.8,1029.5,1034.6
2008-09-10,1034.4,1039.6,1029.2,1034.4
2008-09-11,1036.1,1041.3,1030.9,1036.1
2008-09-12,1036.0,1041.2,1030.8,1036.0
2008-09-15,1039.5,1044.7,1034.3,1039.5
2008-09-16,1039.4,1044.6,1034.2,1039.4
2008-09-17,1038.5,1043.7,1033.3,1038.5
2008-09-18,1048.6,1053.9,1043.4,1048.6
2008-09-19,1047.3,1052.5,1042.0,1047.3
2008-09-22,1052.4,1057.7,1047.2,1052.4
2008-09-23,1046.7,1051.9,1041.5,1046.7
2008-09-24,1047.2,1052.4,1041.9,1047.2
2008-09-25,1044.3,1049.6,1039.1,1044.3
2008-09-26,1052.7,1057.9,1047.4,1052.7
2008-09-29,1051.3,1056.6,1046.0,1051.3
2008-09-30,1051.1,1056.3,1045.8,1051.1
2008-10-01,1047.9,1053.1,1042.6,1047.9
2008-10-02,1044.3,1049.6,1039.1,1044.3
2008-10-03,1044.4,1049.6,1039.2,1044.4
2008-10-06,1047.4,1052.7,1042.2,1047.4
2008-10-07,1052.2,1057.4,1046.9,1052.2
2008-10-08,1049.9,1055.1,1044.6,1049.9
2008-10-09,1047.6,1052.9,1042.4,1047.6
2008-10-10,1053.4,1058.7,1048.1,1053.4
2008-10-13,1061.4,1066.7,1056.1,1061.4
2008-10-14,1060.9,1066.2,1055.6,1060.9
2008-10-15,1062.7,1068.0,1057.4,1062.7
2008-10-16,1069.5,1074.9,1064.2,1069.5
2008-10-17,1080.2,1085.6,1074.8,1080.2
2008-10-20,1082.2,1087.6,1076.8,1082.2
2008-10-21,1084.4,1089.8,1078.9,1084.4
2008-10-22,1083.8,1089.3,1078.4,1083.8
2008-10-23,1076.6,1082.0,1071.2,1076.6
2008-10-24,1077.4,1082.8,1072.1,1077.4
2008-10-27,1083.8,1089.2,1078.4,1083.8
2008-10-28,1079.8,1085.2,1074.4,1079.8
2008-10-29,1071.3,1076.7,1065.9,1071.3
2008-10-30,1073.6,1079.0,1068.2,1073.6
2008-10-31,1065.9,1071.3,1060.6,1065.9
2008-11-03,1060.3,1065.6,1055.0,1060.3
2008-11-04,1053.8,1059.1,1048.6,1053.8
2008-11-05,1046.2,1051.4,1041.0,1046.2
2008-11-06,1051.9,1057.2,1046.7,1051.9
2008-11-07,1053.5,1058.8,1048.3,1053.5
2008-11-10,1064.4,1069.7,1059.1,1064.4
2008-11-11,1068.0,1073.4,1062.7,1068.0
2008-11-12,1077.1,1082.5,1071.8,1077.1
2008-11-13,1074.3,1079.7,1069.0,1074.3
2008-11-14,1076.0,1081.4,1070.6,1076.0
2008-11-17,1071.8,1077.2,1066.4,1071.8
2008-11-18,1071.0,1076.3,1065.6,1071.0
2008-11-19,1077.5,1082.9,1072.1,1077.5
2008-11-20,1077.4,1082.8,1072.1,1077.4
2008-11-21,1076.6,1082.0,1071.2,1076.6
2008-11-24,1077.9,1083.3,1072.6,1077.9
2008-11-25,1078.8,1084.2,1073.4,1078.8
2008-11-26,1079.7,1085.1,1074.3,1079.7
2008-11-27,1085.6,1091.0,1080.2,1085.6
2008-11-28,1082.5,1087.9,1077.1,1082.5
2008-12-01,1083.2,1088.6,1077.8,1083.2
2008-12-02,1083.9,1089.3,1078.4,1083.9
2008-12-03,1080.2,1085.6,1074.8,1080.2
2008-12-04,1078.7,1084.1,1073.3,1078.7
2008-12-05,1082.5,1087.9,1077.1,1082.5
2008-12-08,1080.6,1086.0,1075.1,1080.6
2008-12-09,1093.1,1098.6,1087.6,1093.1
2008-12-10,1100.1,1105.6,1094.6,1100.1
2008-12-11,1100.6,1106.1,1095.1,1100.6
2008-12-12,1102.7,1108.2,1097.2,1102.7
2008-12-15,1106.9,1112.4,1101.3,1106.9
2008-12-16,1108.8,1114.3,1103.2,1108.8
2008-12-17,1108.6,1114.1,1103.1,1108.6
2008-12-18,1120.0,1125.6,1114.4,1120.0
2008-12-19,1115.8,1121.4,1110.2,1115.8
2008-12-22,1114.5,1120.1,1108.9,1114.5
2008-12-23,1114.1,1119.7,1108.6,1114.1
2008-12-24,1116.3,1121.9,1110.7,1116.3
2008-12-25,1124.3,1130.0,1118.7,1124.3
2008-12-26,1123.3,1128.9,1117.6,1123.3
2008-12-29,1126.0,1131.7,1120.4,1126.0
2008-12-30,1126.7,1132.3,1121.0,1126.7
2008-12-31,1125.3,1130.9,1119.6,1125.3
2009-01-01,1129.4,1135.0,1123.8,1129.4
2009-01-02,1130.1,1135.8,1124.5,1130.1
2009-01-05,1134.6,1140.3,1128.9,1134.6
2009-01-06,1132.0,1137.7,1126.4,1132.0
2009-01-07,1128.5,1134.2,1122.9,1128.5
2009-01-08,1126.1,1131.8,1120.5,1126.1
2009-01-09,1126.7,1132.3,1121.0,1126.7
2009-01-12,1132.1,1137.8,1126.5,1132.1
2009-01-13,1140.4,1146.1,1134.7,1140.4
2009-01-14,1139.9,1145.6,1134.2,1139.9
2009-01-15,1146.8,1152.6,1141.1,1146.8
2009-01-16,1148.0,1153.8,1142.3,1148.0
2009-01-19,1144.8,1150.5,1139.0,1144.8
2009-01-20,1144.0,1149.7,1138.2,1144.0
2009-01-21,1146.1,1151.8,1140.4,1146.1
2009-01-22,1148.5,1154.2,1142.7,1148.5
2009-01-23,1144.9,1150.7,1139.2,1144.9
2009-01-26,1143.4,1149.1,1137.7,1143.4
2009-01-27,1140.9,1146.6,1135.2,1140.9
2009-01-28,1139.1,1144.8,1133.4,1139.1
2009-01-29,1139.7,1145.4,1134.0,1139.7
2009-01-30,1147.3,1153.0,1141.6,1147.3
2009-02-02,1145.2,1150.9,1139.5,1145.2
2009-02-03,1137.0,1142.7,1131.3,1137.0
2009-02-04,1128.9,1134.5,1123.2,1128.9
2009-02-05,1132.4,1138.1,1126.8,1132.4
2009-02-06,1129.8,1135.4,1124.1,1129.8
2009-02-09,1132.2,1137.9,1126.5,1132.2
2009-02-10,1129.0,1134.6,1123.3,1129.0
2009-02-11,1128.4,1134.1,1122.8,1128.4
2009-02-12,1127.1,1132.8,1121.5,1127.1
2009-02-13,1124.3,1129.9,1118.7,1124.3
2009-02-16,1131.6,1137.2,1125.9,1131.6
2009-02-17,1137.6,1143.3,1131.9,1137.6
2009-02-18,1140.4,1146.1,1134.7,1140.4
2009-02-19,1149.4,1155.1,1143.6,1149.4
2009-02-20,1142.9,1148.6,1137.1,1142.9
2009-02-23,1142.9,1148.6,1137.2,1142.9
2009-02-24,1141.2,1146.9,1135.5,1141.2
2009-02-25,1144.3,1150.1,1138.6,1144.3
2009-02-26,1138.5,1144.2,1132.8,1138.5
2009-02-27,1141.6,1147.3,1135.9,1141.6
2009-03-02,1138.0,1143.7,1132.3,1138.0
2009-03-03,1141.7,1147.5,1136.0,1141.7
2009-03-04,1147.2,1152.9,1141.5,1147.2
2009-03-05,1142.0,1147.8,1136.3,1142.0
2009-03-06,1140.7,1146.4,1135.0,1140.7
2009-03-09,1147.7,1153.5,1142.0,1147.7
2009-03-10,1154.2,1159.9,1148.4,1154.2
2009-03-11,1147.5,1153.2,1141.8,1147.5
2009-03-12,1149.4,1155.2,1143.7,1149.4
2009-03-13,1152.5,1158.3,1146.8,1152.5
2009-03-16,1153.8,1159.6,1148.0,1153.8
2009-03-17,1160.4,1166.2,1154.6,1160.4
2009-03-18,1157.6,1163.4,1151.9,1157.6
2009-03-19,1155.7,1161.4,1149.9,1155.7
2009-03-20,1152.7,1158.5,1146.9,1152.7
2009-03-23,1155.3,1161.1,1149.6,1155.3
2009-03-24,1154.3,1160.1,1148.5,1154.3
2009-03-25,1158.6,1164.4,1152.8,1158.6
2009-03-26,1157.1,1162.9,1151.3,1157.1
2009-03-27,1156.5,1162.3,1150.7,1156.5
2009-03-30,1159.3,1165.1,1153.5,1159.3
2009-03-31,1155.9,1161.7,1150.1,1155.9
2009-04-01,1160.9,1166.7,1155.1,1160.9
2009-04-02,1164.5,1170.3,1158.7,1164.5
2009-04-03,1167.8,1173.6,1161.9,1167.8
2009-04-06,1164.5,1170.4,1158.7,1164.5
2009-04-07,1172.1,1178.0,1166.3,1172.1
2009-04-08,1163.6,1169.4,1157.8,1163.6
2009-04-09,1167.6,1173.4,1161.7,1167.6
2009-04-10,1168.6,1174.4,1162.8,1168.6
2009-04-13,1173.4,1179.2,1167.5,1173.4
2009-04-14,1172.6,1178.5,1166.7,1172.6
2009-04-15,1173.3,1179.1,1167.4,1173.3
2009-04-16,1176.8,1182.7,1170.9,1176.8
2009-04-17,1177.0,1182.8,1171.1,1177.0
2009-04-20,1179.5,1185.4,1173.6,1179.5
2009-04-21,1180.8,1186.7,1174.9,1180.8
2009-04-22,1191.1,1197.1,1185.2,1191.1
2009-04-23,1183.3,1189.2,1177.4,1183.3
2009-04-24,1189.4,1195.4,1183.5,1189.4
2009-04-27,1192.7,1198.6,1186.7,1192.7
2009-04-28,1193.9,1199.9,1188.0,1193.9
2009-04-29,1187.7,1193.6,1181.8,1187.7
2009-04-30,1193.1,1199.1,1187.2,1193.1
2009-05-01,1187.9,1193.9,1182.0,1187.9
2009-05-04,1196.3,1202.3,1190.3,1196.3
2009-05-05,1193.5,1199.5,1187.6,1193.5
2009-05-06,1200.4,1206.4,1194.4,1200.4
2009-05-07,1196.7,1202.7,1190.8,1196.7
2009-05-08,1192.2,1198.2,1186.3,1192.2
2009-05-11,1193.2,1199.2,1187.3,1193.2
2009-05-12,1189.9,1195.9,1184.0,1189.9
2009-05-13,1189.2,1195.1,1183.2,1189.2
2009-05-14,1197.6,1203.6,1191.6,1197.6
2009-05-15,1195.0,1201.0,1189.0,1195.0
2009-05-18,1197.4,1203.4,1191.4,1197.4
2009-05-19,1205.1,1211.1,1199.1,1205.1
2009-05-20,1206.1,1212.1,1200.1,1206.1
2009-05-21,1211.3,1217.3,1205.2,1211.3
2009-05-22,1213.5,1219.6,1207.5,1213.5
2009-05-25,1219.2,1225.3,1213.1,1219.2
2009-05-26,1218.2,1224.3,1212.1,1218.2
2009-05-27,1220.4,1226.5,1214.3,1220.4
2009-05-28,1228.4,1234.5,1222.2,1228.4
2009-05-29,1225.8,1231.9,1219.7,1225.8
2009-06-01,1227.9,1234.1,1221.8,1227.9
2009-06-02,1223.8,1229.9,1217.7,1223.8
2009-06-03,1228.1,1234.3,1222.0,1228.1
2009-06-04,1219.4,1225.5,1213.3,1219.4
2009-06-05,1217.6,1223.7,1211.5,1217.6
2009-06-08,1223.6,1229.7,1217.5,1223.6
2009-06-09,1222.4,1228.5,1216.3,1222.4
2009-06-10,1213.5,1219.6,1207.4,1213.5
2009-06-11,1210.0,1216.0,1203.9,1210.0
2009-06-12,1207.0,1213.1,1201.0,1207.0
2009-06-15,1216.5,1222.6,1210.4,1216.5
2009-06-16,1220.5,1226.6,1214.4,1220.5
2009-06-17,1224.8,1230.9,1218.6,1224.8
2009-06-18,1218.7,1224.7,1212.6,1218.7
2009-06-19,1218.8,1224.9,1212.7,1218.8
2009-06-22,1227.9,1234.0,1221.8,1227.9
2009-06-23,1232.0,1238.2,1225.9,1232.0
2009-06-24,1229.3,1235.4,1223.1,1229.3
2009-06-25,1232.9,1239.1,1226.7,1232.9
2009-06-26,1226.4,1232.5,1220.2,1226.4
2009-06-29,1223.6,1229.8,1217.5,1223.6
2009-06-30,1214.8,1220.9,1208.7,1214.8
2009-07-01,1215.3,1221.4,1209.2,1215.3
2009-07-02,1219.2,1225.3,1213.1,1219.2
2009-07-03,1215.1,1221.2,1209.0,1215.1
2009-07-06,1216.9,1223.0,1210.8,1216.9
2009-07-07,1213.7,1219.7,1207.6,1213.7
2009-07-08,1211.8,1217.9,1205.8,1211.8
2009-07-09,1207.9,1214.0,1201.9,1207.9
2009-07-10,1215.4,1221.5,1209.3,1215.4
2009-07-13,1214.5,1220.6,1208.4,1214.5
2009-07-14,1214.5,1220.6,1208.4,1214.5
2009-07-15,1213.2,1219.3,1207.1,1213.2
2009-07-16,1216.1,1222.2,1210.0,1216.1
2009-07-17,1229.5,1235.7,1223.4,1229.5
2009-07-20,1245.2,1251.4,1239.0,1245.2
2009-07-21,1244.1,1250.3,1237.9,1244.1
2009-07-22,1246.2,1252.4,1239.9,1246.2
2009-07-23,1250.9,1257.1,1244.6,1250.9
2009-07-24,1256.8,1263.1,1250.5,1256.8
2009-07-27,1260.9,1267.2,1254.6,1260.9
2009-07-28,1265.8,1272.1,1259.4,1265.8
2009-07-29,1267.0,1273.4,1260.7,1267.0
2009-07-30,1263.1,1269.4,1256.8,1263.1
2009-07-31,1268.0,1274.3,1261.6,1268.0
2009-08-03,1268.9,1275.3,1262.6,1268.9
2009-08-04,1269.8,1276.2,1263.5,1269.8
2009-08-05,1262.4,1268.7,1256.1,1262.4
2009-08-06,1258.2,1264.5,1251.9,1258.2
2009-08-07,1256.2,1262.5,1249.9,1256.2
2009-08-10,1260.3,1266.6,1254.0,1260.3
2009-08-11,1269.1,1275.5,1262.8,1269.1
2009-08-12,1272.5,1278.9,1266.2,1272.5
2009-08-13,1271.0,1277.4,1264.7,1271.0
2009-08-14,1265.6,1272.0,1259.3,1265.6
2009-08-17,1273.1,1279.4,1266.7,1273.1
2009-08-18,1274.2,1280.6,1267.8,1274.2
2009-08-19,1257.8,1264.1,1251.5,1257.8
2009-08-20,1263.4,1269.7,1257.1,1263.4
2009-08-21,1265.4,1271.7,1259.0,1265.4
2009-08-24,1256.1,1262.4,1249.8,1256.1
2009-08-25,1259.9,1266.2,1253.6,1259.9
2009-08-26,1260.8,1267.1,1254.5,1260.8
2009-08-27,1254.7,1260.9,1248.4,1254.7
2009-08-28,1265.7,1272.0,1259.4,1265.7
2009-08-31,1269.6,1276.0,1263.3,1269.6
2009-09-01,1267.0,1273.3,1260.7,1267.0
2009-09-02,1263.4,1269.7,1257.1,1263.4
2009-09-03,1263.0,1269.3,1256.7,1263.0
2009-09-04,1262.8,1269.1,1256.5,1262.8
2009-09-07,1267.8,1274.2,1261.5,1267.8
2009-09-08,1267.1,1273.5,1260.8,1267.1
2009-09-09,1265.6,1272.0,1259.3,1265.6
2009-09-10,1267.1,1273.5,1260.8,1267.1
2009-09-11,1265.6,1271.9,1259.3,1265.6
2009-09-14,1267.2,1273.5,1260.9,1267.2
2009-09-15,1275.0,1281.4,1268.6,1275.0
2009-09-16,1273.0,1279.4,1266.6,1273.0
2009-09-17,1272.7,1279.0,1266.3,1272.7
2009-09-18,1269.2,1275.5,1262.9,1269.2
2009-09-21,1276.8,1283.2,1270.4,1276.8
2009-09-22,1268.6,1274.9,1262.2,1268.6
2009-09-23,1265.1,1271.4,1258.8,1265.1
2009-09-24,1269.7,1276.1,1263.4,1269.7
2009-09-25,1269.7,1276.1,1263.4,1269.7
2009-09-28,1276.5,1282.9,1270.1,1276.5
2009-09-29,1276.1,1282.5,1269.7,1276.1
2009-09-30,1273.3,1279.7,1266.9,1273.3
2009-10-01,1273.8,1280.2,1267.4,1273.8
2009-10-02,1268.1,1274.4,1261.7,1268.1
2009-10-05,1266.4,1272.8,1260.1,1266.4
2009-10-06,1272.5,1278.8,1266.1,1272.5
2009-10-07,1272.2,1278.6,1265.9,1272.2
2009-10-08,1273.2,1279.6,1266.8,1273.2
2009-10-09,1275.0,1281.4,1268.6,1275.0
2009-10-12,1269.4,1275.8,1263.1,1269.4
2009-10-13,1262.9,1269.2,1256.6,1262.9
2009-10-14,1266.7,1273.0,1260.3,1266.7
2009-10-15,1266.2,1272.6,1259.9,1266.2
2009-10-16,1266.8,1273.2,1260.5,1266.8
2009-10-19,1273.2,1279.5,1266.8,1273.2
2009-10-20,1269.9,1276.2,1263.5,1269.9
2009-10-21,1268.7,1275.0,1262.3,1268.7
2009-10-22,1268.7,1275.0,1262.3,1268.7
2009-10-23,1272.3,1278.6,1265.9,1272.3
2009-10-26,1273.6,1279.9,1267.2,1273.6
2009-10-27,1272.0,1278.4,1265.7,1272.0
2009-10-28,1282.7,1289.1,1276.3,1282.7
2009-10-29,1284.3,1290.7,1277.9,1284.3
2009-10-30,1289.0,1295.5,1282.6,1289.0
2009-11-02,1281.8,1288.2,1275.4,1281.8
2009-11-03,1276.7,1283.1,1270.3,1276.7
2009-11-04,1281.6,1288.0,1275.2,1281.6
2009-11-05,1282.1,1288.5,1275.6,1282.1
2009-11-06,1281.7,1288.1,1275.3,1281.7
2009-11-09,1280.0,1286.4,1273.6,1280.0
2009-11-10,1287.0,1293.4,1280.6,1287.0
2009-11-11,1292.0,1298.5,1285.6,1292.0
2009-11-12,1293.1,1299.6,1286.6,1293.1
2009-11-13,1295.8,1302.3,1289.3,1295.8
2009-11-16,1297.0,1303.4,1290.5,1297.0
2009-11-17,1294.7,1301.2,1288.3,1294.7
2009-11-18,1293.5,1300.0,1287.0,1293.5
2009-11-19,1299.1,1305.6,1292.6,1299.1
2009-11-20,1298.4,1304.9,1291.9,1298.4
2009-11-23,1301.6,1308.1,1295.1,1301.6
2009-11-24,1300.7,1307.2,1294.2,1300.7
2009-11-25,1307.2,1313.7,1300.6,1307.2
2009-11-26,1304.9,1311.4,1298.4,1304.9
2009-11-27,1314.3,1320.9,1307.7,1314.3
2009-11-30,1313.7,1320.2,1307.1,1313.7
2009-12-01,1312.0,1318.6,1305.4,1312.0
2009-12-02,1323.8,1330.4,1317.2,1323.8
2009-12-03,1318.8,1325.4,1312.2,1318.8
2009-12-04,1319.5,1326.1,1312.9,1319.5
2009-12-07,1327.3,1333.9,1320.6,1327.3
2009-12-08,1319.7,1326.3,1313.1,1319.7
2009-12-09,1322.2,1328.8,1315.6,1322.2
2009-12-10,1315.0,1321.6,1308.4,1315.0
2009-12-11,1316.5,1323.1,1310.0,1316.5
2009-12-14,1330.2,1336.9,1323.6,1330.2
2009-12-15,1318.5,1325.0,1311.9,1318.5
2009-12-16,1319.4,1326.0,1312.8,1319.4
2009-12-17,1318.4,1325.0,1311.8,1318.4
2009-12-18,1314.5,1321.1,1307.9,1314.5
2009-12-21,1309.5,1316.0,1302.9,1309.5
2009-12-22,1317.4,1324.0,1310.8,1317.4
2009-12-23,1320.2,1326.8,1313.6,1320.2
2009-12-24,1311.8,1318.4,1305.3,1311.8
2009-12-25,1308.8,1315.4,1302.3,1308.8
2009-12-28,1309.6,1316.2,1303.1,1309.6
2009-12-29,1303.5,1310.0,1297.0,1303.5
2009-12-30,1306.6,1313.2,1300.1,1306.6
2009-12-31,1310.5,1317.1,1304.0,1310.5
2010-01-01,1313.8,1320.4,1307.2,1313.8
2010-01-04,1328.4,1335.0,1321.8,1328.4
2010-01-05,1325.0,1331.6,1318.3,1325.0
2010-01-06,1324.2,1330.9,1317.6,1324.2
2010-01-07,1323.3,1329.9,1316.7,1323.3
2010-01-08,1329.9,1336.6,1323.3,1329.9
2010-01-11,1337.2,1343.8,1330.5,1337.2
2010-01-12,1332.5,1339.2,1325.8,1332.5
2010-01-13,1342.1,1348.8,1335.3,1342.1
2010-01-14,1338.4,1345.1,1331.7,1338.4
2010-01-15,1344.6,1351.3,1337.8,1344.6
2010-01-18,1351.6,1358.4,1344.9,1351.6
2010-01-19,1354.8,1361.6,1348.0,1354.8
2010-01-20,1353.9,1360.7,1347.2,1353.9
2010-01-21,1353.2,1360.0,1346.4,1353.2
2010-01-22,1356.9,1363.7,1350.1,1356.9
2010-01-25,1362.2,1369.0,1355.4,1362.2
2010-01-26,1366.8,1373.6,1360.0,1366.8
2010-01-27,1371.2,1378.1,1364.4,1371.2
2010-01-28,1373.5,1380.4,1366.6,1373.5
2010-01-29,1381.5,1388.4,1374.6,1381.5
2010-02-01,1379.3,1386.2,1372.4,1379.3
2010-02-02,1379.7,1386.6,1372.8,1379.7
2010-02-03,1376.8,1383.7,1370.0,1376.8
2010-02-04,1390.6,1397.5,1383.6,1390.6
2010-02-05,1394.5,1401.5,1387.5,1394.5
2010-02-08,1401.2,1408.2,1394.2,1401.2
2010-02-09,1403.0,1410.0,1396.0,1403.0
2010-02-10,1402.0,1409.0,1395.0,1402.0
2010-02-11,1416.0,1423.1,1409.0,1416.0
2010-02-12,1421.5,1428.6,1414.4,1421.5
2010-02-15,1419.8,1426.9,1412.7,1419.8
2010-02-16,1417.0,1424.1,1409.9,1417.0
2010-02-17,1417.1,1424.2,1410.0,1417.1
2010-02-18,1413.0,1420.1,1406.0,1413.0
2010-02-19,1410.2,1417.3,1403.2,1410.2
2010-02-22,1402.8,1409.8,1395.7,1402.8
2010-02-23,1389.3,1396.3,1382.4,1389.3
2010-02-24,1400.8,1407.8,1393.8,1400.8
2010-02-25,1398.0,1404.9,1391.0,1398.0
2010-02-26,1396.4,1403.4,1389.5,1396.4
2010-03-01,1400.6,1407.6,1393.6,1400.6
2010-03-02,1404.8,1411.8,1397.7,1404.8
2010-03-03,1409.2,1416.3,1402.2,1409.2
2010-03-04,1414.9,1422.0,1407.8,1414.9
2010-03-05,1417.8,1424.9,1410.7,1417.8
2010-03-08,1417.5,1424.6,1410.4,1417.5
2010-03-09,1424.3,1431.4,1417.2,1424.3
2010-03-10,1422.7,1429.8,1415.6,1422.7
2010-03-11,1428.0,1435.2,1420.9,1428.0
2010-03-12,1418.7,1425.8,1411.6,1418.7
2010-03-15,1427.5,1434.6,1420.3,1427.5
2010-03-16,1422.0,1429.1,1414.9,1422.0
2010-03-17,1413.6,1420.7,1406.6,1413.6
2010-03-18,1406.6,1413.7,1399.6,1406.6
2010-03-19,1408.4,1415.5,1401.4,1408.4
2010-03-22,1423.5,1430.6,1416.4,1423.5
2010-03-23,1422.4,1429.5,1415.3,1422.4
2010-03-24,1421.8,1428.9,1414.7,1421.8
2010-03-25,1426.3,1433.4,1419.2,1426.3
2010-03-26,1423.0,1430.1,1415.9,1423.0
2010-03-29,1423.9,1431.1,1416.8,1423.9
2010-03-30,1422.2,1429.3,1415.1,1422.2
2010-03-31,1433.7,1440.9,1426.5,1433.7
2010-04-01,1433.5,1440.7,1426.3,1433.5
2010-04-02,1437.6,1444.8,1430.4,1437.6
2010-04-05,1434.9,1442.1,1427.7,1434.9
2010-04-06,1428.4,1435.5,1421.2,1428.4
2010-04-07,1432.5,1439.6,1425.3,1432.5
2010-04-08,1434.1,1441.2,1426.9,1434.1
2010-04-09,1440.0,1447.2,1432.8,1440.0
2010-04-12,1436.5,1443.7,1429.3,1436.5
2010-04-13,1436.1,1443.3,1428.9,1436.1
2010-04-14,1429.0,1436.1,1421.8,1429.0
2010-04-15,1426.8,1433.9,1419.6,1426.8
2010-04-16,1419.3,1426.4,1412.2,1419.3
2010-04-19,1420.4,1427.5,1413.3,1420.4
2010-04-20,1429.1,1436.3,1422.0,1429.1
2010-04-21,1425.1,1432.2,1417.9,1425.1
2010-04-22,1421.2,1428.3,1414.1,1421.2
2010-04-23,1421.5,1428.6,1414.4,1421.5
2010-04-26,1423.4,1430.5,1416.3,1423.4
2010-04-27,1429.2,1436.3,1422.0,1429.2
2010-04-28,1422.9,1430.0,1415.7,1422.9
2010-04-29,1409.9,1417.0,1402.9,1409.9
2010-04-30,1412.5,1419.5,1405.4,1412.5
2010-05-03,1426.2,1433.3,1419.1,1426.2
2010-05-04,1426.6,1433.8,1419.5,1426.6
2010-05-05,1430.5,1437.6,1423.3,1430.5
2010-05-06,1431.4,1438.6,1424.2,1431.4
2010-05-07,1437.1,1444.3,1429.9,1437.1
2010-05-10,1438.2,1445.4,1431.0,1438.2
2010-05-11,1439.0,1446.2,1431.8,1439.0
2010-05-12,1449.7,1456.9,1442.4,1449.7
2010-05-13,1457.0,1464.3,1449.8,1457.0
2010-05-14,1453.4,1460.7,1446.2,1453.4
2010-05-17,1451.8,1459.1,1444.6,1451.8
2010-05-18,1449.2,1456.5,1442.0,1449.2
2010-05-19,1443.7,1450.9,1436.5,1443.7
2010-05-20,1441.8,1449.0,1434.6,1441.8
2010-05-21,1442.5,1449.7,1435.3,1442.5
2010-05-24,1441.1,1448.3,1433.9,1441.1
2010-05-25,1445.7,1453.0,1438.5,1445.7
2010-05-26,1437.4,1444.6,1430.2,1437.4
2010-05-27,1432.5,1439.6,1425.3,1432.5
2010-05-28,1438.5,1445.7,1431.3,1438.5
2010-05-31,1453.2,1460.5,1445.9,1453.2
2010-06-01,1455.6,1462.8,1448.3,1455.6
2010-06-02,1451.9,1459.2,1444.7,1451.9
2010-06-03,1446.9,1454.1,1439.6,1446.9
2010-06-04,1446.4,1453.6,1439.2,1446.4
2010-06-07,1457.3,1464.6,1450.0,1457.3
2010-06-08,1461.7,1469.0,1454.4,1461.7
2010-06-09,1455.7,1463.0,1448.4,1455.7
2010-06-10,1459.4,1466.7,1452.1,1459.4
2010-06-11,1469.2,1476.6,1461.9,1469.2
2010-06-14,1478.9,1486.2,1471.5,1478.9
2010-06-15,1487.3,1494.8,1479.9,1487.3
2010-06-16,1492.3,1499.8,1484.8,1492.3
2010-06-17,1484.8,1492.2,1477.4,1484.8
2010-06-18,1480.5,1487.9,1473.1,1480.5
2010-06-21,1493.1,1500.6,1485.7,1493.1
2010-06-22,1491.3,1498.8,1483.9,1491.3
2010-06-23,1480.4,1487.8,1473.0,1480.4
2010-06-24,1485.0,1492.4,1477.5,1485.0
2010-06-25,1492.0,1499.5,1484.5,1492.0
2010-06-28,1493.6,1501.1,1486.2,1493.6
2010-06-29,1497.4,1504.9,1489.9,1497.4
2010-06-30,1492.8,1500.3,1485.3,1492.8
2010-07-01,1491.0,1498.5,1483.6,1491.0
2010-07-02,1481.0,1488.4,1473.6,1481.0
2010-07-05,1477.5,1484.9,1470.1,1477.5
2010-07-06,1487.7,1495.1,1480.3,1487.7
2010-07-07,1469.0,1476.4,1461.7,1469.0
2010-07-08,1468.8,1476.1,1461.5,1468.8
2010-07-09,1467.8,1475.1,1460.4,1467.8
2010-07-12,1475.2,1482.6,1467.8,1475.2
2010-07-13,1464.4,1471.7,1457.1,1464.4
2010-07-14,1462.4,1469.7,1455.1,1462.4
2010-07-15,1461.6,1468.9,1454.3,1461.6
2010-07-16,1466.8,1474.2,1459.5,1466.8
2010-07-19,1471.0,1478.4,1463.7,1471.0
2010-07-20,1463.5,1470.9,1456.2,1463.5
2010-07-21,1464.4,1471.7,1457.1,1464.4
2010-07-22,1462.6,1470.0,1455.3,1462.6
2010-07-23,1468.5,1475.8,1461.1,1468.5
2010-07-26,1471.4,1478.8,1464.1,1471.4
2010-07-27,1484.8,1492.2,1477.4,1484.8
2010-07-28,1482.9,1490.4,1475.5,1482.9
2010-07-29,1481.8,1489.2,1474.4,1481.8
2010-07-30,1481.0,1488.4,1473.6,1481.0
2010-08-02,1483.5,1490.9,1476.1,1483.5
2010-08-03,1491.0,1498.5,1483.6,1491.0
2010-08-04,1490.5,1497.9,1483.0,1490.5
2010-08-05,1490.3,1497.7,1482.8,1490.3
2010-08-06,1494.7,1502.2,1487.2,1494.7
2010-08-09,1492.7,1500.2,1485.2,1492.7
2010-08-10,1498.8,1506.3,1491.4,1498.8
2010-08-11,1498.6,1506.1,1491.1,1498.6
2010-08-12,1495.2,1502.6,1487.7,1495.2
2010-08-13,1486.3,1493.7,1478.8,1486.3
2010-08-16,1484.0,1491.4,1476.6,1484.0
2010-08-17,1485.8,1493.2,1478.3,1485.8
2010-08-18,1488.2,1495.6,1480.7,1488.2
2010-08-19,1489.4,1496.8,1481.9,1489.4
2010-08-20,1483.2,1490.6,1475.8,1483.2
2010-08-23,1486.8,1494.2,1479.4,1486.8
2010-08-24,1480.5,1487.9,1473.1,1480.5
2010-08-25,1476.2,1483.6,1468.8,1476.2
2010-08-26,1486.7,1494.1,1479.3,1486.7
2010-08-27,1489.2,1496.6,1481.7,1489.2
2010-08-30,1496.7,1504.2,1489.2,1496.7
2010-08-31,1508.4,1515.9,1500.8,1508.4
2010-09-01,1509.8,1517.4,1502.3,1509.8
2010-09-02,1518.0,1525.6,1510.4,1518.0
2010-09-03,1522.2,1529.8,1514.6,1522.2
2010-09-06,1521.2,1528.8,1513.6,1521.2
2010-09-07,1522.2,1529.8,1514.6,1522.2
2010-09-08,1519.4,1527.0,1511.8,1519.4
2010-09-09,1525.2,1532.9,1517.6,1525.2
2010-09-10,1533.2,1540.9,1525.5,1533.2
2010-09-13,1527.9,1535.5,1520.3,1527.9
2010-09-14,1524.3,1531.9,1516.7,1524.3
2010-09-15,1524.1,1531.8,1516.5,1524.1
2010-09-16,1521.2,1528.8,1513.6,1521.2
2010-09-17,1522.0,1529.6,1514.4,1522.0
2010-09-20,1528.3,1536.0,1520.7,1528.3
2010-09-21,1538.5,1546.2,1530.8,1538.5
2010-09-22,1537.0,1544.7,1529.3,1537.0
2010-09-23,1535.3,1543.0,1527.7,1535.3
2010-09-24,1539.6,1547.3,1531.9,1539.6
2010-09-27,1542.7,1550.4,1535.0,1542.7
2010-09-28,1534.7,1542.4,1527.0,1534.7
2010-09-29,1531.4,1539.1,1523.8,1531.4
2010-09-30,1531.6,1539.3,1524.0,1531.6
2010-10-01,1539.3,1547.0,1531.6,1539.3
2010-10-04,1550.0,1557.8,1542.3,1550.0
2010-10-05,1545.0,1552.8,1537.3,1545.0
2010-10-06,1542.1,1549.9,1534.4,1542.1
2010-10-07,1549.7,1557.5,1542.0,1549.7
2010-10-08,1548.6,1556.4,1540.9,1548.6
2010-10-11,1554.5,1562.3,1546.7,1554.5
2010-10-12,1555.0,1562.8,1547.3,1555.0
2010-10-13,1557.0,1564.8,1549.2,1557.0
2010-10-14,1556.1,1563.9,1548.3,1556.1
2010-10-15,1564.9,1572.8,1557.1,1564.9
2010-10-18,1558.3,1566.1,1550.5,1558.3
2010-10-19,1557.6,1565.4,1549.8,1557.6
2010-10-20,1566.0,1573.9,1558.2,1566.0
2010-10-21,1566.3,1574.1,1558.4,1566.3
2010-10-22,1567.1,1574.9,1559.3,1567.1
2010-10-25,1576.5,1584.4,1568.6,1576.5
2010-10-26,1580.7,1588.6,1572.8,1580.7
2010-10-27,1587.1,1595.1,1579.2,1587.1
2010-10-28,1595.5,1603.5,1587.5,1595.5
2010-10-29,1586.7,1594.6,1578.8,1586.7
2010-11-01,1585.9,1593.9,1578.0,1585.9
2010-11-02,1581.7,1589.6,1573.8,1581.7
2010-11-03,1585.0,1592.9,1577.1,1585.0
2010-11-04,1592.8,1600.8,1584.8,1592.8
2010-11-05,1577.6,1585.5,1569.7,1577.6
2010-11-08,1570.8,1578.7,1562.9,1570.8
2010-11-09,1559.6,1567.4,1551.8,1559.6
2010-11-10,1556.6,1564.4,1548.9,1556.6
2010-11-11,1559.6,1567.4,1551.8,1559.6
2010-11-12,1572.6,1580.5,1564.7,1572.6
2010-11-15,1567.9,1575.8,1560.1,1567.9
2010-11-16,1585.7,1593.6,1577.7,1585.7
2010-11-17,1590.5,1598.5,1582.6,1590.5
2010-11-18,1595.4,1603.4,1587.4,1595.4
2010-11-19,1601.1,1609.1,1593.1,1601.1
2010-11-22,1594.6,1602.6,1586.6,1594.6
2010-11-23,1592.1,1600.0,1584.1,1592.1
2010-11-24,1586.9,1594.8,1579.0,1586.9
2010-11-25,1592.8,1600.8,1584.8,1592.8
2010-11-26,1588.4,1596.4,1580.5,1588.4
2010-11-29,1590.5,1598.5,1582.6,1590.5
2010-11-30,1588.0,1595.9,1580.0,1588.0
2010-12-01,1599.5,1607.5,1591.5,1599.5
2010-12-02,1597.0,1605.0,1589.0,1597.0
2010-12-03,1591.4,1599.4,1583.4,1591.4
2010-12-06,1598.2,1606.2,1590.2,1598.2
2010-12-07,1599.5,1607.5,1591.5,1599.5
2010-12-08,1610.3,1618.4,1602.3,1610.3
2010-12-09,1613.5,1621.6,1605.4,1613.5
2010-12-10,1616.4,1624.5,1608.3,1616.4
2010-12-13,1624.9,1633.0,1616.8,1624.9
2010-12-14,1628.6,1636.8,1620.5,1628.6
2010-12-15,1634.4,1642.5,1626.2,1634.4
2010-12-16,1639.3,1647.5,1631.1,1639.3
2010-12-17,1637.3,1645.5,1629.1,1637.3
2010-12-20,1631.5,1639.7,1623.4,1631.5
2010-12-21,1631.0,1639.2,1622.9,1631.0
2010-12-22,1618.6,1626.7,1610.5,1618.6
2010-12-23,1615.2,1623.3,1607.1,1615.2
2010-12-24,1614.2,1622.3,1606.2,1614.2
2010-12-27,1626.3,1634.5,1618.2,1626.3
2010-12-28,1626.6,1634.7,1618.5,1626.6
2010-12-29,1639.5,1647.7,1631.3,1639.5
2010-12-30,1643.3,1651.5,1635.1,1643.3
2010-12-31,1633.1,1641.3,1624.9,1633.1
2011-01-03,1643.1,1651.4,1634.9,1643.1
2011-01-04,1650.8,1659.0,1642.5,1650.8
2011-01-05,1640.1,1648.3,1631.9,1640.1
2011-01-06,1645.9,1654.1,1637.7,1645.9
2011-01-07,1656.2,1664.5,1647.9,1656.2
2011-01-10,1644.1,1652.4,1635.9,1644.1
2011-01-11,1638.0,1646.2,1629.8,1638.0
2011-01-12,1645.7,1653.9,1637.5,1645.7
2011-01-13,1645.6,1653.8,1637.3,1645.6
2011-01-14,1656.5,1664.8,1648.2,1656.5
2011-01-17,1665.4,1673.7,1657.0,1665.4
2011-01-18,1671.3,1679.6,1662.9,1671.3
2011-01-19,1679.2,1687.6,1670.8,1679.2
2011-01-20,1673.5,1681.9,1665.2,1673.5
2011-01-21,1671.6,1680.0,1663.2,1671.6
2011-01-24,1686.8,1695.2,1678.3,1686.8
2011-01-25,1684.1,1692.5,1675.7,1684.1
2011-01-26,1691.3,1699.7,1682.8,1691.3
2011-01-27,1689.5,1697.9,1681.0,1689.5
2011-01-28,1684.0,1692.4,1675.6,1684.0
2011-01-31,1679.3,1687.7,1670.9,1679.3
2011-02-01,1682.8,1691.2,1674.4,1682.8
2011-02-02,1691.8,1700.2,1683.3,1691.8
2011-02-03,1694.9,1703.4,1686.4,1694.9
2011-02-04,1696.3,1704.8,1687.8,1696.3
2011-02-07,1690.2,1698.6,1681.7,1690.2
2011-02-08,1690.3,1698.8,1681.9,1690.3
2011-02-09,1691.7,1700.2,1683.2,1691.7
2011-02-10,1685.9,1694.3,1677.5,1685.9
2011-02-11,1689.3,1697.8,1680.9,1689.3
2011-02-14,1686.9,1695.4,1678.5,1686.9
2011-02-15,1684.9,1693.3,1676.5,1684.9
2011-02-16,1690.9,1699.4,1682.5,1690.9
2011-02-17,1702.3,1710.8,1693.8,1702.3
2011-02-18,1712.6,1721.1,1704.0,1712.6
2011-02-21,1713.1,1721.6,1704.5,1713.1
2011-02-22,1716.5,1725.1,1707.9,1716.5
2011-02-23,1720.4,1729.0,1711.8,1720.4
2011-02-24,1724.1,1732.7,1715.4,1724.1
2011-02-25,1724.2,1732.8,1715.6,1724.2
2011-02-28,1734.3,1743.0,1725.7,1734.3
2011-03-01,1731.5,1740.2,1722.8,1731.5
2011-03-02,1723.0,1731.6,1714.4,1723.0
2011-03-03,1725.2,1733.8,1716.5,1725.2
2011-03-04,1722.7,1731.3,1714.1,1722.7
2011-03-07,1737.7,1746.4,1729.0,1737.7
2011-03-08,1733.8,1742.4,1725.1,1733.8
2011-03-09,1740.4,1749.1,1731.7,1740.4
2011-03-10,1742.9,1751.6,1734.1,1742.9
2011-03-11,1732.4,1741.1,1723.7,1732.4
2011-03-14,1738.2,1746.9,1729.5,1738.2
2011-03-15,1733.3,1742.0,1724.6,1733.3
2011-03-16,1749.7,1758.5,1741.0,1749.7
2011-03-17,1743.4,1752.1,1734.7,1743.4
2011-03-18,1736.5,1745.2,1727.8,1736.5
2011-03-21,1723.3,1731.9,1714.6,1723.3
2011-03-22,1718.6,1727.2,1710.0,1718.6
2011-03-23,1724.6,1733.2,1716.0,1724.6
2011-03-24,1718.2,1726.8,1709.6,1718.2
2011-03-25,1722.8,1731.4,1714.2,1722.8
2011-03-28,1727.4,1736.1,1718.8,1727.4
2011-03-29,1721.5,1730.1,1712.9,1721.5
2011-03-30,1721.8,1730.4,1713.2,1721.8
2011-03-31,1716.4,1725.0,1707.9,1716.4
2011-04-01,1723.4,1732.0,1714.7,1723.4
2011-04-04,1713.8,1722.4,1705.2,1713.8
2011-04-05,1720.7,1729.3,1712.1,1720.7
2011-04-06,1717.2,1725.8,1708.6,1717.2
2011-04-07,1719.7,1728.3,1711.1,1719.7
2011-04-08,1724.6,1733.2,1716.0,1724.6
2011-04-11,1729.0,1737.7,1720.4,1729.0
2011-04-12,1744.8,1753.5,1736.1,1744.8
2011-04-13,1742.5,1751.3,1733.8,1742.5
2011-04-14,1733.8,1742.4,1725.1,1733.8
2011-04-15,1750.3,1759.0,1741.5,1750.3
2011-04-18,1755.4,1764.2,1746.6,1755.4
2011-04-19,1756.9,1765.7,1748.1,1756.9
2011-04-20,1773.1,1781.9,1764.2,1773.1
2011-04-21,1763.5,1772.4,1754.7,1763.5
2011-04-22,1763.2,1772.0,1754.3,1763.2
2011-04-25,1757.8,1766.6,1749.0,1757.8
2011-04-26,1757.7,1766.5,1748.9,1757.7
2011-04-27,1748.4,1757.1,1739.6,1748.4
2011-04-28,1750.3,1759.0,1741.5,1750.3
2011-04-29,1751.6,1760.4,1742.9,1751.6
2011-05-02,1755.0,1763.8,1746.3,1755.0
2011-05-03,1740.2,1748.9,1731.5,1740.2
2011-05-04,1747.7,1756.4,1738.9,1747.7
2011-05-05,1747.7,1756.5,1739.0,1747.7
2011-05-06,1768.1,1777.0,1759.3,1768.1
2011-05-09,1767.6,1776.4,1758.8,1767.6
2011-05-10,1764.1,1772.9,1755.3,1764.1
2011-05-11,1766.4,1775.3,1757.6,1766.4
2011-05-12,1758.8,1767.6,1750.0,1758.8
2011-05-13,1769.1,1778.0,1760.3,1769.1
2011-05-16,1765.6,1774.4,1756.8,1765.6
2011-05-17,1761.2,1770.0,1752.4,1761.2
2011-05-18,1768.9,1777.8,1760.1,1768.9
2011-05-19,1772.2,1781.1,1763.4,1772.2
2011-05-20,1775.3,1784.2,1766.4,1775.3
2011-05-23,1769.1,1778.0,1760.3,1769.1
2011-05-24,1778.1,1787.0,1769.2,1778.1
2011-05-25,1772.4,1781.2,1763.5,1772.4
2011-05-26,1762.0,1770.8,1753.2,1762.0
2011-05-27,1767.2,1776.0,1758.3,1767.2
2011-05-30,1769.9,1778.8,1761.1,1769.9
2011-05-31,1770.6,1779.4,1761.7,1770.6
2011-06-01,1777.2,1786.1,1768.3,1777.2
2011-06-02,1776.9,1785.8,1768.1,1776.9
2011-06-03,1766.5,1775.3,1757.6,1766.5
2011-06-06,1768.7,1777.5,1759.9,1768.7
2011-06-07,1773.5,1782.4,1764.6,1773.5
2011-06-08,1777.3,1786.2,1768.5,1777.3
2011-06-09,1778.5,1787.4,1769.6,1778.5
2011-06-10,1798.3,1807.3,1789.3,1798.3
2011-06-13,1813.8,1822.9,1804.7,1813.8
2011-06-14,1806.0,1815.0,1796.9,1806.0
2011-06-15,1797.3,1806.3,1788.4,1797.3
2011-06-16,1808.7,1817.8,1799.7,1808.7
2011-06-17,1817.7,1826.8,1808.6,1817.7
2011-06-20,1831.4,1840.6,1822.2,1831.4
2011-06-21,1828.5,1837.7,1819.4,1828.5
2011-06-22,1827.9,1837.0,1818.8,1827.9
2011-06-23,1815.6,1824.6,1806.5,1815.6
2011-06-24,1817.9,1827.0,1808.8,1817.9
2011-06-27,1816.5,1825.6,1807.4,1816.5
2011-06-28,1812.2,1821.3,1803.2,1812.2
2011-06-29,1820.7,1829.8,1811.6,1820.7
2011-06-30,1820.9,1830.0,1811.8,1820.9
2011-07-01,1828.8,1837.9,1819.6,1828.8
2011-07-04,1831.1,1840.2,1821.9,1831.1
2011-07-05,1836.2,1845.4,1827.0,1836.2
2011-07-06,1827.5,1836.6,1818.3,1827.5
2011-07-07,1821.6,1830.7,1812.5,1821.6
2011-07-08,1826.7,1835.8,1817.5,1826.7
2011-07-11,1842.7,1851.9,1833.5,1842.7
2011-07-12,1847.0,1856.3,1837.8,1847.0
2011-07-13,1847.9,1857.1,1838.7,1847.9
2011-07-14,1859.7,1869.0,1850.4,1859.7
2011-07-15,1858.3,1867.6,1849.0,1858.3
2011-07-18,1854.8,1864.1,1845.6,1854.8
2011-07-19,1855.5,1864.8,1846.3,1855.5
2011-07-20,1859.0,1868.3,1849.7,1859.0
2011-07-21,1850.2,1859.4,1840.9,1850.2
2011-07-22,1852.2,1861.4,1842.9,1852.2
2011-07-25,1842.4,1851.7,1833.2,1842.4
2011-07-26,1841.8,1851.1,1832.6,1841.8
2011-07-27,1842.4,1851.6,1833.2,1842.4
2011-07-28,1843.9,1853.1,1834.7,1843.9
2011-07-29,1831.1,1840.2,1821.9,1831.1
2011-08-01,1835.7,1844.9,1826.5,1835.7
2011-08-02,1844.5,1853.7,1835.3,1844.5
2011-08-03,1856.9,1866.2,1847.6,1856.9
2011-08-04,1869.1,1878.5,1859.8,1869.1
2011-08-05,1870.1,1879.5,1860.8,1870.1
2011-08-08,1891.6,1901.0,1882.1,1891.6
2011-08-09,1885.8,1895.2,1876.4,1885.8
2011-08-10,1880.6,1890.0,1871.2,1880.6
2011-08-11,1881.3,1890.7,1871.9,1881.3
2011-08-12,1888.0,1897.5,1878.6,1888.0
2011-08-15,1895.3,1904.8,1885.8,1895.3
2011-08-16,1877.6,1887.0,1868.2,1877.6
2011-08-17,1871.4,1880.7,1862.0,1871.4
2011-08-18,1878.5,1887.9,1869.1,1878.5
2011-08-19,1872.9,1882.3,1863.6,1872.9
2011-08-22,1875.5,1884.9,1866.1,1875.5
2011-08-23,1879.6,1889.0,1870.2,1879.6
2011-08-24,1884.6,1894.0,1875.1,1884.6
2011-08-25,1892.2,1901.6,1882.7,1892.2
2011-08-26,1902.5,1912.0,1893.0,1902.5
2011-08-29,1908.7,1918.2,1899.1,1908.7
2011-08-30,1897.7,1907.2,1888.3,1897.7
2011-08-31,1901.0,1910.5,1891.5,1901.0
2011-09-01,1908.2,1917.8,1898.7,1908.2
2011-09-02,1909.9,1919.5,1900.4,1909.9
2011-09-05,1916.3,1925.9,1906.8,1916.3
2011-09-06,1915.8,1925.4,1906.3,1915.8
2011-09-07,1912.6,1922.1,1903.0,1912.6
2011-09-08,1904.0,1913.6,1894.5,1904.0
2011-09-09,1917.6,1927.2,1908.0,1917.6
2011-09-12,1905.8,1915.3,1896.2,1905.8
2011-09-13,1903.7,1913.3,1894.2,1903.7
2011-09-14,1899.1,1908.6,1889.6,1899.1
2011-09-15,1887.4,1896.8,1877.9,1887.4
2011-09-16,1892.8,1902.3,1883.4,1892.8
2011-09-19,1893.7,1903.1,1884.2,1893.7
2011-09-20,1893.8,1903.3,1884.4,1893.8
2011-09-21,1887.5,1896.9,1878.0,1887.5
2011-09-22,1890.3,1899.7,1880.8,1890.3
2011-09-23,1886.7,1896.2,1877.3,1886.7
2011-09-26,1887.5,1896.9,1878.0,1887.5
2011-09-27,1896.6,1906.1,1887.2,1896.6
2011-09-28,1876.3,1885.7,1866.9,1876.3
2011-09-29,1882.7,1892.1,1873.3,1882.7
2011-09-30,1899.0,1908.5,1889.5,1899.0
2011-10-03,1907.8,1917.3,1898.2,1907.8
2011-10-04,1910.7,1920.2,1901.1,1910.7
2011-10-05,1916.8,1926.3,1907.2,1916.8
2011-10-06,1907.0,1916.6,1897.5,1907.0
2011-10-07,1905.9,1915.4,1896.4,1905.9
2011-10-10,1900.4,1909.9,1890.9,1900.4
2011-10-11,1894.2,1903.7,1884.8,1894.2
2011-10-12,1899.1,1908.6,1889.6,1899.1
2011-10-13,1894.9,1904.4,1885.4,1894.9
2011-10-14,1878.6,1888.0,1869.2,1878.6
2011-10-17,1878.6,1888.0,1869.2,1878.6
2011-10-18,1876.5,1885.9,1867.2,1876.5
2011-10-19,1879.9,1889.3,1870.5,1879.9
2011-10-20,1874.8,1884.2,1865.4,1874.8
2011-10-21,1860.2,1869.5,1850.9,1860.2
2011-10-24,1850.5,1859.8,1841.3,1850.5
2011-10-25,1843.0,1852.3,1833.8,1843.0
2011-10-26,1835.1,1844.2,1825.9,1835.1
2011-10-27,1830.9,1840.1,1821.8,1830.9
2011-10-28,1836.5,1845.6,1827.3,1836.5
2011-10-31,1824.7,1833.9,1815.6,1824.7
2011-11-01,1832.0,1841.1,1822.8,1832.0
2011-11-02,1822.6,1831.7,1813.5,1822.6
2011-11-03,1820.2,1829.3,1811.1,1820.2
2011-11-04,1820.4,1829.5,1811.3,1820.4
2011-11-07,1817.2,1826.3,1808.2,1817.2
2011-11-08,1822.3,1831.4,1813.2,1822.3
2011-11-09,1821.7,1830.8,1812.6,1821.7
2011-11-10,1820.8,1829.9,1811.7,1820.8
2011-11-11,1803.5,1812.5,1794.5,1803.5
2011-11-14,1806.1,1815.2,1797.1,1806.1
2011-11-15,1820.7,1829.8,1811.6,1820.7
2011-11-16,1817.2,1826.3,1808.1,1817.2
2011-11-17,1822.2,1831.3,1813.1,1822.2
2011-11-18,1816.1,1825.1,1807.0,1816.1
2011-11-21,1822.1,1831.2,1813.0,1822.1
2011-11-22,1825.6,1834.8,1816.5,1825.6
2011-11-23,1822.5,1831.6,1813.4,1822.5
2011-11-24,1819.0,1828.1,1809.9,1819.0
2011-11-25,1823.6,1832.7,1814.4,1823.6
2011-11-28,1822.0,1831.2,1812.9,1822.0
2011-11-29,1812.6,1821.6,1803.5,1812.6
2011-11-30,1801.4,1810.4,1792.4,1801.4
2011-12-01,1805.9,1814.9,1796.9,1805.9
2011-12-02,1800.5,1809.5,1791.5,1800.5
2011-12-05,1799.9,1808.9,1790.9,1799.9
2011-12-06,1804.6,1813.6,1795.5,1804.6
2011-12-07,1795.9,1804.9,1787.0,1795.9
2011-12-08,1789.1,1798.0,1780.1,1789.1
2011-12-09,1801.7,1810.7,1792.7,1801.7
2011-12-12,1797.5,1806.5,1788.5,1797.5
2011-12-13,1805.2,1814.2,1796.1,1805.2
2011-12-14,1823.2,1832.3,1814.1,1823.2
2011-12-15,1823.9,1833.0,1814.7,1823.9
2011-12-16,1816.4,1825.5,1807.4,1816.4
2011-12-19,1815.2,1824.3,1806.1,1815.2
2011-12-20,1812.9,1822.0,1803.9,1812.9
2011-12-21,1812.6,1821.7,1803.6,1812.6
2011-12-22,1817.0,1826.1,1808.0,1817.0
2011-12-23,1822.0,1831.1,1812.9,1822.0
2011-12-26,1804.8,1813.8,1795.8,1804.8
2011-12-27,1812.8,1821.9,1803.7,1812.8
2011-12-28,1813.8,1822.8,1804.7,1813.8
2011-12-29,1808.5,1817.6,1799.5,1808.5
2011-12-30,1813.0,1822.0,1803.9,1813.0
2012-01-02,1803.3,1812.3,1794.3,1803.3
2012-01-03,1795.3,1804.3,1786.4,1795.3
2012-01-04,1802.6,1811.6,1793.6,1802.6
2012-01-05,1802.3,1811.3,1793.3,1802.3
2012-01-06,1812.8,1821.9,1803.8,1812.8
2012-01-09,1805.2,1814.2,1796.2,1805.2
2012-01-10,1806.2,1815.3,1797.2,1806.2
2012-01-11,1807.9,1816.9,1798.8,1807.9
2012-01-12,1809.5,1818.6,1800.5,1809.5
2012-01-13,1812.6,1821.7,1803.6,1812.6
2012-01-16,1813.0,1822.1,1803.9,1813.0
2012-01-17,1811.4,1820.5,1802.4,1811.4
2012-01-18,1795.9,1804.9,1786.9,1795.9
2012-01-19,1801.2,1810.2,1792.2,1801.2
2012-01-20,1783.0,1791.9,1774.1,1783.0
2012-01-23,1772.5,1781.4,1763.7,1772.5
2012-01-24,1767.6,1776.4,1758.8,1767.6
2012-01-25,1774.4,1783.3,1765.5,1774.4
2012-01-26,1772.8,1781.6,1763.9,1772.8
2012-01-27,1786.2,1795.1,1777.2,1786.2
2012-01-30,1774.2,1783.1,1765.3,1774.2
2012-01-31,1766.2,1775.0,1757.3,1766.2
2012-02-01,1750.7,1759.4,1741.9,1750.7
2012-02-02,1743.4,1752.1,1734.7,1743.4
2012-02-03,1740.2,1748.9,1731.5,1740.2
2012-02-06,1750.7,1759.4,1741.9,1750.7
2012-02-07,1758.9,1767.7,1750.1,1758.9
2012-02-08,1760.9,1769.7,1752.1,1760.9
2012-02-09,1758.9,1767.7,1750.1,1758.9
2012-02-10,1764.6,1773.4,1755.8,1764.6
2012-02-13,1772.2,1781.1,1763.4,1772.2
2012-02-14,1767.1,1775.9,1758.2,1767.1
2012-02-15,1762.9,1771.7,1754.0,1762.9
2012-02-16,1759.7,1768.5,1750.9,1759.7
2012-02-17,1747.3,1756.1,1738.6,1747.3
2012-02-20,1755.2,1763.9,1746.4,1755.2
2012-02-21,1751.1,1759.9,1742.4,1751.1
2012-02-22,1749.3,1758.1,1740.6,1749.3
2012-02-23,1759.9,1768.7,1751.1,1759.9
2012-02-24,1755.8,1764.6,1747.0,1755.8
2012-02-27,1763.3,1772.2,1754.5,1763.3
2012-02-28,1750.4,1759.2,1741.7,1750.4
2012-02-29,1754.4,1763.2,1745.7,1754.4
2012-03-01,1750.2,1758.9,1741.4,1750.2
2012-03-02,1739.0,1747.7,1730.3,1739.0
2012-03-05,1730.1,1738.8,1721.5,1730.1
2012-03-06,1731.9,1740.6,1723.3,1731.9
2012-03-07,1725.9,1734.5,1717.3,1725.9
2012-03-08,1729.6,1738.2,1720.9,1729.6
2012-03-09,1725.1,1733.7,1716.4,1725.1
2012-03-12,1713.3,1721.9,1704.8,1713.3
2012-03-13,1721.6,1730.2,1713.0,1721.6
2012-03-14,1724.6,1733.3,1716.0,1724.6
2012-03-15,1712.8,1721.3,1704.2,1712.8
2012-03-16,1718.7,1727.3,1710.1,1718.7
2012-03-19,1719.3,1727.9,1710.7,1719.3
2012-03-20,1717.2,1725.8,1708.6,1717.2
2012-03-21,1715.4,1724.0,1706.9,1715.4
2012-03-22,1725.8,1734.5,1717.2,1725.8
2012-03-23,1728.5,1737.2,1719.9,1728.5
2012-03-26,1737.2,1745.9,1728.6,1737.2
2012-03-27,1740.3,1749.0,1731.6,1740.3
2012-03-28,1741.5,1750.3,1732.8,1741.5
2012-03-29,1735.8,1744.4,1727.1,1735.8
2012-03-30,1736.6,1745.3,1727.9,1736.6
2012-04-02,1742.4,1751.2,1733.7,1742.4
2012-04-03,1742.3,1751.0,1733.6,1742.3
2012-04-04,1755.0,1763.8,1746.3,1755.0
2012-04-05,1760.7,1769.5,1751.9,1760.7
2012-04-06,1750.7,1759.4,1741.9,1750.7
2012-04-09,1744.7,1753.5,1736.0,1744.7
2012-04-10,1748.4,1757.1,1739.6,1748.4
2012-04-11,1736.5,1745.2,1727.8,1736.5
2012-04-12,1735.0,1743.7,1726.3,1735.0
2012-04-13,1727.9,1736.5,1719.2,1727.9
2012-04-16,1726.5,1735.1,1717.9,1726.5
2012-04-17,1719.7,1728.3,1711.1,1719.7
2012-04-18,1727.0,1735.6,1718.4,1727.0
2012-04-19,1723.0,1731.6,1714.4,1723.0
2012-04-20,1727.3,1736.0,1718.7,1727.3
2012-04-23,1715.2,1723.7,1706.6,1715.2
2012-04-24,1713.0,1721.6,1704.5,1713.0
2012-04-25,1704.3,1712.8,1695.7,1704.3
2012-04-26,1713.0,1721.5,1704.4,1713.0
2012-04-27,1707.6,1716.2,1699.1,1707.6
2012-04-30,1706.0,1714.5,1697.4,1706.0
2012-05-01,1708.3,1716.9,1699.8,1708.3
2012-05-02,1703.2,1711.8,1694.7,1703.2
2012-05-03,1695.3,1703.7,1686.8,1695.3
2012-05-04,1697.2,1705.7,1688.7,1697.2
2012-05-07,1683.1,1691.5,1674.7,1683.1
2012-05-08,1693.5,1701.9,1685.0,1693.5
2012-05-09,1693.1,1701.6,1684.6,1693.1
2012-05-10,1683.5,1692.0,1675.1,1683.5
2012-05-11,1682.7,1691.2,1674.3,1682.7
2012-05-14,1686.5,1694.9,1678.0,1686.5
2012-05-15,1681.6,1690.0,1673.2,1681.6
2012-05-16,1669.2,1677.6,1660.9,1669.2
2012-05-17,1669.9,1678.3,1661.6,1669.9
2012-05-18,1676.6,1685.0,1668.2,1676.6
2012-05-21,1678.0,1686.4,1669.6,1678.0
2012-05-22,1681.7,1690.1,1673.3,1681.7
2012-05-23,1689.0,1697.4,1680.5,1689.0
2012-05-24,1700.1,1708.6,1691.6,1700.1
2012-05-25,1681.4,1689.8,1673.0,1681.4
2012-05-28,1671.8,1680.1,1663.4,1671.8
2012-05-29,1673.9,1682.3,1665.6,1673.9
2012-05-30,1676.7,1685.1,1668.3,1676.7
2012-05-31,1666.8,1675.2,1658.5,1666.8
2012-06-01,1663.0,1671.4,1654.7,1663.0
2012-06-04,1674.9,1683.2,1666.5,1674.9
2012-06-05,1673.1,1681.5,1664.7,1673.1
2012-06-06,1675.3,1683.6,1666.9,1675.3
2012-06-07,1688.0,1696.4,1679.6,1688.0
2012-06-08,1688.5,1697.0,1680.1,1688.5
2012-06-11,1692.5,1700.9,1684.0,1692.5
2012-06-12,1695.9,1704.4,1687.4,1695.9
2012-06-13,1692.9,1701.4,1684.5,1692.9
2012-06-14,1689.7,1698.2,1681.3,1689.7
2012-06-15,1697.3,1705.8,1688.8,1697.3
2012-06-18,1695.2,1703.7,1686.7,1695.2
2012-06-19,1687.5,1696.0,1679.1,1687.5
2012-06-20,1694.4,1702.9,1685.9,1694.4
2012-06-21,1674.3,1682.6,1665.9,1674.3
2012-06-22,1685.1,1693.5,1676.7,1685.1
2012-06-25,1682.1,1690.5,1673.7,1682.1
2012-06-26,1681.8,1690.2,1673.4,1681.8
2012-06-27,1682.0,1690.4,1673.6,1682.0
2012-06-28,1690.5,1699.0,1682.1,1690.5
2012-06-29,1690.8,1699.2,1682.3,1690.8
2012-07-02,1688.1,1696.6,1679.7,1688.1
2012-07-03,1680.8,1689.2,1672.4,1680.8
2012-07-04,1675.4,1683.8,1667.1,1675.4
2012-07-05,1679.4,1687.8,1671.0,1679.4
2012-07-06,1680.3,1688.7,1671.9,1680.3
2012-07-09,1689.7,1698.2,1681.3,1689.7
2012-07-10,1683.1,1691.5,1674.6,1683.1
2012-07-11,1674.4,1682.8,1666.0,1674.4
2012-07-12,1675.9,1684.3,1667.5,1675.9
2012-07-13,1674.7,1683.1,1666.3,1674.7
2012-07-16,1664.8,1673.2,1656.5,1664.8
2012-07-17,1661.2,1669.5,1652.9,1661.2
2012-07-18,1665.9,1674.2,1657.5,1665.9
2012-07-19,1656.7,1665.0,1648.5,1656.7
2012-07-20,1649.3,1657.5,1641.0,1649.3
2012-07-23,1643.6,1651.9,1635.4,1643.6
2012-07-24,1639.6,1647.8,1631.4,1639.6
2012-07-25,1645.7,1653.9,1637.5,1645.7
2012-07-26,1642.5,1650.7,1634.3,1642.5
2012-07-27,1654.0,1662.3,1645.7,1654.0
2012-07-30,1645.8,1654.0,1637.6,1645.8
2012-07-31,1648.6,1656.8,1640.3,1648.6
2012-08-01,1648.8,1657.1,1640.6,1648.8
2012-08-02,1649.0,1657.2,1640.7,1649.0
2012-08-03,1632.7,1640.9,1624.5,1632.7
2012-08-06,1625.1,1633.2,1616.9,1625.1
2012-08-07,1625.1,1633.3,1617.0,1625.1
2012-08-08,1613.2,1621.3,1605.1,1613.2
2012-08-09,1595.5,1603.5,1587.5,1595.5
2012-08-10,1589.9,1597.8,1581.9,1589.9
2012-08-13,1593.7,1601.7,1585.8,1593.7
2012-08-14,1599.4,1607.4,1591.4,1599.4
2012-08-15,1593.6,1601.5,1585.6,1593.6
2012-08-16,1594.7,1602.7,1586.7,1594.7
2012-08-17,1599.9,1607.9,1591.9,1599.9
2012-08-20,1609.5,1617.6,1601.5,1609.5
2012-08-21,1619.6,1627.7,1611.5,1619.6
2012-08-22,1626.6,1634.7,1618.4,1626.6
2012-08-23,1623.6,1631.7,1615.5,1623.6
2012-08-24,1624.0,1632.1,1615.9,1624.0
2012-08-27,1623.9,1632.0,1615.8,1623.9
2012-08-28,1623.1,1631.2,1615.0,1623.1
2012-08-29,1614.6,1622.7,1606.5,1614.6
2012-08-30,1625.1,1633.2,1616.9,1625.1
2012-08-31,1628.3,1636.5,1620.2,1628.3
2012-09-03,1633.4,1641.6,1625.2,1633.4
2012-09-04,1637.7,1645.8,1629.5,1637.7
2012-09-05,1634.5,1642.6,1626.3,1634.5
2012-09-06,1624.4,1632.5,1616.3,1624.4
2012-09-07,1629.6,1637.7,1621.4,1629.6
2012-09-10,1632.8,1641.0,1624.7,1632.8
2012-09-11,1634.5,1642.6,1626.3,1634.5
2012-09-12,1648.2,1656.4,1639.9,1648.2
2012-09-13,1643.3,1651.5,1635.1,1643.3
2012-09-14,1640.4,1648.6,1632.2,1640.4
2012-09-17,1639.7,1647.9,1631.5,1639.7
2012-09-18,1635.6,1643.8,1627.4,1635.6
2012-09-19,1633.4,1641.6,1625.2,1633.4
2012-09-20,1639.5,1647.7,1631.3,1639.5
2012-09-21,1634.4,1642.6,1626.2,1634.4
2012-09-24,1628.7,1636.8,1620.5,1628.7
2012-09-25,1631.9,1640.1,1623.8,1631.9
2012-09-26,1622.6,1630.7,1614.5,1622.6
2012-09-27,1621.8,1629.9,1613.7,1621.8
2012-09-28,1620.7,1628.8,1612.6,1620.7
2012-10-01,1623.0,1631.2,1614.9,1623.0
2012-10-02,1627.8,1636.0,1619.7,1627.8
2012-10-03,1626.1,1634.2,1617.9,1626.1
2012-10-04,1624.8,1633.0,1616.7,1624.8
2012-10-05,1624.0,1632.1,1615.9,1624.0
2012-10-08,1620.1,1628.2,1612.0,1620.1
2012-10-09,1628.0,1636.1,1619.8,1628.0
2012-10-10,1630.3,1638.4,1622.1,1630.3
2012-10-11,1637.4,1645.6,1629.2,1637.4
2012-10-12,1630.2,1638.4,1622.1,1630.2
2012-10-15,1636.0,1644.1,1627.8,1636.0
2012-10-16,1635.2,1643.4,1627.0,1635.2
2012-10-17,1638.1,1646.3,1629.9,1638.1
2012-10-18,1624.1,1632.2,1615.9,1624.1
2012-10-19,1633.5,1641.7,1625.4,1633.5
2012-10-22,1633.6,1641.8,1625.5,1633.6
2012-10-23,1644.0,1652.2,1635.8,1644.0
2012-10-24,1649.0,1657.3,1640.8,1649.0
2012-10-25,1633.4,1641.5,1625.2,1633.4
2012-10-26,1641.5,1649.7,1633.3,1641.5
2012-10-29,1639.3,1647.5,1631.1,1639.3
2012-10-30,1641.3,1649.5,1633.1,1641.3
2012-10-31,1642.5,1650.7,1634.3,1642.5
2012-11-01,1639.9,1648.1,1631.7,1639.9
2012-11-02,1635.1,1643.2,1626.9,1635.1
2012-11-05,1636.3,1644.5,1628.2,1636.3
2012-11-06,1628.8,1637.0,1620.7,1628.8
2012-11-07,1627.2,1635.3,1619.1,1627.2
2012-11-08,1634.4,1642.6,1626.2,1634.4
2012-11-09,1624.4,1632.5,1616.3,1624.4
2012-11-12,1620.2,1628.3,1612.1,1620.2
2012-11-13,1626.1,1634.3,1618.0,1626.1
2012-11-14,1619.0,1627.1,1610.9,1619.0
2012-11-15,1605.2,1613.3,1597.2,1605.2
2012-11-16,1591.7,1599.6,1583.7,1591.7
2012-11-19,1587.2,1595.1,1579.3,1587.2
2012-11-20,1597.8,1605.8,1589.8,1597.8
2012-11-21,1592.3,1600.2,1584.3,1592.3
2012-11-22,1590.0,1598.0,1582.1,1590.0
2012-11-23,1590.0,1598.0,1582.1,1590.0
2012-11-26,1595.5,1603.4,1587.5,1595.5
2012-11-27,1600.2,1608.2,1592.2,1600.2
2012-11-28,1598.2,1606.2,1590.2,1598.2
2012-11-29,1601.1,1609.1,1593.1,1601.1
2012-11-30,1606.7,1614.7,1598.7,1606.7
2012-12-03,1593.3,1601.3,1585.4,1593.3
2012-12-04,1590.1,1598.0,1582.1,1590.1
2012-12-05,1581.7,1589.6,1573.8,1581.7
2012-12-06,1576.8,1584.7,1568.9,1576.8
2012-12-07,1580.8,1588.7,1572.9,1580.8
2012-12-10,1571.7,1579.5,1563.8,1571.7
2012-12-11,1586.3,1594.2,1578.4,1586.3
2012-12-12,1589.7,1597.7,1581.8,1589.7
2012-12-13,1585.1,1593.0,1577.2,1585.1
2012-12-14,1583.5,1591.4,1575.6,1583.5
2012-12-17,1573.5,1581.3,1565.6,1573.5
2012-12-18,1563.9,1571.7,1556.1,1563.9
2012-12-19,1561.6,1569.4,1553.8,1561.6
2012-12-20,1570.1,1578.0,1562.3,1570.1
2012-12-21,1561.1,1568.9,1553.3,1561.1
2012-12-24,1567.9,1575.7,1560.1,1567.9
2012-12-25,1566.5,1574.3,1558.7,1566.5
2012-12-26,1567.9,1575.7,1560.0,1567.9
2012-12-27,1568.1,1575.9,1560.2,1568.1
2012-12-28,1572.6,1580.5,1564.8,1572.6
2012-12-31,1577.8,1585.7,1569.9,1577.8
2013-01-01,1575.9,1583.7,1568.0,1575.9
2013-01-02,1578.2,1586.1,1570.3,1578.2
2013-01-03,1585.4,1593.3,1577.5,1585.4
2013-01-04,1589.2,1597.1,1581.2,1589.2
2013-01-07,1583.8,1591.7,1575.9,1583.8
2013-01-08,1581.2,1589.1,1573.3,1581.2
2013-01-09,1573.7,1581.5,1565.8,1573.7
2013-01-10,1584.1,1592.0,1576.2,1584.1
2013-01-11,1584.5,1592.4,1576.6,1584.5
2013-01-14,1573.0,1580.9,1565.1,1573.0
2013-01-15,1566.7,1574.5,1558.8,1566.7
2013-01-16,1564.9,1572.8,1557.1,1564.9
2013-01-17,1572.6,1580.5,1564.7,1572.6
2013-01-18,1570.3,1578.1,1562.4,1570.3
2013-01-21,1571.8,1579.7,1564.0,1571.8
2013-01-22,1566.1,1574.0,1558.3,1566.1
2013-01-23,1569.2,1577.1,1561.4,1569.2
2013-01-24,1576.2,1584.1,1568.3,1576.2
2013-01-25,1579.6,1587.5,1571.7,1579.6
2013-01-28,1561.4,1569.2,1553.6,1561.4
2013-01-29,1559.5,1567.3,1551.7,1559.5
2013-01-30,1552.1,1559.9,1544.4,1552.1
2013-01-31,1555.8,1563.6,1548.0,1555.8
2013-02-01,1555.9,1563.7,1548.1,1555.9
2013-02-04,1564.6,1572.4,1556.8,1564.6
2013-02-05,1561.3,1569.1,1553.5,1561.3
2013-02-06,1560.7,1568.5,1552.8,1560.7
2013-02-07,1558.8,1566.6,1551.0,1558.8
2013-02-08,1562.2,1570.0,1554.4,1562.2
2013-02-11,1553.8,1561.5,1546.0,1553.8
2013-02-12,1546.7,1554.4,1538.9,1546.7
2013-02-13,1542.6,1550.3,1534.9,1542.6
2013-02-14,1545.8,1553.6,1538.1,1545.8
2013-02-15,1551.7,1559.4,1543.9,1551.7
2013-02-18,1549.0,1556.8,1541.3,1549.0
2013-02-19,1551.8,1559.6,1544.0,1551.8
2013-02-20,1553.9,1561.7,1546.1,1553.9
2013-02-21,1552.4,1560.1,1544.6,1552.4
2013-02-22,1550.7,1558.5,1543.0,1550.7
2013-02-25,1553.2,1561.0,1545.4,1553.2
2013-02-26,1563.7,1571.5,1555.9,1563.7
2013-02-27,1568.0,1575.8,1560.1,1568.0
2013-02-28,1573.3,1581.1,1565.4,1573.3
2013-03-01,1582.0,1589.9,1574.1,1582.0
2013-03-04,1573.6,1581.4,1565.7,1573.6
2013-03-05,1575.3,1583.2,1567.4,1575.3
2013-03-06,1581.5,1589.4,1573.6,1581.5
2013-03-07,1584.3,1592.2,1576.3,1584.3
2013-03-08,1577.4,1585.3,1569.5,1577.4
2013-03-11,1568.4,1576.3,1560.6,1568.4
2013-03-12,1575.9,1583.8,1568.0,1575.9
2013-03-13,1575.5,1583.4,1567.6,1575.5
2013-03-14,1574.4,1582.3,1566.6,1574.4
2013-03-15,1571.6,1579.5,1563.8,1571.6
2013-03-18,1576.9,1584.8,1569.0,1576.9
2013-03-19,1579.7,1587.6,1571.8,1579.7
2013-03-20,1575.2,1583.1,1567.3,1575.2
2013-03-21,1577.6,1585.5,1569.8,1577.6
2013-03-22,1575.5,1583.3,1567.6,1575.5
2013-03-25,1576.4,1584.3,1568.5,1576.4
2013-03-26,1581.3,1589.2,1573.4,1581.3
2013-03-27,1585.2,1593.2,1577.3,1585.2
2013-03-28,1570.9,1578.8,1563.1,1570.9
2013-03-29,1570.9,1578.7,1563.0,1570.9
2013-04-01,1575.9,1583.7,1568.0,1575.9
2013-04-02,1568.0,1575.8,1560.2,1568.0
2013-04-03,1577.0,1584.8,1569.1,1577.0
2013-04-04,1577.1,1585.0,1569.2,1577.1
2013-04-05,1579.3,1587.2,1571.4,1579.3
2013-04-08,1580.1,1588.0,1572.2,1580.1
2013-04-09,1568.1,1575.9,1560.3,1568.1
2013-04-10,1570.8,1578.7,1563.0,1570.8
2013-04-11,1570.3,1578.2,1562.5,1570.3
2013-04-12,1564.1,1571.9,1556.3,1564.1
2013-04-15,1569.5,1577.4,1561.7,1569.5
2013-04-16,1554.5,1562.3,1546.8,1554.5
2013-04-17,1548.0,1555.7,1540.3,1548.0
2013-04-18,1554.2,1562.0,1546.5,1554.2
2013-04-19,1557.4,1565.2,1549.6,1557.4
2013-04-22,1549.9,1557.7,1542.2,1549.9
2013-04-23,1542.9,1550.6,1535.2,1542.9
2013-04-24,1539.5,1547.2,1531.8,1539.5
2013-04-25,1539.5,1547.2,1531.8,1539.5
2013-04-26,1535.1,1542.8,1527.4,1535.1
2013-04-29,1531.9,1539.6,1524.2,1531.9
2013-04-30,1531.0,1538.6,1523.3,1531.0
2013-05-01,1527.3,1535.0,1519.7,1527.3
2013-05-02,1523.5,1531.1,1515.9,1523.5
2013-05-03,1515.4,1523.0,1507.9,1515.4
2013-05-06,1513.5,1521.1,1506.0,1513.5
2013-05-07,1512.7,1520.2,1505.1,1512.7
2013-05-08,1506.5,1514.0,1499.0,1506.5
2013-05-09,1507.9,1515.4,1500.3,1507.9
2013-05-10,1514.5,1522.1,1507.0,1514.5
2013-05-13,1513.0,1520.6,1505.5,1513.0
2013-05-14,1514.8,1522.4,1507.2,1514.8
2013-05-15,1519.8,1527.4,1512.2,1519.8
2013-05-16,1518.5,1526.0,1510.9,1518.5
2013-05-17,1522.6,1530.3,1515.0,1522.6
2013-05-20,1506.4,1513.9,1498.9,1506.4
2013-05-21,1501.6,1509.1,1494.0,1501.6
2013-05-22,1494.6,1502.0,1487.1,1494.6
2013-05-23,1502.9,1510.4,1495.4,1502.9
2013-05-24,1506.1,1513.6,1498.6,1506.1
2013-05-27,1497.0,1504.5,1489.5,1497.0
2013-05-28,1490.9,1498.3,1483.4,1490.9
2013-05-29,1482.6,1490.0,1475.2,1482.6
2013-05-30,1484.9,1492.3,1477.5,1484.9
2013-05-31,1486.2,1493.6,1478.8,1486.2
2013-06-03,1482.9,1490.4,1475.5,1482.9
2013-06-04,1477.9,1485.3,1470.5,1477.9
2013-06-05,1478.1,1485.5,1470.7,1478.1
2013-06-06,1493.7,1501.2,1486.2,1493.7
2013-06-07,1491.0,1498.4,1483.5,1491.0
2013-06-10,1496.2,1503.7,1488.8,1496.2
2013-06-11,1493.8,1501.2,1486.3,1493.8
2013-06-12,1498.9,1506.4,1491.4,1498.9
2013-06-13,1501.5,1509.0,1494.0,1501.5
2013-06-14,1500.3,1507.8,1492.8,1500.3
2013-06-17,1501.9,1509.4,1494.4,1501.9
2013-06-18,1507.7,1515.3,1500.2,1507.7
2013-06-19,1506.6,1514.1,1499.1,1506.6
2013-06-20,1504.0,1511.6,1496.5,1504.0
2013-06-21,1506.6,1514.1,1499.0,1506.6
2013-06-24,1513.5,1521.0,1505.9,1513.5
2013-06-25,1503.3,1510.8,1495.8,1503.3
2013-06-26,1494.4,1501.8,1486.9,1494.4
2013-06-27,1501.6,1509.1,1494.1,1501.6
2013-06-28,1496.9,1504.4,1489.5,1496.9
2013-07-01,1501.6,1509.1,1494.1,1501.6
2013-07-02,1496.1,1503.5,1488.6,1496.1
2013-07-03,1492.0,1499.4,1484.5,1492.0
2013-07-04,1496.9,1504.4,1489.4,1496.9
2013-07-05,1499.8,1507.2,1492.3,1499.8
2013-07-08,1490.4,1497.8,1482.9,1490.4
2013-07-09,1492.6,1500.1,1485.2,1492.6
2013-07-10,1487.4,1494.8,1479.9,1487.4
2013-07-11,1488.8,1496.2,1481.3,1488.8
2013-07-12,1487.9,1495.3,1480.5,1487.9
2013-07-15,1484.6,1492.0,1477.2,1484.6
2013-07-16,1479.9,1487.3,1472.5,1479.9
2013-07-17,1469.2,1476.5,1461.9,1469.2
2013-07-18,1465.1,1472.4,1457.8,1465.1
2013-07-19,1468.9,1476.3,1461.6,1468.9
2013-07-22,1470.0,1477.4,1462.7,1470.0
2013-07-23,1464.6,1471.9,1457.3,1464.6
2013-07-24,1470.7,1478.1,1463.4,1470.7
2013-07-25,1472.2,1479.5,1464.8,1472.2
2013-07-26,1475.0,1482.4,1467.7,1475.0
2013-07-29,1467.0,1474.4,1459.7,1467.0
2013-07-30,1476.9,1484.3,1469.6,1476.9
2013-07-31,1478.7,1486.1,1471.3,1478.7
2013-08-01,1486.7,1494.2,1479.3,1486.7
2013-08-02,1481.5,1488.9,1474.1,1481.5
2013-08-05,1468.5,1475.8,1461.1,1468.5
2013-08-06,1462.2,1469.5,1454.9,1462.2
2013-08-07,1467.8,1475.1,1460.5,1467.8
2013-08-08,1460.5,1467.8,1453.2,1460.5
2013-08-09,1468.7,1476.0,1461.4,1468.7
2013-08-12,1462.5,1469.9,1455.2,1462.5
2013-08-13,1464.2,1471.5,1456.8,1464.2
2013-08-14,1464.8,1472.1,1457.4,1464.8
2013-08-15,1462.2,1469.5,1454.9,1462.2
2013-08-16,1459.7,1467.0,1452.4,1459.7
2013-08-19,1452.3,1459.6,1445.1,1452.3
2013-08-20,1463.3,1470.6,1456.0,1463.3
2013-08-21,1465.4,1472.7,1458.1,1465.4
2013-08-22,1455.0,1462.3,1447.7,1455.0
2013-08-23,1446.7,1453.9,1439.4,1446.7
2013-08-26,1448.5,1455.7,1441.2,1448.5
2013-08-27,1448.1,1455.3,1440.9,1448.1
2013-08-28,1437.3,1444.5,1430.2,1437.3
2013-08-29,1452.1,1459.4,1444.8,1452.1
2013-08-30,1435.5,1442.7,1428.3,1435.5
2013-09-02,1432.3,1439.5,1425.1,1432.3
2013-09-03,1432.7,1439.9,1425.6,1432.7
2013-09-04,1429.1,1436.2,1421.9,1429.1
2013-09-05,1434.4,1441.5,1427.2,1434.4
2013-09-06,1437.4,1444.6,1430.2,1437.4
2013-09-09,1437.1,1444.3,1429.9,1437.1
2013-09-10,1436.6,1443.8,1429.4,1436.6
2013-09-11,1439.5,1446.7,1432.3,1439.5
2013-09-12,1438.0,1445.2,1430.8,1438.0
2013-09-13,1429.1,1436.3,1422.0,1429.1
2013-09-16,1433.7,1440.9,1426.6,1433.7
2013-09-17,1443.6,1450.8,1436.4,1443.6
2013-09-18,1443.4,1450.6,1436.2,1443.4
2013-09-19,1443.3,1450.5,1436.1,1443.3
2013-09-20,1442.4,1449.6,1435.2,1442.4
2013-09-23,1433.1,1440.3,1426.0,1433.1
2013-09-24,1429.7,1436.9,1422.6,1429.7
2013-09-25,1434.1,1441.3,1426.9,1434.1
2013-09-26,1435.2,1442.3,1428.0,1435.2
2013-09-27,1444.4,1451.6,1437.2,1444.4
2013-09-30,1446.6,1453.8,1439.4,1446.6
2013-10-01,1442.9,1450.1,1435.7,1442.9
2013-10-02,1445.7,1453.0,1438.5,1445.7
2013-10-03,1443.4,1450.7,1436.2,1443.4
2013-10-04,1433.0,1440.2,1425.9,1433.0
2013-10-07,1437.3,1444.5,1430.1,1437.3
2013-10-08,1439.3,1446.5,1432.1,1439.3
2013-10-09,1454.9,1462.2,1447.7,1454.9
2013-10-10,1450.1,1457.4,1442.9,1450.1
2013-10-11,1452.7,1459.9,1445.4,1452.7
2013-10-14,1445.7,1452.9,1438.4,1445.7
2013-10-15,1439.3,1446.5,1432.1,1439.3
2013-10-16,1451.3,1458.5,1444.0,1451.3
2013-10-17,1437.8,1445.0,1430.7,1437.8
2013-10-18,1436.5,1443.6,1429.3,1436.5
2013-10-21,1444.0,1451.3,1436.8,1444.0
2013-10-22,1433.7,1440.9,1426.6,1433.7
2013-10-23,1429.8,1436.9,1422.6,1429.8
2013-10-24,1433.9,1441.1,1426.7,1433.9
2013-10-25,1426.0,1433.1,1418.8,1426.0
2013-10-28,1425.9,1433.0,1418.8,1425.9
2013-10-29,1420.6,1427.7,1413.5,1420.6
2013-10-30,1427.4,1434.6,1420.3,1427.4
2013-10-31,1433.7,1440.9,1426.5,1433.7
2013-11-01,1430.0,1437.1,1422.8,1430.0
2013-11-04,1411.6,1418.7,1404.5,1411.6
2013-11-05,1414.1,1421.2,1407.1,1414.1
2013-11-06,1419.4,1426.5,1412.3,1419.4
2013-11-07,1421.5,1428.6,1414.4,1421.5
2013-11-08,1422.8,1429.9,1415.7,1422.8
2013-11-11,1422.2,1429.3,1415.1,1422.2
2013-11-12,1419.2,1426.3,1412.1,1419.2
2013-11-13,1414.0,1421.0,1406.9,1414.0
2013-11-14,1413.4,1420.5,1406.4,1413.4
2013-11-15,1411.4,1418.4,1404.3,1411.4
2013-11-18,1413.4,1420.5,1406.3,1413.4
2013-11-19,1407.7,1414.8,1400.7,1407.7
2013-11-20,1404.7,1411.7,1397.6,1404.7
2013-11-21,1404.5,1411.6,1397.5,1404.5
2013-11-22,1399.7,1406.7,1392.7,1399.7
2013-11-25,1390.5,1397.5,1383.5,1390.5
2013-11-26,1394.0,1401.0,1387.1,1394.0
2013-11-27,1386.5,1393.5,1379.6,1386.5
2013-11-28,1387.6,1394.6,1380.7,1387.6
2013-11-29,1390.6,1397.6,1383.6,1390.6
2013-12-02,1397.0,1404.0,1390.0,1397.0
2013-12-03,1409.2,1416.2,1402.1,1409.2
2013-12-04,1415.2,1422.3,1408.2,1415.2
2013-12-05,1409.8,1416.8,1402.7,1409.8
2013-12-06,1406.8,1413.8,1399.8,1406.8
2013-12-09,1406.2,1413.2,1399.2,1406.2
2013-12-10,1404.6,1411.6,1397.6,1404.6
2013-12-11,1404.3,1411.3,1397.3,1404.3
2013-12-12,1409.9,1417.0,1402.9,1409.9
2013-12-13,1409.1,1416.2,1402.1,1409.1
2013-12-16,1411.6,1418.7,1404.5,1411.6
2013-12-17,1403.6,1410.7,1396.6,1403.6
2013-12-18,1404.9,1412.0,1397.9,1404.9
2013-12-19,1394.3,1401.3,1387.3,1394.3
2013-12-20,1399.5,1406.5,1392.5,1399.5
2013-12-23,1396.2,1403.2,1389.2,1396.2
2013-12-24,1387.4,1394.4,1380.5,1387.4
2013-12-25,1385.2,1392.1,1378.2,1385.2
2013-12-26,1387.1,1394.0,1380.2,1387.1
2013-12-27,1379.5,1386.4,1372.6,1379.5
2013-12-30,1373.2,1380.1,1366.4,1373.2
2013-12-31,1370.9,1377.7,1364.0,1370.9
2014-01-01,1375.6,1382.5,1368.7,1375.6
2014-01-02,1364.3,1371.1,1357.4,1364.3
2014-01-03,1367.0,1373.8,1360.1,1367.0
2014-01-06,1364.6,1371.4,1357.7,1364.6
2014-01-07,1370.5,1377.3,1363.6,1370.5
2014-01-08,1372.4,1379.3,1365.6,1372.4
2014-01-09,1379.5,1386.4,1372.6,1379.5
2014-01-10,1381.0,1387.9,1374.1,1381.0
2014-01-13,1372.5,1379.3,1365.6,1372.5
2014-01-14,1374.3,1381.2,1367.4,1374.3
2014-01-15,1376.4,1383.2,1369.5,1376.4
2014-01-16,1371.8,1378.7,1364.9,1371.8
2014-01-17,1368.3,1375.1,1361.4,1368.3
2014-01-20,1353.7,1360.5,1346.9,1353.7
2014-01-21,1357.9,1364.7,1351.1,1357.9
2014-01-22,1357.1,1363.9,1350.3,1357.1
2014-01-23,1353.9,1360.7,1347.1,1353.9
2014-01-24,1348.5,1355.3,1341.8,1348.5
2014-01-27,1345.1,1351.8,1338.4,1345.1
2014-01-28,1347.9,1354.6,1341.1,1347.9
2014-01-29,1349.1,1355.8,1342.3,1349.1
2014-01-30,1347.4,1354.1,1340.6,1347.4
2014-01-31,1340.9,1347.6,1334.2,1340.9
2014-02-03,1338.8,1345.5,1332.1,1338.8
2014-02-04,1334.8,1341.5,1328.1,1334.8
2014-02-05,1334.3,1340.9,1327.6,1334.3
2014-02-06,1338.3,1345.0,1331.6,1338.3
2014-02-07,1335.8,1342.4,1329.1,1335.8
2014-02-10,1344.3,1351.0,1337.6,1344.3
2014-02-11,1341.2,1347.9,1334.5,1341.2
2014-02-12,1332.0,1338.7,1325.4,1332.0
2014-02-13,1331.4,1338.0,1324.7,1331.4
2014-02-14,1328.7,1335.3,1322.0,1328.7
2014-02-17,1346.7,1353.4,1339.9,1346.7
2014-02-18,1343.8,1350.6,1337.1,1343.8
2014-02-19,1335.4,1342.1,1328.7,1335.4
2014-02-20,1335.6,1342.2,1328.9,1335.6
2014-02-21,1334.6,1341.3,1327.9,1334.6
2014-02-24,1327.3,1333.9,1320.6,1327.3
2014-02-25,1329.4,1336.1,1322.8,1329.4
2014-02-26,1332.5,1339.2,1325.9,1332.5
2014-02-27,1332.9,1339.5,1326.2,1332.9
2014-02-28,1331.3,1338.0,1324.7,1331.3
2014-03-03,1327.0,1333.7,1320.4,1327.0
2014-03-04,1323.7,1330.3,1317.1,1323.7
2014-03-05,1317.0,1323.6,1310.4,1317.0
2014-03-06,1325.4,1332.0,1318.8,1325.4
2014-03-07,1338.4,1345.1,1331.7,1338.4
2014-03-10,1331.3,1337.9,1324.6,1331.3
2014-03-11,1327.7,1334.3,1321.0,1327.7
2014-03-12,1321.7,1328.3,1315.0,1321.7
2014-03-13,1326.4,1333.1,1319.8,1326.4
2014-03-14,1320.8,1327.4,1314.2,1320.8
2014-03-17,1323.6,1330.2,1317.0,1323.6
2014-03-18,1325.7,1332.3,1319.0,1325.7
2014-03-19,1324.5,1331.2,1317.9,1324.5
2014-03-20,1331.5,1338.1,1324.8,1331.5
2014-03-21,1329.0,1335.6,1322.3,1329.0
2014-03-24,1327.4,1334.1,1320.8,1327.4
2014-03-25,1320.4,1327.0,1313.8,1320.4
2014-03-26,1307.3,1313.8,1300.7,1307.3
2014-03-27,1313.3,1319.9,1306.7,1313.3
2014-03-28,1310.1,1316.7,1303.6,1310.1
2014-03-31,1315.5,1322.1,1308.9,1315.5
2014-04-01,1313.8,1320.3,1307.2,1313.8
2014-04-02,1313.2,1319.7,1306.6,1313.2
2014-04-03,1314.2,1320.8,1307.6,1314.2
2014-04-04,1311.2,1317.8,1304.7,1311.2
2014-04-07,1301.7,1308.2,1295.2,1301.7
2014-04-08,1297.5,1304.0,1291.1,1297.5
2014-04-09,1293.1,1299.6,1286.7,1293.1
2014-04-10,1293.7,1300.2,1287.3,1293.7
2014-04-11,1300.4,1306.9,1293.9,1300.4
2014-04-14,1295.9,1302.4,1289.5,1295.9
2014-04-15,1296.0,1302.4,1289.5,1296.0
2014-04-16,1297.7,1304.2,1291.2,1297.7
2014-04-17,1293.9,1300.4,1287.5,1293.9
2014-04-18,1296.5,1303.0,1290.0,1296.5
2014-04-21,1301.7,1308.2,1295.2,1301.7
2014-04-22,1303.8,1310.4,1297.3,1303.8
2014-04-23,1303.5,1310.0,1297.0,1303.5
2014-04-24,1299.0,1305.5,1292.5,1299.0
2014-04-25,1298.5,1305.0,1292.0,1298.5
2014-04-28,1293.7,1300.2,1287.3,1293.7
2014-04-29,1291.0,1297.4,1284.5,1291.0
2014-04-30,1290.7,1297.2,1284.3,1290.7
2014-05-01,1289.8,1296.3,1283.4,1289.8
2014-05-02,1295.6,1302.1,1289.2,1295.6
2014-05-05,1291.7,1298.1,1285.2,1291.7
2014-05-06,1293.9,1300.4,1287.4,1293.9
2014-05-07,1291.6,1298.0,1285.1,1291.6
2014-05-08,1287.0,1293.4,1280.5,1287.0
2014-05-09,1290.5,1297.0,1284.1,1290.5
2014-05-12,1291.9,1298.4,1285.4,1291.9
2014-05-13,1288.8,1295.3,1282.4,1288.8
2014-05-14,1272.7,1279.1,1266.3,1272.7
2014-05-15,1279.5,1285.9,1273.1,1279.5
2014-05-16,1284.1,1290.5,1277.7,1284.1
2014-05-19,1289.5,1295.9,1283.0,1289.5
2014-05-20,1295.7,1302.2,1289.2,1295.7
2014-05-21,1295.4,1301.9,1289.0,1295.4
2014-05-22,1292.9,1299.4,1286.4,1292.9
2014-05-23,1283.4,1289.8,1276.9,1283.4
2014-05-26,1283.3,1289.7,1276.9,1283.3
2014-05-27,1281.1,1287.5,1274.7,1281.1
2014-05-28,1277.2,1283.6,1270.8,1277.2
2014-05-29,1270.6,1276.9,1264.2,1270.6
2014-05-30,1265.9,1272.3,1259.6,1265.9
2014-06-02,1259.2,1265.5,1252.9,1259.2
2014-06-03,1265.5,1271.8,1259.2,1265.5
2014-06-04,1272.1,1278.5,1265.7,1272.1
2014-06-05,1268.7,1275.1,1262.4,1268.7
2014-06-06,1275.7,1282.1,1269.3,1275.7
2014-06-09,1275.5,1281.9,1269.1,1275.5
2014-06-10,1283.3,1289.7,1276.8,1283.3
2014-06-11,1286.1,1292.5,1279.7,1286.1
2014-06-12,1289.0,1295.4,1282.5,1289.0
2014-06-13,1289.7,1296.1,1283.2,1289.7
2014-06-16,1284.4,1290.8,1277.9,1284.4
2014-06-17,1277.1,1283.5,1270.8,1277.1
2014-06-18,1278.1,1284.5,1271.7,1278.1
2014-06-19,1277.5,1283.8,1271.1,1277.5
2014-06-20,1290.6,1297.1,1284.2,1290.6
2014-06-23,1292.7,1299.1,1286.2,1292.7
2014-06-24,1287.3,1293.8,1280.9,1287.3
2014-06-25,1286.1,1292.5,1279.7,1286.1
2014-06-26,1283.5,1289.9,1277.1,1283.5
2014-06-27,1282.7,1289.1,1276.3,1282.7
2014-06-30,1274.4,1280.8,1268.0,1274.4
2014-07-01,1278.5,1284.9,1272.2,1278.5
2014-07-02,1276.0,1282.4,1269.6,1276.0
2014-07-03,1279.0,1285.4,1272.6,1279.0
2014-07-04,1275.3,1281.7,1268.9,1275.3
2014-07-07,1271.9,1278.2,1265.5,1271.9
2014-07-08,1274.6,1281.0,1268.2,1274.6
2014-07-09,1263.6,1269.9,1257.2,1263.6
2014-07-10,1268.6,1275.0,1262.3,1268.6
2014-07-11,1275.9,1282.3,1269.5,1275.9
2014-07-14,1281.7,1288.1,1275.3,1281.7
2014-07-15,1277.2,1283.5,1270.8,1277.2
2014-07-16,1277.9,1284.3,1271.5,1277.9
2014-07-17,1274.8,1281.2,1268.4,1274.8
2014-07-18,1266.6,1272.9,1260.2,1266.6
2014-07-21,1265.7,1272.1,1259.4,1265.7
2014-07-22,1258.0,1264.3,1251.7,1258.0
2014-07-23,1261.1,1267.4,1254.8,1261.1
2014-07-24,1265.1,1271.4,1258.7,1265.1
2014-07-25,1271.2,1277.6,1264.9,1271.2
2014-07-28,1272.1,1278.5,1265.8,1272.1
2014-07-29,1269.2,1275.6,1262.9,1269.2
2014-07-30,1267.6,1273.9,1261.2,1267.6
2014-07-31,1267.5,1273.9,1261.2,1267.5
2014-08-01,1274.5,1280.9,1268.1,1274.5
2014-08-04,1280.0,1286.4,1273.6,1280.0
2014-08-05,1278.2,1284.5,1271.8,1278.2
2014-08-06,1281.8,1288.2,1275.4,1281.8
2014-08-07,1277.7,1284.1,1271.3,1277.7
2014-08-08,1278.5,1284.9,1272.1,1278.5
2014-08-11,1274.4,1280.8,1268.0,1274.4
2014-08-12,1274.4,1280.7,1268.0,1274.4
2014-08-13,1268.9,1275.3,1262.6,1268.9
2014-08-14,1260.8,1267.1,1254.5,1260.8
2014-08-15,1253.9,1260.1,1247.6,1253.9
2014-08-18,1255.5,1261.8,1249.2,1255.5
2014-08-19,1249.4,1255.7,1243.2,1249.4
2014-08-20,1247.5,1253.8,1241.3,1247.5
2014-08-21,1251.9,1258.1,1245.6,1251.9
2014-08-22,1257.1,1263.4,1250.8,1257.1
2014-08-25,1250.6,1256.9,1244.4,1250.6
2014-08-26,1238.2,1244.4,1232.0,1238.2
2014-08-27,1234.4,1240.5,1228.2,1234.4
2014-08-28,1235.7,1241.9,1229.6,1235.7
2014-08-29,1239.4,1245.6,1233.2,1239.4
2014-09-01,1232.9,1239.0,1226.7,1232.9
2014-09-02,1224.4,1230.5,1218.3,1224.4
2014-09-03,1220.6,1226.7,1214.5,1220.6
2014-09-04,1218.9,1225.0,1212.8,1218.9
2014-09-05,1230.3,1236.5,1224.2,1230.3
2014-09-08,1230.3,1236.5,1224.2,1230.3
2014-09-09,1233.9,1240.0,1227.7,1233.9
2014-09-10,1239.4,1245.6,1233.2,1239.4
2014-09-11,1237.0,1243.2,1230.8,1237.0
2014-09-12,1237.4,1243.6,1231.2,1237.4
2014-09-15,1237.6,1243.8,1231.4,1237.6
2014-09-16,1240.4,1246.6,1234.2,1240.4
2014-09-17,1239.3,1245.5,1233.1,1239.3
2014-09-18,1244.2,1250.4,1237.9,1244.2
2014-09-19,1249.0,1255.3,1242.8,1249.0
2014-09-22,1245.8,1252.0,1239.5,1245.8
2014-09-23,1248.7,1255.0,1242.5,1248.7
2014-09-24,1249.7,1255.9,1243.4,1249.7
2014-09-25,1261.8,1268.1,1255.5,1261.8
2014-09-26,1264.6,1270.9,1258.3,1264.6
2014-09-29,1263.7,1270.0,1257.4,1263.7
2014-09-30,1259.0,1265.3,1252.7,1259.0
2014-10-01,1252.1,1258.3,1245.8,1252.1
2014-10-02,1253.3,1259.6,1247.1,1253.3
2014-10-03,1243.5,1249.7,1237.3,1243.5
2014-10-06,1249.6,1255.8,1243.3,1249.6
2014-10-07,1238.1,1244.3,1231.9,1238.1
2014-10-08,1232.3,1238.4,1226.1,1232.3
2014-10-09,1236.7,1242.9,1230.5,1236.7
2014-10-10,1235.8,1241.9,1229.6,1235.8
2014-10-13,1235.0,1241.2,1228.8,1235.0
2014-10-14,1230.9,1237.0,1224.7,1230.9
2014-10-15,1229.7,1235.8,1223.5,1229.7
2014-10-16,1232.5,1238.7,1226.3,1232.5
2014-10-17,1227.7,1233.9,1221.6,1227.7
2014-10-20,1225.0,1231.2,1218.9,1225.0
2014-10-21,1224.6,1230.8,1218.5,1224.6
2014-10-22,1222.9,1229.0,1216.8,1222.9
2014-10-23,1226.2,1232.3,1220.1,1226.2
2014-10-24,1227.9,1234.1,1221.8,1227.9
2014-10-27,1225.8,1232.0,1219.7,1225.8
2014-10-28,1216.9,1223.0,1210.8,1216.9
2014-10-29,1222.5,1228.6,1216.3,1222.5
2014-10-30,1217.4,1223.5,1211.4,1217.4
2014-10-31,1225.9,1232.0,1219.7,1225.9
2014-11-03,1220.4,1226.5,1214.3,1220.4
2014-11-04,1221.1,1227.2,1215.0,1221.1
2014-11-05,1223.7,1229.8,1217.5,1223.7
2014-11-06,1222.0,1228.1,1215.9,1222.0
2014-11-07,1222.9,1229.0,1216.8,1222.9
2014-11-10,1219.9,1226.0,1213.8,1219.9
2014-11-11,1228.4,1234.6,1222.3,1228.4
2014-11-12,1228.3,1234.5,1222.2,1228.3
2014-11-13,1226.7,1232.8,1220.5,1226.7
2014-11-14,1226.8,1233.0,1220.7,1226.8
2014-11-17,1230.3,1236.5,1224.2,1230.3
2014-11-18,1230.9,1237.1,1224.8,1230.9
2014-11-19,1230.4,1236.6,1224.3,1230.4
2014-11-20,1222.1,1228.2,1216.0,1222.1
2014-11-21,1226.7,1232.9,1220.6,1226.7
2014-11-24,1226.3,1232.4,1220.2,1226.3
2014-11-25,1222.9,1229.0,1216.8,1222.9
2014-11-26,1223.3,1229.4,1217.2,1223.3
2014-11-27,1228.9,1235.0,1222.7,1228.9
2014-11-28,1230.9,1237.0,1224.7,1230.9
2014-12-01,1237.7,1243.8,1231.5,1237.7
2014-12-02,1239.9,1246.1,1233.7,1239.9
2014-12-03,1228.4,1234.6,1222.3,1228.4
2014-12-04,1232.9,1239.1,1226.7,1232.9
2014-12-05,1222.7,1228.8,1216.5,1222.7
2014-12-08,1226.9,1233.0,1220.8,1226.9
2014-12-09,1229.5,1235.7,1223.4,1229.5
2014-12-10,1235.8,1242.0,1229.6,1235.8
2014-12-11,1235.8,1242.0,1229.7,1235.8
2014-12-12,1235.1,1241.2,1228.9,1235.1
2014-12-15,1237.9,1244.1,1231.8,1237.9
2014-12-16,1230.0,1236.1,1223.8,1230.0
2014-12-17,1228.2,1234.3,1222.0,1228.2
2014-12-18,1225.2,1231.3,1219.1,1225.2
2014-12-19,1221.4,1227.5,1215.3,1221.4
2014-12-22,1216.1,1222.2,1210.0,1216.1
2014-12-23,1215.5,1221.5,1209.4,1215.5
2014-12-24,1217.5,1223.6,1211.4,1217.5
2014-12-25,1223.1,1229.2,1217.0,1223.1
2014-12-26,1219.9,1226.0,1213.8,1219.9
2014-12-29,1215.6,1221.6,1209.5,1215.6
2014-12-30,1200.6,1206.6,1194.6,1200.6
2014-12-31,1206.8,1212.8,1200.7,1206.8
2015-01-01,1199.4,1205.4,1193.4,1199.4
2015-01-02,1200.9,1206.9,1194.9,1200.9
2015-01-05,1200.5,1206.5,1194.5,1200.5
2015-01-06,1204.3,1210.4,1198.3,1204.3
2015-01-07,1199.0,1205.0,1193.0,1199.0
2015-01-08,1200.9,1206.9,1194.8,1200.9
2015-01-09,1207.6,1213.6,1201.6,1207.6
2015-01-12,1206.4,1212.5,1200.4,1206.4
2015-01-13,1200.9,1206.9,1194.9,1200.9
2015-01-14,1192.8,1198.8,1186.8,1192.8
2015-01-15,1199.1,1205.1,1193.1,1199.1
2015-01-16,1196.0,1202.0,1190.0,1196.0
2015-01-19,1193.0,1199.0,1187.0,1193.0
2015-01-20,1204.1,1210.2,1198.1,1204.1
2015-01-21,1207.1,1213.1,1201.0,1207.1
2015-01-22,1210.9,1216.9,1204.8,1210.9
2015-01-23,1216.8,1222.9,1210.7,1216.8
2015-01-26,1206.4,1212.4,1200.4,1206.4
2015-01-27,1212.0,1218.0,1205.9,1212.0
2015-01-28,1217.9,1224.0,1211.8,1217.9
2015-01-29,1213.5,1219.5,1207.4,1213.5
2015-01-30,1214.9,1221.0,1208.8,1214.9
2015-02-02,1216.6,1222.7,1210.5,1216.6
2015-02-03,1210.9,1217.0,1204.9,1210.9
2015-02-04,1213.2,1219.2,1207.1,1213.2
2015-02-05,1208.0,1214.0,1201.9,1208.0
2015-02-06,1218.2,1224.3,1212.1,1218.2
2015-02-09,1215.5,1221.6,1209.4,1215.5
2015-02-10,1215.7,1221.8,1209.7,1215.7
2015-02-11,1205.6,1211.6,1199.6,1205.6
2015-02-12,1205.5,1211.5,1199.5,1205.5
2015-02-13,1209.2,1215.3,1203.2,1209.2
2015-02-16,1201.9,1207.9,1195.9,1201.9
2015-02-17,1197.5,1203.5,1191.5,1197.5
2015-02-18,1192.5,1198.5,1186.5,1192.5
2015-02-19,1185.6,1191.5,1179.7,1185.6
2015-02-20,1178.4,1184.3,1172.5,1178.4
2015-02-23,1181.5,1187.4,1175.6,1181.5
2015-02-24,1174.5,1180.4,1168.7,1174.5
2015-02-25,1165.5,1171.3,1159.7,1165.5
2015-02-26,1162.7,1168.5,1156.9,1162.7
2015-02-27,1162.8,1168.6,1157.0,1162.8
2015-03-02,1163.4,1169.2,1157.6,1163.4
2015-03-03,1158.9,1164.7,1153.1,1158.9
2015-03-04,1156.0,1161.8,1150.3,1156.0
2015-03-05,1158.5,1164.3,1152.8,1158.5
2015-03-06,1162.6,1168.4,1156.8,1162.6
2015-03-09,1167.1,1173.0,1161.3,1167.1
2015-03-10,1168.7,1174.5,1162.8,1168.7
2015-03-11,1160.2,1166.0,1154.4,1160.2
2015-03-12,1155.8,1161.5,1150.0,1155.8
2015-03-13,1161.4,1167.2,1155.6,1161.4
2015-03-16,1168.3,1174.1,1162.4,1168.3
2015-03-17,1167.0,1172.8,1161.1,1167.0
2015-03-18,1165.3,1171.2,1159.5,1165.3
2015-03-19,1159.9,1165.7,1154.1,1159.9
2015-03-20,1166.0,1171.8,1160.1,1166.0
2015-03-23,1159.3,1165.1,1153.5,1159.3
2015-03-24,1167.8,1173.6,1162.0,1167.8
2015-03-25,1166.4,1172.2,1160.6,1166.4
2015-03-26,1161.4,1167.2,1155.6,1161.4
2015-03-27,1152.4,1158.2,1146.7,1152.4
2015-03-30,1150.0,1155.7,1144.2,1150.0
2015-03-31,1149.1,1154.9,1143.4,1149.1
2015-04-01,1147.7,1153.4,1141.9,1147.7
2015-04-02,1147.5,1153.2,1141.8,1147.5
2015-04-03,1153.7,1159.4,1147.9,1153.7
2015-04-06,1155.1,1160.9,1149.4,1155.1
2015-04-07,1155.4,1161.1,1149.6,1155.4
2015-04-08,1159.9,1165.7,1154.1,1159.9
2015-04-09,1154.7,1160.5,1149.0,1154.7
2015-04-10,1157.3,1163.1,1151.5,1157.3
2015-04-13,1158.7,1164.5,1153.0,1158.7
2015-04-14,1164.6,1170.4,1158.8,1164.6
2015-04-15,1157.0,1162.8,1151.2,1157.0
2015-04-16,1152.1,1157.8,1146.3,1152.1
2015-04-17,1147.6,1153.4,1141.9,1147.6
2015-04-20,1148.4,1154.2,1142.7,1148.4
2015-04-21,1148.8,1154.6,1143.1,1148.8
2015-04-22,1150.7,1156.5,1145.0,1150.7
2015-04-23,1140.3,1146.0,1134.6,1140.3
2015-04-24,1146.8,1152.5,1141.0,1146.8
2015-04-27,1146.3,1152.1,1140.6,1146.3
2015-04-28,1148.2,1153.9,1142.4,1148.2
2015-04-29,1149.1,1154.8,1143.3,1149.1
2015-04-30,1145.3,1151.1,1139.6,1145.3
2015-05-01,1146.8,1152.6,1141.1,1146.8
2015-05-04,1145.5,1151.2,1139.8,1145.5
2015-05-05,1145.0,1150.7,1139.3,1145.0
2015-05-06,1146.4,1152.2,1140.7,1146.4
2015-05-07,1145.1,1150.8,1139.4,1145.1
2015-05-08,1138.1,1143.8,1132.4,1138.1
2015-05-11,1135.9,1141.5,1130.2,1135.9
2015-05-12,1142.8,1148.5,1137.1,1142.8
2015-05-13,1139.4,1145.1,1133.7,1139.4
2015-05-14,1139.2,1144.9,1133.5,1139.2
2015-05-15,1142.3,1148.0,1136.6,1142.3
2015-05-18,1150.1,1155.9,1144.4,1150.1
2015-05-19,1147.6,1153.4,1141.9,1147.6
2015-05-20,1140.9,1146.6,1135.2,1140.9
2015-05-21,1143.0,1148.7,1137.3,1143.0
2015-05-22,1138.3,1144.0,1132.6,1138.3
2015-05-25,1138.0,1143.6,1132.3,1138.0
2015-05-26,1139.8,1145.5,1134.1,1139.8
2015-05-27,1136.7,1142.4,1131.0,1136.7
2015-05-28,1134.6,1140.3,1128.9,1134.6
2015-05-29,1137.5,1143.2,1131.9,1137.5
2015-06-01,1140.9,1146.6,1135.2,1140.9
2015-06-02,1140.0,1145.7,1134.3,1140.0
2015-06-03,1139.6,1145.3,1133.9,1139.6
2015-06-04,1133.4,1139.1,1127.7,1133.4
2015-06-05,1133.1,1138.8,1127.4,1133.1
2015-06-08,1129.6,1135.3,1124.0,1129.6
2015-06-09,1129.3,1134.9,1123.6,1129.3
2015-06-10,1134.9,1140.6,1129.2,1134.9
2015-06-11,1128.8,1134.4,1123.2,1128.8
2015-06-12,1133.3,1139.0,1127.7,1133.3
2015-06-15,1132.3,1138.0,1126.7,1132.3
2015-06-16,1131.2,1136.9,1125.5,1131.2
2015-06-17,1126.3,1132.0,1120.7,1126.3
2015-06-18,1126.8,1132.5,1121.2,1126.8
2015-06-19,1135.7,1141.4,1130.1,1135.7
2015-06-22,1122.2,1127.8,1116.6,1122.2
2015-06-23,1112.8,1118.4,1107.3,1112.8
2015-06-24,1111.8,1117.4,1106.3,1111.8
2015-06-25,1113.1,1118.7,1107.6,1113.1
2015-06-26,1117.1,1122.6,1111.5,1117.1
2015-06-29,1117.8,1123.3,1112.2,1117.8
2015-06-30,1109.9,1115.4,1104.3,1109.9
2015-07-01,1112.2,1117.8,1106.7,1112.2
2015-07-02,1111.1,1116.7,1105.6,1111.1
2015-07-03,1114.8,1120.3,1109.2,1114.8
2015-07-06,1110.2,1115.8,1104.7,1110.2
2015-07-07,1103.0,1108.6,1097.5,1103.0
2015-07-08,1101.0,1106.5,1095.5,1101.0
2015-07-09,1103.3,1108.8,1097.8,1103.3
2015-07-10,1104.9,1110.4,1099.4,1104.9
2015-07-13,1104.0,1109.5,1098.5,1104.0
2015-07-14,1101.1,1106.6,1095.6,1101.1
2015-07-15,1100.4,1105.9,1094.9,1100.4
2015-07-16,1107.0,1112.5,1101.4,1107.0
2015-07-17,1117.9,1123.4,1112.3,1117.9
2015-07-20,1117.9,1123.5,1112.3,1117.9
2015-07-21,1121.4,1127.0,1115.8,1121.4
2015-07-22,1117.0,1122.6,1111.4,1117.0
2015-07-23,1121.9,1127.5,1116.3,1121.9
2015-07-24,1119.1,1124.7,1113.5,1119.1
2015-07-27,1111.5,1117.0,1105.9,1111.5
2015-07-28,1115.7,1121.3,1110.1,1115.7
2015-07-29,1115.0,1120.6,1109.4,1115.0
2015-07-30,1120.1,1125.7,1114.5,1120.1
2015-07-31,1122.4,1128.0,1116.8,1122.4
2015-08-03,1114.6,1120.2,1109.0,1114.6
2015-08-04,1114.2,1119.8,1108.7,1114.2
2015-08-05,1109.2,1114.7,1103.6,1109.2
2015-08-06,1113.8,1119.4,1108.2,1113.8
2015-08-07,1113.0,1118.6,1107.4,1113.0
2015-08-10,1108.1,1113.7,1102.6,1108.1
2015-08-11,1098.3,1103.8,1092.8,1098.3
2015-08-12,1102.9,1108.4,1097.4,1102.9
2015-08-13,1100.6,1106.1,1095.1,1100.6
2015-08-14,1098.8,1104.3,1093.4,1098.8
2015-08-17,1099.6,1105.1,1094.1,1099.6
2015-08-18,1095.0,1100.5,1089.5,1095.0
2015-08-19,1087.9,1093.3,1082.5,1087.9
2015-08-20,1088.6,1094.1,1083.2,1088.6
2015-08-21,1084.4,1089.8,1078.9,1084.4
2015-08-24,1083.2,1088.6,1077.8,1083.2
2015-08-25,1079.4,1084.8,1074.0,1079.4
2015-08-26,1073.7,1079.0,1068.3,1073.7
2015-08-27,1067.0,1072.3,1061.6,1067.0
2015-08-28,1068.2,1073.5,1062.8,1068.2
2015-08-31,1072.8,1078.2,1067.4,1072.8
2015-09-01,1077.7,1083.1,1072.3,1077.7
2015-09-02,1077.9,1083.3,1072.5,1077.9
2015-09-03,1084.2,1089.6,1078.8,1084.2
2015-09-04,1081.6,1087.0,1076.2,1081.6
2015-09-07,1084.2,1089.7,1078.8,1084.2
2015-09-08,1081.8,1087.2,1076.4,1081.8
2015-09-09,1078.4,1083.8,1073.0,1078.4
2015-09-10,1081.8,1087.2,1076.4,1081.8
2015-09-11,1083.4,1088.9,1078.0,1083.4
2015-09-14,1085.0,1090.4,1079.6,1085.0
2015-09-15,1078.0,1083.4,1072.6,1078.0
2015-09-16,1082.3,1087.7,1076.9,1082.3
2015-09-17,1084.8,1090.3,1079.4,1084.8
2015-09-18,1082.5,1087.9,1077.1,1082.5
2015-09-21,1083.8,1089.2,1078.3,1083.8
2015-09-22,1087.9,1093.4,1082.5,1087.9
2015-09-23,1083.9,1089.3,1078.5,1083.9
2015-09-24,1080.1,1085.5,1074.7,1080.1
2015-09-25,1078.4,1083.8,1073.0,1078.4
2015-09-28,1067.6,1073.0,1062.3,1067.6
2015-09-29,1069.1,1074.5,1063.8,1069.1
2015-09-30,1073.0,1078.4,1067.7,1073.0
2015-10-01,1075.1,1080.5,1069.7,1075.1
2015-10-02,1076.8,1082.2,1071.4,1076.8
2015-10-05,1079.9,1085.3,1074.5,1079.9
2015-10-06,1078.8,1084.2,1073.4,1078.8
2015-10-07,1071.4,1076.7,1066.0,1071.4
2015-10-08,1071.6,1077.0,1066.3,1071.6
2015-10-09,1076.9,1082.3,1071.5,1076.9
2015-10-12,1077.0,1082.4,1071.6,1077.0
2015-10-13,1074.7,1080.1,1069.4,1074.7
2015-10-14,1077.5,1082.9,1072.1,1077.5
2015-10-15,1078.4,1083.8,1073.0,1078.4
2015-10-16,1076.7,1082.1,1071.3,1076.7
2015-10-19,1075.6,1081.0,1070.3,1075.6
2015-10-20,1073.5,1078.9,1068.2,1073.5
2015-10-21,1075.5,1080.9,1070.1,1075.5
2015-10-22,1070.9,1076.2,1065.5,1070.9
2015-10-23,1071.7,1077.0,1066.3,1071.7
2015-10-26,1074.0,1079.3,1068.6,1074.0
2015-10-27,1074.2,1079.5,1068.8,1074.2
2015-10-28,1074.4,1079.7,1069.0,1074.4
2015-10-29,1073.8,1079.2,1068.4,1073.8
2015-10-30,1075.2,1080.6,1069.8,1075.2
2015-11-02,1072.2,1077.5,1066.8,1072.2
2015-11-03,1070.7,1076.1,1065.4,1070.7
2015-11-04,1066.1,1071.4,1060.8,1066.1
2015-11-05,1064.4,1069.7,1059.1,1064.4
2015-11-06,1055.4,1060.6,1050.1,1055.4
2015-11-09,1054.6,1059.9,1049.3,1054.6
2015-11-10,1057.1,1062.4,1051.8,1057.1
2015-11-11,1057.3,1062.6,1052.0,1057.3
2015-11-12,1061.7,1067.0,1056.4,1061.7
2015-11-13,1067.8,1073.1,1062.4,1067.8
2015-11-16,1068.6,1073.9,1063.3,1068.6
2015-11-17,1064.5,1069.8,1059.1,1064.5
2015-11-18,1069.4,1074.8,1064.1,1069.4
2015-11-19,1073.3,1078.7,1067.9,1073.3
2015-11-20,1075.2,1080.5,1069.8,1075.2
2015-11-23,1073.6,1079.0,1068.2,1073.6
2015-11-24,1075.2,1080.6,1069.8,1075.2
2015-11-25,1073.8,1079.2,1068.4,1073.8
2015-11-26,1070.7,1076.1,1065.4,1070.7
2015-11-27,1072.4,1077.8,1067.1,1072.4
2015-11-30,1069.2,1074.6,1063.9,1069.2
2015-12-01,1073.0,1078.4,1067.6,1073.0
2015-12-02,1074.4,1079.8,1069.0,1074.4
2015-12-03,1074.1,1079.5,1068.7,1074.1
2015-12-04,1074.1,1079.5,1068.7,1074.1
2015-12-07,1070.5,1075.9,1065.2,1070.5
2015-12-08,1066.6,1072.0,1061.3,1066.6
2015-12-09,1074.7,1080.1,1069.3,1074.7
2015-12-10,1074.3,1079.7,1069.0,1074.3
2015-12-11,1068.5,1073.9,1063.2,1068.5
2015-12-14,1073.9,1079.3,1068.6,1073.9
2015-12-15,1070.0,1075.3,1064.6,1070.0
2015-12-16,1073.1,1078.4,1067.7,1073.1
2015-12-17,1079.9,1085.3,1074.5,1079.9
2015-12-18,1079.2,1084.6,1073.8,1079.2
2015-12-21,1085.2,1090.7,1079.8,1085.2
2015-12-22,1088.4,1093.8,1083.0,1088.4
2015-12-23,1095.0,1100.5,1089.6,1095.0
2015-12-24,1097.1,1102.6,1091.6,1097.1
2015-12-25,1094.3,1099.8,1088.8,1094.3
2015-12-28,1085.8,1091.2,1080.4,1085.8
2015-12-29,1082.5,1087.9,1077.1,1082.5
2015-12-30,1080.6,1086.0,1075.2,1080.6
2015-12-31,1085.3,1090.8,1079.9,1085.3
2016-01-01,1090.6,1096.0,1085.1,1090.6
2016-01-04,1086.6,1092.0,1081.2,1086.6
2016-01-05,1092.1,1097.6,1086.6,1092.1
2016-01-06,1088.7,1094.2,1083.3,1088.7
2016-01-07,1085.3,1090.7,1079.8,1085.3
2016-01-08,1079.6,1085.0,1074.2,1079.6
2016-01-11,1082.5,1088.0,1077.1,1082.5
2016-01-12,1080.6,1086.0,1075.2,1080.6
2016-01-13,1086.9,1092.4,1081.5,1086.9
2016-01-14,1083.4,1088.8,1078.0,1083.4
2016-01-15,1087.1,1092.6,1081.7,1087.1
2016-01-18,1083.1,1088.5,1077.7,1083.1
2016-01-19,1088.3,1093.7,1082.9,1088.3
2016-01-20,1089.2,1094.7,1083.8,1089.2
2016-01-21,1090.9,1096.4,1085.5,1090.9
2016-01-22,1089.7,1095.2,1084.3,1089.7
2016-01-25,1089.2,1094.6,1083.7,1089.2
2016-01-26,1091.9,1097.3,1086.4,1091.9
2016-01-27,1100.2,1105.7,1094.7,1100.2
2016-01-28,1095.6,1101.1,1090.2,1095.6
2016-01-29,1094.4,1099.9,1088.9,1094.4
2016-02-01,1092.7,1098.1,1087.2,1092.7
2016-02-02,1086.6,1092.0,1081.1,1086.6
2016-02-03,1080.7,1086.1,1075.3,1080.7
2016-02-04,1078.6,1084.0,1073.2,1078.6
2016-02-05,1078.1,1083.5,1072.7,1078.1
2016-02-08,1086.4,1091.9,1081.0,1086.4
2016-02-09,1091.7,1097.2,1086.3,1091.7
2016-02-10,1088.8,1094.3,1083.4,1088.8
2016-02-11,1093.1,1098.6,1087.6,1093.1
2016-02-12,1090.3,1095.7,1084.8,1090.3
2016-02-15,1091.5,1097.0,1086.1,1091.5
2016-02-16,1093.8,1099.3,1088.3,1093.8
2016-02-17,1103.8,1109.4,1098.3,1103.8
2016-02-18,1105.3,1110.8,1099.8,1105.3
2016-02-19,1099.0,1104.5,1093.5,1099.0
2016-02-22,1103.7,1109.2,1098.2,1103.7
2016-02-23,1109.1,1114.6,1103.5,1109.1
2016-02-24,1113.1,1118.7,1107.6,1113.1
2016-02-25,1108.7,1114.3,1103.2,1108.7
2016-02-26,1109.5,1115.0,1103.9,1109.5
2016-02-29,1110.4,1116.0,1104.9,1110.4
2016-03-01,1119.1,1124.7,1113.5,1119.1
2016-03-02,1121.6,1127.2,1116.0,1121.6
2016-03-03,1128.9,1134.6,1123.3,1128.9
2016-03-04,1125.2,1130.8,1119.5,1125.2
2016-03-07,1124.6,1130.3,1119.0,1124.6
2016-03-08,1121.9,1127.5,1116.3,1121.9
2016-03-09,1126.1,1131.7,1120.5,1126.1
2016-03-10,1130.8,1136.5,1125.2,1130.8
2016-03-11,1132.0,1137.6,1126.3,1132.0
2016-03-14,1132.7,1138.3,1127.0,1132.7
2016-03-15,1133.9,1139.6,1128.3,1133.9
2016-03-16,1127.2,1132.8,1121.5,1127.2
2016-03-17,1125.1,1130.7,1119.4,1125.1
2016-03-18,1123.5,1129.1,1117.8,1123.5
2016-03-21,1124.2,1129.8,1118.6,1124.2
2016-03-22,1121.3,1126.9,1115.7,1121.3
2016-03-23,1117.7,1123.3,1112.1,1117.7
2016-03-24,1110.9,1116.5,1105.3,1110.9
2016-03-25,1113.5,1119.1,1108.0,1113.5
2016-03-28,1108.9,1114.4,1103.3,1108.9
2016-03-29,1114.2,1119.8,1108.7,1114.2
2016-03-30,1116.4,1121.9,1110.8,1116.4
2016-03-31,1120.9,1126.5,1115.3,1120.9
2016-04-01,1117.0,1122.6,1111.4,1117.0
2016-04-04,1126.8,1132.5,1121.2,1126.8
2016-04-05,1136.9,1142.6,1131.2,1136.9
2016-04-06,1136.7,1142.4,1131.1,1136.7
2016-04-07,1138.2,1143.9,1132.5,1138.2
2016-04-08,1137.8,1143.5,1132.1,1137.8
2016-04-11,1142.9,1148.6,1137.2,1142.9
2016-04-12,1146.0,1151.7,1140.2,1146.0
2016-04-13,1137.4,1143.0,1131.7,1137.4
2016-04-14,1133.5,1139.1,1127.8,1133.5
2016-04-15,1135.3,1140.9,1129.6,1135.3
2016-04-18,1139.6,1145.3,1133.9,1139.6
2016-04-19,1140.1,1145.8,1134.4,1140.1
2016-04-20,1132.2,1137.9,1126.6,1132.2
2016-04-21,1135.0,1140.7,1129.3,1135.0
2016-04-22,1143.3,1149.1,1137.6,1143.3
2016-04-25,1133.6,1139.2,1127.9,1133.6
2016-04-26,1138.1,1143.8,1132.4,1138.1
2016-04-27,1146.4,1152.2,1140.7,1146.4
2016-04-28,1150.4,1156.1,1144.6,1150.4
2016-04-29,1149.5,1155.3,1143.8,1149.5
2016-05-02,1154.2,1160.0,1148.5,1154.2
2016-05-03,1153.2,1159.0,1147.5,1153.2
2016-05-04,1155.2,1161.0,1149.4,1155.2
2016-05-05,1155.0,1160.7,1149.2,1155.0
2016-05-06,1154.9,1160.7,1149.1,1154.9
2016-05-09,1151.8,1157.5,1146.0,1151.8
2016-05-10,1149.4,1155.1,1143.6,1149.4
2016-05-11,1156.6,1162.4,1150.8,1156.6
2016-05-12,1153.2,1159.0,1147.5,1153.2
2016-05-13,1144.0,1149.7,1138.3,1144.0
2016-05-16,1161.1,1166.9,1155.3,1161.1
2016-05-17,1158.4,1164.2,1152.7,1158.4
2016-05-18,1156.7,1162.5,1151.0,1156.7
2016-05-19,1154.5,1160.3,1148.8,1154.5
2016-05-20,1154.4,1160.2,1148.6,1154.4
2016-05-23,1151.6,1157.3,1145.8,1151.6
2016-05-24,1158.4,1164.2,1152.6,1158.4
2016-05-25,1157.2,1163.0,1151.4,1157.2
2016-05-26,1152.1,1157.9,1146.4,1152.1
2016-05-27,1139.0,1144.7,1133.4,1139.0
2016-05-30,1145.7,1151.4,1139.9,1145.7
2016-05-31,1144.1,1149.8,1138.4,1144.1
2016-06-01,1146.1,1151.8,1140.4,1146.1
2016-06-02,1142.3,1148.0,1136.6,1142.3
2016-06-03,1143.4,1149.1,1137.7,1143.4
2016-06-06,1144.8,1150.5,1139.1,1144.8
2016-06-07,1149.6,1155.4,1143.9,1149.6
2016-06-08,1150.8,1156.6,1145.1,1150.8
2016-06-09,1146.0,1151.8,1140.3,1146.0
2016-06-10,1157.7,1163.5,1151.9,1157.7
2016-06-13,1160.7,1166.5,1154.9,1160.7
2016-06-14,1156.3,1162.1,1150.5,1156.3
2016-06-15,1157.4,1163.2,1151.6,1157.4
2016-06-16,1159.4,1165.2,1153.6,1159.4
2016-06-17,1161.8,1167.6,1156.0,1161.8
2016-06-20,1164.4,1170.2,1158.6,1164.4
2016-06-21,1165.5,1171.3,1159.7,1165.5
2016-06-22,1169.7,1175.5,1163.8,1169.7
2016-06-23,1172.8,1178.7,1166.9,1172.8
2016-06-24,1175.9,1181.7,1170.0,1175.9
2016-06-27,1168.0,1173.9,1162.2,1168.0
2016-06-28,1159.9,1165.7,1154.1,1159.9
2016-06-29,1156.6,1162.4,1150.8,1156.6
2016-06-30,1156.0,1161.8,1150.2,1156.0
2016-07-01,1153.3,1159.1,1147.5,1153.3
2016-07-04,1150.2,1156.0,1144.5,1150.2
2016-07-05,1152.3,1158.1,1146.6,1152.3
2016-07-06,1149.2,1154.9,1143.4,1149.2
2016-07-07,1139.1,1144.8,1133.4,1139.1
2016-07-08,1134.4,1140.1,1128.7,1134.4
2016-07-11,1134.3,1140.0,1128.6,1134.3
2016-07-12,1135.0,1140.7,1129.4,1135.0
2016-07-13,1141.1,1146.8,1135.4,1141.1
2016-07-14,1144.8,1150.5,1139.1,1144.8
2016-07-15,1136.9,1142.6,1131.3,1136.9
2016-07-18,1146.5,1152.2,1140.8,1146.5
2016-07-19,1147.1,1152.8,1141.3,1147.1
2016-07-20,1148.9,1154.6,1143.1,1148.9
2016-07-21,1150.9,1156.6,1145.1,1150.9
2016-07-22,1148.2,1153.9,1142.5,1148.2
2016-07-25,1153.2,1159.0,1147.5,1153.2
2016-07-26,1145.4,1151.1,1139.7,1145.4
2016-07-27,1153.4,1159.2,1147.6,1153.4
2016-07-28,1155.6,1161.4,1149.9,1155.6
2016-07-29,1158.6,1164.4,1152.8,1158.6
2016-08-01,1162.9,1168.7,1157.0,1162.9
2016-08-02,1161.8,1167.6,1156.0,1161.8
2016-08-03,1168.8,1174.6,1162.9,1168.8
2016-08-04,1166.1,1171.9,1160.3,1166.1
2016-08-05,1162.3,1168.1,1156.5,1162.3
2016-08-08,1165.0,1170.8,1159.2,1165.0
2016-08-09,1159.5,1165.3,1153.7,1159.5
2016-08-10,1158.2,1164.0,1152.4,1158.2
2016-08-11,1160.8,1166.6,1155.0,1160.8
2016-08-12,1165.6,1171.4,1159.8,1165.6
2016-08-15,1167.4,1173.3,1161.6,1167.4
2016-08-16,1164.2,1170.0,1158.4,1164.2
2016-08-17,1163.9,1169.7,1158.1,1163.9
2016-08-18,1162.0,1167.8,1156.2,1162.0
2016-08-19,1163.0,1168.8,1157.1,1163.0
2016-08-22,1162.3,1168.1,1156.5,1162.3
2016-08-23,1159.2,1165.0,1153.4,1159.2
2016-08-24,1155.6,1161.4,1149.8,1155.6
2016-08-25,1148.8,1154.5,1143.0,1148.8
2016-08-26,1156.1,1161.9,1150.3,1156.1
2016-08-29,1162.3,1168.1,1156.5,1162.3
2016-08-30,1158.1,1163.9,1152.3,1158.1
2016-08-31,1163.1,1168.9,1157.2,1163.1
2016-09-01,1164.7,1170.5,1158.8,1164.7
2016-09-02,1160.1,1165.9,1154.3,1160.1
2016-09-05,1157.8,1163.6,1152.0,1157.8
2016-09-06,1159.1,1164.9,1153.3,1159.1
2016-09-07,1164.6,1170.4,1158.8,1164.6
2016-09-08,1169.2,1175.0,1163.3,1169.2
2016-09-09,1168.1,1174.0,1162.3,1168.1
2016-09-12,1172.8,1178.7,1166.9,1172.8
2016-09-13,1173.5,1179.3,1167.6,1173.5
2016-09-14,1171.4,1177.2,1165.5,1171.4
2016-09-15,1177.5,1183.4,1171.6,1177.5
2016-09-16,1179.5,1185.4,1173.6,1179.5
2016-09-19,1184.1,1190.0,1178.1,1184.1
2016-09-20,1179.8,1185.7,1173.9,1179.8
2016-09-21,1178.6,1184.5,1172.7,1178.6
2016-09-22,1183.9,1189.8,1178.0,1183.9
2016-09-23,1183.6,1189.6,1177.7,1183.6
2016-09-26,1184.6,1190.6,1178.7,1184.6
2016-09-27,1180.7,1186.6,1174.8,1180.7
2016-09-28,1183.0,1188.9,1177.1,1183.0
2016-09-29,1179.1,1185.0,1173.2,1179.1
2016-09-30,1182.4,1188.3,1176.5,1182.4
2016-10-03,1180.1,1186.0,1174.2,1180.1
2016-10-04,1180.7,1186.6,1174.7,1180.7
2016-10-05,1189.8,1195.7,1183.8,1189.8
2016-10-06,1192.7,1198.6,1186.7,1192.7
2016-10-07,1192.0,1198.0,1186.1,1192.0
2016-10-10,1198.1,1204.1,1192.1,1198.1
2016-10-11,1195.5,1201.4,1189.5,1195.5
2016-10-12,1191.7,1197.6,1185.7,1191.7
2016-10-13,1191.1,1197.1,1185.2,1191.1
2016-10-14,1197.7,1203.7,1191.7,1197.7
2016-10-17,1204.6,1210.6,1198.5,1204.6
2016-10-18,1202.8,1208.9,1196.8,1202.8
2016-10-19,1202.2,1208.3,1196.2,1202.2
2016-10-20,1205.1,1211.1,1199.1,1205.1
2016-10-21,1217.6,1223.7,1211.5,1217.6
2016-10-24,1217.5,1223.6,1211.4,1217.5
2016-10-25,1224.4,1230.5,1218.3,1224.4
2016-10-26,1225.5,1231.6,1219.3,1225.5
2016-10-27,1229.4,1235.6,1223.3,1229.4
2016-10-28,1234.0,1240.2,1227.9,1234.0
2016-10-31,1235.3,1241.5,1229.1,1235.3
2016-11-01,1234.4,1240.5,1228.2,1234.4
2016-11-02,1232.9,1239.0,1226.7,1232.9
2016-11-03,1234.2,1240.4,1228.0,1234.2
2016-11-04,1239.6,1245.8,1233.4,1239.6
2016-11-07,1246.3,1252.5,1240.1,1246.3
2016-11-08,1251.3,1257.5,1245.0,1251.3
2016-11-09,1247.9,1254.1,1241.6,1247.9
2016-11-10,1244.1,1250.4,1237.9,1244.1
2016-11-11,1239.4,1245.5,1233.2,1239.4
2016-11-14,1240.6,1246.8,1234.4,1240.6
2016-11-15,1244.7,1250.9,1238.4,1244.7
2016-11-16,1241.2,1247.4,1235.0,1241.2
2016-11-17,1239.9,1246.1,1233.7,1239.9
2016-11-18,1242.7,1248.9,1236.5,1242.7
2016-11-21,1241.6,1247.8,1235.4,1241.6
2016-11-22,1240.3,1246.5,1234.1,1240.3
2016-11-23,1245.5,1251.7,1239.2,1245.5
2016-11-24,1245.1,1251.3,1238.8,1245.1
2016-11-25,1241.1,1247.3,1234.9,1241.1
2016-11-28,1242.3,1248.5,1236.0,1242.3
2016-11-29,1244.2,1250.4,1237.9,1244.2
2016-11-30,1256.2,1262.4,1249.9,1256.2
2016-12-01,1263.0,1269.3,1256.7,1263.0
2016-12-02,1277.5,1283.9,1271.1,1277.5
2016-12-05,1271.4,1277.7,1265.0,1271.4
2016-12-06,1276.7,1283.1,1270.3,1276.7
2016-12-07,1282.6,1289.0,1276.2,1282.6
2016-12-08,1280.8,1287.2,1274.4,1280.8
2016-12-09,1276.9,1283.3,1270.6,1276.9
2016-12-12,1279.9,1286.3,1273.5,1279.9
2016-12-13,1276.5,1282.9,1270.1,1276.5
2016-12-14,1269.3,1275.6,1262.9,1269.3
2016-12-15,1261.1,1267.4,1254.8,1261.1
2016-12-16,1252.9,1259.2,1246.7,1252.9
2016-12-19,1254.7,1261.0,1248.5,1254.7
2016-12-20,1257.7,1264.0,1251.4,1257.7
2016-12-21,1252.4,1258.7,1246.2,1252.4
2016-12-22,1254.6,1260.9,1248.4,1254.6
2016-12-23,1256.7,1263.0,1250.5,1256.7
2016-12-26,1259.1,1265.4,1252.8,1259.1
2016-12-27,1262.1,1268.4,1255.8,1262.1
2016-12-28,1262.6,1268.9,1256.3,1262.6
2016-12-29,1268.7,1275.1,1262.4,1268.7
2016-12-30,1271.0,1277.4,1264.7,1271.0
2017-01-02,1264.6,1270.9,1258.3,1264.6
2017-01-03,1273.3,1279.6,1266.9,1273.3
2017-01-04,1267.6,1273.9,1261.2,1267.6
2017-01-05,1266.9,1273.2,1260.5,1266.9
2017-01-06,1279.0,1285.4,1272.6,1279.0
2017-01-09,1281.3,1287.7,1274.9,1281.3
2017-01-10,1276.0,1282.4,1269.7,1276.0
2017-01-11,1276.8,1283.2,1270.5,1276.8
2017-01-12,1278.6,1284.9,1272.2,1278.6
2017-01-13,1278.6,1285.0,1272.2,1278.6
2017-01-16,1276.1,1282.5,1269.7,1276.1
2017-01-17,1268.9,1275.3,1262.6,1268.9
2017-01-18,1262.7,1269.1,1256.4,1262.7
2017-01-19,1258.8,1265.1,1252.5,1258.8
2017-01-20,1265.5,1271.8,1259.2,1265.5
2017-01-23,1260.2,1266.5,1253.9,1260.2
2017-01-24,1261.2,1267.5,1254.9,1261.2
2017-01-25,1268.4,1274.8,1262.1,1268.4
2017-01-26,1271.5,1277.9,1265.2,1271.5
2017-01-27,1278.4,1284.8,1272.0,1278.4
2017-01-30,1275.8,1282.2,1269.5,1275.8
2017-01-31,1278.6,1285.0,1272.2,1278.6
2017-02-01,1283.6,1290.0,1277.2,1283.6
2017-02-02,1287.6,1294.0,1281.2,1287.6
2017-02-03,1291.2,1297.6,1284.7,1291.2
2017-02-06,1285.1,1291.5,1278.6,1285.1
2017-02-07,1287.7,1294.2,1281.3,1287.7
2017-02-08,1289.4,1295.8,1282.9,1289.4
2017-02-09,1287.8,1294.2,1281.3,1287.8
2017-02-10,1284.0,1290.4,1277.5,1284.0
2017-02-13,1286.7,1293.1,1280.2,1286.7
2017-02-14,1281.1,1287.5,1274.7,1281.1
2017-02-15,1278.6,1285.0,1272.2,1278.6
2017-02-16,1283.2,1289.6,1276.8,1283.2
2017-02-17,1288.1,1294.6,1281.7,1288.1
2017-02-20,1291.0,1297.4,1284.5,1291.0
2017-02-21,1288.0,1294.4,1281.5,1288.0
2017-02-22,1281.9,1288.3,1275.5,1281.9
2017-02-23,1277.8,1284.1,1271.4,1277.8
2017-02-24,1284.4,1290.8,1277.9,1284.4
2017-02-27,1286.1,1292.5,1279.7,1286.1
2017-02-28,1285.4,1291.8,1278.9,1285.4
2017-03-01,1287.2,1293.7,1280.8,1287.2
2017-03-02,1290.5,1297.0,1284.1,1290.5
2017-03-03,1285.0,1291.4,1278.5,1285.0
2017-03-06,1283.4,1289.9,1277.0,1283.4
2017-03-07,1286.9,1293.3,1280.4,1286.9
2017-03-08,1288.1,1294.5,1281.6,1288.1
2017-03-09,1293.7,1300.1,1287.2,1293.7
2017-03-10,1297.2,1303.7,1290.7,1297.2
2017-03-13,1293.8,1300.3,1287.3,1293.8
2017-03-14,1276.5,1282.9,1270.1,1276.5
2017-03-15,1278.2,1284.6,1271.8,1278.2
2017-03-16,1273.5,1279.8,1267.1,1273.5
2017-03-17,1276.9,1283.3,1270.5,1276.9
2017-03-20,1286.8,1293.2,1280.4,1286.8
2017-03-21,1281.8,1288.2,1275.4,1281.8
2017-03-22,1285.7,1292.1,1279.3,1285.7
2017-03-23,1290.6,1297.0,1284.1,1290.6
2017-03-24,1292.5,1299.0,1286.1,1292.5
2017-03-27,1295.3,1301.8,1288.9,1295.3
2017-03-28,1284.7,1291.1,1278.3,1284.7
2017-03-29,1285.6,1292.1,1279.2,1285.6
2017-03-30,1286.2,1292.6,1279.8,1286.2
2017-03-31,1292.2,1298.6,1285.7,1292.2
2017-04-03,1298.1,1304.6,1291.7,1298.1
2017-04-04,1295.6,1302.1,1289.1,1295.6
2017-04-05,1286.0,1292.4,1279.6,1286.0
2017-04-06,1278.5,1284.9,1272.1,1278.5
2017-04-07,1286.9,1293.3,1280.4,1286.9
2017-04-10,1288.2,1294.6,1281.8,1288.2
2017-04-11,1281.5,1287.9,1275.0,1281.5
2017-04-12,1275.7,1282.1,1269.3,1275.7
2017-04-13,1278.3,1284.7,1271.9,1278.3
2017-04-14,1280.2,1286.6,1273.8,1280.2
2017-04-17,1291.0,1297.5,1284.6,1291.0
2017-04-18,1291.4,1297.9,1284.9,1291.4
2017-04-19,1294.2,1300.7,1287.7,1294.2
2017-04-20,1294.6,1301.1,1288.2,1294.6
2017-04-21,1299.6,1306.1,1293.1,1299.6
2017-04-24,1310.2,1316.7,1303.6,1310.2
2017-04-25,1315.1,1321.6,1308.5,1315.1
2017-04-26,1325.1,1331.7,1318.5,1325.1
2017-04-27,1327.2,1333.9,1320.6,1327.2
2017-04-28,1318.2,1324.8,1311.6,1318.2
2017-05-01,1314.8,1321.4,1308.3,1314.8
2017-05-02,1319.1,1325.7,1312.5,1319.1
2017-05-03,1317.6,1324.2,1311.0,1317.6
2017-05-04,1317.5,1324.0,1310.9,1317.5
2017-05-05,1313.1,1319.7,1306.6,1313.1
2017-05-08,1321.8,1328.4,1315.2,1321.8
2017-05-09,1329.6,1336.3,1323.0,1329.6
2017-05-10,1327.8,1334.5,1321.2,1327.8
2017-05-11,1326.2,1332.8,1319.6,1326.2
2017-05-12,1332.5,1339.2,1325.9,1332.5
2017-05-15,1338.4,1345.1,1331.7,1338.4
2017-05-16,1329.0,1335.6,1322.3,1329.0
2017-05-17,1332.2,1338.8,1325.5,1332.2
2017-05-18,1334.3,1340.9,1327.6,1334.3
2017-05-19,1334.7,1341.3,1328.0,1334.7
2017-05-22,1330.5,1337.1,1323.8,1330.5
2017-05-23,1325.7,1332.3,1319.1,1325.7
2017-05-24,1309.4,1315.9,1302.8,1309.4
2017-05-25,1306.7,1313.2,1300.2,1306.7
2017-05-26,1297.3,1303.8,1290.8,1297.3
2017-05-29,1296.9,1303.4,1290.4,1296.9
2017-05-30,1300.6,1307.1,1294.1,1300.6
2017-05-31,1295.8,1302.3,1289.3,1295.8
2017-06-01,1304.2,1310.7,1297.7,1304.2
2017-06-02,1315.8,1322.3,1309.2,1315.8
2017-06-05,1318.7,1325.3,1312.1,1318.7
2017-06-06,1322.6,1329.2,1316.0,1322.6
2017-06-07,1314.5,1321.0,1307.9,1314.5
2017-06-08,1316.3,1322.9,1309.7,1316.3
2017-06-09,1309.7,1316.3,1303.2,1309.7
2017-06-12,1302.8,1309.3,1296.2,1302.8
2017-06-13,1297.6,1304.1,1291.2,1297.6
2017-06-14,1298.7,1305.2,1292.2,1298.7
2017-06-15,1300.3,1306.8,1293.8,1300.3
2017-06-16,1301.7,1308.3,1295.2,1301.7
2017-06-19,1298.3,1304.8,1291.8,1298.3
2017-06-20,1300.9,1307.4,1294.4,1300.9
2017-06-21,1299.1,1305.6,1292.6,1299.1
2017-06-22,1301.8,1308.3,1295.3,1301.8
2017-06-23,1302.4,1308.9,1295.9,1302.4
2017-06-26,1295.7,1302.2,1289.2,1295.7
2017-06-27,1294.4,1300.9,1287.9,1294.4
2017-06-28,1299.7,1306.2,1293.2,1299.7
2017-06-29,1306.3,1312.9,1299.8,1306.3
2017-06-30,1301.6,1308.1,1295.1,1301.6
2017-07-03,1300.9,1307.4,1294.4,1300.9
2017-07-04,1300.7,1307.2,1294.2,1300.7
2017-07-05,1309.2,1315.8,1302.7,1309.2
2017-07-06,1313.6,1320.2,1307.1,1313.6
2017-07-07,1308.5,1315.0,1301.9,1308.5
2017-07-10,1314.1,1320.6,1307.5,1314.1
2017-07-11,1322.6,1329.3,1316.0,1322.6
2017-07-12,1325.2,1331.8,1318.5,1325.2
2017-07-13,1322.3,1328.9,1315.7,1322.3
2017-07-14,1328.3,1334.9,1321.6,1328.3
2017-07-17,1331.4,1338.1,1324.8,1331.4
2017-07-18,1331.2,1337.8,1324.5,1331.2
2017-07-19,1337.1,1343.8,1330.4,1337.1
2017-07-20,1337.9,1344.6,1331.2,1337.9
2017-07-21,1339.2,1345.9,1332.5,1339.2
2017-07-24,1345.7,1352.4,1338.9,1345.7
2017-07-25,1343.5,1350.2,1336.8,1343.5
2017-07-26,1338.0,1344.7,1331.3,1338.0
2017-07-27,1340.7,1347.4,1334.0,1340.7
2017-07-28,1350.0,1356.8,1343.3,1350.0
2017-07-31,1339.2,1345.9,1332.5,1339.2
2017-08-01,1343.9,1350.7,1337.2,1343.9
2017-08-02,1345.0,1351.7,1338.2,1345.0
2017-08-03,1342.9,1349.6,1336.2,1342.9
2017-08-04,1340.3,1347.0,1333.6,1340.3
2017-08-07,1347.3,1354.1,1340.6,1347.3
2017-08-08,1351.8,1358.6,1345.1,1351.8
2017-08-09,1346.9,1353.6,1340.1,1346.9
2017-08-10,1349.4,1356.2,1342.7,1349.4
2017-08-11,1357.6,1364.4,1350.9,1357.6
2017-08-14,1362.9,1369.7,1356.1,1362.9
2017-08-15,1354.1,1360.8,1347.3,1354.1
2017-08-16,1358.3,1365.1,1351.5,1358.3
2017-08-17,1352.0,1358.8,1345.2,1352.0
2017-08-18,1354.0,1360.8,1347.3,1354.0
2017-08-21,1351.8,1358.6,1345.0,1351.8
2017-08-22,1355.0,1361.7,1348.2,1355.0
2017-08-23,1352.1,1358.9,1345.4,1352.1
2017-08-24,1347.4,1354.2,1340.7,1347.4
2017-08-25,1350.4,1357.2,1343.7,1350.4
2017-08-28,1353.2,1360.0,1346.5,1353.2
2017-08-29,1358.8,1365.6,1352.0,1358.8
2017-08-30,1356.7,1363.5,1349.9,1356.7
2017-08-31,1349.4,1356.2,1342.7,1349.4
2017-09-01,1354.2,1360.9,1347.4,1354.2
2017-09-04,1364.2,1371.1,1357.4,1364.2
2017-09-05,1361.8,1368.6,1355.0,1361.8
2017-09-06,1365.3,1372.1,1358.5,1365.3
2017-09-07,1364.3,1371.1,1357.5,1364.3
2017-09-08,1375.7,1382.5,1368.8,1375.7
2017-09-11,1374.1,1380.9,1367.2,1374.1
2017-09-12,1374.2,1381.1,1367.3,1374.2
2017-09-13,1363.5,1370.3,1356.7,1363.5
2017-09-14,1373.1,1380.0,1366.3,1373.1
2017-09-15,1370.7,1377.6,1363.9,1370.7
2017-09-18,1379.6,1386.5,1372.7,1379.6
2017-09-19,1376.2,1383.1,1369.3,1376.2
2017-09-20,1376.3,1383.2,1369.4,1376.3
2017-09-21,1372.5,1379.4,1365.6,1372.5
2017-09-22,1368.1,1374.9,1361.3,1368.1
2017-09-25,1368.5,1375.4,1361.7,1368.5
2017-09-26,1368.8,1375.6,1362.0,1368.8
2017-09-27,1367.8,1374.7,1361.0,1367.8
2017-09-28,1360.6,1367.4,1353.8,1360.6
2017-09-29,1363.7,1370.5,1356.8,1363.7
2017-10-02,1355.5,1362.3,1348.7,1355.5
2017-10-03,1355.5,1362.3,1348.7,1355.5
2017-10-04,1348.7,1355.4,1341.9,1348.7
2017-10-05,1355.9,1362.7,1349.2,1355.9
2017-10-06,1364.7,1371.5,1357.9,1364.7
2017-10-09,1370.6,1377.4,1363.7,1370.6
2017-10-10,1369.3,1376.1,1362.4,1369.3
2017-10-11,1366.6,1373.4,1359.7,1366.6
2017-10-12,1366.7,1373.6,1359.9,1366.7
2017-10-13,1368.0,1374.9,1361.2,1368.0
2017-10-16,1373.3,1380.2,1366.5,1373.3
2017-10-17,1376.9,1383.8,1370.0,1376.9
2017-10-18,1366.8,1373.6,1360.0,1366.8
2017-10-19,1372.2,1379.1,1365.4,1372.2
2017-10-20,1375.9,1382.8,1369.0,1375.9
2017-10-23,1373.9,1380.8,1367.1,1373.9
2017-10-24,1370.1,1376.9,1363.2,1370.1
2017-10-25,1372.2,1379.0,1365.3,1372.2
2017-10-26,1374.9,1381.7,1368.0,1374.9
2017-10-27,1370.3,1377.1,1363.4,1370.3
2017-10-30,1373.5,1380.3,1366.6,1373.5
2017-10-31,1376.2,1383.1,1369.4,1376.2
2017-11-01,1382.4,1389.3,1375.5,1382.4
2017-11-02,1383.1,1390.0,1376.2,1383.1
2017-11-03,1373.1,1379.9,1366.2,1373.1
2017-11-06,1377.4,1384.3,1370.5,1377.4
2017-11-07,1369.6,1376.5,1362.8,1369.6
2017-11-08,1367.0,1373.8,1360.2,1367.0
2017-11-09,1361.7,1368.5,1354.9,1361.7
2017-11-10,1367.1,1373.9,1360.2,1367.1
2017-11-13,1364.4,1371.2,1357.5,1364.4
2017-11-14,1372.5,1379.4,1365.7,1372.5
2017-11-15,1368.2,1375.0,1361.4,1368.2
2017-11-16,1359.3,1366.1,1352.5,1359.3
2017-11-17,1360.2,1367.0,1353.4,1360.2
2017-11-20,1356.7,1363.4,1349.9,1356.7
2017-11-21,1367.2,1374.0,1360.4,1367.2
2017-11-22,1366.0,1372.8,1359.2,1366.0
2017-11-23,1375.2,1382.1,1368.4,1375.2
2017-11-24,1375.8,1382.7,1368.9,1375.8
2017-11-27,1381.2,1388.1,1374.3,1381.2
2017-11-28,1380.3,1387.2,1373.4,1380.3
2017-11-29,1395.9,1402.9,1388.9,1395.9
2017-11-30,1390.8,1397.8,1383.9,1390.8
2017-12-01,1375.5,1382.4,1368.6,1375.5
2017-12-04,1380.5,1387.4,1373.6,1380.5
2017-12-05,1377.0,1383.9,1370.2,1377.0
2017-12-06,1380.7,1387.6,1373.8,1380.7
2017-12-07,1382.7,1389.6,1375.8,1382.7
2017-12-08,1382.0,1388.9,1375.1,1382.0
2017-12-11,1383.2,1390.1,1376.2,1383.2
2017-12-12,1387.9,1394.8,1380.9,1387.9
2017-12-13,1388.0,1394.9,1381.1,1388.0
2017-12-14,1389.3,1396.3,1382.4,1389.3
2017-12-15,1388.7,1395.6,1381.7,1388.7
2017-12-18,1401.3,1408.3,1394.3,1401.3
2017-12-19,1410.4,1417.5,1403.4,1410.4
2017-12-20,1403.3,1410.3,1396.3,1403.3
2017-12-21,1404.9,1412.0,1397.9,1404.9
2017-12-22,1401.9,1408.9,1394.9,1401.9
2017-12-25,1397.6,1404.6,1390.6,1397.6
2017-12-26,1381.4,1388.3,1374.5,1381.4
2017-12-27,1382.4,1389.3,1375.5,1382.4
2017-12-28,1383.9,1390.8,1377.0,1383.9
2017-12-29,1394.5,1401.4,1387.5,1394.5
2018-01-01,1403.6,1410.6,1396.5,1403.6
2018-01-02,1408.3,1415.4,1401.3,1408.3
2018-01-03,1414.3,1421.4,1407.2,1414.3
2018-01-04,1420.6,1427.7,1413.5,1420.6
2018-01-05,1424.6,1431.7,1417.5,1424.6
2018-01-08,1434.7,1441.8,1427.5,1434.7
2018-01-09,1428.0,1435.1,1420.8,1428.0
2018-01-10,1426.1,1433.3,1419.0,1426.1
2018-01-11,1423.6,1430.7,1416.5,1423.6
2018-01-12,1421.6,1428.7,1414.5,1421.6
2018-01-15,1423.2,1430.3,1416.1,1423.2
2018-01-16,1434.0,1441.1,1426.8,1434.0
2018-01-17,1440.0,1447.2,1432.8,1440.0
2018-01-18,1447.6,1454.8,1440.4,1447.6
2018-01-19,1447.4,1454.6,1440.1,1447.4
2018-01-22,1448.0,1455.3,1440.8,1448.0
2018-01-23,1451.7,1459.0,1444.4,1451.7
2018-01-24,1454.4,1461.6,1447.1,1454.4
2018-01-25,1456.9,1464.2,1449.6,1456.9
2018-01-26,1470.3,1477.6,1462.9,1470.3
2018-01-29,1474.1,1481.5,1466.7,1474.1
2018-01-30,1468.8,1476.1,1461.4,1468.8
2018-01-31,1464.2,1471.5,1456.9,1464.2
2018-02-01,1468.5,1475.9,1461.2,1468.5
2018-02-02,1472.5,1479.9,1465.2,1472.5
2018-02-05,1478.7,1486.1,1471.3,1478.7
2018-02-06,1480.9,1488.3,1473.5,1480.9
2018-02-07,1474.0,1481.3,1466.6,1474.0
2018-02-08,1482.3,1489.8,1474.9,1482.3
2018-02-09,1489.2,1496.7,1481.8,1489.2
2018-02-12,1486.9,1494.3,1479.4,1486.9
2018-02-13,1488.0,1495.4,1480.5,1488.0
2018-02-14,1488.0,1495.4,1480.5,1488.0
2018-02-15,1484.8,1492.2,1477.4,1484.8
2018-02-16,1477.2,1484.6,1469.8,1477.2
2018-02-19,1481.2,1488.6,1473.8,1481.2
2018-02-20,1471.9,1479.3,1464.6,1471.9
2018-02-21,1468.4,1475.7,1461.0,1468.4
2018-02-22,1478.5,1485.9,1471.1,1478.5
2018-02-23,1480.6,1488.0,1473.2,1480.6
2018-02-26,1483.5,1491.0,1476.1,1483.5
2018-02-27,1481.3,1488.7,1473.9,1481.3
2018-02-28,1471.9,1479.2,1464.5,1471.9
2018-03-01,1475.8,1483.2,1468.4,1475.8
2018-03-02,1478.8,1486.2,1471.4,1478.8
2018-03-05,1484.5,1491.9,1477.1,1484.5
2018-03-06,1481.9,1489.4,1474.5,1481.9
2018-03-07,1479.4,1486.8,1472.0,1479.4
2018-03-08,1482.8,1490.2,1475.4,1482.8
2018-03-09,1475.3,1482.7,1467.9,1475.3
2018-03-12,1481.5,1489.0,1474.1,1481.5
2018-03-13,1480.7,1488.1,1473.3,1480.7
2018-03-14,1482.6,1490.0,1475.1,1482.6
2018-03-15,1496.2,1503.7,1488.8,1496.2
2018-03-16,1494.1,1501.5,1486.6,1494.1
2018-03-19,1495.6,1503.1,1488.1,1495.6
2018-03-20,1495.4,1502.8,1487.9,1495.4
2018-03-21,1483.3,1490.7,1475.9,1483.3
2018-03-22,1487.2,1494.6,1479.7,1487.2
2018-03-23,1473.4,1480.8,1466.0,1473.4
2018-03-26,1479.8,1487.2,1472.4,1479.8
2018-03-27,1476.3,1483.7,1468.9,1476.3
2018-03-28,1472.7,1480.0,1465.3,1472.7
2018-03-29,1473.4,1480.8,1466.1,1473.4
2018-03-30,1466.5,1473.9,1459.2,1466.5
2018-04-02,1468.0,1475.4,1460.7,1468.0
2018-04-03,1462.8,1470.2,1455.5,1462.8
2018-04-04,1456.8,1464.1,1449.5,1456.8
2018-04-05,1457.4,1464.7,1450.2,1457.4
2018-04-06,1466.7,1474.0,1459.3,1466.7
2018-04-09,1473.6,1481.0,1466.2,1473.6
2018-04-10,1471.6,1479.0,1464.2,1471.6
2018-04-11,1472.0,1479.4,1464.7,1472.0
2018-04-12,1470.2,1477.5,1462.8,1470.2
2018-04-13,1464.6,1471.9,1457.2,1464.6
2018-04-16,1461.3,1468.6,1453.9,1461.3
2018-04-17,1464.9,1472.2,1457.6,1464.9
2018-04-18,1462.5,1469.8,1455.1,1462.5
2018-04-19,1464.2,1471.5,1456.8,1464.2
2018-04-20,1460.1,1467.4,1452.8,1460.1
2018-04-23,1468.2,1475.5,1460.8,1468.2
2018-04-24,1473.9,1481.3,1466.5,1473.9
2018-04-25,1484.9,1492.3,1477.5,1484.9
2018-04-26,1494.2,1501.7,1486.7,1494.2
2018-04-27,1489.4,1496.8,1482.0,1489.4
2018-04-30,1486.4,1493.8,1478.9,1486.4
2018-05-01,1490.0,1497.4,1482.5,1490.0
2018-05-02,1485.7,1493.1,1478.3,1485.7
2018-05-03,1488.5,1495.9,1481.0,1488.5
2018-05-04,1487.6,1495.0,1480.2,1487.6
2018-05-07,1495.5,1503.0,1488.1,1495.5
2018-05-08,1502.2,1509.7,1494.7,1502.2
2018-05-09,1501.0,1508.5,1493.5,1501.0
2018-05-10,1490.8,1498.2,1483.3,1490.8
2018-05-11,1498.2,1505.7,1490.7,1498.2
2018-05-14,1496.6,1504.1,1489.1,1496.6
2018-05-15,1497.6,1505.1,1490.1,1497.6
2018-05-16,1497.9,1505.4,1490.4,1497.9
2018-05-17,1501.3,1508.8,1493.8,1501.3
2018-05-18,1498.6,1506.0,1491.1,1498.6
2018-05-21,1494.1,1501.6,1486.6,1494.1
2018-05-22,1496.5,1503.9,1489.0,1496.5
2018-05-23,1502.8,1510.4,1495.3,1502.8
2018-05-24,1503.2,1510.7,1495.7,1503.2
2018-05-25,1503.5,1511.0,1496.0,1503.5
2018-05-28,1498.6,1506.1,1491.1,1498.6
2018-05-29,1503.1,1510.6,1495.6,1503.1
2018-05-30,1507.9,1515.5,1500.4,1507.9
2018-05-31,1508.3,1515.9,1500.8,1508.3
2018-06-01,1503.1,1510.6,1495.6,1503.1
2018-06-04,1506.1,1513.6,1498.6,1506.1
2018-06-05,1508.3,1515.9,1500.8,1508.3
2018-06-06,1509.3,1516.8,1501.7,1509.3
2018-06-07,1503.8,1511.4,1496.3,1503.8
2018-06-08,1506.8,1514.4,1499.3,1506.8
2018-06-11,1510.3,1517.9,1502.8,1510.3
2018-06-12,1514.1,1521.7,1506.5,1514.1
2018-06-13,1514.4,1521.9,1506.8,1514.4
2018-06-14,1523.3,1530.9,1515.7,1523.3
2018-06-15,1524.0,1531.6,1516.4,1524.0
2018-06-18,1534.4,1542.1,1526.7,1534.4
2018-06-19,1536.0,1543.7,1528.3,1536.0
2018-06-20,1529.1,1536.8,1521.5,1529.1
2018-06-21,1534.8,1542.5,1527.1,1534.8
2018-06-22,1532.9,1540.6,1525.3,1532.9
2018-06-25,1531.8,1539.5,1524.2,1531.8
2018-06-26,1538.8,1546.5,1531.1,1538.8
2018-06-27,1531.4,1539.1,1523.7,1531.4
2018-06-28,1521.3,1528.9,1513.7,1521.3
2018-06-29,1521.2,1528.8,1513.6,1521.2
2018-07-02,1525.7,1533.3,1518.1,1525.7
2018-07-03,1532.1,1539.8,1524.5,1532.1
2018-07-04,1533.9,1541.5,1526.2,1533.9
2018-07-05,1520.8,1528.4,1513.2,1520.8
2018-07-06,1516.3,1523.8,1508.7,1516.3
2018-07-09,1511.4,1518.9,1503.8,1511.4
2018-07-10,1501.8,1509.3,1494.3,1501.8
2018-07-11,1503.3,1510.8,1495.8,1503.3
2018-07-12,1508.9,1516.5,1501.4,1508.9
2018-07-13,1517.2,1524.7,1509.6,1517.2
2018-07-16,1523.3,1530.9,1515.6,1523.3
2018-07-17,1521.5,1529.1,1513.9,1521.5
2018-07-18,1529.9,1537.6,1522.3,1529.9
2018-07-19,1530.0,1537.7,1522.4,1530.0
2018-07-20,1531.8,1539.4,1524.1,1531.8
2018-07-23,1530.2,1537.9,1522.6,1530.2
2018-07-24,1530.2,1537.9,1522.5,1530.2
2018-07-25,1529.1,1536.8,1521.5,1529.1
2018-07-26,1522.2,1529.8,1514.6,1522.2
2018-07-27,1528.1,1535.8,1520.5,1528.1
2018-07-30,1532.1,1539.8,1524.4,1532.1
2018-07-31,1538.7,1546.4,1531.0,1538.7
2018-08-01,1535.3,1543.0,1527.6,1535.3
2018-08-02,1541.2,1548.9,1533.5,1541.2
2018-08-03,1532.7,1540.4,1525.0,1532.7
2018-08-06,1538.9,1546.6,1531.2,1538.9
2018-08-07,1544.6,1552.4,1536.9,1544.6
2018-08-08,1539.4,1547.1,1531.7,1539.4
2018-08-09,1547.9,1555.6,1540.1,1547.9
2018-08-10,1558.7,1566.5,1550.9,1558.7
2018-08-13,1557.0,1564.7,1549.2,1557.0
2018-08-14,1566.8,1574.6,1559.0,1566.8
2018-08-15,1556.5,1564.3,1548.7,1556.5
2018-08-16,1556.5,1564.3,1548.8,1556.5
2018-08-17,1541.1,1548.8,1533.4,1541.1
2018-08-20,1549.8,1557.6,1542.1,1549.8
2018-08-21,1541.6,1549.3,1533.9,1541.6
2018-08-22,1531.2,1538.8,1523.5,1531.2
2018-08-23,1535.2,1542.8,1527.5,1535.2
2018-08-24,1543.8,1551.6,1536.1,1543.8
2018-08-27,1544.3,1552.0,1536.5,1544.3
2018-08-28,1547.0,1554.7,1539.2,1547.0
2018-08-29,1559.8,1567.6,1552.0,1559.8
2018-08-30,1554.9,1562.7,1547.2,1554.9
2018-08-31,1550.2,1557.9,1542.4,1550.2
2018-09-03,1559.5,1567.3,1551.8,1559.5
2018-09-04,1562.2,1570.1,1554.4,1562.2
2018-09-05,1572.4,1580.3,1564.5,1572.4
2018-09-06,1564.9,1572.8,1557.1,1564.9
2018-09-07,1554.8,1562.6,1547.0,1554.8
2018-09-10,1548.6,1556.3,1540.8,1548.6
2018-09-11,1555.1,1562.8,1547.3,1555.1
2018-09-12,1564.4,1572.2,1556.6,1564.4
2018-09-13,1572.5,1580.3,1564.6,1572.5
2018-09-14,1576.9,1584.8,1569.1,1576.9
2018-09-17,1586.8,1594.8,1578.9,1586.8
2018-09-18,1583.3,1591.3,1575.4,1583.3
2018-09-19,1571.3,1579.2,1563.5,1571.3
2018-09-20,1562.3,1570.1,1554.5,1562.3
2018-09-21,1554.7,1562.5,1547.0,1554.7
2018-09-24,1545.7,1553.4,1538.0,1545.7
2018-09-25,1539.7,1547.4,1532.0,1539.7
2018-09-26,1536.8,1544.4,1529.1,1536.8
2018-09-27,1543.7,1551.4,1536.0,1543.7
2018-09-28,1548.4,1556.1,1540.6,1548.4
2018-10-01,1562.0,1569.8,1554.2,1562.0
2018-10-02,1556.2,1564.0,1548.4,1556.2
2018-10-03,1560.9,1568.7,1553.1,1560.9
2018-10-04,1571.4,1579.3,1563.6,1571.4
2018-10-05,1569.8,1577.7,1562.0,1569.8
2018-10-08,1569.9,1577.8,1562.1,1569.9
2018-10-09,1580.6,1588.5,1572.7,1580.6
2018-10-10,1579.7,1587.6,1571.8,1579.7
2018-10-11,1590.3,1598.2,1582.3,1590.3
2018-10-12,1581.7,1589.6,1573.8,1581.7
2018-10-15,1594.7,1602.7,1586.7,1594.7
2018-10-16,1603.6,1611.6,1595.6,1603.6
2018-10-17,1597.9,1605.9,1589.9,1597.9
2018-10-18,1596.6,1604.6,1588.7,1596.6
2018-10-19,1589.5,1597.5,1581.6,1589.5
2018-10-22,1588.8,1596.7,1580.8,1588.8
2018-10-23,1580.1,1588.0,1572.2,1580.1
2018-10-24,1570.5,1578.3,1562.6,1570.5
2018-10-25,1564.7,1572.6,1556.9,1564.7
2018-10-26,1574.0,1581.9,1566.2,1574.0
2018-10-29,1565.5,1573.3,1557.6,1565.5
2018-10-30,1577.0,1584.9,1569.1,1577.0
2018-10-31,1585.1,1593.0,1577.2,1585.1
2018-11-01,1595.0,1603.0,1587.0,1595.0
2018-11-02,1598.6,1606.6,1590.6,1598.6
2018-11-05,1611.6,1619.7,1603.5,1611.6
2018-11-06,1603.0,1611.0,1595.0,1603.0
2018-11-07,1612.9,1621.0,1604.8,1612.9
2018-11-08,1633.1,1641.3,1625.0,1633.1
2018-11-09,1631.1,1639.2,1622.9,1631.1
2018-11-12,1631.8,1639.9,1623.6,1631.8
2018-11-13,1625.7,1633.8,1617.5,1625.7
2018-11-14,1626.3,1634.4,1618.1,1626.3
2018-11-15,1627.6,1635.8,1619.5,1627.6
2018-11-16,1612.5,1620.5,1604.4,1612.5
2018-11-19,1618.6,1626.7,1610.5,1618.6
2018-11-20,1626.5,1634.7,1618.4,1626.5
2018-11-21,1621.2,1629.3,1613.0,1621.2
2018-11-22,1619.0,1627.1,1611.0,1619.0
2018-11-23,1625.3,1633.5,1617.2,1625.3
2018-11-26,1621.1,1629.2,1612.9,1621.1
2018-11-27,1626.7,1634.8,1618.6,1626.7
2018-11-28,1629.1,1637.3,1621.0,1629.1
2018-11-29,1644.8,1653.0,1636.6,1644.8
2018-11-30,1643.7,1651.9,1635.4,1643.7
2018-12-03,1641.5,1649.7,1633.3,1641.5
2018-12-04,1643.2,1651.4,1635.0,1643.2
2018-12-05,1643.9,1652.1,1635.7,1643.9
2018-12-06,1654.5,1662.8,1646.3,1654.5
2018-12-07,1664.3,1672.6,1656.0,1664.3
2018-12-10,1659.8,1668.1,1651.5,1659.8
2018-12-11,1657.9,1666.2,1649.6,1657.9
2018-12-12,1652.8,1661.1,1644.6,1652.8
2018-12-13,1646.9,1655.1,1638.6,1646.9
2018-12-14,1625.6,1633.7,1617.5,1625.6
2018-12-17,1639.1,1647.3,1630.9,1639.1
2018-12-18,1635.3,1643.5,1627.1,1635.3
2018-12-19,1633.2,1641.3,1625.0,1633.2
2018-12-20,1652.3,1660.5,1644.0,1652.3
2018-12-21,1648.1,1656.3,1639.9,1648.1
2018-12-24,1648.4,1656.7,1640.2,1648.4
2018-12-25,1650.5,1658.8,1642.3,1650.5
2018-12-26,1653.0,1661.3,1644.8,1653.0
2018-12-27,1649.1,1657.4,1640.9,1649.1
2018-12-28,1656.9,1665.2,1648.6,1656.9
2018-12-31,1659.3,1667.6,1651.0,1659.3
2019-01-01,1659.7,1668.0,1651.4,1659.7
2019-01-02,1655.3,1663.6,1647.0,1655.3
2019-01-03,1654.7,1663.0,1646.4,1654.7
2019-01-04,1661.5,1669.8,1653.2,1661.5
2019-01-07,1669.2,1677.6,1660.9,1669.2
2019-01-08,1666.1,1674.5,1657.8,1666.1
2019-01-09,1660.9,1669.2,1652.6,1660.9
2019-01-10,1666.9,1675.3,1658.6,1666.9
2019-01-11,1668.9,1677.2,1660.5,1668.9
2019-01-14,1675.9,1684.2,1667.5,1675.9
2019-01-15,1669.1,1677.4,1660.7,1669.1
2019-01-16,1668.9,1677.3,1660.6,1668.9
2019-01-17,1674.8,1683.2,1666.4,1674.8
2019-01-18,1669.8,1678.2,1661.5,1669.8
2019-01-21,1683.7,1692.1,1675.3,1683.7
2019-01-22,1694.0,1702.5,1685.5,1694.0
2019-01-23,1691.6,1700.1,1683.2,1691.6
2019-01-24,1689.5,1697.9,1681.0,1689.5
2019-01-25,1690.9,1699.3,1682.4,1690.9
2019-01-28,1692.5,1701.0,1684.1,1692.5
2019-01-29,1699.9,1708.4,1691.4,1699.9
2019-01-30,1692.9,1701.4,1684.5,1692.9
2019-01-31,1686.4,1694.8,1678.0,1686.4
2019-02-01,1687.5,1695.9,1679.1,1687.5
2019-02-04,1691.7,1700.2,1683.3,1691.7
2019-02-05,1691.0,1699.4,1682.5,1691.0
2019-02-06,1696.5,1705.0,1688.0,1696.5
2019-02-07,1705.0,1713.5,1696.4,1705.0
2019-02-08,1708.9,1717.4,1700.4,1708.9
2019-02-11,1711.5,1720.0,1702.9,1711.5
2019-02-12,1708.8,1717.3,1700.2,1708.8
2019-02-13,1708.2,1716.7,1699.6,1708.2
2019-02-14,1698.0,1706.5,1689.5,1698.0
2019-02-15,1689.5,1698.0,1681.1,1689.5
2019-02-18,1699.2,1707.7,1690.7,1699.2
2019-02-19,1710.6,1719.1,1702.0,1710.6
2019-02-20,1700.4,1708.9,1691.9,1700.4
2019-02-21,1703.7,1712.2,1695.2,1703.7
2019-02-22,1692.9,1701.3,1684.4,1692.9
2019-02-25,1705.3,1713.8,1696.8,1705.3
2019-02-26,1704.7,1713.2,1696.1,1704.7
2019-02-27,1721.2,1729.8,1712.6,1721.2
2019-02-28,1715.7,1724.3,1707.1,1715.7
2019-03-01,1712.9,1721.5,1704.4,1712.9
2019-03-04,1716.3,1724.8,1707.7,1716.3
2019-03-05,1721.6,1730.2,1713.0,1721.6
2019-03-06,1726.1,1734.8,1717.5,1726.1
2019-03-07,1731.6,1740.2,1722.9,1731.6
2019-03-08,1728.6,1737.3,1720.0,1728.6
2019-03-11,1735.4,1744.1,1726.7,1735.4
2019-03-12,1749.0,1757.7,1740.3,1749.0
2019-03-13,1752.3,1761.1,1743.6,1752.3
2019-03-14,1744.5,1753.3,1735.8,1744.5
2019-03-15,1745.6,1754.3,1736.9,1745.6
2019-03-18,1731.8,1740.5,1723.2,1731.8
2019-03-19,1735.5,1744.2,1726.9,1735.5
2019-03-20,1723.0,1731.6,1714.4,1723.0
2019-03-21,1727.3,1736.0,1718.7,1727.3
2019-03-22,1726.3,1734.9,1717.7,1726.3
2019-03-25,1733.8,1742.5,1725.2,1733.8
2019-03-26,1733.2,1741.9,1724.6,1733.2
2019-03-27,1742.0,1750.7,1733.3,1742.0
2019-03-28,1744.6,1753.3,1735.9,1744.6
2019-03-29,1750.8,1759.5,1742.0,1750.8
2019-04-01,1747.5,1756.2,1738.7,1747.5
2019-04-02,1743.1,1751.8,1734.4,1743.1
2019-04-03,1732.4,1741.1,1723.8,1732.4
2019-04-04,1724.1,1732.7,1715.5,1724.1
2019-04-05,1724.6,1733.2,1716.0,1724.6
2019-04-08,1726.2,1734.9,1717.6,1726.2
2019-04-09,1728.9,1737.5,1720.2,1728.9
2019-04-10,1724.0,1732.6,1715.3,1724.0
2019-04-11,1725.2,1733.8,1716.6,1725.2
2019-04-12,1734.5,1743.1,1725.8,1734.5
2019-04-15,1738.4,1747.1,1729.7,1738.4
2019-04-16,1738.2,1746.9,1729.5,1738.2
2019-04-17,1739.7,1748.4,1731.0,1739.7
2019-04-18,1747.8,1756.5,1739.0,1747.8
2019-04-19,1748.1,1756.8,1739.4,1748.1
2019-04-22,1745.0,1753.8,1736.3,1745.0
2019-04-23,1740.9,1749.7,1732.2,1740.9
2019-04-24,1736.9,1745.5,1728.2,1736.9
2019-04-25,1732.8,1741.5,1724.2,1732.8
2019-04-26,1738.4,1747.1,1729.7,1738.4
2019-04-29,1751.3,1760.1,1742.6,1751.3
2019-04-30,1747.8,1756.6,1739.1,1747.8
2019-05-01,1741.5,1750.2,1732.7,1741.5
2019-05-02,1732.6,1741.2,1723.9,1732.6
2019-05-03,1744.9,1753.6,1736.2,1744.9
2019-05-06,1752.7,1761.5,1744.0,1752.7
2019-05-07,1747.5,1756.3,1738.8,1747.5
2019-05-08,1748.3,1757.0,1739.6,1748.3
2019-05-09,1757.8,1766.6,1749.0,1757.8
2019-05-10,1756.7,1765.5,1748.0,1756.7
2019-05-13,1763.5,1772.3,1754.7,1763.5
2019-05-14,1761.6,1770.5,1752.8,1761.6
2019-05-15,1758.9,1767.7,1750.1,1758.9
2019-05-16,1740.0,1748.7,1731.3,1740.0
2019-05-17,1737.7,1746.4,1729.0,1737.7
2019-05-20,1735.9,1744.6,1727.3,1735.9
2019-05-21,1740.4,1749.1,1731.7,1740.4
2019-05-22,1742.7,1751.5,1734.0,1742.7
2019-05-23,1744.7,1753.4,1735.9,1744.7
2019-05-24,1751.8,1760.5,1743.0,1751.8
2019-05-27,1737.0,1745.7,1728.3,1737.0
2019-05-28,1737.6,1746.3,1728.9,1737.6
2019-05-29,1730.5,1739.1,1721.8,1730.5
2019-05-30,1723.1,1731.7,1714.5,1723.1
2019-05-31,1722.9,1731.5,1714.3,1722.9
2019-06-03,1725.8,1734.4,1717.2,1725.8
2019-06-04,1731.1,1739.7,1722.4,1731.1
2019-06-05,1735.7,1744.3,1727.0,1735.7
2019-06-06,1731.2,1739.9,1722.6,1731.2
2019-06-07,1731.4,1740.1,1722.8,1731.4
2019-06-10,1744.5,1753.2,1735.8,1744.5
2019-06-11,1756.9,1765.7,1748.1,1756.9
2019-06-12,1755.2,1764.0,1746.4,1755.2
2019-06-13,1756.5,1765.3,1747.7,1756.5
2019-06-14,1750.8,1759.5,1742.0,1750.8
2019-06-17,1760.2,1769.0,1751.4,1760.2
2019-06-18,1777.0,1785.9,1768.2,1777.0
2019-06-19,1773.0,1781.9,1764.1,1773.0
2019-06-20,1781.2,1790.2,1772.3,1781.2
2019-06-21,1786.0,1794.9,1777.1,1786.0
2019-06-24,1785.6,1794.5,1776.7,1785.6
2019-06-25,1780.2,1789.1,1771.3,1780.2
2019-06-26,1797.5,1806.5,1788.5,1797.5
2019-06-27,1801.9,1810.9,1792.9,1801.9
2019-06-28,1807.4,1816.5,1798.4,1807.4
2019-07-01,1806.2,1815.2,1797.2,1806.2
2019-07-02,1805.4,1814.4,1796.3,1805.4
2019-07-03,1795.6,1804.5,1786.6,1795.6
2019-07-04,1800.3,1809.3,1791.3,1800.3
2019-07-05,1796.8,1805.7,1787.8,1796.8
2019-07-08,1790.2,1799.2,1781.3,1790.2
2019-07-09,1783.9,1792.8,1775.0,1783.9
2019-07-10,1801.1,1810.1,1792.1,1801.1
2019-07-11,1798.3,1807.3,1789.3,1798.3
2019-07-12,1800.4,1809.4,1791.4,1800.4
2019-07-15,1792.7,1801.7,1783.7,1792.7
2019-07-16,1791.2,1800.2,1782.3,1791.2
2019-07-17,1781.5,1790.4,1772.6,1781.5
2019-07-18,1784.6,1793.5,1775.7,1784.6
2019-07-19,1778.5,1787.4,1769.6,1778.5
2019-07-22,1786.3,1795.2,1777.4,1786.3
2019-07-23,1774.0,1782.9,1765.1,1774.0
2019-07-24,1770.6,1779.4,1761.7,1770.6
2019-07-25,1780.3,1789.2,1771.4,1780.3
2019-07-26,1792.0,1801.0,1783.1,1792.0
2019-07-29,1793.8,1802.7,1784.8,1793.8
2019-07-30,1791.3,1800.2,1782.3,1791.3
2019-07-31,1792.6,1801.5,1783.6,1792.6
2019-08-01,1807.3,1816.3,1798.3,1807.3
2019-08-02,1805.1,1814.1,1796.1,1805.1
2019-08-05,1806.4,1815.4,1797.4,1806.4
2019-08-06,1798.7,1807.7,1789.8,1798.7
2019-08-07,1794.2,1803.2,1785.2,1794.2
2019-08-08,1797.9,1806.9,1789.0,1797.9
2019-08-09,1804.8,1813.8,1795.8,1804.8
2019-08-12,1808.5,1817.5,1799.4,1808.5
2019-08-13,1814.5,1823.5,1805.4,1814.5
2019-08-14,1807.1,1816.1,1798.0,1807.1
2019-08-15,1799.3,1808.3,1790.3,1799.3
2019-08-16,1805.6,1814.7,1796.6,1805.6
2019-08-19,1803.9,1812.9,1794.9,1803.9
2019-08-20,1796.0,1805.0,1787.0,1796.0
2019-08-21,1798.4,1807.4,1789.4,1798.4
2019-08-22,1799.9,1808.8,1790.9,1799.9
2019-08-23,1799.3,1808.3,1790.3,1799.3
2019-08-26,1813.0,1822.1,1804.0,1813.0
2019-08-27,1826.9,1836.0,1817.7,1826.9
2019-08-28,1833.4,1842.6,1824.3,1833.4
2019-08-29,1835.9,1845.1,1826.7,1835.9
2019-08-30,1845.2,1854.4,1835.9,1845.2
2019-09-02,1846.2,1855.4,1836.9,1846.2
2019-09-03,1843.6,1852.9,1834.4,1843.6
2019-09-04,1838.4,1847.6,1829.3,1838.4
2019-09-05,1832.1,1841.3,1823.0,1832.1
2019-09-06,1838.5,1847.7,1829.3,1838.5
2019-09-09,1828.4,1837.6,1819.3,1828.4
2019-09-10,1824.1,1833.2,1815.0,1824.1
2019-09-11,1821.8,1830.9,1812.7,1821.8
2019-09-12,1812.0,1821.0,1802.9,1812.0
2019-09-13,1810.1,1819.1,1801.0,1810.1
2019-09-16,1813.2,1822.3,1804.1,1813.2
2019-09-17,1821.7,1830.8,1812.6,1821.7
2019-09-18,1818.6,1827.7,1809.5,1818.6
2019-09-19,1820.1,1829.2,1811.0,1820.1
2019-09-20,1810.0,1819.1,1801.0,1810.0
2019-09-23,1803.8,1812.9,1794.8,1803.8
2019-09-24,1791.7,1800.6,1782.7,1791.7
2019-09-25,1801.2,1810.2,1792.1,1801.2
2019-09-26,1800.7,1809.7,1791.7,1800.7
2019-09-27,1804.3,1813.3,1795.2,1804.3
2019-09-30,1811.3,1820.4,1802.3,1811.3
2019-10-01,1819.1,1828.2,1810.0,1819.1
2019-10-02,1835.1,1844.2,1825.9,1835.1
2019-10-03,1835.3,1844.4,1826.1,1835.3
2019-10-04,1830.6,1839.7,1821.4,1830.6
2019-10-07,1837.9,1847.1,1828.7,1837.9
2019-10-08,1855.8,1865.0,1846.5,1855.8
2019-10-09,1851.5,1860.7,1842.2,1851.5
2019-10-10,1845.6,1854.8,1836.3,1845.6
2019-10-11,1827.0,1836.2,1817.9,1827.0
2019-10-14,1814.5,1823.5,1805.4,1814.5
2019-10-15,1826.8,1836.0,1817.7,1826.8
2019-10-16,1826.9,1836.1,1817.8,1826.9
2019-10-17,1819.9,1829.0,1810.8,1819.9
2019-10-18,1821.7,1830.8,1812.6,1821.7
2019-10-21,1844.0,1853.3,1834.8,1844.0
2019-10-22,1844.8,1854.0,1835.6,1844.8
2019-10-23,1859.7,1869.0,1850.4,1859.7
2019-10-24,1852.7,1862.0,1843.5,1852.7
2019-10-25,1863.9,1873.3,1854.6,1863.9
2019-10-28,1861.1,1870.4,1851.8,1861.1
2019-10-29,1855.5,1864.8,1846.2,1855.5
2019-10-30,1849.0,1858.2,1839.8,1849.0
2019-10-31,1847.4,1856.6,1838.2,1847.4
2019-11-01,1855.1,1864.4,1845.9,1855.1
2019-11-04,1853.5,1862.8,1844.3,1853.5
2019-11-05,1862.2,1871.5,1852.9,1862.2
2019-11-06,1857.2,1866.5,1847.9,1857.2
2019-11-07,1857.2,1866.5,1847.9,1857.2
2019-11-08,1853.9,1863.2,1844.6,1853.9
2019-11-11,1869.7,1879.0,1860.3,1869.7
2019-11-12,1873.7,1883.1,1864.3,1873.7
2019-11-13,1875.8,1885.2,1866.4,1875.8
2019-11-14,1873.7,1883.0,1864.3,1873.7
2019-11-15,1869.4,1878.8,1860.1,1869.4
2019-11-18,1863.7,1873.0,1854.4,1863.7
2019-11-19,1874.3,1883.6,1864.9,1874.3
2019-11-20,1862.5,1871.8,1853.1,1862.5
2019-11-21,1860.6,1869.9,1851.3,1860.6
2019-11-22,1868.2,1877.5,1858.8,1868.2
2019-11-25,1857.7,1867.0,1848.4,1857.7
2019-11-26,1860.3,1869.6,1851.0,1860.3
2019-11-27,1855.0,1864.3,1845.7,1855.0
2019-11-28,1856.7,1866.0,1847.4,1856.7
2019-11-29,1856.8,1866.1,1847.6,1856.8
2019-12-02,1843.1,1852.4,1833.9,1843.1
2019-12-03,1850.2,1859.4,1840.9,1850.2
2019-12-04,1844.7,1853.9,1835.5,1844.7
2019-12-05,1842.9,1852.1,1833.6,1842.9
2019-12-06,1845.6,1854.9,1836.4,1845.6
2019-12-09,1852.2,1861.4,1842.9,1852.2
2019-12-10,1857.6,1866.9,1848.3,1857.6
2019-12-11,1865.4,1874.7,1856.0,1865.4
2019-12-12,1848.3,1857.5,1839.0,1848.3
2019-12-13,1854.3,1863.6,1845.0,1854.3
2019-12-16,1857.9,1867.2,1848.6,1857.9
2019-12-17,1855.8,1865.0,1846.5,1855.8
2019-12-18,1859.9,1869.2,1850.6,1859.9
2019-12-19,1868.9,1878.2,1859.5,1868.9
2019-12-20,1863.8,1873.2,1854.5,1863.8
2019-12-23,1877.8,1887.2,1868.4,1877.8
2019-12-24,1887.7,1897.2,1878.3,1887.7
2019-12-25,1891.4,1900.8,1881.9,1891.4
2019-12-26,1882.8,1892.2,1873.4,1882.8
2019-12-27,1900.3,1909.8,1890.8,1900.3
2019-12-30,1904.2,1913.8,1894.7,1904.2
2019-12-31,1905.6,1915.1,1896.1,1905.6
2020-01-01,1906.3,1915.8,1896.7,1906.3
2020-01-02,1910.7,1920.2,1901.1,1910.7
2020-01-03,1917.7,1927.3,1908.1,1917.7
2020-01-06,1918.7,1928.3,1909.1,1918.7
2020-01-07,1909.0,1918.5,1899.5,1909.0
2020-01-08,1917.1,1926.7,1907.6,1917.1
2020-01-09,1910.9,1920.4,1901.3,1910.9
2020-01-10,1903.5,1913.0,1893.9,1903.5
2020-01-13,1905.1,1914.6,1895.6,1905.1
2020-01-14,1902.3,1911.8,1892.8,1902.3
2020-01-15,1906.1,1915.6,1896.6,1906.1
2020-01-16,1911.1,1920.7,1901.6,1911.1
2020-01-17,1908.1,1917.6,1898.5,1908.1
2020-01-20,1911.1,1920.7,1901.6,1911.1
2020-01-21,1908.1,1917.6,1898.5,1908.1
2020-01-22,1914.8,1924.4,1905.2,1914.8
2020-01-23,1919.1,1928.7,1909.5,1919.1
2020-01-24,1924.9,1934.5,1915.3,1924.9
2020-01-27,1924.3,1934.0,1914.7,1924.3
2020-01-28,1926.6,1936.2,1916.9,1926.6
2020-01-29,1930.6,1940.3,1921.0,1930.6
2020-01-30,1936.4,1946.1,1926.7,1936.4
2020-01-31,1941.2,1951.0,1931.5,1941.2
2020-02-03,1940.9,1950.6,1931.2,1940.9
2020-02-04,1931.8,1941.4,1922.1,1931.8
2020-02-05,1935.8,1945.5,1926.1,1935.8
2020-02-06,1939.2,1948.9,1929.5,1939.2
2020-02-07,1930.6,1940.3,1921.0,1930.6
2020-02-10,1939.0,1948.7,1929.3,1939.0
2020-02-11,1940.2,1949.9,1930.5,1940.2
2020-02-12,1939.2,1948.9,1929.5,1939.2
2020-02-13,1940.9,1950.6,1931.2,1940.9
2020-02-14,1948.1,1957.9,1938.4,1948.1
2020-02-17,1961.4,1971.2,1951.6,1961.4
2020-02-18,1960.1,1969.9,1950.3,1960.1
2020-02-19,1957.6,1967.4,1947.8,1957.6
2020-02-20,1961.7,1971.5,1951.9,1961.7
2020-02-21,1950.6,1960.4,1940.9,1950.6
2020-02-24,1958.6,1968.4,1948.9,1958.6
2020-02-25,1947.7,1957.5,1938.0,1947.7
2020-02-26,1937.2,1946.9,1927.5,1937.2
2020-02-27,1950.0,1959.7,1940.2,1950.0
2020-02-28,1933.9,1943.6,1924.2,1933.9
2020-03-02,1947.6,1957.3,1937.8,1947.6
2020-03-03,1960.1,1969.9,1950.3,1960.1
2020-03-04,1962.6,1972.4,1952.8,1962.6
2020-03-05,1967.0,1976.9,1957.2,1967.0
2020-03-06,1954.4,1964.1,1944.6,1954.4
2020-03-09,1952.3,1962.0,1942.5,1952.3
2020-03-10,1955.5,1965.3,1945.7,1955.5
2020-03-11,1958.4,1968.2,1948.6,1958.4
2020-03-12,1962.1,1971.9,1952.3,1962.1
2020-03-13,1964.7,1974.6,1954.9,1964.7
2020-03-16,1966.4,1976.2,1956.6,1966.4
2020-03-17,1956.9,1966.7,1947.1,1956.9
2020-03-18,1960.2,1970.0,1950.4,1960.2
2020-03-19,1951.7,1961.4,1941.9,1951.7
2020-03-20,1949.7,1959.4,1939.9,1949.7
2020-03-23,1963.1,1972.9,1953.2,1963.1
2020-03-24,1951.3,1961.0,1941.5,1951.3
2020-03-25,1951.3,1961.1,1941.6,1951.3
2020-03-26,1959.3,1969.0,1949.5,1959.3
2020-03-27,1965.0,1974.8,1955.2,1965.0
2020-03-30,1969.4,1979.3,1959.6,1969.4
2020-03-31,1964.5,1974.3,1954.7,1964.5
2020-04-01,1975.0,1984.9,1965.2,1975.0
2020-04-02,1965.6,1975.4,1955.8,1965.6
2020-04-03,1971.7,1981.6,1961.8,1971.7
2020-04-06,1974.8,1984.7,1965.0,1974.8
2020-04-07,1969.0,1978.8,1959.2,1969.0
2020-04-08,1966.6,1976.5,1956.8,1966.6
2020-04-09,1981.7,1991.7,1971.8,1981.7
2020-04-10,1972.7,1982.6,1962.9,1972.7
2020-04-13,1961.0,1970.8,1951.2,1961.0
2020-04-14,1957.3,1967.0,1947.5,1957.3
2020-04-15,1962.1,1971.9,1952.2,1962.1
2020-04-16,1974.6,1984.5,1964.8,1974.6
2020-04-17,1975.6,1985.5,1965.7,1975.6
2020-04-20,1965.0,1974.8,1955.2,1965.0
2020-04-21,1967.1,1977.0,1957.3,1967.1
2020-04-22,1975.2,1985.1,1965.3,1975.2
2020-04-23,1978.7,1988.6,1968.8,1978.7
2020-04-24,1983.4,1993.4,1973.5,1983.4
2020-04-27,1970.7,1980.6,1960.9,1970.7
2020-04-28,1961.4,1971.3,1951.6,1961.4
2020-04-29,1962.3,1972.1,1952.4,1962.3
2020-04-30,1973.1,1983.0,1963.2,1973.1
2020-05-01,1968.5,1978.4,1958.7,1968.5
2020-05-04,1973.3,1983.2,1963.5,1973.3
2020-05-05,1976.2,1986.0,1966.3,1976.2
2020-05-06,1969.3,1979.1,1959.4,1969.3
2020-05-07,1965.2,1975.0,1955.4,1965.2
2020-05-08,1967.1,1976.9,1957.2,1967.1
2020-05-11,1967.6,1977.5,1957.8,1967.6
2020-05-12,1976.3,1986.1,1966.4,1976.3
2020-05-13,1974.6,1984.5,1964.7,1974.6
2020-05-14,1983.5,1993.4,1973.6,1983.5
2020-05-15,1982.0,1991.9,1972.1,1982.0
2020-05-18,1985.2,1995.1,1975.3,1985.2
2020-05-19,1993.1,2003.0,1983.1,1993.1
2020-05-20,1993.3,2003.3,1983.4,1993.3
2020-05-21,1991.1,2001.0,1981.1,1991.1
2020-05-22,1991.8,2001.8,1981.8,1991.8
2020-05-25,2001.8,2011.8,1991.8,2001.8
2020-05-26,2005.4,2015.4,1995.3,2005.4
2020-05-27,1988.9,1998.9,1979.0,1988.9
2020-05-28,1984.8,1994.7,1974.8,1984.8
2020-05-29,1980.9,1990.8,1971.0,1980.9
2020-06-01,1988.8,1998.7,1978.9,1988.8
2020-06-02,1975.2,1985.1,1965.3,1975.2
2020-06-03,1980.0,1989.9,1970.1,1980.0
2020-06-04,1987.4,1997.3,1977.5,1987.4
2020-06-05,1994.5,2004.5,1984.5,1994.5
2020-06-08,1997.1,2007.0,1987.1,1997.1
2020-06-09,1985.7,1995.6,1975.8,1985.7
2020-06-10,1985.9,1995.8,1976.0,1985.9
2020-06-11,2000.1,2010.1,1990.1,2000.1
2020-06-12,1996.9,2006.9,1986.9,1996.9
2020-06-15,2017.9,2028.0,2007.8,2017.9
2020-06-16,2025.4,2035.5,2015.2,2025.4
2020-06-17,2024.8,2034.9,2014.7,2024.8
2020-06-18,2027.2,2037.4,2017.1,2027.2
2020-06-19,2030.8,2041.0,2020.7,2030.8
2020-06-22,2028.1,2038.3,2018.0,2028.1
2020-06-23,2025.4,2035.6,2015.3,2025.4
2020-06-24,2042.5,2052.7,2032.3,2042.5
2020-06-25,2054.6,2064.9,2044.3,2054.6
2020-06-26,2051.0,2061.3,2040.8,2051.0
2020-06-29,2045.9,2056.2,2035.7,2045.9
2020-06-30,2033.1,2043.2,2022.9,2033.1
2020-07-01,2051.7,2061.9,2041.4,2051.7
2020-07-02,2059.9,2070.2,2049.6,2059.9
2020-07-03,2069.5,2079.9,2059.2,2069.5
2020-07-06,2065.7,2076.1,2055.4,2065.7
2020-07-07,2060.1,2070.4,2049.8,2060.1
2020-07-08,2052.3,2062.6,2042.1,2052.3
2020-07-09,2026.6,2036.8,2016.5,2026.6
2020-07-10,2020.9,2031.0,2010.8,2020.9
2020-07-13,2026.8,2037.0,2016.7,2026.8
2020-07-14,2030.4,2040.6,2020.3,2030.4
2020-07-15,2026.8,2037.0,2016.7,2026.8
2020-07-16,2033.8,2044.0,2023.7,2033.8
2020-07-17,2029.7,2039.8,2019.5,2029.7
2020-07-20,2039.1,2049.3,2028.9,2039.1
2020-07-21,2046.5,2056.8,2036.3,2046.5
2020-07-22,2054.2,2064.4,2043.9,2054.2
2020-07-23,2054.7,2064.9,2044.4,2054.7
2020-07-24,2047.6,2057.8,2037.3,2047.6
2020-07-27,2037.4,2047.6,2027.2,2037.4
2020-07-28,2020.0,2030.1,2009.9,2020.0
2020-07-29,2027.5,2037.6,2017.4,2027.5
2020-07-30,2014.6,2024.6,2004.5,2014.6
2020-07-31,2015.0,2025.1,2004.9,2015.0
2020-08-03,2018.0,2028.1,2007.9,2018.0
2020-08-04,2010.6,2020.7,2000.5,2010.6
2020-08-05,2011.3,2021.3,2001.2,2011.3
2020-08-06,2015.5,2025.6,2005.5,2015.5
2020-08-07,2014.7,2024.8,2004.7,2014.7
2020-08-10,2019.6,2029.7,2009.5,2019.6
2020-08-11,2017.2,2027.2,2007.1,2017.2
2020-08-12,2016.2,2026.3,2006.1,2016.2
2020-08-13,2010.3,2020.3,2000.2,2010.3
2020-08-14,2010.8,2020.8,2000.7,2010.8
2020-08-17,2012.1,2022.1,2002.0,2012.1
2020-08-18,2006.0,2016.1,1996.0,2006.0
2020-08-19,2011.3,2021.4,2001.3,2011.3
2020-08-20,1992.7,2002.6,1982.7,1992.7
2020-08-21,2004.0,2014.0,1994.0,2004.0
2020-08-24,1993.9,2003.9,1984.0,1993.9
2020-08-25,2004.8,2014.8,1994.8,2004.8
2020-08-26,2011.7,2021.7,2001.6,2011.7
2020-08-27,2021.4,2031.5,2011.3,2021.4
2020-08-28,2013.1,2023.2,2003.1,2013.1
2020-08-31,2012.5,2022.5,2002.4,2012.5
2020-09-01,2016.3,2026.4,2006.2,2016.3
2020-09-02,2021.0,2031.1,2010.9,2021.0
2020-09-03,2028.8,2038.9,2018.6,2028.8
2020-09-04,2034.6,2044.8,2024.4,2034.6
2020-09-07,2038.4,2048.6,2028.2,2038.4
2020-09-08,2042.4,2052.6,2032.2,2042.4
2020-09-09,2047.8,2058.0,2037.5,2047.8
2020-09-10,2047.5,2057.7,2037.2,2047.5
2020-09-11,2056.3,2066.6,2046.1,2056.3
2020-09-14,2054.4,2064.7,2044.2,2054.4
2020-09-15,2039.8,2050.0,2029.6,2039.8
2020-09-16,2049.8,2060.1,2039.6,2049.8
2020-09-17,2053.0,2063.3,2042.7,2053.0
2020-09-18,2051.0,2061.2,2040.7,2051.0
2020-09-21,2050.8,2061.1,2040.6,2050.8
2020-09-22,2062.4,2072.7,2052.1,2062.4
2020-09-23,2061.9,2072.2,2051.6,2061.9
2020-09-24,2072.9,2083.3,2062.6,2072.9
2020-09-25,2074.9,2085.3,2064.5,2074.9
2020-09-28,2069.6,2080.0,2059.3,2069.6
2020-09-29,2057.2,2067.5,2046.9,2057.2
2020-09-30,2056.8,2067.1,2046.5,2056.8
2020-10-01,2066.3,2076.7,2056.0,2066.3
2020-10-02,2060.1,2070.4,2049.8,2060.1
2020-10-05,2061.4,2071.7,2051.1,2061.4
2020-10-06,2072.6,2082.9,2062.2,2072.6
2020-10-07,2056.1,2066.4,2045.9,2056.1
2020-10-08,2058.2,2068.5,2047.9,2058.2
2020-10-09,2061.5,2071.8,2051.2,2061.5
2020-10-12,2062.6,2072.9,2052.3,2062.6
2020-10-13,2047.2,2057.5,2037.0,2047.2
2020-10-14,2040.3,2050.5,2030.1,2040.3
2020-10-15,2022.9,2033.0,2012.8,2022.9
2020-10-16,2012.6,2022.7,2002.5,2012.6
2020-10-19,2020.1,2030.2,2010.0,2020.1
2020-10-20,2018.0,2028.0,2007.9,2018.0
2020-10-21,2025.3,2035.4,2015.1,2025.3
2020-10-22,2031.8,2041.9,2021.6,2031.8
2020-10-23,2022.6,2032.7,2012.5,2022.6
2020-10-26,2024.0,2034.1,2013.9,2024.0
2020-10-27,2011.4,2021.4,2001.3,2011.4
2020-10-28,2014.5,2024.6,2004.5,2014.5
2020-10-29,2018.7,2028.8,2008.6,2018.7
2020-10-30,2017.4,2027.5,2007.3,2017.4
2020-11-02,2004.1,2014.1,1994.1,2004.1
2020-11-03,1993.2,2003.2,1983.3,1993.2
2020-11-04,2015.7,2025.8,2005.6,2015.7
2020-11-05,2021.4,2031.5,2011.3,2021.4
2020-11-06,2019.4,2029.5,2009.4,2019.4
2020-11-09,2027.3,2037.5,2017.2,2027.3
2020-11-10,2039.3,2049.5,2029.1,2039.3
2020-11-11,2048.5,2058.8,2038.3,2048.5
2020-11-12,2045.9,2056.1,2035.7,2045.9
2020-11-13,2042.2,2052.5,2032.0,2042.2
2020-11-16,2047.6,2057.8,2037.4,2047.6
2020-11-17,2044.6,2054.8,2034.4,2044.6
2020-11-18,2053.4,2063.7,2043.2,2053.4
2020-11-19,2053.0,2063.2,2042.7,2053.0
2020-11-20,2058.0,2068.3,2047.8,2058.0
2020-11-23,2064.5,2074.8,2054.2,2064.5
2020-11-24,2052.0,2062.3,2041.7,2052.0
2020-11-25,2051.8,2062.1,2041.6,2051.8
2020-11-26,2059.8,2070.1,2049.5,2059.8
2020-11-27,2051.5,2061.7,2041.2,2051.5
2020-11-30,2045.3,2055.6,2035.1,2045.3
2020-12-01,2053.9,2064.2,2043.7,2053.9
2020-12-02,2064.8,2075.1,2054.5,2064.8
2020-12-03,2034.2,2044.4,2024.0,2034.2
2020-12-04,2043.4,2053.6,2033.2,2043.4
2020-12-07,2023.2,2033.3,2013.0,2023.2
2020-12-08,2022.6,2032.7,2012.5,2022.6
2020-12-09,2011.4,2021.4,2001.3,2011.4
2020-12-10,2007.5,2017.5,1997.5,2007.5
2020-12-11,2009.1,2019.1,1999.0,2009.1
2020-12-14,2013.7,2023.8,2003.6,2013.7
2020-12-15,2025.7,2035.8,2015.5,2025.7
2020-12-16,2014.5,2024.6,2004.5,2014.5
2020-12-17,2024.2,2034.4,2014.1,2024.2
2020-12-18,2021.8,2031.9,2011.7,2021.8
2020-12-21,2019.3,2029.4,2009.2,2019.3
2020-12-22,2033.2,2043.3,2023.0,2033.2
2020-12-23,2039.3,2049.5,2029.1,2039.3
2020-12-24,2024.7,2034.9,2014.6,2024.7
2020-12-25,2023.8,2034.0,2013.7,2023.8
2020-12-28,2017.2,2027.3,2007.1,2017.2
2020-12-29,2013.8,2023.9,2003.7,2013.8
2020-12-30,2013.0,2023.1,2002.9,2013.0
2020-12-31,2017.0,2027.1,2006.9,2017.0
2021-01-01,2007.0,2017.1,1997.0,2007.0
2021-01-04,2005.5,2015.5,1995.5,2005.5
2021-01-05,2002.9,2012.9,1992.9,2002.9
2021-01-06,2006.8,2016.8,1996.7,2006.8
2021-01-07,2006.9,2016.9,1996.8,2006.9
2021-01-08,2015.0,2025.1,2004.9,2015.0
2021-01-11,2016.8,2026.9,2006.8,2016.8
2021-01-12,2021.7,2031.8,2011.6,2021.7
2021-01-13,2023.3,2033.4,2013.2,2023.3
2021-01-14,2013.7,2023.8,2003.6,2013.7
2021-01-15,2010.8,2020.8,2000.7,2010.8
2021-01-18,2005.3,2015.3,1995.3,2005.3
2021-01-19,2011.9,2022.0,2001.9,2011.9
2021-01-20,2019.0,2029.1,2008.9,2019.0
2021-01-21,2018.1,2028.2,2008.1,2018.1
2021-01-22,2019.2,2029.3,2009.1,2019.2
2021-01-25,2005.8,2015.9,1995.8,2005.8
2021-01-26,2003.1,2013.1,1993.1,2003.1
2021-01-27,1983.5,1993.4,1973.6,1983.5
2021-01-28,1991.5,2001.5,1981.6,1991.5
2021-01-29,2010.6,2020.7,2000.6,2010.6
2021-02-01,2006.2,2016.3,1996.2,2006.2
2021-02-02,2008.4,2018.5,1998.4,2008.4
2021-02-03,2012.0,2022.1,2002.0,2012.0
2021-02-04,2002.9,2012.9,1992.9,2002.9
2021-02-05,2002.3,2012.3,1992.3,2002.3
2021-02-08,2006.3,2016.3,1996.2,2006.3
2021-02-09,2007.9,2018.0,1997.9,2007.9
2021-02-10,2008.6,2018.6,1998.5,2008.6
2021-02-11,2006.4,2016.4,1996.3,2006.4
2021-02-12,2000.0,2010.0,1990.0,2000.0
2021-02-15,2005.7,2015.7,1995.7,2005.7
2021-02-16,2020.1,2030.2,2010.0,2020.1
2021-02-17,2003.5,2013.5,1993.5,2003.5
2021-02-18,1986.5,1996.4,1976.6,1986.5
2021-02-19,1977.9,1987.8,1968.0,1977.9
2021-02-22,1975.6,1985.5,1965.8,1975.6
2021-02-23,1975.2,1985.1,1965.3,1975.2
2021-02-24,1978.0,1987.8,1968.1,1978.0
2021-02-25,1980.1,1990.0,1970.2,1980.1
2021-02-26,1980.4,1990.3,1970.5,1980.4
2021-03-01,1991.4,2001.3,1981.4,1991.4
2021-03-02,1984.7,1994.7,1974.8,1984.7
2021-03-03,1993.2,2003.2,1983.2,1993.2
2021-03-04,2009.9,2019.9,1999.8,2009.9
2021-03-05,1997.9,2007.9,1987.9,1997.9
2021-03-08,1982.4,1992.3,1972.5,1982.4
2021-03-09,1985.1,1995.0,1975.2,1985.1
2021-03-10,1991.4,2001.3,1981.4,1991.4
2021-03-11,1992.4,2002.4,1982.4,1992.4
2021-03-12,1976.0,1985.9,1966.1,1976.0
2021-03-15,1963.6,1973.4,1953.8,1963.6
2021-03-16,1961.6,1971.5,1951.8,1961.6
2021-03-17,1967.2,1977.0,1957.3,1967.2
2021-03-18,1966.2,1976.1,1956.4,1966.2
2021-03-19,1969.9,1979.7,1960.0,1969.9
2021-03-22,1972.8,1982.7,1962.9,1972.8
2021-03-23,1981.8,1991.8,1971.9,1981.8
2021-03-24,1973.6,1983.5,1963.8,1973.6
2021-03-25,1975.9,1985.8,1966.0,1975.9
2021-03-26,1988.8,1998.8,1978.9,1988.8
2021-03-29,1982.9,1992.8,1973.0,1982.9
2021-03-30,1978.9,1988.8,1969.0,1978.9
2021-03-31,1980.8,1990.7,1970.9,1980.8
2021-04-01,1973.5,1983.4,1963.6,1973.5
2021-04-02,1965.6,1975.4,1955.8,1965.6
2021-04-05,1964.3,1974.2,1954.5,1964.3
2021-04-06,1964.3,1974.1,1954.4,1964.3
2021-04-07,1972.2,1982.0,1962.3,1972.2
2021-04-08,1966.5,1976.3,1956.6,1966.5
2021-04-09,1968.5,1978.3,1958.6,1968.5
2021-04-12,1979.7,1989.6,1969.8,1979.7
2021-04-13,1990.1,2000.1,1980.2,1990.1
2021-04-14,1989.8,1999.7,1979.8,1989.8
2021-04-15,1991.8,2001.8,1981.9,1991.8
2021-04-16,1985.0,1994.9,1975.1,1985.0
2021-04-19,1987.7,1997.7,1977.8,1987.7
2021-04-20,2000.6,2010.6,1990.6,2000.6
2021-04-21,2011.0,2021.0,2000.9,2011.0
2021-04-22,2010.2,2020.2,2000.1,2010.2
2021-04-23,2012.4,2022.5,2002.3,2012.4
2021-04-26,2005.5,2015.5,1995.5,2005.5
2021-04-27,1997.7,2007.7,1987.7,1997.7
2021-04-28,1994.8,2004.8,1984.8,1994.8
2021-04-29,1997.1,2007.1,1987.2,1997.1
2021-04-30,2003.0,2013.0,1993.0,2003.0
2021-05-03,2001.7,2011.7,1991.6,2001.7
2021-05-04,2005.0,2015.0,1994.9,2005.0
2021-05-05,1984.1,1994.1,1974.2,1984.1
2021-05-06,1986.1,1996.1,1976.2,1986.1
2021-05-07,1981.7,1991.6,1971.8,1981.7
2021-05-10,1972.1,1982.0,1962.2,1972.1
2021-05-11,1976.9,1986.8,1967.0,1976.9
2021-05-12,1989.4,1999.4,1979.5,1989.4
2021-05-13,1989.6,1999.6,1979.7,1989.6
2021-05-14,1997.0,2007.0,1987.0,1997.0
2021-05-17,1993.2,2003.2,1983.2,1993.2
2021-05-18,2009.7,2019.7,1999.6,2009.7
2021-05-19,1996.3,2006.3,1986.4,1996.3
2021-05-20,1995.4,2005.4,1985.5,1995.4
2021-05-21,2001.4,2011.4,1991.4,2001.4
2021-05-24,2000.4,2010.4,1990.4,2000.4
2021-05-25,2011.1,2021.1,2001.0,2011.1
2021-05-26,1993.6,2003.6,1983.7,1993.6
2021-05-27,1992.7,2002.7,1982.8,1992.7
2021-05-28,1990.8,2000.7,1980.8,1990.8
2021-05-31,1989.6,1999.6,1979.7,1989.6
2021-06-01,1977.2,1987.1,1967.4,1977.2
2021-06-02,1975.7,1985.6,1965.8,1975.7
2021-06-03,1973.8,1983.7,1963.9,1973.8
2021-06-04,1976.7,1986.5,1966.8,1976.7
2021-06-07,1985.8,1995.8,1975.9,1985.8
2021-06-08,1987.0,1996.9,1977.1,1987.0
2021-06-09,1990.5,2000.5,1980.6,1990.5
2021-06-10,2000.6,2010.6,1990.6,2000.6
2021-06-11,2009.6,2019.6,1999.5,2009.6
2021-06-14,1989.3,1999.2,1979.3,1989.3
2021-06-15,1995.7,2005.7,1985.7,1995.7
2021-06-16,2001.7,2011.7,1991.7,2001.7
2021-06-17,1999.0,2009.0,1989.0,1999.0
2021-06-18,1994.9,2004.9,1984.9,1994.9
2021-06-21,1985.3,1995.2,1975.3,1985.3
2021-06-22,1970.0,1979.8,1960.1,1970.0
2021-06-23,1977.7,1987.6,1967.8,1977.7
2021-06-24,1984.3,1994.3,1974.4,1984.3
2021-06-25,1983.7,1993.7,1973.8,1983.7
2021-06-28,1989.3,1999.2,1979.3,1989.3
2021-06-29,1997.4,2007.3,1987.4,1997.4
2021-06-30,1982.6,1992.5,1972.7,1982.6
2021-07-01,1984.7,1994.6,1974.8,1984.7
2021-07-02,1982.9,1992.8,1973.0,1982.9
2021-07-05,1986.2,1996.1,1976.3,1986.2
2021-07-06,1987.7,1997.6,1977.8,1987.7
2021-07-07,1993.8,2003.7,1983.8,1993.8
2021-07-08,1980.8,1990.7,1970.9,1980.8
2021-07-09,1991.5,2001.5,1981.5,1991.5
2021-07-12,1986.7,1996.6,1976.8,1986.7
2021-07-13,1985.6,1995.5,1975.6,1985.6
2021-07-14,1971.5,1981.4,1961.7,1971.5
2021-07-15,1971.4,1981.3,1961.5,1971.4
2021-07-16,1971.9,1981.8,1962.1,1971.9
2021-07-19,1971.6,1981.4,1961.7,1971.6
2021-07-20,1966.4,1976.2,1956.5,1966.4
2021-07-21,1957.5,1967.3,1947.8,1957.5
2021-07-22,1964.0,1973.8,1954.1,1964.0
2021-07-23,1951.1,1960.9,1941.4,1951.1
2021-07-26,1958.8,1968.6,1949.0,1958.8
2021-07-27,1973.5,1983.3,1963.6,1973.5
2021-07-28,1991.5,2001.5,1981.6,1991.5
2021-07-29,1982.5,1992.4,1972.6,1982.5
2021-07-30,1987.2,1997.1,1977.2,1987.2
2021-08-02,1982.2,1992.1,1972.3,1982.2
2021-08-03,1991.9,2001.9,1982.0,1991.9
2021-08-04,1994.5,2004.5,1984.6,1994.5
2021-08-05,1991.5,2001.5,1981.6,1991.5
2021-08-06,1983.8,1993.7,1973.9,1983.8
2021-08-09,1980.4,1990.3,1970.5,1980.4
2021-08-10,1975.1,1984.9,1965.2,1975.1
2021-08-11,1975.1,1985.0,1965.3,1975.1
2021-08-12,1975.6,1985.5,1965.7,1975.6
2021-08-13,1971.4,1981.3,1961.6,1971.4
2021-08-16,1966.4,1976.2,1956.6,1966.4
2021-08-17,1972.0,1981.9,1962.2,1972.0
2021-08-18,1978.0,1987.9,1968.1,1978.0
2021-08-19,1971.6,1981.4,1961.7,1971.6
2021-08-20,1971.5,1981.4,1961.7,1971.5
2021-08-23,1964.7,1974.5,1954.9,1964.7
2021-08-24,1986.0,1996.0,1976.1,1986.0
2021-08-25,1978.2,1988.1,1968.3,1978.2
2021-08-26,1980.2,1990.1,1970.3,1980.2
2021-08-27,1983.6,1993.5,1973.7,1983.6
2021-08-30,1977.7,1987.6,1967.8,1977.7
2021-08-31,1970.8,1980.7,1961.0,1970.8
2021-09-01,1969.0,1978.9,1959.2,1969.0
2021-09-02,1962.5,1972.4,1952.7,1962.5
2021-09-03,1964.7,1974.6,1954.9,1964.7
2021-09-06,1958.3,1968.1,1948.5,1958.3
2021-09-07,1960.3,1970.1,1950.5,1960.3
2021-09-08,1944.7,1954.5,1935.0,1944.7
2021-09-09,1939.9,1949.6,1930.2,1939.9
2021-09-10,1938.4,1948.1,1928.7,1938.4
2021-09-13,1947.8,1957.5,1938.1,1947.8
2021-09-14,1934.5,1944.2,1924.9,1934.5
2021-09-15,1944.6,1954.3,1934.8,1944.6
2021-09-16,1951.3,1961.0,1941.5,1951.3
2021-09-17,1938.3,1948.0,1928.6,1938.3
2021-09-20,1944.0,1953.8,1934.3,1944.0
2021-09-21,1938.2,1947.8,1928.5,1938.2
2021-09-22,1944.4,1954.2,1934.7,1944.4
2021-09-23,1950.9,1960.6,1941.1,1950.9
2021-09-24,1958.3,1968.0,1948.5,1958.3
2021-09-27,1954.1,1963.9,1944.4,1954.1
2021-09-28,1960.4,1970.2,1950.6,1960.4
2021-09-29,1973.2,1983.1,1963.3,1973.2
2021-09-30,1970.8,1980.7,1961.0,1970.8
2021-10-01,1969.5,1979.4,1959.7,1969.5
2021-10-04,1974.9,1984.8,1965.0,1974.9
2021-10-05,1952.2,1962.0,1942.5,1952.2
2021-10-06,1945.4,1955.2,1935.7,1945.4
2021-10-07,1954.7,1964.4,1944.9,1954.7
2021-10-08,1956.7,1966.5,1946.9,1956.7
2021-10-11,1955.3,1965.1,1945.5,1955.3
2021-10-12,1948.6,1958.4,1938.9,1948.6
2021-10-13,1949.9,1959.6,1940.1,1949.9
2021-10-14,1946.7,1956.4,1937.0,1946.7
2021-10-15,1934.1,1943.7,1924.4,1934.1
2021-10-18,1945.8,1955.5,1936.0,1945.8
2021-10-19,1941.4,1951.1,1931.7,1941.4
2021-10-20,1940.7,1950.4,1931.0,1940.7
2021-10-21,1928.0,1937.6,1918.3,1928.0
2021-10-22,1925.8,1935.4,1916.2,1925.8
2021-10-25,1935.5,1945.2,1925.8,1935.5
2021-10-26,1944.5,1954.2,1934.7,1944.5
2021-10-27,1945.8,1955.5,1936.1,1945.8
2021-10-28,1942.0,1951.7,1932.2,1942.0
2021-10-29,1943.4,1953.1,1933.7,1943.4
2021-11-01,1948.3,1958.1,1938.6,1948.3
2021-11-02,1937.5,1947.1,1927.8,1937.5
2021-11-03,1940.9,1950.6,1931.2,1940.9
2021-11-04,1948.2,1957.9,1938.4,1948.2
2021-11-05,1948.6,1958.4,1938.9,1948.6
2021-11-08,1949.0,1958.7,1939.2,1949.0
2021-11-09,1944.1,1953.8,1934.4,1944.1
2021-11-10,1947.5,1957.2,1937.7,1947.5
2021-11-11,1961.0,1970.8,1951.2,1961.0
2021-11-12,1972.3,1982.1,1962.4,1972.3
2021-11-15,1967.0,1976.9,1957.2,1967.0
2021-11-16,1963.9,1973.8,1954.1,1963.9
2021-11-17,1974.7,1984.6,1964.8,1974.7
2021-11-18,1978.8,1988.7,1968.9,1978.8
2021-11-19,1982.6,1992.5,1972.7,1982.6
2021-11-22,1967.1,1976.9,1957.2,1967.1
2021-11-23,1974.1,1983.9,1964.2,1974.1
2021-11-24,1971.3,1981.2,1961.4,1971.3
2021-11-25,1972.7,1982.6,1962.8,1972.7
2021-11-26,1966.7,1976.5,1956.8,1966.7
2021-11-29,1979.1,1989.0,1969.2,1979.1
2021-11-30,1970.5,1980.4,1960.7,1970.5
2021-12-01,1985.4,1995.3,1975.4,1985.4
2021-12-02,1984.4,1994.3,1974.5,1984.4
2021-12-03,1981.9,1991.8,1972.0,1981.9
2021-12-06,1973.6,1983.5,1963.7,1973.6
2021-12-07,1968.8,1978.7,1959.0,1968.8
2021-12-08,1966.8,1976.7,1957.0,1966.8
2021-12-09,1967.6,1977.4,1957.7,1967.6
2021-12-10,1971.4,1981.3,1961.6,1971.4
2021-12-13,1968.9,1978.7,1959.0,1968.9
2021-12-14,1972.6,1982.5,1962.8,1972.6
2021-12-15,1981.2,1991.1,1971.3,1981.2
2021-12-16,1988.4,1998.4,1978.5,1988.4
2021-12-17,1991.9,2001.8,1981.9,1991.9
2021-12-20,1993.8,2003.8,1983.8,1993.8
2021-12-21,1983.7,1993.6,1973.8,1983.7
2021-12-22,1984.1,1994.0,1974.1,1984.1
2021-12-23,1974.2,1984.1,1964.4,1974.2
2021-12-24,1981.4,1991.3,1971.5,1981.4
2021-12-27,1982.1,1992.0,1972.2,1982.1
2021-12-28,1989.7,1999.7,1979.8,1989.7
2021-12-29,1997.3,2007.3,1987.3,1997.3
2021-12-30,1998.7,2008.7,1988.7,1998.7
2021-12-31,1991.3,2001.3,1981.4,1991.3
2022-01-03,1971.7,1981.6,1961.9,1971.7
2022-01-04,1975.2,1985.1,1965.3,1975.2
2022-01-05,1972.9,1982.8,1963.1,1972.9
2022-01-06,1978.3,1988.2,1968.4,1978.3
2022-01-07,1982.7,1992.6,1972.7,1982.7
2022-01-10,1985.6,1995.6,1975.7,1985.6
2022-01-11,1986.0,1996.0,1976.1,1986.0
2022-01-12,1971.5,1981.3,1961.6,1971.5
2022-01-13,1980.5,1990.4,1970.6,1980.5
2022-01-14,1969.4,1979.2,1959.5,1969.4
2022-01-17,1963.2,1973.0,1953.4,1963.2
2022-01-18,1960.1,1969.9,1950.3,1960.1
2022-01-19,1959.9,1969.7,1950.1,1959.9
2022-01-20,1957.1,1966.9,1947.3,1957.1
2022-01-21,1952.6,1962.3,1942.8,1952.6
2022-01-24,1958.5,1968.3,1948.7,1958.5
2022-01-25,1947.8,1957.5,1938.1,1947.8
2022-01-26,1944.8,1954.5,1935.1,1944.8
2022-01-27,1928.8,1938.4,1919.1,1928.8
2022-01-28,1921.9,1931.5,1912.3,1921.9
2022-01-31,1910.8,1920.4,1901.3,1910.8
2022-02-01,1918.7,1928.3,1909.1,1918.7
2022-02-02,1921.8,1931.4,1912.2,1921.8
2022-02-03,1916.9,1926.5,1907.3,1916.9
2022-02-04,1893.6,1903.1,1884.1,1893.6
2022-02-07,1884.2,1893.6,1874.8,1884.2
2022-02-08,1878.9,1888.3,1869.5,1878.9
2022-02-09,1879.7,1889.1,1870.3,1879.7
2022-02-10,1889.1,1898.6,1879.7,1889.1
2022-02-11,1880.9,1890.3,1871.5,1880.9
2022-02-14,1873.5,1882.9,1864.1,1873.5
2022-02-15,1864.2,1873.5,1854.9,1864.2
2022-02-16,1868.4,1877.8,1859.1,1868.4
2022-02-17,1855.5,1864.8,1846.3,1855.5
2022-02-18,1846.4,1855.6,1837.2,1846.4
2022-02-21,1854.9,1864.2,1845.6,1854.9
2022-02-22,1871.4,1880.8,1862.1,1871.4
2022-02-23,1875.8,1885.1,1866.4,1875.8
2022-02-24,1876.9,1886.3,1867.5,1876.9
2022-02-25,1897.4,1906.9,1887.9,1897.4
2022-02-28,1895.5,1905.0,1886.0,1895.5
2022-03-01,1889.8,1899.2,1880.3,1889.8
2022-03-02,1886.9,1896.4,1877.5,1886.9
2022-03-03,1900.0,1909.5,1890.5,1900.0
2022-03-04,1904.9,1914.4,1895.3,1904.9
2022-03-07,1906.4,1915.9,1896.9,1906.4
2022-03-08,1909.0,1918.5,1899.4,1909.0
2022-03-09,1905.3,1914.8,1895.8,1905.3
2022-03-10,1902.8,1912.3,1893.3,1902.8
2022-03-11,1895.3,1904.8,1885.9,1895.3
2022-03-14,1889.7,1899.2,1880.3,1889.7
2022-03-15,1892.3,1901.8,1882.8,1892.3
2022-03-16,1891.0,1900.4,1881.5,1891.0
2022-03-17,1897.4,1906.9,1887.9,1897.4
2022-03-18,1899.2,1908.7,1889.7,1899.2
2022-03-21,1897.3,1906.8,1887.9,1897.3
2022-03-22,1890.2,1899.6,1880.7,1890.2
2022-03-23,1880.6,1890.0,1871.2,1880.6
2022-03-24,1872.2,1881.5,1862.8,1872.2
2022-03-25,1881.0,1890.4,1871.6,1881.0
2022-03-28,1865.0,1874.3,1855.7,1865.0
2022-03-29,1867.1,1876.4,1857.7,1867.1
2022-03-30,1869.0,1878.3,1859.6,1869.0
2022-03-31,1864.0,1873.4,1854.7,1864.0
2022-04-01,1865.0,1874.3,1855.7,1865.0
2022-04-04,1863.8,1873.2,1854.5,1863.8
2022-04-05,1855.3,1864.6,1846.0,1855.3
2022-04-06,1849.9,1859.1,1840.6,1849.9
2022-04-07,1849.7,1858.9,1840.4,1849.7
2022-04-08,1849.6,1858.8,1840.3,1849.6
2022-04-11,1836.7,1845.9,1827.5,1836.7
2022-04-12,1837.8,1847.0,1828.6,1837.8
2022-04-13,1839.1,1848.3,1829.9,1839.1
2022-04-14,1846.8,1856.0,1837.5,1846.8
2022-04-15,1846.3,1855.6,1837.1,1846.3
2022-04-18,1840.2,1849.4,1831.0,1840.2
2022-04-19,1845.7,1855.0,1836.5,1845.7
2022-04-20,1853.5,1862.8,1844.2,1853.5
2022-04-21,1842.1,1851.3,1832.9,1842.1
2022-04-22,1837.6,1846.8,1828.4,1837.6
2022-04-25,1818.6,1827.7,1809.6,1818.6
2022-04-26,1811.8,1820.9,1802.8,1811.8
2022-04-27,1823.5,1832.6,1814.4,1823.5
2022-04-28,1815.5,1824.5,1806.4,1815.5
2022-04-29,1819.2,1828.3,1810.1,1819.2
2022-05-02,1818.9,1828.0,1809.8,1818.9
2022-05-03,1814.3,1823.4,1805.3,1814.3
2022-05-04,1810.9,1820.0,1801.9,1810.9
2022-05-05,1821.3,1830.4,1812.2,1821.3
2022-05-06,1827.7,1836.9,1818.6,1827.7
2022-05-09,1840.5,1849.7,1831.3,1840.5
2022-05-10,1819.9,1829.0,1810.8,1819.9
2022-05-11,1823.0,1832.1,1813.9,1823.0
2022-05-12,1804.4,1813.4,1795.3,1804.4
2022-05-13,1803.9,1812.9,1794.9,1803.9
2022-05-16,1799.2,1808.2,1790.2,1799.2
2022-05-17,1790.6,1799.6,1781.6,1790.6
2022-05-18,1786.3,1795.2,1777.4,1786.3
2022-05-19,1784.4,1793.3,1775.5,1784.4
2022-05-20,1787.9,1796.8,1778.9,1787.9
2022-05-23,1776.8,1785.7,1768.0,1776.8
2022-05-24,1771.9,1780.7,1763.0,1771.9
2022-05-25,1776.2,1785.1,1767.4,1776.2
2022-05-26,1781.8,1790.7,1772.9,1781.8
2022-05-27,1800.9,1809.9,1791.9,1800.9
2022-05-30,1798.3,1807.3,1789.3,1798.3
2022-05-31,1801.7,1810.7,1792.7,1801.7
2022-06-01,1799.4,1808.4,1790.4,1799.4
2022-06-02,1808.3,1817.3,1799.2,1808.3
2022-06-03,1799.7,1808.7,1790.7,1799.7
2022-06-06,1795.0,1803.9,1786.0,1795.0
2022-06-07,1795.3,1804.3,1786.4,1795.3
2022-06-08,1797.3,1806.3,1788.3,1797.3
2022-06-09,1802.4,1811.4,1793.4,1802.4
2022-06-10,1798.9,1807.9,1789.9,1798.9
2022-06-13,1800.6,1809.6,1791.6,1800.6
2022-06-14,1788.3,1797.2,1779.3,1788.3
2022-06-15,1788.4,1797.4,1779.5,1788.4
2022-06-16,1773.1,1782.0,1764.3,1773.1
2022-06-17,1770.5,1779.4,1761.7,1770.5
2022-06-20,1784.7,1793.7,1775.8,1784.7
2022-06-21,1784.8,1793.7,1775.8,1784.8
2022-06-22,1779.4,1788.3,1770.5,1779.4
2022-06-23,1781.3,1790.2,1772.4,1781.3
2022-06-24,1779.1,1788.0,1770.2,1779.1
2022-06-27,1766.5,1775.3,1757.7,1766.5
2022-06-28,1752.0,1760.7,1743.2,1752.0
2022-06-29,1751.1,1759.9,1742.4,1751.1
2022-06-30,1748.9,1757.7,1740.2,1748.9
2022-07-01,1745.8,1754.6,1737.1,1745.8
2022-07-04,1748.5,1757.2,1739.7,1748.5
2022-07-05,1757.3,1766.1,1748.5,1757.3
2022-07-06,1761.0,1769.8,1752.2,1761.0
2022-07-07,1757.0,1765.8,1748.2,1757.0
2022-07-08,1756.4,1765.2,1747.7,1756.4
2022-07-11,1760.1,1768.9,1751.3,1760.1
2022-07-12,1764.4,1773.2,1755.6,1764.4
2022-07-13,1766.3,1775.2,1757.5,1766.3
2022-07-14,1760.6,1769.4,1751.8,1760.6
2022-07-15,1766.3,1775.2,1757.5,1766.3
2022-07-18,1771.1,1780.0,1762.3,1771.1
2022-07-19,1774.5,1783.3,1765.6,1774.5
2022-07-20,1792.4,1801.4,1783.4,1792.4
2022-07-21,1794.0,1803.0,1785.1,1794.0
2022-07-22,1798.3,1807.3,1789.3,1798.3
2022-07-25,1796.0,1804.9,1787.0,1796.0
2022-07-26,1790.9,1799.9,1782.0,1790.9
2022-07-27,1778.8,1787.7,1769.9,1778.8
2022-07-28,1770.1,1779.0,1761.3,1770.1
2022-07-29,1761.8,1770.6,1753.0,1761.8
2022-08-01,1748.9,1757.6,1740.1,1748.9
2022-08-02,1744.7,1753.5,1736.0,1744.7
2022-08-03,1742.7,1751.5,1734.0,1742.7
2022-08-04,1749.0,1757.7,1740.3,1749.0
2022-08-05,1738.3,1747.0,1729.6,1738.3
2022-08-08,1739.9,1748.6,1731.2,1739.9
2022-08-09,1739.6,1748.3,1730.9,1739.6
2022-08-10,1740.0,1748.7,1731.3,1740.0
2022-08-11,1737.0,1745.7,1728.4,1737.0
2022-08-12,1749.2,1757.9,1740.5,1749.2
2022-08-15,1738.3,1746.9,1729.6,1738.3
2022-08-16,1731.9,1740.6,1723.2,1731.9
2022-08-17,1730.4,1739.1,1721.8,1730.4
2022-08-18,1730.9,1739.5,1722.2,1730.9
2022-08-19,1730.0,1738.7,1721.4,1730.0
2022-08-22,1724.7,1733.3,1716.1,1724.7
2022-08-23,1726.0,1734.6,1717.3,1726.0
2022-08-24,1727.6,1736.3,1719.0,1727.6
2022-08-25,1724.8,1733.4,1716.2,1724.8
2022-08-26,1734.8,1743.4,1726.1,1734.8
2022-08-29,1732.0,1740.7,1723.4,1732.0
2022-08-30,1727.1,1735.7,1718.4,1727.1
2022-08-31,1732.5,1741.2,1723.9,1732.5
2022-09-01,1716.2,1724.8,1707.7,1716.2
2022-09-02,1706.1,1714.7,1697.6,1706.1
2022-09-05,1700.1,1708.6,1691.6,1700.1
2022-09-06,1690.3,1698.7,1681.8,1690.3
2022-09-07,1694.2,1702.7,1685.7,1694.2
2022-09-08,1697.6,1706.1,1689.1,1697.6
2022-09-09,1706.6,1715.1,1698.1,1706.6
2022-09-12,1697.6,1706.1,1689.1,1697.6
2022-09-13,1699.2,1707.7,1690.7,1699.2
2022-09-14,1705.4,1713.9,1696.8,1705.4
2022-09-15,1703.7,1712.2,1695.2,1703.7
2022-09-16,1707.5,1716.1,1699.0,1707.5
2022-09-19,1701.3,1709.8,1692.8,1701.3
2022-09-20,1707.2,1715.7,1698.6,1707.2
2022-09-21,1698.8,1707.3,1690.3,1698.8
2022-09-22,1685.6,1694.1,1677.2,1685.6
2022-09-23,1680.8,1689.2,1672.4,1680.8
2022-09-26,1675.6,1684.0,1667.2,1675.6
2022-09-27,1676.5,1684.9,1668.1,1676.5
2022-09-28,1677.3,1685.7,1668.9,1677.3
2022-09-29,1670.4,1678.7,1662.0,1670.4
2022-09-30,1661.8,1670.1,1653.5,1661.8
2022-10-03,1667.9,1676.3,1659.6,1667.9
2022-10-04,1664.9,1673.2,1656.6,1664.9
2022-10-05,1661.8,1670.1,1653.5,1661.8
2022-10-06,1664.1,1672.5,1655.8,1664.1
2022-10-07,1657.9,1666.2,1649.6,1657.9
2022-10-10,1655.4,1663.7,1647.1,1655.4
2022-10-11,1661.4,1669.7,1653.1,1661.4
2022-10-12,1655.2,1663.5,1647.0,1655.2
2022-10-13,1647.3,1655.5,1639.1,1647.3
2022-10-14,1646.3,1654.5,1638.0,1646.3
2022-10-17,1651.0,1659.3,1642.8,1651.0
2022-10-18,1661.5,1669.8,1653.2,1661.5
2022-10-19,1664.6,1672.9,1656.2,1664.6
2022-10-20,1668.7,1677.0,1660.4,1668.7
2022-10-21,1662.4,1670.7,1654.1,1662.4
2022-10-24,1666.2,1674.6,1657.9,1666.2
2022-10-25,1659.6,1667.9,1651.3,1659.6
2022-10-26,1666.9,1675.2,1658.6,1666.9
2022-10-27,1668.5,1676.9,1660.2,1668.5
2022-10-28,1669.0,1677.4,1660.7,1669.0
2022-10-31,1674.9,1683.3,1666.6,1674.9
2022-11-01,1671.9,1680.2,1663.5,1671.9
2022-11-02,1669.5,1677.8,1661.1,1669.5
2022-11-03,1664.1,1672.5,1655.8,1664.1
2022-11-04,1677.4,1685.8,1669.0,1677.4
2022-11-07,1678.3,1686.6,1669.9,1678.3
2022-11-08,1676.9,1685.3,1668.5,1676.9
2022-11-09,1682.5,1690.9,1674.1,1682.5
2022-11-10,1683.2,1691.7,1674.8,1683.2
2022-11-11,1668.3,1676.6,1660.0,1668.3
2022-11-14,1685.0,1693.5,1676.6,1685.0
2022-11-15,1682.5,1691.0,1674.1,1682.5
2022-11-16,1677.8,1686.2,1669.4,1677.8
2022-11-17,1677.9,1686.3,1669.5,1677.9
2022-11-18,1675.6,1684.0,1667.3,1675.6
2022-11-21,1675.3,1683.7,1667.0,1675.3
2022-11-22,1677.6,1686.0,1669.2,1677.6
2022-11-23,1666.5,1674.8,1658.2,1666.5
2022-11-24,1673.5,1681.9,1665.2,1673.5
2022-11-25,1681.7,1690.1,1673.3,1681.7
2022-11-28,1673.3,1681.7,1664.9,1673.3
2022-11-29,1678.3,1686.7,1669.9,1678.3
2022-11-30,1674.2,1682.6,1665.8,1674.2
2022-12-01,1673.6,1681.9,1665.2,1673.6
2022-12-02,1678.0,1686.4,1669.6,1678.0
2022-12-05,1687.4,1695.9,1679.0,1687.4
2022-12-06,1691.2,1699.7,1682.8,1691.2
2022-12-07,1683.1,1691.6,1674.7,1683.1
2022-12-08,1685.4,1693.8,1677.0,1685.4
2022-12-09,1690.5,1698.9,1682.0,1690.5
2022-12-12,1688.4,1696.9,1680.0,1688.4
2022-12-13,1684.4,1692.9,1676.0,1684.4
2022-12-14,1686.0,1694.4,1677.5,1686.0
2022-12-15,1691.9,1700.3,1683.4,1691.9
2022-12-16,1689.7,1698.2,1681.3,1689.7
2022-12-19,1694.9,1703.4,1686.5,1694.9
2022-12-20,1688.0,1696.5,1679.6,1688.0
2022-12-21,1692.0,1700.5,1683.6,1692.0
2022-12-22,1681.5,1689.9,1673.1,1681.5
2022-12-23,1686.2,1694.6,1677.7,1686.2
2022-12-26,1696.3,1704.8,1687.8,1696.3
2022-12-27,1697.1,1705.6,1688.6,1697.1
2022-12-28,1702.9,1711.4,1694.4,1702.9
2022-12-29,1706.3,1714.9,1697.8,1706.3
2022-12-30,1698.5,1707.0,1690.0,1698.5
2023-01-02,1693.6,1702.0,1685.1,1693.6
2023-01-03,1693.5,1701.9,1685.0,1693.5
2023-01-04,1694.9,1703.4,1686.4,1694.9
2023-01-05,1691.9,1700.3,1683.4,1691.9
2023-01-06,1686.1,1694.5,1677.6,1686.1
2023-01-09,1670.9,1679.2,1662.5,1670.9
2023-01-10,1686.3,1694.7,1677.9,1686.3
2023-01-11,1701.2,1709.7,1692.7,1701.2
2023-01-12,1697.7,1706.2,1689.3,1697.7
2023-01-13,1690.4,1698.8,1681.9,1690.4
2023-01-16,1705.2,1713.7,1696.6,1705.2
2023-01-17,1692.9,1701.3,1684.4,1692.9
2023-01-18,1703.1,1711.6,1694.6,1703.1
2023-01-19,1710.1,1718.7,1701.6,1710.1
2023-01-20,1710.0,1718.5,1701.4,1710.0
2023-01-23,1723.7,1732.3,1715.1,1723.7
2023-01-24,1720.9,1729.5,1712.3,1720.9
2023-01-25,1728.8,1737.4,1720.1,1728.8
2023-01-26,1728.7,1737.3,1720.0,1728.7
2023-01-27,1721.8,1730.5,1713.2,1721.8
2023-01-30,1739.9,1748.6,1731.2,1739.9
2023-01-31,1736.3,1744.9,1727.6,1736.3
2023-02-01,1734.3,1743.0,1725.6,1734.3
2023-02-02,1741.6,1750.3,1732.9,1741.6
2023-02-03,1751.6,1760.4,1742.9,1751.6
2023-02-06,1745.0,1753.7,1736.3,1745.0
2023-02-07,1756.4,1765.2,1747.6,1756.4
2023-02-08,1757.2,1766.0,1748.4,1757.2
2023-02-09,1757.4,1766.2,1748.6,1757.4
2023-02-10,1757.0,1765.8,1748.3,1757.0
2023-02-13,1759.6,1768.4,1750.8,1759.6
2023-02-14,1749.5,1758.3,1740.8,1749.5
2023-02-15,1753.8,1762.6,1745.1,1753.8
2023-02-16,1756.5,1765.3,1747.8,1756.5
2023-02-17,1755.1,1763.9,1746.4,1755.1
2023-02-20,1759.6,1768.4,1750.8,1759.6
2023-02-21,1759.4,1768.2,1750.6,1759.4
2023-02-22,1760.1,1768.9,1751.3,1760.1
2023-02-23,1764.4,1773.2,1755.6,1764.4
2023-02-24,1763.9,1772.7,1755.1,1763.9
2023-02-27,1761.3,1770.1,1752.5,1761.3
2023-02-28,1768.1,1777.0,1759.3,1768.1
2023-03-01,1763.8,1772.6,1754.9,1763.8
2023-03-02,1772.7,1781.6,1763.9,1772.7
2023-03-03,1771.4,1780.3,1762.6,1771.4
2023-03-06,1780.6,1789.5,1771.7,1780.6
2023-03-07,1791.8,1800.7,1782.8,1791.8
2023-03-08,1791.7,1800.7,1782.8,1791.7
2023-03-09,1798.4,1807.4,1789.4,1798.4
2023-03-10,1803.0,1812.1,1794.0,1803.0
2023-03-13,1806.1,1815.1,1797.1,1806.1
2023-03-14,1810.3,1819.4,1801.3,1810.3
2023-03-15,1808.1,1817.2,1799.1,1808.1
2023-03-16,1819.8,1828.9,1810.7,1819.8
2023-03-17,1819.8,1828.9,1810.7,1819.8
2023-03-20,1815.8,1824.9,1806.7,1815.8
2023-03-21,1812.5,1821.5,1803.4,1812.5
2023-03-22,1818.8,1827.9,1809.7,1818.8
2023-03-23,1811.9,1821.0,1802.9,1811.9
2023-03-24,1825.6,1834.7,1816.5,1825.6
2023-03-27,1836.3,1845.5,1827.1,1836.3
2023-03-28,1826.5,1835.6,1817.4,1826.5
2023-03-29,1831.7,1840.8,1822.5,1831.7
2023-03-30,1824.1,1833.2,1815.0,1824.1
2023-03-31,1817.9,1827.0,1808.8,1817.9
2023-04-03,1815.9,1825.0,1806.9,1815.9
2023-04-04,1810.9,1820.0,1801.9,1810.9
2023-04-05,1816.8,1825.9,1807.8,1816.8
2023-04-06,1819.1,1828.2,1810.0,1819.1
2023-04-07,1822.5,1831.6,1813.4,1822.5
2023-04-10,1824.5,1833.7,1815.4,1824.5
2023-04-11,1821.0,1830.1,1811.9,1821.0
2023-04-12,1817.7,1826.8,1808.6,1817.7
2023-04-13,1826.4,1835.5,1817.2,1826.4
2023-04-14,1824.1,1833.3,1815.0,1824.1
2023-04-17,1836.5,1845.7,1827.4,1836.5
2023-04-18,1831.9,1841.1,1822.7,1831.9
2023-04-19,1832.5,1841.6,1823.3,1832.5
2023-04-20,1835.0,1844.2,1825.8,1835.0
2023-04-21,1843.8,1853.0,1834.6,1843.8
2023-04-24,1852.5,1861.7,1843.2,1852.5
2023-04-25,1854.2,1863.5,1845.0,1854.2
2023-04-26,1854.2,1863.5,1845.0,1854.2
2023-04-27,1847.1,1856.3,1837.9,1847.1
2023-04-28,1845.6,1854.8,1836.4,1845.6
2023-05-01,1864.4,1873.7,1855.1,1864.4
2023-05-02,1856.6,1865.9,1847.3,1856.6
2023-05-03,1852.2,1861.4,1842.9,1852.2
2023-05-04,1842.0,1851.2,1832.8,1842.0
2023-05-05,1837.0,1846.2,1827.8,1837.0
2023-05-08,1830.9,1840.1,1821.8,1830.9
2023-05-09,1823.1,1832.2,1814.0,1823.1
2023-05-10,1827.1,1836.3,1818.0,1827.1
2023-05-11,1834.0,1843.2,1824.9,1834.0
2023-05-12,1837.8,1847.0,1828.6,1837.8
2023-05-15,1833.2,1842.3,1824.0,1833.2
2023-05-16,1822.2,1831.3,1813.1,1822.2
2023-05-17,1809.1,1818.1,1800.1,1809.1
2023-05-18,1802.8,1811.8,1793.8,1802.8
2023-05-19,1798.3,1807.3,1789.3,1798.3
2023-05-22,1800.0,1809.0,1791.0,1800.0
2023-05-23,1805.4,1814.4,1796.3,1805.4
2023-05-24,1805.7,1814.7,1796.6,1805.7
2023-05-25,1820.6,1829.7,1811.5,1820.6
2023-05-26,1840.2,1849.4,1831.0,1840.2
2023-05-29,1842.9,1852.1,1833.6,1842.9
2023-05-30,1830.2,1839.4,1821.1,1830.2
2023-05-31,1828.5,1837.6,1819.4,1828.5
2023-06-01,1828.4,1837.5,1819.3,1828.4
2023-06-02,1835.9,1845.1,1826.7,1835.9
2023-06-05,1829.9,1839.0,1820.7,1829.9
2023-06-06,1820.3,1829.4,1811.2,1820.3
2023-06-07,1825.3,1834.4,1816.2,1825.3
2023-06-08,1824.1,1833.2,1815.0,1824.1
2023-06-09,1822.8,1832.0,1813.7,1822.8
2023-06-12,1821.1,1830.2,1812.0,1821.1
2023-06-13,1821.4,1830.5,1812.3,1821.4
2023-06-14,1826.2,1835.4,1817.1,1826.2
2023-06-15,1811.4,1820.4,1802.3,1811.4
2023-06-16,1815.4,1824.5,1806.3,1815.4
2023-06-19,1826.1,1835.2,1817.0,1826.1
2023-06-20,1832.8,1842.0,1823.7,1832.8
2023-06-21,1851.7,1861.0,1842.5,1851.7
2023-06-22,1850.6,1859.9,1841.4,1850.6
2023-06-23,1852.2,1861.5,1843.0,1852.2
2023-06-26,1865.9,1875.2,1856.6,1865.9
2023-06-27,1868.0,1877.4,1858.7,1868.0
2023-06-28,1881.0,1890.4,1871.6,1881.0
2023-06-29,1888.3,1897.7,1878.8,1888.3
2023-06-30,1890.1,1899.6,1880.7,1890.1
2023-07-03,1893.0,1902.5,1883.5,1893.0
2023-07-04,1892.0,1901.4,1882.5,1892.0
2023-07-05,1892.5,1902.0,1883.1,1892.5
2023-07-06,1887.0,1896.4,1877.5,1887.0
2023-07-07,1893.3,1902.7,1883.8,1893.3
2023-07-10,1910.6,1920.1,1901.0,1910.6
2023-07-11,1897.0,1906.5,1887.5,1897.0
2023-07-12,1906.8,1916.4,1897.3,1906.8
2023-07-13,1909.1,1918.7,1899.6,1909.1
2023-07-14,1917.5,1927.1,1907.9,1917.5
2023-07-17,1914.9,1924.5,1905.4,1914.9
2023-07-18,1913.9,1923.4,1904.3,1913.9
2023-07-19,1923.9,1933.5,1914.3,1923.9
2023-07-20,1923.5,1933.1,1913.8,1923.5
2023-07-21,1929.8,1939.4,1920.1,1929.8
2023-07-24,1926.9,1936.6,1917.3,1926.9
2023-07-25,1925.5,1935.1,1915.8,1925.5
2023-07-26,1929.5,1939.1,1919.9,1929.5
2023-07-27,1932.6,1942.3,1922.9,1932.6
2023-07-28,1938.8,1948.5,1929.1,1938.8
2023-07-31,1937.8,1947.4,1928.1,1937.8
2023-08-01,1937.0,1946.7,1927.4,1937.0
2023-08-02,1944.4,1954.1,1934.6,1944.4
2023-08-03,1955.0,1964.8,1945.2,1955.0
2023-08-04,1947.6,1957.4,1937.9,1947.6
2023-08-07,1958.2,1968.0,1948.4,1958.2
2023-08-08,1951.4,1961.2,1941.7,1951.4
2023-08-09,1952.5,1962.3,1942.8,1952.5
2023-08-10,1954.2,1964.0,1944.4,1954.2
2023-08-11,1949.9,1959.7,1940.2,1949.9
2023-08-14,1950.2,1959.9,1940.4,1950.2
2023-08-15,1936.4,1946.1,1926.7,1936.4
2023-08-16,1942.6,1952.3,1932.9,1942.6
2023-08-17,1940.8,1950.5,1931.0,1940.8
2023-08-18,1940.9,1950.6,1931.2,1940.9
2023-08-21,1938.9,1948.6,1929.2,1938.9
2023-08-22,1945.3,1955.0,1935.5,1945.3
2023-08-23,1947.2,1956.9,1937.5,1947.2
2023-08-24,1938.7,1948.4,1929.0,1938.7
2023-08-25,1938.7,1948.4,1929.0,1938.7
2023-08-28,1933.6,1943.2,1923.9,1933.6
2023-08-29,1935.1,1944.8,1925.4,1935.1
2023-08-30,1941.7,1951.4,1932.0,1941.7
2023-08-31,1944.2,1954.0,1934.5,1944.2
2023-09-01,1948.0,1957.8,1938.3,1948.0
2023-09-04,1959.0,1968.8,1949.2,1959.0
2023-09-05,1953.0,1962.8,1943.3,1953.0
2023-09-06,1950.3,1960.1,1940.6,1950.3
2023-09-07,1937.2,1946.9,1927.5,1937.2
2023-09-08,1935.9,1945.6,1926.2,1935.9
2023-09-11,1934.7,1944.4,1925.1,1934.7
2023-09-12,1941.8,1951.5,1932.1,1941.8
2023-09-13,1947.0,1956.8,1937.3,1947.0
2023-09-14,1960.2,1970.0,1950.4,1960.2
2023-09-15,1957.1,1966.9,1947.3,1957.1
2023-09-18,1963.2,1973.0,1953.4,1963.2
2023-09-19,1969.9,1979.7,1960.0,1969.9
2023-09-20,1988.4,1998.4,1978.5,1988.4
2023-09-21,1991.6,2001.5,1981.6,1991.6
2023-09-22,1990.8,2000.8,1980.8,1990.8
2023-09-25,1993.5,2003.4,1983.5,1993.5
2023-09-26,1996.8,2006.8,1986.8,1996.8
2023-09-27,2007.2,2017.3,1997.2,2007.2
2023-09-28,2003.0,2013.0,1993.0,2003.0
2023-09-29,1996.8,2006.8,1986.8,1996.8
2023-10-02,2019.7,2029.8,2009.6,2019.7
2023-10-03,2009.5,2019.6,1999.5,2009.5
2023-10-04,2015.6,2025.7,2005.5,2015.6
2023-10-05,2018.0,2028.1,2007.9,2018.0
2023-10-06,2019.5,2029.6,2009.4,2019.5
2023-10-09,2010.8,2020.8,2000.7,2010.8
2023-10-10,2031.8,2042.0,2021.7,2031.8
2023-10-11,2031.8,2041.9,2021.6,2031.8
2023-10-12,2026.3,2036.4,2016.2,2026.3
2023-10-13,2014.7,2024.8,2004.6,2014.7
2023-10-16,2000.2,2010.2,1990.2,2000.2
2023-10-17,2006.3,2016.3,1996.2,2006.3
2023-10-18,1999.8,2009.8,1989.8,1999.8
2023-10-19,1998.2,2008.2,1988.2,1998.2
2023-10-20,1994.1,2004.0,1984.1,1994.1
2023-10-23,2001.3,2011.3,1991.2,2001.3
2023-10-24,2005.1,2015.1,1995.1,2005.1
2023-10-25,2011.7,2021.7,2001.6,2011.7
2023-10-26,2018.3,2028.4,2008.2,2018.3
2023-10-27,2012.6,2022.7,2002.5,2012.6
2023-10-30,2004.2,2014.2,1994.1,2004.2
2023-10-31,2003.9,2013.9,1993.9,2003.9
2023-11-01,2008.5,2018.5,1998.4,2008.5
2023-11-02,2010.1,2020.2,2000.1,2010.1
2023-11-03,1995.9,2005.8,1985.9,1995.9
2023-11-06,1999.8,2009.8,1989.8,1999.8
2023-11-07,1993.2,2003.2,1983.2,1993.2
2023-11-08,1995.2,2005.2,1985.2,1995.2
2023-11-09,2004.8,2014.8,1994.7,2004.8
2023-11-10,1986.1,1996.0,1976.1,1986.1
2023-11-13,2002.5,2012.5,1992.5,2002.5
2023-11-14,1995.7,2005.7,1985.8,1995.7
2023-11-15,2005.8,2015.9,1995.8,2005.8
2023-11-16,2014.2,2024.3,2004.2,2014.2
2023-11-17,2013.1,2023.1,2003.0,2013.1
2023-11-20,2020.1,2030.2,2010.0,2020.1
2023-11-21,2015.6,2025.6,2005.5,2015.6
2023-11-22,2003.0,2013.0,1993.0,2003.0
2023-11-23,2014.3,2024.4,2004.2,2014.3
2023-11-24,2010.4,2020.4,2000.3,2010.4
2023-11-27,2028.8,2039.0,2018.7,2028.8
2023-11-28,2037.1,2047.2,2026.9,2037.1
2023-11-29,2030.9,2041.1,2020.8,2030.9
2023-11-30,2036.8,2046.9,2026.6,2036.8
2023-12-01,2042.3,2052.5,2032.1,2042.3
2023-12-04,2059.0,2069.3,2048.7,2059.0
2023-12-05,2055.0,2065.3,2044.7,2055.0
2023-12-06,2053.3,2063.6,2043.0,2053.3
2023-12-07,2057.2,2067.4,2046.9,2057.2
2023-12-08,2057.5,2067.8,2047.2,2057.5
2023-12-11,2048.4,2058.6,2038.2,2048.4
2023-12-12,2057.5,2067.8,2047.2,2057.5
2023-12-13,2071.0,2081.4,2060.7,2071.0
2023-12-14,2072.1,2082.5,2061.8,2072.1
2023-12-15,2061.5,2071.8,2051.2,2061.5
2023-12-18,2063.9,2074.3,2053.6,2063.9
2023-12-19,2057.5,2067.8,2047.2,2057.5
2023-12-20,2056.7,2067.0,2046.4,2056.7
2023-12-21,2059.8,2070.1,2049.5,2059.8
2023-12-22,2066.6,2076.9,2056.3,2066.6
2023-12-25,2082.5,2092.9,2072.1,2082.5
2023-12-26,2088.3,2098.7,2077.9,2088.3
2023-12-27,2080.0,2090.4,2069.6,2080.0
2023-12-28,2086.5,2097.0,2076.1,2086.5
2023-12-29,2084.8,2095.2,2074.4,2084.8
2024-01-01,2086.5,2096.9,2076.0,2086.5
2024-01-02,2087.3,2097.7,2076.8,2087.3
2024-01-03,2089.4,2099.8,2078.9,2089.4
2024-01-04,2098.7,2109.2,2088.2,2098.7
2024-01-05,2103.4,2114.0,2092.9,2103.4
2024-01-08,2097.1,2107.6,2086.7,2097.1
2024-01-09,2085.6,2096.0,2075.1,2085.6
2024-01-10,2092.6,2103.1,2082.1,2092.6
2024-01-11,2098.4,2108.9,2087.9,2098.4
2024-01-12,2110.1,2120.7,2099.6,2110.1
2024-01-15,2113.1,2123.7,2102.5,2113.1
2024-01-16,2116.2,2126.8,2105.6,2116.2
2024-01-17,2120.8,2131.4,2110.2,2120.8
2024-01-18,2108.3,2118.8,2097.7,2108.3
2024-01-19,2095.9,2106.4,2085.4,2095.9
2024-01-22,2107.2,2117.7,2096.6,2107.2
2024-01-23,2111.8,2122.4,2101.3,2111.8
2024-01-24,2124.6,2135.3,2114.0,2124.6
2024-01-25,2141.1,2151.8,2130.4,2141.1
2024-01-26,2138.7,2149.4,2128.0,2138.7
2024-01-29,2139.2,2149.9,2128.6,2139.2
2024-01-30,2128.3,2138.9,2117.7,2128.3
2024-01-31,2133.9,2144.5,2123.2,2133.9
2024-02-01,2116.5,2127.0,2105.9,2116.5
2024-02-02,2110.1,2120.6,2099.5,2110.1
2024-02-05,2118.1,2128.7,2107.6,2118.1
2024-02-06,2114.6,2125.2,2104.1,2114.6
2024-02-07,2116.6,2127.2,2106.0,2116.6
2024-02-08,2117.2,2127.7,2106.6,2117.2
2024-02-09,2110.1,2120.6,2099.5,2110.1
2024-02-12,2098.4,2108.9,2087.9,2098.4
2024-02-13,2108.0,2118.6,2097.5,2108.0
2024-02-14,2109.7,2120.3,2099.2,2109.7
2024-02-15,2115.9,2126.5,2105.3,2115.9
2024-02-16,2118.4,2129.0,2107.8,2118.4
2024-02-19,2123.9,2134.6,2113.3,2123.9
2024-02-20,2128.3,2138.9,2117.6,2128.3
2024-02-21,2129.4,2140.1,2118.8,2129.4
2024-02-22,2129.4,2140.0,2118.7,2129.4
2024-02-23,2123.6,2134.2,2113.0,2123.6
2024-02-26,2151.6,2162.3,2140.8,2151.6
2024-02-27,2162.4,2173.3,2151.6,2162.4
2024-02-28,2177.1,2187.9,2166.2,2177.1
2024-02-29,2189.1,2200.1,2178.2,2189.1
2024-03-01,2189.6,2200.6,2178.7,2189.6
2024-03-04,2192.1,2203.0,2181.1,2192.1
2024-03-05,2192.9,2203.9,2182.0,2192.9
2024-03-06,2190.7,2201.6,2179.7,2190.7
2024-03-07,2199.4,2210.4,2188.4,2199.4
2024-03-08,2193.0,2204.0,2182.1,2193.0
2024-03-11,2188.1,2199.1,2177.2,2188.1
2024-03-12,2178.4,2189.3,2167.5,2178.4
2024-03-13,2177.7,2188.6,2166.9,2177.7
2024-03-14,2175.9,2186.8,2165.0,2175.9
2024-03-15,2172.9,2183.8,2162.1,2172.9
2024-03-18,2179.7,2190.6,2168.8,2179.7
2024-03-19,2172.0,2182.9,2161.1,2172.0
2024-03-20,2181.6,2192.5,2170.7,2181.6
2024-03-21,2174.6,2185.5,2163.8,2174.6
2024-03-22,2167.4,2178.2,2156.6,2167.4
2024-03-25,2168.5,2179.4,2157.7,2168.5
2024-03-26,2171.1,2181.9,2160.2,2171.1
2024-03-27,2182.4,2193.3,2171.5,2182.4
2024-03-28,2185.0,2195.9,2174.0,2185.0
2024-03-29,2173.9,2184.8,2163.0,2173.9
2024-04-01,2184.4,2195.3,2173.5,2184.4
2024-04-02,2192.1,2203.0,2181.1,2192.1
2024-04-03,2190.1,2201.1,2179.2,2190.1
2024-04-04,2195.0,2206.0,2184.1,2195.0
2024-04-05,2211.1,2222.1,2200.0,2211.1
2024-04-08,2209.2,2220.2,2198.2,2209.2
2024-04-09,2220.7,2231.8,2209.6,2220.7
2024-04-10,2234.4,2245.5,2223.2,2234.4
2024-04-11,2237.7,2248.9,2226.5,2237.7
2024-04-12,2228.4,2239.6,2217.3,2228.4
2024-04-15,2245.8,2257.0,2234.6,2245.8
2024-04-16,2255.7,2267.0,2244.4,2255.7
2024-04-17,2261.9,2273.2,2250.6,2261.9
2024-04-18,2262.4,2273.8,2251.1,2262.4
2024-04-19,2274.0,2285.3,2262.6,2274.0
2024-04-22,2270.3,2281.7,2259.0,2270.3
2024-04-23,2279.1,2290.5,2267.7,2279.1
2024-04-24,2276.9,2288.3,2265.5,2276.9
2024-04-25,2262.6,2273.9,2251.3,2262.6
2024-04-26,2255.2,2266.5,2243.9,2255.2
2024-04-29,2264.4,2275.7,2253.1,2264.4
2024-04-30,2268.3,2279.7,2257.0,2268.3
2024-05-01,2274.9,2286.3,2263.6,2274.9
2024-05-02,2273.2,2284.6,2261.9,2273.2
2024-05-03,2276.9,2288.3,2265.6,2276.9
2024-05-06,2287.8,2299.2,2276.3,2287.8
2024-05-07,2310.8,2322.3,2299.2,2310.8
2024-05-08,2307.5,2319.1,2296.0,2307.5
2024-05-09,2317.5,2329.1,2305.9,2317.5
2024-05-10,2323.7,2335.3,2312.0,2323.7
2024-05-13,2328.3,2339.9,2316.6,2328.3
2024-05-14,2316.4,2327.9,2304.8,2316.4
2024-05-15,2329.8,2341.5,2318.2,2329.8
2024-05-16,2332.2,2343.9,2320.6,2332.2
2024-05-17,2326.9,2338.5,2315.3,2326.9
2024-05-20,2322.7,2334.3,2311.1,2322.7
2024-05-21,2326.0,2337.6,2314.4,2326.0
2024-05-22,2318.2,2329.8,2306.6,2318.2
2024-05-23,2314.2,2325.8,2302.7,2314.2
2024-05-24,2310.3,2321.9,2298.8,2310.3
2024-05-27,2316.1,2327.7,2304.5,2316.1
2024-05-28,2323.5,2335.2,2311.9,2323.5
2024-05-29,2322.2,2333.8,2310.5,2322.2
2024-05-30,2321.9,2333.5,2310.3,2321.9
2024-05-31,2324.7,2336.4,2313.1,2324.7
2024-06-03,2322.1,2333.7,2310.4,2322.1
2024-06-04,2318.7,2330.3,2307.1,2318.7
2024-06-05,2316.7,2328.3,2305.1,2316.7
2024-06-06,2321.9,2333.6,2310.3,2321.9
2024-06-07,2339.4,2351.1,2327.7,2339.4
2024-06-10,2332.8,2344.5,2321.2,2332.8
2024-06-11,2337.3,2349.0,2325.6,2337.3
2024-06-12,2337.2,2348.9,2325.5,2337.2
2024-06-13,2337.8,2349.5,2326.1,2337.8
2024-06-14,2335.4,2347.1,2323.7,2335.4
2024-06-17,2352.1,2363.9,2340.4,2352.1
2024-06-18,2331.1,2342.8,2319.5,2331.1
2024-06-19,2323.4,2335.0,2311.8,2323.4
2024-06-20,2337.2,2348.8,2325.5,2337.2
2024-06-21,2351.0,2362.8,2339.3,2351.0
2024-06-24,2373.5,2385.4,2361.7,2373.5
2024-06-25,2377.9,2389.8,2366.0,2377.9
2024-06-26,2383.8,2395.7,2371.8,2383.8
2024-06-27,2367.2,2379.0,2355.4,2367.2
2024-06-28,2369.2,2381.1,2357.4,2369.2
2024-07-01,2380.9,2392.8,2369.0,2380.9
2024-07-02,2378.0,2389.9,2366.1,2378.0
2024-07-03,2379.1,2391.0,2367.2,2379.1
2024-07-04,2392.9,2404.9,2380.9,2392.9
2024-07-05,2408.2,2420.3,2396.2,2408.2
2024-07-08,2415.0,2427.1,2402.9,2415.0
2024-07-09,2415.2,2427.3,2403.1,2415.2
2024-07-10,2423.0,2435.1,2410.8,2423.0
2024-07-11,2419.9,2432.0,2407.8,2419.9
2024-07-12,2430.6,2442.8,2418.5,2430.6
2024-07-15,2429.5,2441.7,2417.4,2429.5
2024-07-16,2437.4,2449.6,2425.2,2437.4
2024-07-17,2437.5,2449.7,2425.3,2437.5
2024-07-18,2431.9,2444.1,2419.8,2431.9
2024-07-19,2436.2,2448.3,2424.0,2436.2
2024-07-22,2436.7,2448.9,2424.5,2436.7
2024-07-23,2447.2,2459.4,2435.0,2447.2
2024-07-24,2438.0,2450.2,2425.8,2438.0
2024-07-25,2441.2,2453.4,2429.0,2441.2
2024-07-26,2435.1,2447.2,2422.9,2435.1
2024-07-29,2451.8,2464.0,2439.5,2451.8
2024-07-30,2459.5,2471.8,2447.2,2459.5
2024-07-31,2459.6,2471.9,2447.3,2459.6
2024-08-01,2459.0,2471.3,2446.7,2459.0
2024-08-02,2476.0,2488.4,2463.7,2476.0
2024-08-05,2487.1,2499.5,2474.7,2487.1
2024-08-06,2479.4,2491.7,2467.0,2479.4
2024-08-07,2488.6,2501.1,2476.2,2488.6
2024-08-08,2482.9,2495.3,2470.4,2482.9
2024-08-09,2484.5,2496.9,2472.1,2484.5
2024-08-12,2467.8,2480.1,2455.4,2467.8
2024-08-13,2477.0,2489.4,2464.6,2477.0
2024-08-14,2471.3,2483.7,2458.9,2471.3
2024-08-15,2470.5,2482.9,2458.2,2470.5
2024-08-16,2458.2,2470.5,2445.9,2458.2
2024-08-19,2465.7,2478.1,2453.4,2465.7
2024-08-20,2468.4,2480.8,2456.1,2468.4
2024-08-21,2457.8,2470.1,2445.5,2457.8
2024-08-22,2460.7,2473.0,2448.4,2460.7
2024-08-23,2460.6,2472.9,2448.3,2460.6
2024-08-26,2479.0,2491.4,2466.7,2479.0
2024-08-27,2474.0,2486.4,2461.6,2474.0
2024-08-28,2481.1,2493.5,2468.7,2481.1
2024-08-29,2468.5,2480.9,2456.2,2468.5
2024-08-30,2472.1,2484.5,2459.8,2472.1
2024-09-02,2481.1,2493.5,2468.7,2481.1
2024-09-03,2487.6,2500.1,2475.2,2487.6
2024-09-04,2488.7,2501.2,2476.3,2488.7
2024-09-05,2508.3,2520.9,2495.8,2508.3
2024-09-06,2506.1,2518.7,2493.6,2506.1
2024-09-09,2516.4,2529.0,2503.8,2516.4
2024-09-10,2514.6,2527.2,2502.1,2514.6
2024-09-11,2507.8,2520.4,2495.3,2507.8
2024-09-12,2497.9,2510.4,2485.4,2497.9
2024-09-13,2491.3,2503.8,2478.9,2491.3
2024-09-16,2504.2,2516.7,2491.7,2504.2
2024-09-17,2520.3,2532.9,2507.7,2520.3
2024-09-18,2528.3,2541.0,2515.7,2528.3
2024-09-19,2526.6,2539.2,2514.0,2526.6
2024-09-20,2522.1,2534.7,2509.5,2522.1
2024-09-23,2529.8,2542.4,2517.1,2529.8
2024-09-24,2521.3,2533.9,2508.7,2521.3
2024-09-25,2532.9,2545.5,2520.2,2532.9
2024-09-26,2538.7,2551.4,2526.0,2538.7
2024-09-27,2530.8,2543.5,2518.2,2530.8
2024-09-30,2552.3,2565.0,2539.5,2552.3
2024-10-01,2542.4,2555.2,2529.7,2542.4
2024-10-02,2545.2,2558.0,2532.5,2545.2
2024-10-03,2556.0,2568.8,2543.2,2556.0
2024-10-04,2565.3,2578.1,2552.5,2565.3
2024-10-07,2564.2,2577.0,2551.4,2564.2
2024-10-08,2561.7,2574.5,2548.9,2561.7
2024-10-09,2553.9,2566.7,2541.1,2553.9
2024-10-10,2558.6,2571.4,2545.8,2558.6
2024-10-11,2569.4,2582.3,2556.6,2569.4
2024-10-14,2555.5,2568.3,2542.7,2555.5
2024-10-15,2564.1,2577.0,2551.3,2564.1
2024-10-16,2561.6,2574.4,2548.8,2561.6
2024-10-17,2563.4,2576.2,2550.6,2563.4
2024-10-18,2555.2,2568.0,2542.4,2555.2
2024-10-21,2556.0,2568.7,2543.2,2556.0
2024-10-22,2580.1,2593.0,2567.2,2580.1
2024-10-23,2579.1,2592.0,2566.2,2579.1
2024-10-24,2581.6,2594.5,2568.6,2581.6
2024-10-25,2574.6,2587.5,2561.8,2574.6
2024-10-28,2608.4,2621.5,2595.4,2608.4
2024-10-29,2614.9,2628.0,2601.8,2614.9
2024-10-30,2616.1,2629.2,2603.0,2616.1
2024-10-31,2627.2,2640.3,2614.0,2627.2
2024-11-01,2630.8,2643.9,2617.6,2630.8
2024-11-04,2633.8,2647.0,2620.6,2633.8
2024-11-05,2633.5,2646.7,2620.3,2633.5
2024-11-06,2618.5,2631.6,2605.4,2618.5
2024-11-07,2616.6,2629.7,2603.6,2616.6
2024-11-08,2613.5,2626.6,2600.4,2613.5
2024-11-11,2623.3,2636.4,2610.1,2623.3
2024-11-12,2623.3,2636.4,2610.1,2623.3
2024-11-13,2632.8,2646.0,2619.6,2632.8
2024-11-14,2635.8,2649.0,2622.6,2635.8
2024-11-15,2628.9,2642.0,2615.7,2628.9
2024-11-18,2650.9,2664.2,2637.7,2650.9
2024-11-19,2648.4,2661.6,2635.2,2648.4
2024-11-20,2656.1,2669.3,2642.8,2656.1
2024-11-21,2643.7,2656.9,2630.5,2643.7
2024-11-22,2654.1,2667.3,2640.8,2654.1
2024-11-25,2642.5,2655.7,2629.3,2642.5
2024-11-26,2665.8,2679.1,2652.5,2665.8
2024-11-27,2674.7,2688.1,2661.3,2674.7
2024-11-28,2673.7,2687.1,2660.3,2673.7
2024-11-29,2681.2,2694.6,2667.8,2681.2
2024-12-02,2673.8,2687.2,2660.4,2673.8
2024-12-03,2673.5,2686.9,2660.2,2673.5
2024-12-04,2683.5,2696.9,2670.1,2683.5
2024-12-05,2691.2,2704.7,2677.8,2691.2
2024-12-06,2692.5,2706.0,2679.0,2692.5
2024-12-09,2701.3,2714.8,2687.8,2701.3
2024-12-10,2714.2,2727.7,2700.6,2714.2
2024-12-11,2722.7,2736.3,2709.0,2722.7
2024-12-12,2702.8,2716.3,2689.3,2702.8
2024-12-13,2704.2,2717.7,2690.7,2704.2
2024-12-16,2710.0,2723.5,2696.4,2710.0
2024-12-17,2697.2,2710.7,2683.7,2697.2
2024-12-18,2686.9,2700.4,2673.5,2686.9
2024-12-19,2704.9,2718.4,2691.3,2704.9
2024-12-20,2697.9,2711.4,2684.4,2697.9
2024-12-23,2696.6,2710.0,2683.1,2696.6
2024-12-24,2689.4,2702.8,2675.9,2689.4
2024-12-25,2695.8,2709.3,2682.3,2695.8
2024-12-26,2700.4,2713.9,2686.9,2700.4
2024-12-27,2722.9,2736.5,2709.3,2722.9
2024-12-30,2719.5,2733.1,2705.9,2719.5
2024-12-31,2725.9,2739.5,2712.2,2725.9
2025-01-01,2705.2,2718.8,2691.7,2705.2
2025-01-02,2691.3,2704.8,2677.9,2691.3
2025-01-03,2708.0,2721.6,2694.5,2708.0
2025-01-06,2723.5,2737.1,2709.9,2723.5
2025-01-07,2729.1,2742.8,2715.5,2729.1
2025-01-08,2742.0,2755.7,2728.3,2742.0
2025-01-09,2730.3,2743.9,2716.6,2730.3
2025-01-10,2748.9,2762.7,2735.2,2748.9
2025-01-13,2739.4,2753.1,2725.7,2739.4
2025-01-14,2743.3,2757.1,2729.6,2743.3
2025-01-15,2773.8,2787.7,2760.0,2773.8
2025-01-16,2763.0,2776.8,2749.2,2763.0
2025-01-17,2777.1,2791.0,2763.2,2777.1
2025-01-20,2788.4,2802.3,2774.5,2788.4
2025-01-21,2780.9,2794.8,2767.0,2780.9
2025-01-22,2802.5,2816.5,2788.5,2802.5
2025-01-23,2790.2,2804.1,2776.2,2790.2
2025-01-24,2788.2,2802.1,2774.2,2788.2
2025-01-27,2795.7,2809.7,2781.8,2795.7
2025-01-28,2793.0,2806.9,2779.0,2793.0
2025-01-29,2825.6,2839.7,2811.4,2825.6
2025-01-30,2808.7,2822.7,2794.6,2808.7
2025-01-31,2824.2,2838.4,2810.1,2824.2
2025-02-03,2797.9,2811.9,2783.9,2797.9
2025-02-04,2764.6,2778.5,2750.8,2764.6
2025-02-05,2765.4,2779.3,2751.6,2765.4
2025-02-06,2773.8,2787.6,2759.9,2773.8
2025-02-07,2790.0,2804.0,2776.1,2790.0
2025-02-10,2808.9,2822.9,2794.8,2808.9
2025-02-11,2809.4,2823.5,2795.4,2809.4
2025-02-12,2813.2,2827.3,2799.2,2813.2
2025-02-13,2814.1,2828.2,2800.0,2814.1
2025-02-14,2829.2,2843.3,2815.0,2829.2
2025-02-17,2815.1,2829.2,2801.0,2815.1
2025-02-18,2806.1,2820.1,2792.1,2806.1
2025-02-19,2814.4,2828.5,2800.4,2814.4
2025-02-20,2824.6,2838.7,2810.4,2824.6
2025-02-21,2837.5,2851.7,2823.3,2837.5
2025-02-24,2836.2,2850.4,2822.1,2836.2
2025-02-25,2828.4,2842.5,2814.2,2828.4
2025-02-26,2834.3,2848.5,2820.1,2834.3
2025-02-27,2820.0,2834.1,2805.9,2820.0
2025-02-28,2837.1,2851.3,2822.9,2837.1
2025-03-03,2833.9,2848.1,2819.8,2833.9
2025-03-04,2829.1,2843.3,2815.0,2829.1
2025-03-05,2836.0,2850.2,2821.8,2836.0
2025-03-06,2826.2,2840.3,2812.1,2826.2
2025-03-07,2812.2,2826.3,2798.1,2812.2
2025-03-10,2826.6,2840.8,2812.5,2826.6
2025-03-11,2814.0,2828.1,2799.9,2814.0
2025-03-12,2816.5,2830.6,2802.5,2816.5
2025-03-13,2816.4,2830.5,2802.3,2816.4
2025-03-14,2794.8,2808.8,2780.8,2794.8
2025-03-17,2785.9,2799.9,2772.0,2785.9
2025-03-18,2791.3,2805.2,2777.3,2791.3
2025-03-19,2806.2,2820.2,2792.1,2806.2
2025-03-20,2798.1,2812.1,2784.1,2798.1
2025-03-21,2789.1,2803.0,2775.2,2789.1
2025-03-24,2799.6,2813.6,2785.6,2799.6
2025-03-25,2809.6,2823.7,2795.6,2809.6
2025-03-26,2820.7,2834.8,2806.6,2820.7
2025-03-27,2823.3,2837.4,2809.1,2823.3
2025-03-28,2817.3,2831.4,2803.2,2817.3
2025-03-31,2828.5,2842.7,2814.4,2828.5
2025-04-01,2827.0,2841.1,2812.8,2827.0
2025-04-02,2834.6,2848.8,2820.4,2834.6
2025-04-03,2828.5,2842.6,2814.3,2828.5
2025-04-04,2826.2,2840.3,2812.1,2826.2
2025-04-07,2834.6,2848.7,2820.4,2834.6
2025-04-08,2811.4,2825.4,2797.3,2811.4
2025-04-09,2827.7,2841.8,2813.5,2827.7
2025-04-10,2827.5,2841.7,2813.4,2827.5
2025-04-11,2796.3,2810.2,2782.3,2796.3
2025-04-14,2802.3,2816.3,2788.3,2802.3
2025-04-15,2799.4,2813.4,2785.4,2799.4
2025-04-16,2789.8,2803.7,2775.8,2789.8
2025-04-17,2814.5,2828.6,2800.5,2814.5
2025-04-18,2825.5,2839.6,2811.4,2825.5
2025-04-21,2826.8,2840.9,2812.7,2826.8
2025-04-22,2828.5,2842.7,2814.4,2828.5
2025-04-23,2832.6,2846.8,2818.4,2832.6
2025-04-24,2815.1,2829.2,2801.0,2815.1
2025-04-25,2846.7,2860.9,2832.5,2846.7
2025-04-28,2849.6,2863.9,2835.4,2849.6
2025-04-29,2870.5,2884.8,2856.1,2870.5
2025-04-30,2860.2,2874.5,2845.9,2860.2
2025-05-01,2867.2,2881.5,2852.9,2867.2
2025-05-02,2853.4,2867.7,2839.1,2853.4
2025-05-05,2823.1,2837.2,2809.0,2823.1
2025-05-06,2835.4,2849.6,2821.2,2835.4
2025-05-07,2839.1,2853.3,2824.9,2839.1
2025-05-08,2834.4,2848.6,2820.2,2834.4
2025-05-09,2797.6,2811.6,2783.6,2797.6
2025-05-12,2797.8,2811.8,2783.8,2797.8
2025-05-13,2804.6,2818.6,2790.5,2804.6
2025-05-14,2795.6,2809.6,2781.7,2795.6
2025-05-15,2801.0,2815.0,2787.0,2801.0
2025-05-16,2797.4,2811.4,2783.4,2797.4
2025-05-19,2789.6,2803.6,2775.7,2789.6
2025-05-20,2792.4,2806.4,2778.5,2792.4
2025-05-21,2771.9,2785.8,2758.1,2771.9
2025-05-22,2783.1,2797.0,2769.2,2783.1
2025-05-23,2789.1,2803.1,2775.2,2789.1
2025-05-26,2802.8,2816.8,2788.7,2802.8
2025-05-27,2819.8,2833.9,2805.7,2819.8
2025-05-28,2820.3,2834.4,2806.2,2820.3
2025-05-29,2792.8,2806.8,2778.9,2792.8
2025-05-30,2794.7,2808.6,2780.7,2794.7
2025-06-02,2787.7,2801.7,2773.8,2787.7
2025-06-03,2809.4,2823.5,2795.4,2809.4
2025-06-04,2809.4,2823.4,2795.3,2809.4
2025-06-05,2823.3,2837.4,2809.2,2823.3
2025-06-06,2843.7,2857.9,2829.5,2843.7
2025-06-09,2839.9,2854.1,2825.7,2839.9
2025-06-10,2843.7,2858.0,2829.5,2843.7
2025-06-11,2847.1,2861.3,2832.8,2847.1
2025-06-12,2875.2,2889.6,2860.9,2875.2
2025-06-13,2891.3,2905.7,2876.8,2891.3
2025-06-16,2881.8,2896.2,2867.3,2881.8
2025-06-17,2876.0,2890.4,2861.6,2876.0
2025-06-18,2872.3,2886.6,2857.9,2872.3
2025-06-19,2864.8,2879.1,2850.4,2864.8
2025-06-20,2863.4,2877.7,2849.1,2863.4
2025-06-23,2861.8,2876.1,2847.5,2861.8
2025-06-24,2864.9,2879.2,2850.5,2864.9
2025-06-25,2866.1,2880.4,2851.7,2866.1
2025-06-26,2882.0,2896.4,2867.6,2882.0
2025-06-27,2875.0,2889.4,2860.6,2875.0
2025-06-30,2859.9,2874.2,2845.6,2859.9
2025-07-01,2857.8,2872.1,2843.5,2857.8
2025-07-02,2854.0,2868.2,2839.7,2854.0
2025-07-03,2874.6,2889.0,2860.3,2874.6
2025-07-04,2887.0,2901.5,2872.6,2887.0
2025-07-07,2906.3,2920.8,2891.7,2906.3
2025-07-08,2918.7,2933.3,2904.1,2918.7
2025-07-09,2896.4,2910.9,2881.9,2896.4
2025-07-10,2888.3,2902.7,2873.8,2888.3
2025-07-11,2873.1,2887.4,2858.7,2873.1
2025-07-14,2896.5,2911.0,2882.0,2896.5
2025-07-15,2908.4,2923.0,2893.9,2908.4
2025-07-16,2914.6,2929.2,2900.0,2914.6
2025-07-17,2909.2,2923.8,2894.7,2909.2
2025-07-18,2905.5,2920.0,2891.0,2905.5
2025-07-21,2899.4,2913.9,2884.9,2899.4
2025-07-22,2909.3,2923.9,2894.8,2909.3
2025-07-23,2912.4,2927.0,2897.9,2912.4
2025-07-24,2922.3,2936.9,2907.7,2922.3
2025-07-25,2928.5,2943.2,2913.9,2928.5
2025-07-28,2941.4,2956.1,2926.7,2941.4
2025-07-29,2948.1,2962.8,2933.4,2948.1
2025-07-30,2961.3,2976.2,2946.5,2961.3
2025-07-31,2969.7,2984.6,2954.9,2969.7
2025-08-01,2962.4,2977.3,2947.6,2962.4
2025-08-04,2970.1,2984.9,2955.2,2970.1
2025-08-05,2973.3,2988.1,2958.4,2973.3
2025-08-06,2970.4,2985.3,2955.6,2970.4
2025-08-07,2969.8,2984.7,2955.0,2969.8
2025-08-08,2981.4,2996.3,2966.5,2981.4
2025-08-11,2989.1,3004.1,2974.2,2989.1
2025-08-12,2999.0,3014.0,2984.0,2999.0
2025-08-13,2998.0,3013.0,2983.0,2998.0
2025-08-14,3010.2,3025.2,2995.1,3010.2
2025-08-15,3017.4,3032.5,3002.3,3017.4
2025-08-18,3007.8,3022.9,2992.8,3007.8
2025-08-19,3002.0,3017.0,2987.0,3002.0
2025-08-20,2990.7,3005.7,2975.7,2990.7
2025-08-21,2977.3,2992.2,2962.4,2977.3
2025-08-22,3009.1,3024.1,2994.0,3009.1
2025-08-25,3029.6,3044.7,3014.4,3029.6
2025-08-26,3041.0,3056.2,3025.8,3041.0
2025-08-27,3043.5,3058.7,3028.3,3043.5
2025-08-28,3034.2,3049.4,3019.0,3034.2
2025-08-29,3018.7,3033.8,3003.6,3018.7
2025-09-01,3016.2,3031.3,3001.1,3016.2
2025-09-02,3006.4,3021.4,2991.3,3006.4
2025-09-03,3014.1,3029.2,2999.0,3014.1
2025-09-04,3014.8,3029.9,2999.8,3014.8
2025-09-05,3024.0,3039.1,3008.9,3024.0
2025-09-08,3027.6,3042.8,3012.5,3027.6
2025-09-09,3006.0,3021.0,2991.0,3006.0
2025-09-10,3003.6,3018.6,2988.6,3003.6
2025-09-11,3008.1,3023.1,2993.0,3008.1
2025-09-12,3011.0,3026.1,2995.9,3011.0
2025-09-15,3006.2,3021.2,2991.1,3006.2
2025-09-16,3000.3,3015.3,2985.3,3000.3
2025-09-17,2992.7,3007.6,2977.7,2992.7
2025-09-18,2973.5,2988.3,2958.6,2973.5
2025-09-19,2974.9,2989.7,2960.0,2974.9
2025-09-22,2988.1,3003.1,2973.2,2988.1
2025-09-23,2983.7,2998.6,2968.8,2983.7
2025-09-24,2970.3,2985.2,2955.5,2970.3
2025-09-25,2984.5,2999.4,2969.6,2984.5
2025-09-26,3002.4,3017.4,2987.4,3002.4
2025-09-29,3000.1,3015.1,2985.1,3000.1
2025-09-30,2989.9,3004.8,2974.9,2989.9
2025-10-01,2990.2,3005.2,2975.3,2990.2
2025-10-02,2995.3,3010.3,2980.3,2995.3
2025-10-03,2991.3,3006.3,2976.4,2991.3
2025-10-06,2976.4,2991.3,2961.5,2976.4
2025-10-07,2990.6,3005.5,2975.6,2990.6
2025-10-08,2995.5,3010.4,2980.5,2995.5
2025-10-09,3015.9,3031.0,3000.8,3015.9
2025-10-10,3017.2,3032.3,3002.2,3017.2
2025-10-13,3038.0,3053.2,3022.8,3038.0
2025-10-14,3035.3,3050.4,3020.1,3035.3
2025-10-15,3028.1,3043.3,3013.0,3028.1
2025-10-16,3022.6,3037.7,3007.5,3022.6
2025-10-17,3045.5,3060.8,3030.3,3045.5
2025-10-20,3045.3,3060.5,3030.1,3045.3
2025-10-21,3064.4,3079.7,3049.1,3064.4
2025-10-22,3057.9,3073.2,3042.6,3057.9
2025-10-23,3040.6,3055.8,3025.4,3040.6
2025-10-24,3049.5,3064.7,3034.2,3049.5
2025-10-27,3043.9,3059.1,3028.7,3043.9
2025-10-28,3048.0,3063.3,3032.8,3048.0
2025-10-29,3050.8,3066.0,3035.5,3050.8
2025-10-30,3053.2,3068.5,3038.0,3053.2
2025-10-31,3073.4,3088.8,3058.0,3073.4
2025-11-03,3077.3,3092.7,3061.9,3077.3
2025-11-04,3077.9,3093.3,3062.5,3077.9
2025-11-05,3072.7,3088.1,3057.4,3072.7
2025-11-06,3078.7,3094.1,3063.3,3078.7
2025-11-07,3083.4,3098.8,3068.0,3083.4
2025-11-10,3079.8,3095.2,3064.4,3079.8
2025-11-11,3090.7,3106.2,3075.3,3090.7
2025-11-12,3087.1,3102.6,3071.7,3087.1
2025-11-13,3093.4,3108.8,3077.9,3093.4
2025-11-14,3076.1,3091.5,3060.7,3076.1
2025-11-17,3089.3,3104.7,3073.9,3089.3
2025-11-18,3079.9,3095.3,3064.5,3079.9
2025-11-19,3088.0,3103.4,3072.5,3088.0
2025-11-20,3103.1,3118.6,3087.6,3103.1
2025-11-21,3106.9,3122.5,3091.4,3106.9
2025-11-24,3122.0,3137.6,3106.4,3122.0
2025-11-25,3106.9,3122.4,3091.3,3106.9
2025-11-26,3104.8,3120.3,3089.2,3104.8
2025-11-27,3095.9,3111.4,3080.4,3095.9
2025-11-28,3087.3,3102.8,3071.9,3087.3
2025-12-01,3070.8,3086.1,3055.4,3070.8
2025-12-02,3072.8,3088.2,3057.4,3072.8
2025-12-03,3085.4,3100.8,3069.9,3085.4
2025-12-04,3101.4,3116.9,3085.9,3101.4
2025-12-05,3088.1,3103.5,3072.6,3088.1
2025-12-08,3084.9,3100.3,3069.4,3084.9
2025-12-09,3076.5,3091.9,3061.1,3076.5
2025-12-10,3067.7,3083.1,3052.4,3067.7
2025-12-11,3065.8,3081.1,3050.5,3065.8
2025-12-12,3067.9,3083.2,3052.6,3067.9
2025-12-15,3068.4,3083.7,3053.0,3068.4
2025-12-16,3053.2,3068.4,3037.9,3053.2
2025-12-17,3067.9,3083.2,3052.6,3067.9
2025-12-18,3072.2,3087.5,3056.8,3072.2
2025-12-19,3079.0,3094.4,3063.6,3079.0
2025-12-22,3088.5,3103.9,3073.1,3088.5
2025-12-23,3097.5,3113.0,3082.0,3097.5
2025-12-24,3100.4,3115.9,3084.8,3100.4
2025-12-25,3090.9,3106.4,3075.5,3090.9
2025-12-26,3111.1,3126.7,3095.5,3111.1
2025-12-29,3121.8,3137.4,3106.1,3121.8
2025-12-30,3110.7,3126.3,3095.2,3110.7
2025-12-31,3100.5,3116.0,3085.0,3100.5
2026-01-01,3125.8,3141.4,3110.2,3125.8
2026-01-02,3123.8,3139.4,3108.2,3123.8
2026-01-05,3117.9,3133.5,3102.3,3117.9
2026-01-06,3112.0,3127.5,3096.4,3112.0
2026-01-07,3118.6,3134.2,3103.0,3118.6
2026-01-08,3113.4,3129.0,3097.8,3113.4
2026-01-09,3116.1,3131.7,3100.5,3116.1
2026-01-12,3148.2,3163.9,3132.4,3148.2
2026-01-13,3128.1,3143.8,3112.5,3128.1
2026-01-14,3123.7,3139.3,3108.1,3123.7
2026-01-15,3125.3,3141.0,3109.7,3125.3
2026-01-16,3104.2,3119.7,3088.7,3104.2
2026-01-19,3114.9,3130.5,3099.3,3114.9
2026-01-20,3127.7,3143.3,3112.0,3127.7
2026-01-21,3111.4,3126.9,3095.8,3111.4
2026-01-22,3112.2,3127.8,3096.7,3112.2
2026-01-23,3116.4,3132.0,3100.9,3116.4
2026-01-26,3127.7,3143.3,3112.0,3127.7
2026-01-27,3162.5,3178.3,3146.7,3162.5
2026-01-28,3152.9,3168.7,3137.2,3152.9
2026-01-29,3159.9,3175.7,3144.1,3159.9
2026-01-30,3158.3,3174.0,3142.5,3158.3
2026-02-02,3156.3,3172.0,3140.5,3156.3
2026-02-03,3156.8,3172.6,3141.0,3156.8
2026-02-04,3162.3,3178.1,3146.5,3162.3
2026-02-05,3162.6,3178.4,3146.8,3162.6
2026-02-06,3166.2,3182.1,3150.4,3166.2
2026-02-09,3167.6,3183.4,3151.8,3167.6
2026-02-10,3156.0,3171.7,3140.2,3156.0
2026-02-11,3167.2,3183.0,3151.3,3167.2
2026-02-12,3180.4,3196.3,3164.5,3180.4
2026-02-13,3192.5,3208.4,3176.5,3192.5
2026-02-16,3202.5,3218.5,3186.5,3202.5
2026-02-17,3191.5,3207.5,3175.6,3191.5
2026-02-18,3178.9,3194.8,3163.0,3178.9
2026-02-19,3190.6,3206.6,3174.7,3190.6
2026-02-20,3175.0,3190.9,3159.1,3175.0
2026-02-23,3169.1,3184.9,3153.3,3169.1
2026-02-24,3197.2,3213.2,3181.2,3197.2
2026-02-25,3203.2,3219.2,3187.2,3203.2
2026-02-26,3204.5,3220.5,3188.5,3204.5
2026-02-27,3180.4,3196.3,3164.5,3180.4
2026-03-02,3177.6,3193.5,3161.7,3177.6
2026-03-03,3189.2,3205.2,3173.3,3189.2
2026-03-04,3170.9,3186.8,3155.0,3170.9
2026-03-05,3177.5,3193.4,3161.6,3177.5
2026-03-06,3161.1,3176.9,3145.3,3161.1
2026-03-09,3157.6,3173.4,3141.8,3157.6
2026-03-10,3140.0,3155.7,3124.3,3140.0
2026-03-11,3144.5,3160.3,3128.8,3144.5
2026-03-12,3126.1,3141.7,3110.4,3126.1
2026-03-13,3129.2,3144.8,3113.5,3129.2
2026-03-16,3143.7,3159.4,3128.0,3143.7
2026-03-17,3149.8,3165.5,3134.0,3149.8
2026-03-18,3159.0,3174.8,3143.2,3159.0
2026-03-19,3164.8,3180.6,3148.9,3164.8
2026-03-20,3166.3,3182.1,3150.4,3166.3
2026-03-23,3170.3,3186.2,3154.5,3170.3
2026-03-24,3176.7,3192.6,3160.8,3176.7
2026-03-25,3165.1,3180.9,3149.3,3165.1
2026-03-26,3163.0,3178.8,3147.2,3163.0
2026-03-27,3192.2,3208.2,3176.3,3192.2
2026-03-30,3202.5,3218.6,3186.5,3202.5
2026-03-31,3220.0,3236.1,3203.9,3220.0
2026-04-01,3224.3,3240.5,3208.2,3224.3
2026-04-02,3215.4,3231.4,3199.3,3215.4
2026-04-03,3212.4,3228.4,3196.3,3212.4
2026-04-06,3193.5,3209.4,3177.5,3193.5
2026-04-07,3213.4,3229.5,3197.3,3213.4
2026-04-08,3226.3,3242.4,3210.1,3226.3
2026-04-09,3216.2,3232.3,3200.2,3216.2
2026-04-10,3227.4,3243.5,3211.2,3227.4
2026-04-13,3239.3,3255.4,3223.1,3239.3
2026-04-14,3240.6,3256.8,3224.4,3240.6
2026-04-15,3247.2,3263.4,3230.9,3247.2
2026-04-16,3254.6,3270.9,3238.4,3254.6
2026-04-17,3259.4,3275.7,3243.1,3259.4
2026-04-20,3263.4,3279.7,3247.1,3263.4
2026-04-21,3264.1,3280.4,3247.8,3264.1
2026-04-22,3256.4,3272.7,3240.1,3256.4
2026-04-23,3268.2,3284.6,3251.9,3268.2
2026-04-24,3293.4,3309.9,3277.0,3293.4
2026-04-27,3279.7,3296.1,3263.3,3279.7
2026-04-28,3279.4,3295.8,3263.0,3279.4
2026-04-29,3270.2,3286.5,3253.8,3270.2
2026-04-30,3277.1,3293.5,3260.7,3277.1
2026-05-01,3282.7,3299.1,3266.3,3282.7
2026-05-04,3286.2,3302.6,3269.8,3286.2
2026-05-05,3277.8,3294.2,3261.4,3277.8
2026-05-06,3271.5,3287.9,3255.1,3271.5
2026-05-07,3261.8,3278.1,3245.5,3261.8
2026-05-08,3240.1,3256.3,3223.9,3240.1
2026-05-11,3260.4,3276.7,3244.1,3260.4
2026-05-12,3270.1,3286.5,3253.8,3270.1
2026-05-13,3287.5,3304.0,3271.1,3287.5
2026-05-14,3282.8,3299.2,3266.4,3282.8
2026-05-15,3289.3,3305.7,3272.8,3289.3
2026-05-18,3280.5,3296.9,3264.1,3280.5
2026-05-19,3273.5,3289.8,3257.1,3273.5
2026-05-20,3301.1,3317.6,3284.6,3301.1
2026-05-21,3295.8,3312.3,3279.3,3295.8
2026-05-22,3308.1,3324.6,3291.5,3308.1
2026-05-25,3313.1,3329.7,3296.5,3313.1
2026-05-26,3294.1,3310.6,3277.6,3294.1
2026-05-27,3292.6,3309.0,3276.1,3292.6
2026-05-28,3297.9,3314.4,3281.4,3297.9
2026-05-29,3307.4,3324.0,3290.9,3307.4
2026-06-01,3285.5,3301.9,3269.1,3285.5
2026-06-02,3273.8,3290.2,3257.4,3273.8
2026-06-03,3279.5,3295.9,3263.2,3279.5
2026-06-04,3268.6,3285.0,3252.3,3268.6
2026-06-05,3286.7,3303.1,3270.2,3286.7
2026-06-08,3289.5,3305.9,3273.0,3289.5
2026-06-09,3297.1,3313.6,3280.6,3297.1
2026-06-10,3315.1,3331.7,3298.5,3315.1
2026-06-11,3299.2,3315.7,3282.7,3299.2
2026-06-12,3306.2,3322.7,3289.7,3306.2
2026-06-15,3311.0,3327.6,3294.5,3311.0
2026-06-16,3313.8,3330.4,3297.2,3313.8
2026-06-17,3310.4,3327.0,3293.9,3310.4
2026-06-18,3312.0,3328.6,3295.4,3312.0
2026-06-19,3272.8,3289.1,3256.4,3272.8
2026-06-22,3290.6,3307.0,3274.1,3290.6
2026-06-23,3273.4,3289.8,3257.0,3273.4
2026-06-24,3298.1,3314.6,3281.7,3298.1
2026-06-25,3285.7,3302.1,3269.3,3285.7
2026-06-26,3273.3,3289.7,3257.0,3273.3
2026-06-29,3280.0,3296.4,3263.6,3280.0
2026-06-30,3284.6,3301.0,3268.2,3284.6
