date,cape,ecy,buffett,pe,pb,div_yield,fed_spread,trend_dev,aiae
1871-01-01,,,,11.1,,5.86,3.689009009009009,10.509103340632686,
1871-02-01,,,,11.25,,5.78,3.565555555555556,8.50586486038145,
1871-03-01,,,,11.52,,5.64,3.3538888888888883,9.355726627934025,
1871-04-01,,,,11.85,,5.49,3.108818565400844,16.507579377376523,
1871-05-01,,,,12.15,,5.35,2.8971193415637853,22.034765333672212,
1871-06-01,,,,12.05,,5.39,2.9620885200553237,22.735374437073986,
1871-07-01,,,,11.82,,5.5,3.120236886632826,20.24634334003741,
1871-08-01,,,,11.98,,5.43,3.0039120756816917,23.516924547492856,
1871-09-01,,,,12.1,,5.37,2.9177961432506887,21.68167906365528,
1871-10-01,,,,11.48,,5.66,3.360801393728223,13.435404845698162,
1871-11-01,,,,11.6,,5.6,3.267356321839081,14.483248577147311,
1871-12-01,,,,11.85,,5.49,3.0821518987341774,14.124789185535281,
1872-01-01,,,,12.07,,5.42,2.925004142502071,16.822350461085268,
1872-02-01,,,,12.05,,5.47,2.9204218533886577,17.11095346130309,
1872-03-01,,,,12.37,,5.36,2.68740770681757,18.963997377060803,
1872-04-01,,,,12.63,,5.28,2.5026563737133793,19.41407355352527,
1872-05-01,,,,12.56,,5.34,2.528450106157112,19.218468278283506,
1872-06-01,,,,12.36,,5.46,2.6389482200647265,18.734883841383756,
1872-07-01,,,,12.22,,5.55,2.7133060556464805,19.593419781706434,
1872-08-01,,,,12.0,,5.69,2.8450000000000006,17.125070364837256,
1872-09-01,,,,11.72,,5.86,3.0257565415244594,14.006664006617097,
1872-10-01,,,,11.69,,5.9,3.029319931565441,16.838833983300773,
1872-11-01,,,,11.58,,5.99,3.0922452504317786,12.809875889447131,
1872-12-01,,,,11.79,,5.92,2.9200975402883804,17.052147001172436,
1873-01-01,,,,11.82,,5.92,2.880236886632826,17.782386287486606,
1873-02-01,,,,11.84,,5.92,2.875112612612612,15.95234428907677,
1873-03-01,,,,11.68,,6.02,2.9999771689497727,14.863283961514483,
1873-04-01,,,,11.45,,6.15,3.181124454148473,13.104240837188708,
1873-05-01,,,,11.41,,6.19,3.2209085597429166,15.638626124709166,
1873-06-01,,,,11.19,,6.33,3.4023838248436116,17.29886412938233,
1873-07-01,,,,11.11,,6.39,3.4759000900090005,16.871569592580048,
1873-08-01,,,,11.04,,6.44,3.5421376811594207,16.68012904576841,
1873-09-01,,,,10.14,,7.03,4.355266272189348,7.582398305353721,
1873-10-01,,,,9.21,,7.76,5.360263300760042,0.3261213683610098,
1873-11-01,,,,8.83,,8.11,5.836694979237449,-0.3335540796987835,
1873-12-01,,,,9.61,,7.47,4.9266605966007635,6.3111343020277655,
1874-01-01,,,,10.13,,7.08,4.401668311944719,10.178918963609052,
1874-02-01,,,,10.43,,6.88,4.151061041866412,13.30311546097722,
1874-03-01,,,,10.28,,6.98,4.324293125810637,11.467889689326572,
1874-04-01,,,,10.0,,7.17,4.63,9.917390800089887,
1874-05-01,,,,9.74,,7.37,4.930273785078712,7.7163356031283215,
1874-06-01,,,,9.7,,7.4,5.005945017182131,9.649757860898834,
1874-07-01,,,,9.7,,7.4,5.039278350515465,8.594206939311544,
1874-08-01,,,,9.72,,7.38,5.051399176954732,9.535876944841037,
1874-09-01,,,,9.87,,7.27,4.928378926038501,11.068969725496093,
1874-10-01,,,,9.85,,7.28,4.982284263959391,12.456985419407562,
1874-11-01,,,,9.93,,7.22,4.933826787512588,14.199608752632686,
1874-12-01,,,,9.87,,7.27,5.028378926038501,13.26410377568732,
1875-01-01,,,,10.05,,7.21,4.880248756218904,13.078572409620026,
1875-02-01,,,,10.22,,7.17,4.754735812133071,12.644681196333774,
1875-03-01,,,,10.55,,7.03,4.4886729857819905,13.949703072763796,
1875-04-01,,,,10.9,,6.88,4.2243119266055045,14.306080383210439,
1875-05-01,,,,10.69,,7.1,4.444536950420954,12.466707632240382,
1875-06-01,,,,10.68,,7.19,4.493295880149813,11.902057875528316,
1875-07-01,,,,10.93,,7.12,4.319130832570906,11.973823254551675,
1875-08-01,,,,11.21,,7.03,4.130606601248885,11.348619734629285,
1875-09-01,,,,11.35,,7.04,4.060572687224671,11.098826587159794,
1875-10-01,,,,11.41,,7.09,4.054241893076249,9.140142049352672,
1875-11-01,,,,11.87,,6.92,3.7545998315080045,11.689965046270444,
1875-12-01,,,,12.14,,6.86,3.607232289950576,12.476839349044443,
1876-01-01,,,,12.62,,6.73,3.3339302694136297,15.610779237986105,
1876-02-01,,,,13.04,,6.64,3.090378323108385,16.974158231615345,
1876-03-01,,,,13.26,,6.65,2.9748114630467573,16.52418116764245,
1876-04-01,,,,13.02,,6.91,3.1254915514592927,12.938290939701202,
1876-05-01,,,,12.79,,7.18,3.2752749543914526,12.581643265420993,
1876-06-01,,,,12.97,,7.23,3.1784335646363404,14.749433594685591,
1876-07-01,,,,13.09,,7.32,3.1194194041252867,13.181210530888388,
1876-08-01,,,,12.81,,7.63,3.298067915690866,7.2981644264561,
1876-09-01,,,,12.3,,8.13,3.63341463414634,-0.3509131901808571,
1876-10-01,,,,12.51,,8.17,3.508605115907274,-2.852001336722798,
1876-11-01,,,,12.56,,8.33,3.488450106157112,-5.718342788517516,
1876-12-01,,,,12.79,,8.38,3.3569416210581187,-8.052759197693105,
1877-01-01,,,,12.6,,8.19,3.4865079365079366,-10.555357369592711,
1877-02-01,,,,11.79,,8.43,4.040930873621714,-13.734052027713927,
1877-03-01,,,,11.12,,8.6,4.561139088729018,-14.439133741833054,
1877-04-01,,,,10.25,,8.96,5.333597560975609,-22.937468961296837,
1877-05-01,,,,10.2,,8.65,5.390588235294119,-24.437845057341868,
1877-06-01,,,,9.41,,8.97,6.2228258944385395,-25.98471940197289,
1877-07-01,,,,9.77,,8.27,5.840414534288639,-23.578973471736198,
1877-08-01,,,,10.4,,7.43,5.229551282051282,-15.179208048941117,
1877-09-01,,,,10.98,,6.71,4.730801457194898,-9.160768666749664,
1877-10-01,,,,11.16,,6.29,4.593073476702508,-7.350205944946476,
1877-11-01,,,,10.93,,6.11,4.790797499237573,-7.077609087825354,
1877-12-01,,,,10.83,,5.85,4.884443674976917,-7.514390977300101,
1878-01-01,,,,10.8,,5.82,4.91925925925926,-4.809590596998747,
1878-02-01,,,,10.54,,5.92,5.157666034155598,-6.044419350820629,
1878-03-01,,,,10.71,,5.79,5.017068160597571,-2.394619433862788,
1878-04-01,,,,10.98,,5.61,4.797468123861565,1.2294516178275705,
1878-05-01,,,,10.98,,5.56,4.8074681238615655,4.745776508778121,
1878-06-01,,,,11.18,,5.43,4.654543828264759,9.191830611904894,
1878-07-01,,,,11.38,,5.29,4.507346221441125,10.001565046144734,
1878-08-01,,,,11.25,,5.31,4.61888888888889,7.664671880838303,
1878-09-01,,,,11.45,,5.18,4.473624454148473,9.669234904774648,
1878-10-01,,,,11.29,,5.22,4.607395925597874,9.461888454059197,
1878-11-01,,,,11.22,,5.21,4.672655971479501,10.206031368417733,
1878-12-01,,,,11.13,,5.22,4.754725965858039,11.935870285078053,
1879-01-01,,,,11.34,,5.08,4.598342151675486,14.630291517349425,
1879-02-01,,,,11.53,,4.94,4.469693553050016,17.250275104907466,
1879-03-01,,,,11.15,,5.07,4.781943198804186,16.489098111178755,
1879-04-01,,,,11.31,,4.95,4.671732979664014,21.518844619528977,
1879-05-01,,,,11.62,,4.78,4.452518646012624,26.79044537521438,
1879-06-01,,,,11.48,,4.8,4.574134727061557,28.721876853040396,
1879-07-01,,,,11.52,,4.75,4.560555555555556,29.582907112742763,
1879-08-01,,,,11.41,,4.75,4.660908559742917,30.33131796581159,
1879-09-01,,,,11.64,,4.62,4.504398625429554,30.36602042492582,
1879-10-01,,,,12.71,,4.2,3.797820613690008,36.66177579257142,
1879-11-01,,,,13.17,,4.02,3.539681093394078,36.46710378685996,
1879-12-01,,,,12.95,,4.07,3.6853410553410555,31.968473628214156,
1880-01-01,,,,13.13,,4.01,3.5961462300076157,32.92978394518094,
1880-02-01,,,,13.06,,4.04,3.663634507401736,35.04943340757003,
1880-03-01,,,,13.01,,4.06,3.719728414040483,36.12547475317083,
1880-04-01,,,,12.43,,4.25,4.105052292839904,38.03427766627821,
1880-05-01,,,,11.2,,4.72,5.015238095238096,30.745749499777418,
1880-06-01,,,,11.01,,4.8,5.195985467756586,33.78211134381006,
1880-07-01,,,,11.28,,4.69,5.005248226950355,39.69738680538632,
1880-08-01,,,,11.45,,4.62,4.9002911208151385,44.47940295515256,
1880-09-01,,,,11.2,,4.73,5.121904761904762,42.495480294618915,
1880-10-01,,,,11.3,,4.69,5.069557522123894,46.38162462043922,
1880-11-01,,,,11.67,,4.55,4.815646958011997,52.26504169377466,
1880-12-01,,,,11.92,,4.45,4.662595078299777,56.66519156973564,
1881-01-01,18.47395230140493,-0.010488744813437,,12.74,,4.28,4.149293563579278,67.45728346496381,
1881-02-01,18.14725816499023,-0.011392839551264,,12.81,,4.38,4.113067915690866,64.97604166336919,
1881-03-01,18.270119140204987,-0.0131231180772923,,13.07,,4.41,3.964442744197908,66.57442735170204,
1881-04-01,17.95010827822289,-0.0075035017219817,,13.14,,4.5,3.9303500761035006,64.12833207725129,
1881-05-01,18.869718693152592,-0.0088810899862742,,13.85,,4.38,3.5468832731648616,72.94704423370415,
1881-06-01,19.028710731115776,-0.0077324654335101,,14.15,,4.41,3.400471142520612,74.78884200480935,
1881-07-01,18.116367187389734,-0.0040478721406956,,13.78,,4.65,3.59689404934688,66.7366105936814,
1881-08-01,17.28624355397345,0.0021436052233798,,13.58,,4.84,3.7104369170348552,59.374681350823465,
1881-09-01,16.7248366487729,0.0055640506219197,,13.81,,4.88,3.594462949553463,54.40068716635251,
1881-10-01,16.26198941118135,0.0067240357476537,,13.72,,5.04,3.6486297376093293,50.27666283123067,
1881-11-01,16.478642316644866,0.0050693073656584,,13.94,,5.09,3.54026781444285,52.41787720220101,
1881-12-01,15.958754206105072,0.0048775071089471,,13.66,,5.32,3.6939775500244014,47.743286583748116,
1882-01-01,15.678764160028742,0.0060631781355543,,13.48,,5.41,3.7983976261127594,45.29243910925891,
1882-02-01,15.153861528363036,0.0091749223696453,,13.21,,5.53,3.949189376734796,40.55525470829653,
1882-03-01,15.091670299486742,0.0079781280657485,,13.21,,5.54,3.9483560434014624,40.082661742821045,
1882-04-01,14.916997168375298,0.0074981727357587,,13.24,,5.54,3.9303700906344408,38.56988303419988,
1882-05-01,14.567103202191756,0.009991834775673,,13.1,,5.6,4.010254452926208,35.425833161962416,
1882-06-01,14.327404890131668,0.0127292762531832,,13.06,,5.63,4.032801174068402,33.28174082302695,
1882-07-01,15.240559761217824,0.0090931419186627,,13.82,,5.33,3.6108900144717797,41.83803514413429,
1882-08-01,15.525429331463023,0.0080445140503407,,14.26,,5.18,3.3867893875642823,44.53959852238758,
1882-09-01,16.081106624462308,0.0024137828797116,,14.43,,5.13,3.303340263340263,49.75084479789884,
1882-10-01,15.755581030526546,0.0049450109153501,,14.06,,5.27,3.484875533428165,46.791941889073165,
1882-11-01,15.192670313165332,0.0035008618493167,,13.49,,5.51,3.7845651099579936,41.59777889350404,
1882-12-01,15.382128332081964,0.0031815143101116,,13.58,,5.48,3.7346035837015212,43.44819534809863,
1883-01-01,15.270259119098563,0.003649444966553,,13.59,,5.52,3.7283517292126565,42.47753681511321,
1883-02-01,14.757590146176218,0.0047305375556531,,13.36,,5.66,3.8558632734530938,37.75035179109034,
1883-03-01,15.051254121401632,0.0024952795648935,,13.61,,5.61,3.7192052412441843,40.54459838100799,
1883-04-01,15.48206722203667,-0.0002753950050816,,13.98,,5.51,3.5255758226037197,44.62029584400209,
1883-05-01,15.335497637337062,0.0015315856185122,,13.82,,5.62,3.609223347805113,43.30190341914011,
1883-06-01,15.903388388583789,-0.0007597696898063,,14.02,,5.58,3.5068342843556826,48.63578265739985,
1883-07-01,15.948783127017018,-0.0028937843102308,,13.89,,5.69,3.574424046076314,49.07978946297475,
1883-08-01,15.19681087662984,0.0002171205541036,,13.34,,5.97,3.872085207396302,42.08214310997123,
1883-09-01,15.494692425793444,-0.0020348484115956,,13.57,,5.92,3.745863424220093,44.88405852968207,
1883-10-01,15.048056270223828,0.0021206134844089,,13.28,,6.1,3.907620481927711,40.72322242872162,
1883-11-01,15.40821814244886,0.002632588189127,,13.57,,6.03,3.7475300908867597,44.06608876109384,
1883-12-01,14.896403941887154,0.0035706001324259,,13.35,,6.18,3.869803370786517,39.219734447125475,
1884-01-01,14.432821721970717,0.004228642188966,,13.2,,6.34,3.955757575757576,34.82714174744012,
1884-02-01,14.805960228816703,0.0025658227261833,,13.82,,6.14,3.624223347805113,38.24429703490464,
1884-03-01,14.736023454014468,0.0029697008462466,,14.04,,6.13,3.5191737891737898,37.49898297487131,
1884-04-01,14.353453682579469,0.0043444054785743,,13.68,,6.39,3.714941520467836,33.816085196471434,
1884-05-01,13.465050313804896,0.0077210795261653,,12.83,,6.92,4.207565601454923,25.412655014883633,
1884-06-01,12.906876483666856,0.0133359591392863,,12.56,,7.17,4.383450106157111,20.091229719699655,
1884-07-01,13.043931585991665,0.0107765828752254,,12.83,,7.14,4.22423226812159,21.1968724354628,
1884-08-01,13.859813341769316,0.0071264007069202,,13.94,,6.68,3.6119344811095173,28.594655632186505,
1884-09-01,13.569154744335714,0.0076948439400387,,13.8,,6.86,3.6930434782608685,25.68767545676709,
1884-10-01,13.27325131913415,0.0099265400778954,,13.66,,7.06,3.7756442166910684,22.730040858151956,
1884-11-01,13.30443760211972,0.008452660831066,,13.7,,7.17,3.7626034063260336,22.773003319838647,
1884-12-01,13.432292746944755,0.0067139154078263,,14.0,,7.14,3.61452380952381,23.69604389704323,
1885-01-01,13.129817425635956,0.0085123158224836,,13.82,,7.17,3.7158900144717797,20.647953961961463,
1885-02-01,13.384817593597962,0.0082929509633673,,14.41,,6.83,3.432125260235947,22.732373242013715,
1885-03-01,13.734194093452512,0.0042926131988318,,14.6,,6.68,3.3543150684931504,25.668404795598533,
1885-04-01,13.548548541030051,0.0057379374721847,,14.73,,6.56,3.306366259334691,23.737008976900654,
1885-05-01,13.71137187256194,0.0051448214108692,,14.73,,6.5,3.318866259334691,24.994422584361953,
1885-06-01,13.978784368698348,0.0032111125845226,,14.83,,6.4,3.2855883344571812,27.204985483377865,
1885-07-01,14.326658777089325,0.0027569141791608,,15.56,,6.04,2.9817352185089976,30.154030278580745,
1885-08-01,15.130410796707157,-0.0016484217982207,,16.63,,5.59,2.5807291040288636,37.224511454415165,
1885-09-01,15.116285028724242,-0.001797046066068,,16.61,,5.54,2.600469596628537,36.88400463998936,
1885-10-01,15.99102396216898,-0.005290783812508,,17.78,,5.12,2.216796962879639,44.594867050201906,
1885-11-01,16.824034498619017,-0.0062733324591975,,19.17,,4.69,1.8214840897235254,51.91691950269713,
1885-12-01,16.304475952278523,-0.0011325526271279,,19.26,,4.62,1.8096079958463127,47.01022836504936,
1886-01-01,16.69231747079765,-0.0038685591279262,,18.91,,4.58,1.9182072977260711,50.26375944270982,
1886-02-01,17.006648259461,-0.0051008240881719,,18.93,,4.47,1.900120179609086,52.90257533601368,
1886-03-01,16.84326610157013,-0.0058162972749696,,18.21,,4.53,2.0964881933003836,51.284784796191076,
1886-04-01,16.801716131246305,-0.0061157463251582,,17.66,,4.56,2.2550141562853905,50.817003970644706,
1886-05-01,16.863195515097825,-0.0053582071231189,,17.02,,4.62,2.455440658049354,51.319844776580936,
1886-06-01,17.83149405537688,-0.0072154380820541,,17.5,,4.38,2.2817857142857143,59.99359319694506,
1886-07-01,17.845845041532208,-0.0061632867403133,,17.48,,4.28,2.2758237986270022,60.1383786802568,
1886-08-01,17.723912799619267,-0.0056081304491679,,17.32,,4.22,2.3161720554272516,59.08739060377535,
1886-09-01,18.147143925800027,-0.0079534562704792,,17.49,,4.08,2.247552887364208,62.96753467472831,
1886-10-01,18.56238134286657,-0.0110920025990452,,17.66,,3.95,2.1800141562853907,66.83454020690331,
1886-11-01,18.96831263494284,-0.013247391881082,,17.82,,3.83,2.116672278338945,70.68843983212662,
1886-12-01,18.19405755688644,-0.0116704752760212,,17.09,,3.9,2.3438750731421885,63.96971614917495,
1887-01-01,17.512222096304956,-0.0090202886756547,,16.78,,3.99,2.4394755661501786,58.10346738744332,
1887-02-01,17.125366596972313,-0.0041399718116107,,16.54,,4.06,2.5134492140266027,54.8692369028583,
1887-03-01,17.473213711513758,-0.0009743604392796,,16.8,,4.01,2.407380952380952,58.24371741182057,
1887-04-01,17.822983639100713,-0.0049207840008725,,17.06,,3.97,2.3041647127784293,61.606727296445364,
1887-05-01,18.07544542745825,-0.0075842111504657,,17.23,,3.94,2.2338305281485775,64.12376745001649,
1887-06-01,17.707695663272986,-0.0023459262036217,,16.61,,4.1,2.437969596628537,61.02819990246648,
1887-07-01,17.431460535613073,-0.0036613784970699,,16.09,,4.25,2.6200403977625855,58.72600562349022,
1887-08-01,16.739849614820706,0.003477957623553,,15.57,,4.4,2.815107578676943,52.65810483856021,
1887-09-01,16.676629667380144,0.0033621784870726,,15.26,,4.51,2.9330799475753606,52.263077443227516,
1887-10-01,15.880666812517312,0.0074165025414431,,14.65,,4.71,3.1934385665529006,45.17865082624783,
1887-11-01,15.950712201066777,0.0101223848621893,,14.83,,4.67,3.0980883344571803,45.99012489270431,
1887-12-01,15.455513454469944,0.0142970282550891,,14.64,,4.74,3.1731010928961747,41.59423223076464,
1888-01-01,15.358662514259905,0.0187204155751646,,15.1,,4.68,2.952516556291391,40.81634230349791,
1888-02-01,15.418178318820535,0.0185459735962289,,15.38,,4.67,2.850283918508887,41.39853779863208,
1888-03-01,14.808972366946566,0.0234847757246896,,15.16,,4.82,2.9629727352682496,35.819689188439874,
1888-04-01,15.02010868184446,0.0226329960426275,,15.61,,4.77,2.791149903907751,37.714306414832244,
1888-05-01,15.387916957229132,0.0233200271608485,,16.24,,4.68,2.5609688013136296,41.015320280174805,
1888-06-01,15.07762881843469,0.0258985373347212,,16.16,,4.79,2.609785478547855,38.051563960835225,
1888-07-01,15.279642515498171,0.0252590129213168,,17.04,,4.64,2.3085446009389665,39.738128408827535,
1888-08-01,15.602911670088806,0.0229745751912111,,17.9,,4.51,2.0449255121042835,42.494837597968505,
1888-09-01,15.98782882176142,0.0216148865045283,,18.88,,4.37,1.773276836158193,45.784088919043974,
1888-10-01,15.7159418743297,0.0251568771409909,,19.34,,4.36,1.665630816959669,43.05097086005152,
1888-11-01,15.22374901694628,0.0296777255990026,,19.53,,4.42,1.6336610343061948,38.27208120888255,
1888-12-01,14.946748301089226,0.033377840719047,,19.77,,4.47,1.589835609509358,35.41112798107857,
1889-01-01,15.802286071028162,0.0252788755597694,,19.9,,4.37,1.5751256281407038,42.74176443628592,
1889-02-01,16.192720447848995,0.0214483016164297,,19.87,,4.31,1.585212632108706,45.876255432596146,
1889-03-01,16.06504536076929,0.0218954299545478,,19.22,,4.38,1.757913631633715,44.35390912007657,
1889-04-01,16.05010453396748,0.0231285367606984,,18.95,,4.38,1.8345448548812664,43.839768394595694,
1889-05-01,16.915421076068377,0.0175118181723821,,19.23,,4.24,1.7602080083203324,51.172456223582266,
1889-06-01,17.21930294394769,0.0176552251317845,,19.32,,4.16,1.7384834368530022,53.47806897651839,
1889-07-01,16.88921449110752,0.0176535496029279,,18.71,,4.23,1.9097354355959375,50.11115098948486,
1889-08-01,17.13185397534573,0.0168399635039651,,18.73,,4.16,1.9065282968499728,51.84461513527212,
1889-09-01,17.350788026348603,0.0139601013292113,,18.97,,4.05,1.8414812862414336,53.34903718073705,
1889-10-01,17.05321440295549,0.0095907592579842,,18.41,,4.11,2.0043305268875606,50.314247825752844,
1889-11-01,16.906021170249375,0.0050333918368153,,18.03,,4.13,2.121311702717692,48.678507998992984,
1889-12-01,16.61033807660339,0.0043897649033883,,17.73,,4.14,2.2176579244218835,45.802523399043714,
1890-01-01,17.220071982181903,-0.0029555589998916,,17.98,,4.09,2.141735261401557,50.885499720986324,
1890-02-01,17.02681498267141,-0.0024631020800412,,17.83,,4.14,2.1718582912693964,48.95836140631988,
1890-03-01,16.901122288589907,-0.0031144040035788,,17.75,,4.17,2.1804694835680745,47.59620825207313,
1890-04-01,17.257854542603198,-0.000757033008033,,18.17,,4.08,2.0335773252614193,50.42432361011458,
1890-05-01,17.786430487858617,0.0014888374225166,,19.0,,3.91,1.7764912280701761,54.65318637140821,
1890-06-01,17.68436084445016,0.0036494746472916,,18.92,,3.94,1.7820789288231142,53.300926573863805,
1890-07-01,17.58929544086486,0.0037884300307326,,18.83,,3.97,1.7906744556558691,51.95268193055864,
1890-08-01,16.596791133979103,0.0105999423389329,,18.45,,4.07,1.8833875338753385,42.85304319958809,
1890-09-01,16.1697020006153,0.0121801075833063,,18.19,,4.14,1.9441927799157037,38.59643576348945,
1890-10-01,15.482849163344437,0.0147569777651596,,17.42,,4.33,2.1705281285878297,32.12717999591958,
1890-11-01,14.745043493292805,0.0144792931887673,,16.2,,4.67,2.5861728395061725,25.250119837726004,
1890-12-01,14.44299123133844,0.0147437830554409,,15.86,,4.78,2.7018369062631358,22.12458437721967,
1891-01-01,15.428980086469096,0.0099493808251887,,16.45,,4.55,2.4590273556231006,29.850337532729633,
1891-02-01,15.476522332432538,0.0099700471158192,,16.43,,4.49,2.468093933860824,29.66339697257341,
1891-03-01,15.051623357657384,0.0129868880347877,,15.9,,4.57,2.6726415094339613,25.560627219140674,
1891-04-01,15.408945125474125,0.0116487527044393,,16.2,,4.43,2.557839506172839,28.000889274392705,
1891-05-01,15.566495230713253,0.0108227411096111,,15.93,,4.44,2.6641305712492156,28.792225337142497,
1891-06-01,15.65821139563815,0.0080978879362577,,15.4,,4.54,2.8818398268398266,29.056410068713955,
1891-07-01,15.61791923864599,0.0061039371490866,,14.94,,4.61,3.083440428380188,28.284230381814403,
1891-08-01,16.163998509963037,0.0020408967091835,,15.25,,4.46,2.949043715846995,32.37008184566199,
1891-09-01,17.711261413256526,-0.0082668332111861,,16.27,,4.13,2.53961483302602,44.661485575449554,
1891-10-01,17.716568589826363,-0.0091704230003878,,16.07,,4.13,2.6177753578095833,44.42452397736636,
1891-11-01,17.671739174763996,-0.0093283281651973,,15.63,,4.19,2.7946193218170183,43.821613881292265,
1891-12-01,18.20630300020993,-0.0109731544644674,,15.91,,4.07,2.6836884558977574,47.961983168282906,
1892-01-01,19.016388404225275,-0.0157807154230908,,16.09,,4.02,2.6150403977625856,54.35787841827005,
1892-02-01,19.03642504097844,-0.0168609614241313,,16.0,,4.05,2.6375,54.38471617770715,
1892-03-01,19.73805484932302,-0.0213941004124337,,16.06,,4.03,2.6016500622665015,59.96200547874366,
1892-04-01,19.94326524163865,-0.0242210727496688,,15.91,,4.07,2.6478551225644242,61.56809987746084,
1892-05-01,19.91146521348981,-0.0251435802252814,,15.8,,4.1,2.679113924050633,61.303444534029694,
1892-06-01,19.769284397136744,-0.0257769788288357,,15.61,,4.15,2.7436499039077513,60.17186603192,
1892-07-01,19.21188643450556,-0.0209981017550706,,15.5,,4.18,2.7766129032258062,55.70120226927391,
1892-08-01,19.204303803173826,-0.020715090945244,,15.61,,4.15,2.7186499039077514,55.643033295657254,
1892-09-01,18.6942718095882,-0.0167745114325599,,15.12,,4.29,2.9137566137566138,51.517205936578534,
1892-10-01,19.040214915324704,-0.016971520676857,,15.32,,4.23,2.8149151436031334,54.30543620168038,
1892-11-01,18.463312690799995,-0.0120595268925306,,15.16,,4.28,2.871306068601583,49.61541400856546,
1892-12-01,18.01300925127574,-0.0086868929989243,,14.89,,4.36,2.9784167226326392,45.91423812188591,
1893-01-01,17.656643708098773,-0.0041021548362557,,15.55,,4.29,2.680868167202572,42.958087822939774,
1893-02-01,17.125193854872453,-0.0020583817590019,,15.67,,4.39,2.635787598383322,38.51109194060341,
1893-03-01,16.899589031582323,-0.0026649839599117,,15.5,,4.57,2.70994623655914,36.51515565884538,
1893-04-01,17.102541578254918,-0.0035887991634665,,15.93,,4.58,2.5399639045825486,37.97421154680167,
1893-05-01,15.780987310776254,0.0010804606415404,,14.93,,5.05,2.964590310337129,27.125172456490798,
1893-06-01,15.416503863597692,0.0030336802960417,,14.63,,5.31,3.1061033264980624,23.98537392742506,
1893-07-01,14.349854182760948,0.007334390771946,,13.67,,5.88,3.5902889539136784,15.189998378041247,
1893-08-01,14.58805653580781,0.0023197397456332,,13.75,,6.05,3.551893939393939,16.863137797912465,
1893-09-01,15.01206907913876,0.0053443003566988,,15.2,,5.66,2.8622807017543863,20.03170511655967,
1893-10-01,15.271794153520185,0.0055295620163699,,16.17,,5.52,2.4717918985776124,21.79745721118984,
1893-11-01,15.942411400571672,0.0012583784971808,,16.98,,5.45,2.1809481743227326,26.78250349155775,
1893-12-01,15.612694335464932,0.0003074989231914,,16.96,,5.67,2.1920597484276727,23.79397080603185,
1894-01-01,15.739869351948222,-0.0028314224593466,,17.16,,5.71,2.1275058275058276,24.431927602901204,
1894-02-01,16.202736596449927,-0.0058029214438804,,18.0,,5.55,1.8755555555555548,27.72739885364586,
1894-03-01,17.187622088121927,-0.0119050716554211,,19.19,,5.32,1.5510474205315266,35.10881916861135,
1894-04-01,17.43484907805245,-0.0105147833878499,,20.16,,5.18,1.3203174603174603,36.68201750473654,
1894-05-01,16.808751920918006,-0.0061149548233006,,20.16,,5.3,1.3403174603174604,31.382003739240048,
1894-06-01,16.606319695292527,-0.00518973312755,,20.67,,5.3,1.2379293662312518,29.37815638426744,
1894-07-01,16.28967971491695,-0.0027700206733354,,21.07,,5.33,1.1660844803037493,26.487667158878004,
1894-08-01,16.457777072998365,-0.0004167757893686,,22.81,,5.06,0.8240420868040332,27.34347339867056,
1894-09-01,16.52231544487721,0.0019768623530273,,24.22,,4.91,0.5888191577208923,27.359190152283674,
1894-10-01,16.502904205708422,0.0005772497776944,,24.56,,4.99,0.5516612377850159,26.696439869893695,
1894-11-01,16.54278444744455,0.0028246636689232,,25.79,,4.91,0.37747188832880996,26.488905772316862,
1894-12-01,16.672466333767723,0.0022655090778565,,26.88,,4.88,0.24023809523809492,26.93103719564651,
1895-01-01,16.52444393516271,0.0030027891519042,,25.37,,4.9,0.4816633819471816,25.249594180366607,
1895-02-01,16.3312376932114,0.0024857878192884,,23.94,,4.93,0.7054427736006685,23.27909694638881,
1895-03-01,16.36462542717479,0.0044909440197235,,22.96,,4.89,0.8720673635307783,23.07716060026013,
1895-04-01,16.387543823686293,0.0073255558090351,,23.0,,4.65,0.8528260869565214,22.814566721815588,
1895-05-01,17.080369553382383,0.0083761114079656,,23.34,,4.38,0.7778234790059981,27.5753625449632,
1895-06-01,17.20741353978338,0.0115191269980259,,22.93,,4.26,0.8427656636138976,28.09824967744692,
1895-07-01,17.546014648740545,0.0077553380580636,,22.21,,4.2,0.9724763619990999,30.191890269008837,
1895-08-01,18.074072547241787,0.0046143262527669,,21.77,,4.11,1.0518105956208847,33.73837846620405,
1895-09-01,18.20033594660546,0.0052937747658564,,21.19,,4.05,1.16587383986157,34.35554722279548,
1895-10-01,17.94470662246647,0.0059598073262705,,20.21,,4.07,1.3830455220188025,32.18744172817276,
1895-11-01,17.342998991921686,0.0065966071475565,,18.93,,4.18,1.7059535129424197,27.52557711708066,
1895-12-01,16.548415156667954,0.0055613476259542,,17.28,,4.4,2.1987037037037025,21.515095963344155,
1896-01-01,16.576224828568183,0.0062604116349686,,17.31,,4.43,2.1770075101097635,21.625018227502736,
1896-02-01,17.515403352637268,0.0017805233819332,,18.29,,4.23,1.8841352287224353,28.378329875370746,
1896-03-01,17.232362712298606,0.0040598699544547,,18.25,,4.28,1.9127853881278538,26.15191428718009,
1896-04-01,17.643699378129998,0.0026304574066016,,18.67,,4.22,1.8061863952865558,28.964575975126117,
1896-05-01,17.828266894232822,0.0031802127213657,,18.86,,4.22,1.7688936019794985,30.083798827937457,
1896-06-01,17.777578616430464,0.0032653672633128,,18.78,,4.28,1.8081469648562294,29.44129673114675,
1896-07-01,16.637100103394584,0.0060532997371381,,17.82,,4.56,2.111672278338945,20.853295469447875,
1896-08-01,15.703370546226877,0.0085761667136347,,17.06,,4.81,2.378331379445096,13.786340975726263,
1896-09-01,16.54433994303202,0.0055058693897917,,18.23,,4.55,2.0187968550009137,19.56320635020157,
1896-10-01,16.43886680472589,0.0089894799045272,,18.92,,4.43,1.8354122621564475,18.45684638349585,
1896-11-01,17.089425242371124,0.0096930200802203,,20.53,,4.13,1.4375872706608215,22.72962146643913,
1896-12-01,16.501404180590093,0.0107363381680949,,20.1,,4.27,1.5584577114427858,18.052655131865425,
1897-01-01,17.026521282380564,0.0038227047514217,,19.33,,4.27,1.773305742369375,21.325707617830215,
1897-02-01,16.8940258832541,0.0031669328023881,,18.44,,4.31,2.0271601590744757,19.978848057664365,
1897-03-01,16.95803071672104,0.002985188650837,,17.83,,4.3,2.2168582912693964,20.068878226589316,
1897-04-01,16.696857434734664,0.0025014578482111,,16.69,,4.43,2.6041117435590166,17.886706108179105,
1897-05-01,17.04775512922939,-0.0001568868307702,,16.21,,4.41,2.7856981287271227,20.06530716448969,
1897-06-01,17.850497280690615,-0.0015985160058095,,16.42,,4.22,2.710967316280958,25.45075295414936,
1897-07-01,18.6519757558203,-0.0027943487692444,,16.62,,4.04,2.641847172081829,30.818233413313266,
1897-08-01,19.006396010519445,-0.0005732139020454,,17.17,,3.79,2.453278489613666,33.04842986834362,
1897-09-01,19.372370293397807,0.002458461223091,,17.47,,3.61,2.357431787826751,35.339427802915104,
1897-10-01,19.028031223902435,0.0008620890733763,,16.43,,3.73,2.723927267194157,32.64490940214464,
1897-11-01,18.358448098050225,0.0016591271266084,,15.41,,3.87,3.1309593337659525,27.75694736408949,
1897-12-01,18.74875766252551,-0.0017115718291626,,15.32,,3.79,3.173248476936467,30.290636887203128,
1898-01-01,19.24900002181376,-0.0041739014245349,,15.58,,3.72,3.0684852374839537,33.63722334261505,
1898-02-01,18.918131888002144,-0.0005501052134227,,15.38,,3.76,3.1727839185088857,31.269573713363876,
1898-03-01,18.04217492346868,0.0022245766228676,,14.53,,3.98,3.5739791236522147,25.13421994464453,
1898-04-01,17.70508942641178,0.0046218682354494,,14.14,,4.09,3.784635785007072,22.779924487870694,
1898-05-01,17.595635274512816,0.0130362336621402,,14.91,,3.87,3.440241448692153,22.03175264922359,
1898-06-01,19.544817480548,0.0020330445972529,,15.33,,3.75,3.277323874755381,35.4995106851717,
1898-07-01,19.85894301416731,-0.0011232274275904,,15.24,,3.77,3.336679790026247,37.752496480366474,
1898-08-01,20.54491517915328,-0.0025961971848833,,15.65,,3.67,3.185609691160809,42.670572943173646,
1898-09-01,20.442732862691308,-0.0021445692694496,,15.47,,3.71,3.2807907778496013,42.16659384819443,
1898-10-01,19.947199825773662,-0.0018673158147902,,15.0,,3.82,3.504166666666667,38.96552334347043,
1898-11-01,20.52741632481129,-0.0042081023515611,,15.34,,3.73,3.3772381573229033,43.317589375976716,
1898-12-01,21.403631985448182,-0.0046050711802031,,16.14,,3.54,3.0749535315985126,49.81793351044956,
1899-01-01,22.93280741648719,-0.0040674292764648,,16.85,,3.3,2.8347181008902074,60.9559211747363,
1899-02-01,23.0481175499802,-0.0004102598870393,,16.98,,3.2,2.785114840989399,62.20204636885729,
1899-03-01,23.27968224550873,0.0003139376814579,,16.73,,3.16,2.868952978681012,64.24606285328282,
1899-04-01,23.152421525686496,0.0018540732642901,,16.48,,3.14,2.955461165048543,63.78323753669797,
1899-05-01,22.091269360834197,0.0063341790783615,,15.36,,3.29,3.39375,56.70183063358327,
1899-06-01,21.21209192504684,0.0095015040646232,,14.63,,3.38,3.714436659831396,50.879219299928266,
1899-07-01,21.561425634523125,0.0100129590058261,,14.75,,3.28,3.6546610169491522,53.79275205780492,
1899-08-01,21.72623737305545,0.0109207746768277,,14.75,,3.21,3.6504943502824854,55.407960622628764,
1899-09-01,20.591140514113786,0.0159898218823926,,14.23,,3.26,3.8940735535254154,47.71189050523823,
1899-10-01,20.15371346068661,0.018243647300443,,13.83,,3.29,4.093157989877079,44.96345681924192,
1899-11-01,20.19645752080229,0.0193247742894886,,13.77,,3.24,4.120497458242556,45.66687139907921,
1899-12-01,18.512649643600195,0.0237717005478369,,12.54,,3.49,4.828648325358852,33.890067308304886,
1900-01-01,18.67427536244477,0.0257378115670352,,12.71,,3.57,4.717820613690007,35.44710522476531,
1900-02-01,18.703797417251437,0.0268976529630892,,12.94,,3.62,4.582141937145802,36.02495089597269,
1900-03-01,18.77579342123837,0.0267343071474914,,13.04,,3.71,4.527044989775051,36.895551251056766,
1900-04-01,18.93640203332273,0.0263242499179315,,13.21,,3.79,4.432522710068129,38.41790879832079,
1900-05-01,18.403197016950404,0.0242328586516376,,12.58,,4.1,4.815792262851086,34.86316817387649,
1900-06-01,17.992711584303972,0.0242863931112911,,12.21,,4.35,5.060841523341523,32.24251118113115,
1900-07-01,17.68954546895279,0.0265083722450727,,12.21,,4.48,5.065008190008189,30.41576204301264,
1900-08-01,18.069614666784183,0.0205030005968179,,12.38,,4.55,4.956711093161012,33.60907727266318,
1900-09-01,17.341874151224705,0.0229104466516024,,12.08,,4.78,5.1614790286975705,28.65791501629189,
1900-10-01,18.102398784556044,0.0193076134800888,,12.52,,4.74,4.874720447284345,34.74108491107351,
1900-11-01,19.419584603760757,0.0179748125893105,,13.5,,4.51,4.299074074074074,45.040269431885015,
1900-12-01,20.74405116087084,0.0134902674456145,,14.31,,4.37,3.8839535290006983,55.43654080246441,
1901-01-01,20.97858183453618,0.0154413628921573,,14.68,,4.27,3.7119891008174384,57.7280935115543,
1901-02-01,21.679149848206176,0.0113859460362587,,15.0,,4.18,3.56,63.49724548106472,
1901-03-01,22.34758395068384,0.0087471301208264,,15.48,,4.06,3.3466149870801036,69.08317519601341,
1901-04-01,24.4097169948272,0.0024736219890211,,16.72,,3.77,2.860861244019139,85.2831738130236,
1901-05-01,23.064012684863552,0.0059728054263651,,15.83,,3.99,3.1904527268898715,75.66251424558314,
1901-06-01,25.238466205960336,0.0045684933621028,,17.35,,3.65,2.630355427473583,92.8441861704974,
1901-07-01,23.14484855370809,0.0105647383378574,,16.13,,3.93,3.059628022318661,77.37227708182446,
1901-08-01,23.077177713844367,0.0118661885203904,,16.3,,3.9,2.9883026584867074,77.32168826429768,
1901-09-01,22.59046831686023,0.0152054206935735,,16.16,,3.94,3.034785478547855,74.00222094226712,
1901-10-01,22.25290161840892,0.0158102566507971,,15.93,,4.0,3.1174639045825483,71.76287950819412,
1901-11-01,22.375074777652788,0.0179774896214205,,16.22,,3.94,2.998561446773531,73.05644716804589,
1901-12-01,21.68021514102967,0.0205474496415332,,15.9,,4.03,3.1159748427672946,67.96957998193218,
1902-01-01,22.34029079603356,0.0204939743032923,,15.9,,3.95,3.1093081761006283,73.34387474395369,
1902-02-01,22.45995745246039,0.0201554814301437,,15.7,,3.93,3.1794267515923567,74.5518261358612,
1902-03-01,22.41065228821733,0.0228084652273201,,15.4,,3.93,3.2935064935064933,74.47868178292406,
1902-04-01,22.82310869849784,0.024471114945135,,15.61,,3.81,3.1961499039077514,77.99649732185978,
1902-05-01,22.42795449332979,0.0263423826563985,,15.27,,3.83,3.3287884741322853,75.20002548618872,
1902-06-01,21.963742295514614,0.0283712120835323,,14.88,,3.86,3.4904301075268807,71.85769157987134,
1902-07-01,22.38568658940136,0.0247093358963878,,14.94,,3.79,3.453440428380188,75.45245665766112,
1902-08-01,23.16867183409285,0.0205953724747784,,15.05,,3.7,3.394518272425249,81.96530000953115,
1902-09-01,22.856566381954494,0.022266499788554,,14.81,,3.7,3.4921944632005397,79.96179700282575,
1902-10-01,20.604425401859803,0.0337912354989395,,14.09,,3.83,3.8272320794889994,62.63523868731804,
1902-11-01,20.408541255072176,0.0281888989837706,,13.31,,4.0,4.233148009015778,61.38005748550586,
1902-12-01,19.63323212682384,0.0298818220714873,,12.78,,4.1,4.53472613458529,55.65140328040285,
1903-01-01,20.318132053828496,0.0254615154674945,,13.61,,3.92,4.047538574577517,61.516044870268935,
1903-02-01,20.107051517552808,0.0246869476278977,,13.71,,3.96,3.9856126914660828,60.29845189444865,
1903-03-01,19.88456038487284,0.0242107044571605,,13.36,,4.15,4.168363273453094,58.99749541991828,
1903-04-01,18.98002260182627,0.0277605817057181,,12.99,,4.34,4.373229407236336,52.25397821398796,
1903-05-01,18.954858723039877,0.0266817246427537,,12.92,,4.45,4.406604747162023,52.52984728642818,
1903-06-01,17.818551722968518,0.0325161246080778,,12.38,,4.74,4.7358777598276784,43.86452346353988,
1903-07-01,16.91817841476666,0.0380459524443537,,11.98,,4.99,4.997245409015026,37.02754055180857,
1903-08-01,16.299118790903503,0.0442933462477048,,11.77,,5.18,5.1378433871424525,32.40940799664118,
1903-09-01,15.65435911519692,0.0438226185556059,,11.66,,5.33,5.209662664379645,27.51925923001877,
1903-10-01,15.252943825778845,0.0429265110725215,,11.45,,5.54,5.358624454148472,24.610803621878084,
1903-11-01,15.4078775342979,0.0436635306827503,,11.67,,5.55,5.185646958011997,26.27223843745945,
1903-12-01,16.042894140050148,0.0423713950434658,,12.4,,5.33,4.672849462365591,31.886890563987656,
1904-01-01,15.861833914033646,0.0481489554392364,,12.68,,5.19,4.486435331230284,30.79768558123328,
1904-02-01,15.021498380331442,0.0553570231091605,,12.42,,5.28,4.644863123993559,24.20994575308255,
1904-03-01,15.081930176258869,0.056792722066092,,12.46,,5.25,4.61234884965222,25.028844466924348,
1904-04-01,15.565490611691493,0.0534956482419626,,12.85,,5.07,4.362101167315175,29.376604401640805,
1904-05-01,15.525820896254642,0.0512155871344385,,12.66,,5.13,4.472227488151659,29.416525735464493,
1904-06-01,15.474433638652656,0.0513628083135552,,12.76,,5.07,4.403657262277952,29.40331223209427,
1904-07-01,16.036401629624113,0.0490315500476061,,13.38,,4.82,4.033841554559043,34.54951051153707,
1904-08-01,16.304651978851037,0.0462169579479006,,13.93,,4.61,3.732084230677196,37.271260762980795,
1904-09-01,16.742600049163695,0.0442990892280698,,14.64,,4.37,3.3772677595628418,41.46169928353392,
1904-10-01,17.63319737082141,0.0440906924906587,,15.6,,4.09,2.9502564102564106,49.526275654697784,
1904-11-01,18.076200223770076,0.0449590901317152,,16.56,,3.83,2.5719806763285025,53.835755526040515,
1904-12-01,18.15967911870321,0.0461129478955935,,16.84,,3.76,2.4649089469517027,55.08764629438381,
1905-01-01,18.459852032455856,0.0451508440653342,,16.69,,3.7,2.511611743559017,58.21179397827896,
1905-02-01,19.16899637582984,0.0431884676563596,,16.92,,3.56,2.434332151300236,64.88531439676497,
1905-03-01,19.83150607421842,0.0403296918235846,,16.92,,3.48,2.4384988179669023,71.21431781911411,
1905-04-01,19.48292752471129,0.036922139219511,,16.25,,3.54,2.6863461538461544,68.85621241886459,
1905-05-01,18.62948750984513,0.0367447857108642,,15.04,,3.74,3.1856028368794336,62.125343046003344,
1905-06-01,18.73586238618355,0.0350980496875416,,14.83,,3.72,3.2839216677905148,63.76400756088027,
1905-07-01,19.20588330954806,0.0352171558664945,,14.91,,3.63,3.2519081153588196,68.62876149709565,
1905-08-01,19.573308430803724,0.0368518004888576,,15.08,,3.51,3.1804664014146766,72.63126318131685,
1905-09-01,19.743492419697777,0.0352874766114821,,14.77,,3.52,3.323814037463327,74.89837712541245,
1905-10-01,19.89739481432953,0.034937378685382,,14.62,,3.49,3.3974452804377564,77.0712085683825,
1905-11-01,19.443525693264988,0.0373178187790799,,14.21,,3.53,3.5989643443584316,73.83826317407924,
1905-12-01,19.57796080909612,0.0395886106206983,,14.24,,3.46,3.588305243445692,75.84414813130074,
1906-01-01,20.1324022608079,0.0396755669241759,,14.57,,3.4,3.4334179821551127,81.62880358080717,
1906-02-01,19.86675256367589,0.0416145817529527,,14.31,,3.49,3.538120195667365,80.04525045765354,
1906-03-01,19.259453020854124,0.0430017834627849,,13.81,,3.63,3.7711296162201293,75.34827989669195,
1906-04-01,18.876204996115888,0.045354641484752,,13.47,,3.75,3.9339049740163317,72.68051472025256,
1906-05-01,18.0540444609264,0.0502406402910343,,12.98,,3.91,4.194160246533128,65.96206460509518,
1906-06-01,18.17266637649751,0.051229005412075,,13.01,,3.92,4.156395080707149,67.85609688370249,
1906-07-01,18.195200143513752,0.0474700962429745,,12.54,,4.09,4.424481658692185,68.8855596068499,
1906-08-01,18.967251477549308,0.047371634291944,,13.33,,3.87,3.931875468867217,77.0095012537109,
1906-09-01,19.20099368200136,0.0476819451970229,,13.6,,3.81,3.762941176470589,80.1437408752631,
1906-10-01,18.095380908869103,0.049852624506333,,13.06,,3.99,4.0469678407350695,70.67575238428397,
1906-11-01,18.14185165400797,0.0476386254271033,,13.2,,3.97,3.9457575757575762,72.02998903864899,
1906-12-01,17.660003667768663,0.0500437594568299,,12.95,,4.07,4.072007722007722,68.38064081899837,
1907-01-01,17.218913853705985,0.0531797293214332,,12.72,,4.22,4.191635220125786,65.07786889272502,
1907-02-01,16.21707128876616,0.0587990116057509,,12.46,,4.39,4.339015516318887,56.274238236806326,
1907-03-01,14.687545255978655,0.0639599861306816,,11.36,,4.91,5.099483568075119,42.18297836545375,
1907-04-01,14.669709905602746,0.0654075495452476,,11.55,,4.93,4.938008658008657,42.63007703369528,
1907-05-01,13.790107153424248,0.0733295082211955,,11.28,,5.14,5.128581560283688,34.60987933495856,
1907-06-01,13.144269952673213,0.0778015755574023,,11.04,,5.36,5.304637681159421,28.735522420816096,
1907-07-01,13.585007357961848,0.0751666906208551,,11.6,,5.2,4.850689655172415,33.4426832286816,
1907-08-01,12.513471604446613,0.0766938793947506,,10.86,,5.67,5.421436464088399,23.240474411603863,
1907-09-01,12.328569657736631,0.0747736532991324,,10.88,,5.77,5.387843137254902,21.731418315344932,
1907-10-01,10.831840153050605,0.0883399314815621,,9.81,,6.53,6.373679918450559,7.212948046982914,
1907-11-01,10.591177559189784,0.0859701704449004,,9.35,,6.99,6.858520499108734,5.037733478491724,
1907-12-01,11.333306235811172,0.0774087028930901,,9.95,,6.7,6.196917922948074,12.630676474415914,
1908-01-01,11.902968628266978,0.0718963826040648,,10.49,,6.38,5.662888465204957,18.52700895287278,
1908-02-01,11.554846295144795,0.0719316167294562,,10.21,,6.57,5.933485961475678,15.281226696953954,
1908-03-01,11.984662664464295,0.0689194888603645,,10.73,,6.26,5.467997825411619,19.800716293190177,
1908-04-01,12.448889158370369,0.0670319877769842,,11.43,,5.89,4.906406386701663,24.66065143021372,
1908-05-01,13.078451355438338,0.0563041712722462,,12.17,,5.55,4.383593536017529,31.160597936897627,
1908-06-01,13.051684129229992,0.0635053334462762,,12.32,,5.5,4.292716450216451,31.117370956129342,
1908-07-01,13.345487104834396,0.0644882284368703,,12.91,,5.26,3.930933384972889,34.22477146762262,
1908-08-01,13.884232895208612,0.0616723425733961,,13.61,,5.0,3.541705241244184,39.75764149468377,
1908-09-01,13.701442268825108,0.0627248816999166,,13.62,,5.02,3.5454772393538927,38.00842396339728,
1908-10-01,13.690810359178704,0.0639841557378429,,13.94,,4.92,3.3861011477761838,37.97009926972355,
1908-11-01,14.435014091256257,0.0614112938141859,,15.05,,4.57,2.8661849390919163,45.50647414980351,
1908-12-01,14.582482908962437,0.0604315993348001,,15.57,,4.43,2.653440912010276,46.99436422581296,
1909-01-01,14.764418456441351,0.0585891126323558,,15.23,,4.45,2.8059881812212737,48.80785599886535,
1909-02-01,14.167157516701357,0.0595525764684143,,14.43,,4.62,3.15750693000693,42.78140598812365,
1909-03-01,14.336058380586213,0.0585959670728283,,14.27,,4.6,3.2227084793272605,44.49135391274967,
1909-04-01,14.645198603086111,0.0577405599034848,,14.56,,4.43,3.070631868131868,47.61645765984832,
1909-05-01,14.95350978658278,0.0572622768879746,,14.7,,4.33,2.9927210884353745,50.72243559261953,
1909-06-01,15.040444676080996,0.0564145792080549,,14.63,,4.29,3.0127699931647296,51.584809634990506,
1909-07-01,15.23150324049768,0.0540946264647906,,14.51,,4.26,3.056798759476224,53.49845744576069,
1909-08-01,15.417580706254755,0.0528672983358276,,14.54,,4.19,3.0300790921595597,55.377357652046435,
1909-09-01,15.254446436821176,0.0505373940589074,,14.25,,4.22,3.1575438596491225,53.73882932190899,
1909-10-01,14.988845296121768,0.0523103042391404,,14.01,,4.24,3.2652587437544613,51.09685183336814,
1909-11-01,14.745631176824585,0.0530187524512904,,13.66,,4.29,3.4356442166910686,48.668379201734815,
1909-12-01,14.750638489265032,0.0526095903457118,,13.55,,4.27,3.482573800738007,48.74393666510415,
1910-01-01,14.547885040564148,0.0524499864021381,,13.31,,4.39,3.6031480090157775,46.726111800764244,
1910-02-01,14.0020379030327,0.0538471690331901,,12.87,,4.58,3.8541744366744366,41.25413367743658,
1910-03-01,14.050006965077824,0.0554923693882247,,13.24,,4.49,3.631203423967774,41.778882278232324,
1910-04-01,13.559883620820084,0.0589683635110625,,12.96,,4.63,3.788549382716049,36.8446234604684,
1910-05-01,13.568792287251451,0.0593978792756744,,12.79,,4.73,3.885274954391452,36.93045756138276,
1910-06-01,13.019657302315938,0.0627246645627963,,12.21,,5.0,4.250841523341522,31.379737460925526,
1910-07-01,12.342581259985222,0.065622385013548,,11.64,,5.3,4.646065292096219,24.53423690452723,
1910-08-01,12.745055150886254,0.0632724933747583,,11.96,,5.2,4.410370680044592,28.588844450861362,
1910-09-01,12.937161101070853,0.0597951059369584,,12.08,,5.19,4.321479028697571,30.515978489963345,
1910-10-01,13.918866656445818,0.0524897649475845,,12.68,,4.99,3.923935331230284,40.42806278436413,
1910-11-01,14.164523175780362,0.0491048534764304,,12.71,,5.02,3.8994872803566745,42.935796373752446,
1910-12-01,13.741478417781552,0.0524855483848743,,12.4,,5.19,4.090349462365592,38.71643789697779,
1911-01-01,14.049215181401207,0.0495676227036415,,12.91,,5.07,3.765933384972889,41.8558031777305,
1911-02-01,14.721488469928309,0.0443602788410516,,13.34,,4.98,3.5137518740629687,48.6654181615642,
1911-03-01,14.37062322197954,0.0470699764010382,,13.41,,5.04,3.472121551081283,45.14614196660811,
1911-04-01,14.752935420329358,0.0432591607083098,,13.58,,5.06,3.3762702503681883,48.9910781149782,
1911-05-01,15.047660591685045,0.0419065528920548,,14.11,,4.96,3.0971722182849044,51.95277929975266,
1911-06-01,15.328355684719288,0.0406646098153201,,14.65,,4.86,2.8334385665529003,54.744352748334556,
1911-07-01,15.083110578700271,0.0415201237432909,,14.85,,4.88,2.7390067340067343,52.198562040395615,
1911-08-01,13.89979066565445,0.0491038964593988,,14.4,,5.13,2.9469444444444446,40.16851758011883,
1911-09-01,12.99795398325244,0.0538758478559208,,13.87,,5.42,3.2098053352559486,30.94552556569139,
1911-10-01,13.066472850619196,0.0534474098488133,,14.22,,5.39,3.029848804500703,31.48495880309381,
1911-11-01,13.7279975864131,0.0474511949429151,,15.07,,5.18,2.630700066357001,37.95978342771284,
1911-12-01,13.92925841957824,0.0440984354291735,,15.44,,5.16,2.469183937823834,39.79774884474534,
1912-01-01,13.79495263184583,0.0470476408238355,,15.22,,5.16,2.5603022339027595,38.26622425289057,
1912-02-01,13.531634369686602,0.0491429307028478,,14.86,,5.22,2.6828084342754597,35.41916030354055,
1912-03-01,13.639769173944174,0.0502658813034486,,15.06,,5.08,2.5567729083665336,36.2753639202471,
1912-04-01,13.65439269055324,0.051641620629539,,15.3,,4.94,2.4159477124183004,36.16862262151641,
1912-05-01,13.645500685612374,0.0501167007252553,,15.07,,4.95,2.4790333996903344,35.803815054419985,
1912-06-01,13.785417404502534,0.0468140577436882,,14.85,,4.96,2.540673400673401,36.92403527996804,
1912-07-01,13.802876645015788,0.0463556347922768,,14.66,,4.96,2.591282401091405,36.842440798467216,
1912-08-01,13.984761763426285,0.0472388737582406,,14.79,,4.86,2.4946585530764036,38.381980242990686,
1912-09-01,13.926285001315875,0.046975292586145,,14.66,,4.84,2.517949067758072,37.51103157757192,
1912-10-01,13.90509270117847,0.0398738480168679,,14.43,,4.86,2.59000693000693,37.007312576384656,
1912-11-01,13.74954101860654,0.0436799188297431,,14.09,,4.92,2.7205654128223324,35.253811826280426,
1912-12-01,13.388999452579634,0.043149761425109,,13.4,,5.12,3.049353233830846,31.451476446462333,
1913-01-01,13.14808879176156,0.0440205827925227,,13.4,,5.16,3.012686567164179,28.853336937613385,
1913-02-01,12.682960516236756,0.0470515125028967,,13.03,,5.35,3.2487637503197755,24.077544051042366,
1913-03-01,12.443453515183656,0.0522102536541739,,12.89,,5.45,3.3562852340315477,21.52662635136626,
1913-04-01,12.433067081795162,0.0525190550488228,,12.99,,5.46,3.3207294072363354,21.189688397800154,
1913-05-01,12.22140106115412,0.0554485291804662,,12.75,,5.61,3.489803921568627,18.90093615002546,
1913-06-01,11.491962852761224,0.0619276367469052,,12.21,,5.91,3.860841523341521,11.585784525185039,
1913-07-01,11.534022795459856,0.0628862275516777,,12.48,,5.83,3.707820512820513,11.77162945771164,
1913-08-01,11.846840543564628,0.0608385661290376,,12.93,,5.68,3.453118716163959,14.571468638047968,
1913-09-01,11.843316826625973,0.0609511612218232,,13.17,,5.63,3.336347760060744,14.312052070802528,
1913-10-01,11.471490240312294,0.0651087219603513,,12.87,,5.81,3.53750777000777,10.51241290062659,
1913-11-01,11.072537845038008,0.0707020157401892,,12.66,,5.96,3.6905608214849916,6.461736245969596,
1913-12-01,11.174040870036796,0.0691064028581346,,12.76,,5.97,3.6528239289446187,7.216866606775518,
1914-01-01,11.636092105046137,0.0634215274293065,,13.48,,5.68,3.2583976261127594,11.434724636581794,
1914-02-01,11.91023387979824,0.0580423272236772,,13.86,,5.54,3.0483405483405486,13.852813692693267,
1914-03-01,11.685526018836828,0.0607378616946648,,13.81,,5.59,3.067796282886796,11.521670485679824,
1914-04-01,11.522662536200231,0.0620107761978201,,13.69,,5.67,3.1246018991964943,9.771376978149116,
1914-05-01,11.479008694164484,0.0656777188335126,,13.98,,5.57,2.966409155937053,9.152589827470603,
1914-06-01,11.42871516883189,0.0659944152460061,,14.14,,5.54,2.8788024516737387,8.440261870470778,
1914-07-01,10.69434518304014,0.0729622912812101,,13.57,,5.79,3.1691967575534266,1.2475331908390563,
1914-08-01,10.49204626507644,0.0755271024765647,,13.8,,5.73,3.039710144927535,-0.9003083599731454,
1914-09-01,10.500497301802133,0.0742023231002749,,14.03,,5.66,2.9142504157757196,-1.0626378231827993,
1914-10-01,10.612759466126224,0.0721227474188785,,14.27,,5.6,2.78770847932726,-0.24672813027908358,
1914-11-01,10.516917642992128,0.071602652010321,,14.51,,5.53,2.665132092809557,-1.3864994776957018,
1914-12-01,10.172217991997863,0.0737548259355874,,14.13,,5.71,2.8438075017692848,-4.845503293615261,
1915-01-01,10.359834197757271,0.0719078236313946,,13.6,,5.63,3.1129411764705885,-3.3211224904262204,
1915-02-01,10.329786209660694,0.0713347179868569,,12.72,,5.71,3.6374685534591187,-3.8175664315517555,
1915-03-01,10.70701318868282,0.0682086390079309,,12.41,,5.58,3.849684394305667,-0.5080120974306657,
1915-04-01,11.401123789000188,0.0637034237298531,,12.72,,5.2,3.669135220125786,5.740133033152506,
1915-05-01,11.02692987647132,0.0690169538590269,,11.87,,5.34,4.247933164841338,2.0820132421095483,
1915-06-01,11.154262189096348,0.0681400421357145,,11.49,,5.29,4.542386858137512,3.0685510477761024,
1915-07-01,11.113629393949603,0.0686261535737383,,10.97,,5.32,4.970770282588878,2.515766245225848,
1915-08-01,11.584831641604604,0.0639592408594777,,10.99,,5.11,4.9700144070367,6.692193914214717,
1915-09-01,12.011570757825892,0.0622162719613681,,10.96,,4.94,5.010754257907541,10.4719668416696,
1915-10-01,12.54907613322016,0.0598142127157831,,11.15,,4.69,4.871109865470851,15.262919613380044,
1915-11-01,12.857714453559314,0.0578887195687493,,11.13,,4.54,4.903059299191373,17.94662762652934,
1915-12-01,12.878444602185992,0.0567696487121605,,10.77,,4.54,5.219217734447541,18.00237625030501,
1916-01-01,12.543563692516177,0.0599867915853107,,9.99,,4.72,5.96001001001001,14.830159699975699,
1916-02-01,12.3546523264588,0.0610557997676714,,9.31,,4.91,6.6761385606874315,13.044692414746773,
1916-03-01,12.177052795748482,0.0630635914499769,,8.8,,5.04,7.283636363636363,11.42015265662657,
1916-04-01,11.906481776593187,0.0657487226445873,,8.27,,5.22,7.996898428053206,8.986613578100865,
1916-05-01,12.026256671905164,0.064579620295515,,8.05,,5.22,8.312360248447204,10.168063901174197,
1916-06-01,11.995961222946583,0.06559125517043,,7.77,,5.29,8.745012870012872,10.02715363847293,
1916-07-01,11.791165275254553,0.0703645009627442,,7.33,,5.48,9.50256480218281,8.32127280325874,
1916-08-01,11.732082638874164,0.0692554633744029,,7.08,,5.56,9.969293785310732,7.964327421986517,
1916-09-01,11.944552417504475,0.0683081137699123,,7.08,,5.45,9.954293785310734,10.170224800900463,
1916-10-01,12.0457417633708,0.0670314889123584,,7.02,,5.39,10.060014245014246,11.391481218291254,
1916-11-01,12.053230403230504,0.067521613279591,,6.92,,5.38,10.250867052023121,11.793307932586107,
1916-12-01,11.413559188849495,0.071812050346403,,6.41,,5.71,11.385624024960999,6.204768303180286,
1917-01-01,10.992361427383427,0.0770000617564158,,6.34,,5.96,11.542870662460567,2.657345341362105,
1917-02-01,10.06318773873573,0.0855316697341376,,6.07,,6.44,12.21613124656782,-5.711553185200902,
1917-03-01,10.32715708010788,0.0837977454129413,,6.34,,6.36,11.4862039957939,-2.947117956537515,
1917-04-01,9.644531197281236,0.0954048914354855,,6.34,,6.58,11.457870662460566,-9.107757969202746,
1917-05-01,9.138988813373585,0.1003078440829967,,6.21,,6.93,11.759726247987118,-13.69423587219243,
1917-06-01,9.148220259539588,0.1004467064754224,,6.43,,6.91,11.18043286677035,-13.43762730249357,
1917-07-01,9.003472377228807,0.100317541232772,,6.35,,7.23,11.348031496062992,-14.6563911777705,
1917-08-01,8.572680466753782,0.1072187900430345,,6.26,,7.58,11.546107561235356,-18.588491701922283,
1917-09-01,7.950823264217068,0.1184226442151681,,6.05,,8.1,12.072258953168046,-24.373755502343496,
1917-10-01,7.387133711108149,0.1282208558476026,,5.81,,8.7,12.726703958691914,-29.646837944604854,
1917-11-01,6.75301360477431,0.1449824366717282,,5.41,,9.65,13.970955021565002,-35.61523943462419,
1917-12-01,6.412593898119822,0.1563399992366836,,5.31,,10.15,14.29072504708098,-38.81843752214426,
1918-01-01,6.640646028655353,0.1541154490952826,,5.74,,9.43,12.851602787456446,-36.623613800611466,
1918-02-01,6.784343551630284,0.1528923566434876,,6.03,,9.02,12.019581260364843,-35.25921400714154,
1918-03-01,6.686355760455896,0.1543629175931809,,6.03,,9.07,12.025414593698176,-36.21777954154292,
1918-04-01,6.520727730547162,0.1585491540435254,,6.09,,9.02,11.867861247947454,-37.82278935338687,
1918-05-01,6.582363231621082,0.1593704909540824,,6.42,,8.6,11.029657320872275,-37.269713336347934,
1918-06-01,6.496291318641058,0.1628850485196714,,6.56,,8.46,10.703069105691057,-38.14151191961853,
1918-07-01,6.371324093848991,0.1676420933086085,,6.76,,8.26,10.257899408284024,-39.39459235272986,
1918-08-01,6.303073760914595,0.1714794979245762,,6.97,,8.05,9.818035628885701,-40.119571987837844,
1918-09-01,6.1491705624316815,0.1775520575881169,,7.09,,7.96,9.581039022096851,-41.66944230983475,
1918-10-01,6.290515321191323,0.1748179518063134,,7.57,,7.51,8.69253963011889,-40.43172515529976,
1918-11-01,6.333327495354157,0.1746379741172472,,7.95,,7.2,8.06694968553459,-40.13845511044721,
1918-12-01,6.134580411283436,0.1799828351150251,,7.98,,7.22,8.02549498746867,-42.13290849476986,
1919-01-01,6.098467639950108,0.1821311332968037,,7.97,,7.22,8.047051442910917,-42.593344710564686,
1919-02-01,6.2396927713649815,0.1749565206825105,,8.04,,7.15,7.898644278606966,-41.402949178549996,
1919-03-01,6.356074004869147,0.1729319074547063,,8.33,,6.9,7.426468587434973,-40.45233164480266,
1919-04-01,6.456139555819278,0.1698149746545369,,8.65,,6.64,6.943193641618496,-39.676560846205774,
1919-05-01,6.829002261482033,0.1611409583644895,,9.3,,6.17,6.096021505376344,-36.374037326195044,
1919-06-01,7.021615214784133,0.1556552693289769,,9.59,,5.97,5.731695342370525,-34.77868098356694,
1919-07-01,7.052837165446314,0.1577288211738155,,9.96,,5.75,5.30516064257028,-34.69657721973718,
1919-08-01,6.47913110170528,0.1706409635555528,,9.34,,6.13,5.9324714489650265,-40.221769726323096,
1919-09-01,6.558481672061264,0.1679234143267489,,9.53,,5.99,5.679846100034979,-39.71829699760781,
1919-10-01,6.7947041999493045,0.1619225775045902,,10.07,,5.67,5.077986593843098,-37.79287180551213,
1919-11-01,6.467022574133134,0.1702855770390373,,9.83,,5.8,5.2812733129874525,-41.03415107052813,
1919-12-01,6.16071703379918,0.1788410589295064,,9.59,,5.94,5.496695342370525,-44.06961011597226,
1920-01-01,5.989667771139442,0.1863420961521562,,9.61,,5.98,5.43582726326743,-45.870225830539056,
1920-02-01,5.455347649907774,0.2036970332504636,,8.92,,6.5,6.230762331838564,-50.935062242710174,
1920-03-01,5.798822727557162,0.1917938399849511,,9.66,,6.06,5.361966873706004,-48.100671336193535,
1920-04-01,5.599858725506185,0.2000270235468172,,9.7,,6.08,5.309278350515465,-50.12311684728521,
1920-05-01,5.188950462047496,0.2176673789194916,,9.2,,6.47,5.859565217391305,-54.0111300162891,
1920-06-01,5.043639680451621,0.2257060922730079,,9.16,,6.57,5.89703056768559,-55.53156590221307,
1920-07-01,5.080592919540797,0.2236472675046153,,9.26,,6.55,5.769136069114472,-55.44729125402124,
1920-08-01,5.020701077922857,0.224316434733718,,9.01,,6.8,6.058779134295229,-56.210847123072206,
1920-09-01,5.297162770108061,0.2132697127200523,,9.45,,6.54,5.5320105820105825,-54.05039842108741,
1920-10-01,5.351177393424158,0.2139375630594733,,9.59,,6.51,5.367528675703857,-53.836558461098335,
1920-11-01,5.126407930947925,0.2236893806301511,,9.23,,6.84,5.764236186348863,-56.030708351420856,
1920-12-01,4.784241045083249,0.2353400608539373,,8.51,,7.49,6.670881316098709,-59.21067977843598,
1921-01-01,5.122184146887373,0.2192079629022203,,9.39,,7.11,5.559627263045792,-56.588468294738334,
1921-02-01,5.274857191205047,0.2141431784325914,,9.87,,7.11,5.1075455927051685,-55.56102718950999,
1921-03-01,5.192348158684176,0.2160920578171753,,10.23,,7.23,4.816837732160313,-56.52871215972552,
1921-04-01,5.297085922739674,0.2152085818094438,,10.97,,7.14,4.223270282588878,-55.92902542728646,
1921-05-01,5.609469225330776,0.2029534231978358,,12.12,,6.87,3.4241584158415854,-53.63951898687529,
1921-06-01,5.216110960989321,0.2164477504378101,,12.02,,7.4,3.5586342207432056,-57.17889576491266,
1921-07-01,5.197779361905472,0.2172313713487321,,13.0,,7.36,2.9973076923076922,-57.62036917863518,
1921-08-01,5.161294823215732,0.215851578718591,,14.02,,7.39,2.5035009510223496,-58.20813747891276,
1921-09-01,5.377524425458259,0.2064012363362298,,15.83,,7.15,1.753786060223205,-56.75292761197408,
1921-10-01,5.479257678053348,0.2036068699196353,,17.87,,6.99,1.0984709009513152,-56.23589205876933,
1921-11-01,5.838196993200892,0.1935377082611143,,21.23,,6.58,0.27864892447794,-53.695328943722664,
1921-12-01,6.114158849417271,0.186967523203809,,25.21,,6.29,-0.39915344440036993,-51.85749895386243,
1922-01-01,6.287087290347127,0.1795195618216014,,22.58,,6.36,0.1286979627989373,-50.86606417221905,
1922-02-01,6.461305872696981,0.174080106815289,,20.91,,6.28,0.47740076518412256,-49.871403464135575,
1922-03-01,6.821387249036038,0.162432573087819,,19.85,,6.1,0.7277833753148606,-47.453240771994345,
1922-04-01,7.273253390209858,0.1501186001936366,,19.4,,5.81,0.8396391752577319,-44.353717396774584,
1922-05-01,7.593467258919373,0.1442706925266031,,18.68,,5.64,1.033319057815846,-42.27950389898071,
1922-06-01,7.557987351755123,0.1458798179770855,,17.24,,5.74,1.4754640371229701,-42.9145068722247,
1922-07-01,7.602095045774027,0.1456932746409172,,16.26,,5.75,1.8200615006150054,-42.944985291385095,
1922-08-01,8.020030689895771,0.1364824357940443,,15.86,,5.59,1.9701702395964693,-40.18443863247256,
1922-09-01,8.265083002284298,0.1317064249886381,,15.36,,5.49,2.170416666666667,-38.72692145908453,
1922-10-01,8.432151998761892,0.1298924866195151,,14.86,,5.42,2.384475100942127,-37.851288205254974,
1922-11-01,7.998253772269832,0.136905980432102,,13.4,,5.75,3.1126865671641797,-41.386314451200214,
1922-12-01,7.9646798649399955,0.1390405133682862,,12.72,,5.81,3.5066352201257853,-41.96079232113333,
1923-01-01,8.15420048306915,0.1344148698878522,,12.46,,5.75,3.6656821829855533,-40.914296232676186,
1923-02-01,8.533360579065961,0.1292158155048281,,12.57,,5.53,3.6204494828957836,-38.49245310274536,
1923-03-01,8.70073750097853,0.1272114755240691,,12.37,,5.46,3.774074373484237,-37.60063832298554,
1923-04-01,8.37280966846381,0.1325894358612428,,11.57,,5.68,4.358042350907519,-40.238643360792324,
1923-05-01,8.000497867598208,0.139481083596842,,10.69,,5.98,5.094536950420954,-43.155797609604974,
1923-06-01,7.671825282673073,0.1446254893400404,,9.99,,6.24,5.775010010010011,-45.730110470130924,
1923-07-01,7.345985119490643,0.1508203144791655,,9.38,,6.47,6.450980810234541,-48.246893063007,
1923-08-01,7.441783174217365,0.1487019019438563,,9.17,,6.46,6.720125408942203,-47.77159478338987,
1923-09-01,7.458183867189789,0.1482108552776508,,8.98,,6.44,6.975857461024498,-47.84030510120305,
1923-10-01,7.317400395621474,0.1516527076029617,,8.62,,6.56,7.465928074245941,-48.989057620533416,
1923-11-01,7.546327911916227,0.1467063621149534,,8.65,,6.39,7.450693641618496,-47.55050208646394,
1923-12-01,7.809739144938738,0.1435374023368957,,8.72,,6.2,7.382889908256879,-45.86352620010729,
1924-01-01,8.072249446037373,0.1396233589293564,,9.05,,6.02,6.989723756906076,-44.182217720206616,
1924-02-01,8.16206622085035,0.1388761965028112,,9.13,,6.01,6.909569185834245,-43.69575050738458,
1924-03-01,8.058077044116086,0.1400079261336405,,8.99,,6.15,7.0968038561364475,-44.54289848112085,
1924-04-01,7.923620348327977,0.1427333485836208,,8.82,,6.31,7.327868480725623,-45.588330243511976,
1924-05-01,7.89969833066529,0.1422100073914601,,8.83,,6.36,7.331694979237448,-45.869185463054706,
1924-06-01,8.051676946396647,0.1399872917927616,,9.04,,6.26,7.085280235988202,-44.93698702971594,
1924-07-01,8.377712139971832,0.1348788781136476,,9.5,,6.0,6.566315789473685,-42.8155746304545,
1924-08-01,8.71741830854833,0.1276893074227261,,9.87,,5.82,6.188378926038501,-40.601961929594076,
1924-09-01,8.581670375209052,0.1302879751442184,,9.81,,5.89,6.267013251783894,-41.6141251590623,
1924-10-01,8.419491035872424,0.1343520172347442,,9.73,,5.99,6.367492291880781,-42.80046156303482,
1924-11-01,8.88832736125097,0.1272151758761961,,10.32,,5.69,5.796589147286821,-39.70423567101954,
1924-12-01,9.310639680416374,0.123928919192219,,10.92,,5.41,5.28084249084249,-36.92259085719708,
1925-01-01,9.692618852254997,0.1198628708532386,,11.06,,5.24,5.181591320072332,-34.422654858558246,
1925-02-01,9.830804722819575,0.1190010284911387,,10.85,,5.23,5.371589861751152,-33.58926870594555,
1925-03-01,9.518537538810032,0.1241625013453248,,10.29,,5.41,5.888172983479107,-35.811125820574986,
1925-04-01,9.47656678790307,0.1231034037044842,,9.91,,5.51,6.275817356205852,-36.22609566136352,
1925-05-01,9.729007694021329,0.1200769852726628,,9.98,,5.38,6.220040080160321,-34.66654233686606,
1925-06-01,9.796386180450613,0.1207337279312615,,9.91,,5.32,6.305817356205852,-34.36430424749564,
1925-07-01,9.9639938917878,0.1203679011625675,,9.94,,5.22,6.290362173038231,-33.4125899794926,
1925-08-01,10.110918458488946,0.1190595223104079,,9.84,,5.18,6.40760162601626,-32.623307051912555,
1925-09-01,10.359247611348504,0.1168386460659948,,9.84,,5.1,6.4226016260162595,-31.179073349503174,
1925-10-01,10.718495997022934,0.1127116397952451,,9.93,,4.98,6.345493454179255,-29.02341968058796,
1925-11-01,10.88631744030794,0.1121687068854567,,10.02,,4.86,6.2700399201596815,-28.152365851095816,
1925-12-01,11.147365239137258,0.1095786521554223,,9.97,,4.82,6.335090270812437,-26.6926463049456,
1926-01-01,11.340966188506242,0.1071766660559601,,10.13,,4.8,6.191668311944719,-25.696709024614883,
1926-02-01,11.38943567274802,0.1070847533329105,,10.15,,4.85,6.200550082101806,-25.70113781160884,
1926-03-01,10.71235206273249,0.1113169891624647,,9.46,,5.27,6.947491190979562,-30.469316513182964,
1926-04-01,10.395587685954736,0.1140362193959152,,9.21,,5.49,7.262763300760042,-32.8998510245176,
1926-05-01,10.5751584638061,0.1111074654961528,,9.28,,5.51,7.209195402298851,-32.16396069058989,
1926-06-01,11.197979740229965,0.1045609564136775,,9.73,,5.33,6.739158958547447,-28.652041297522924,
1926-07-01,11.86969405848128,0.0985973902995363,,10.14,,5.17,6.351932938856015,-24.920736137902434,
1926-08-01,12.488808219521882,0.0931367708672509,,10.56,,5.03,5.988030303030302,-21.62612671122458,
1926-09-01,12.692614823344725,0.0908304118401953,,10.72,,5.01,5.8750248756218895,-21.015672657427643,
1926-10-01,12.426517521583351,0.0915290187875892,,10.48,,5.18,6.1169847328244265,-23.359013139585716,
1926-11-01,12.615251212344486,0.0893674771651525,,10.63,,5.17,6.010671056757603,-22.92343970316395,
1926-12-01,13.009052728993126,0.0863476605032291,,10.88,,5.11,5.822843137254903,-21.299497861537343,
1927-01-01,13.185930628677792,0.0835210825431001,,10.9,,5.2,5.834311926605505,-21.06064131788812,
1927-02-01,13.633966132216212,0.0778098448613141,,11.22,,5.15,5.573489304812835,-19.199077474326298,
1927-03-01,14.03325750760449,0.0751332249626945,,11.48,,5.12,5.37246806039489,-17.617825663880105,
1927-04-01,14.488222209157056,0.0678553772785577,,11.87,,5.04,5.087099831508004,-15.736616998234943,
1927-05-01,15.002347055737111,0.0644682565036949,,12.39,,4.92,4.734358353510895,-13.47392036710361,
1927-06-01,15.120333481747522,0.0635362900685514,,12.67,,4.9,4.556826493028151,-13.493449524542356,
1927-07-01,15.820802594477742,0.0604424349692263,,13.08,,4.84,4.310259938837921,-10.190239560109681,
1927-08-01,16.8628618527638,0.0543518218760826,,13.9,,4.64,3.86007793764988,-5.016517598853342,
1927-09-01,17.818723713516416,0.0494303991460756,,14.82,,4.43,3.4143049932523617,-0.3681166998465435,
1927-10-01,17.53723785226108,0.0493993386573784,,14.73,,4.54,3.456366259334691,-2.6208770065199394,
1927-11-01,18.131301434952416,0.0469483740927516,,15.22,,4.47,3.2386355672360927,0.00921276766097101,
1927-12-01,18.64662402140252,0.0439260426899995,,15.73,,4.41,3.026445751218479,2.1864343491483584,
1928-01-01,18.80612857170076,0.0412646378284927,,15.47,,4.43,3.1341241111829348,2.428059748695799,
1928-02-01,18.86885051958403,0.0389500269274982,,15.0,,4.52,3.314166666666667,2.2169538677714984,
1928-03-01,19.943417799064537,0.0365953529425906,,15.51,,4.33,3.072453255963894,7.529082396764308,
1928-04-01,21.257909249487486,0.0318237153032271,,16.17,,4.11,2.7867918985776123,14.117651375158612,
1928-05-01,21.83273217874002,0.0288254908537089,,16.37,,4.02,2.6887354917532065,16.771478293214482,
1928-06-01,20.913421576866696,0.0286292129733949,,15.28,,4.26,3.1020026178010474,11.516121359641996,
1928-07-01,21.08190543529678,0.0253000928230069,,15.11,,4.26,3.153133686300464,12.152942403027179,
1928-08-01,21.76213150257923,0.0216024903605491,,15.33,,4.16,3.0356572080887148,15.592452633819809,
1928-09-01,23.004649446159224,0.0181212945616278,,16.14,,3.92,2.6857868649318464,22.084936254872865,
1928-10-01,23.57834423958502,0.0143450798478437,,16.18,,3.87,2.6479697156983932,25.083681262172174,
1928-11-01,25.12198457110958,0.0096446681414625,,16.99,,3.66,2.330815185403179,33.319670034701666,
1928-12-01,25.301591027426127,0.0073264009939586,,16.78,,3.67,2.3819755661501785,34.402170744568,
1929-01-01,27.083199620832755,0.0045014539849113,,17.77,,3.46,2.0274620146314013,44.09351517864173,
1929-02-01,27.13167279824737,0.0065369906477101,,17.62,,3.48,2.101202232311767,44.60975557761697,
1929-03-01,27.675748437861863,0.0042490483780684,,17.68,,3.46,2.107775263951735,47.77906322069521,
1929-04-01,27.56845447289828,0.002239541981342,,17.35,,3.52,2.2411887608069163,47.534591832138084,
1929-05-01,27.698586875008115,0.0017264044494609,,17.38,,3.51,2.257073264288455,48.627526175509495,
1929-06-01,27.935467830288665,0.0022656304519138,,17.49,,3.48,2.246719554030875,50.33327737313957,
1929-07-01,29.93328940684218,-0.001618582994118,,18.81,,3.23,1.8713211057947898,61.57026921191551,
1929-08-01,31.480313247172983,-0.0047089853208238,,19.63,,3.09,1.6750768381728651,70.48099966580779,
1929-09-01,32.56378859877668,-0.0060695163108649,,20.17,,3.0,1.564524871921996,76.98719623029461,
1929-10-01,28.961067164354763,-0.0036562270419569,,17.81,,3.39,2.247323133071309,58.0114048690084,
1929-11-01,21.17103600009703,0.007133692272285,,12.94,,4.66,4.386308603812468,15.989567868744725,
1929-12-01,22.007373176418323,0.0029000080484937,,13.29,,4.53,4.208621143717082,21.113627971002558,
1930-01-01,22.310724294336836,-0.0001082263549703,,13.94,,4.47,3.883601147776184,23.384164435865085,
1930-02-01,23.69711774933587,-0.004368862214401,,15.35,,4.21,3.22049131378936,31.668657815112432,
1930-03-01,24.586607792668843,-0.0075243722051967,,16.51,,4.06,2.7586018574601243,37.217404707791914,
1930-04-01,25.843436862018308,-0.0119147696952419,,18.22,,3.82,2.1859742041712407,44.83357859900092,
1930-05-01,24.30976063390817,-0.011533983314308,,17.83,,4.07,2.301858291269397,36.76823712601212,
1930-06-01,21.866899333389476,-0.0089774380694718,,16.68,,4.53,2.6843705035971226,23.472094990364422,
1930-07-01,21.548797592546634,-0.0090462645397373,,17.03,,4.63,2.5569906048150317,22.08832477807954,
1930-08-01,21.30060224111815,-0.0067573794012129,,17.57,,4.7,2.3723529690760765,21.054914426904126,
1930-09-01,21.072581788447305,-0.0042387408222914,,18.39,,4.7,2.114404567699837,20.070787549552293,
1930-10-01,18.214870154658623,0.0030636907081038,,16.64,,5.46,2.682115384615384,4.002071407216934,
1930-11-01,16.93971137777516,0.007052520682753,,16.25,,5.89,2.8221794871794876,-3.113532083761139,
1930-12-01,16.05500185653132,0.0104549220605883,,15.99,,6.32,2.918075359599751,-8.050388617705561,
1931-01-01,16.705478731547608,0.008806309954358,,17.0,,6.05,2.542352941176471,-4.229522882262183,
1931-02-01,18.161492436976083,0.0056344747348846,,18.9,,5.54,1.9226719576719584,4.224259682058329,
1931-03-01,18.579561032791275,0.004019637285697,,19.92,,5.36,1.6234136546184734,6.7297190693219155,
1931-04-01,16.87231533160966,0.0096311143517871,,18.66,,5.84,1.9340568060021441,-2.9741273542390867,
1931-05-01,15.401539999110108,0.0159297035387006,,17.48,,6.37,2.267490465293669,-11.33364480356639,
1931-06-01,15.062476074643245,0.0163698249959317,,17.56,,6.49,2.2130941533788917,-13.185626677559448,
1931-07-01,15.516750095516317,0.0135850278387573,,18.86,,6.19,1.792226935312832,-10.453340769047625,
1931-08-01,15.006276602886542,0.0154939919740941,,19.04,,6.28,1.713767507002801,-13.282645170315611,
1931-09-01,12.81774526110688,0.0270533108243604,,16.9,,7.27,2.3504930966469435,-25.826345219900425,
1931-10-01,11.145926407660928,0.0378135664670667,,15.3,,8.26,2.9409477124183003,-35.40754160389562,
1931-11-01,11.415600295644673,0.034645190862895,,16.23,,8.02,2.538096118299445,-33.74320044096058,
1931-12-01,9.306032867968318,0.0541151648941841,,13.84,,9.72,3.5737668593448944,-45.89843150744576,
1932-01-01,9.312406455177843,0.0540169821185256,,13.99,,9.56,3.467962830593281,-45.76865889875565,
1932-02-01,9.336932251008404,0.0526590801126532,,14.27,,9.32,3.3585418126605937,-45.55261377171508,
1932-03-01,9.41306502801221,0.0525714392926687,,14.75,,8.96,3.1613276836158186,-45.053966163419545,
1932-04-01,7.192233196115486,0.0849792576527612,,11.56,,11.36,5.063019031141868,-57.99343154367047,
1932-05-01,6.390857289881444,0.1013003326062013,,10.46,,12.46,6.003562778840024,-62.66712660625766,
1932-06-01,5.565059371528965,0.1241097609860276,,9.35,,13.84,7.169353832442067,-67.49666825056279,
1932-07-01,5.838763671851199,0.1154099184175704,,10.16,,12.64,6.34751968503937,-65.91720114807606,
1932-08-01,8.83465320518121,0.0580898533969229,,15.8,,8.06,2.864947257383966,-48.47883606644685,
1932-09-01,9.76116856406371,0.0469262870263249,,17.96,,7.02,2.1345953971789156,-43.15559420183255,
1932-10-01,8.47860660768908,0.0614115953302766,,16.06,,7.77,2.8241500622665017,-50.713400089719904,
1932-11-01,8.463309567122897,0.0606126861655714,,16.52,,7.47,2.6816020984665054,-50.908792329176535,
1932-12-01,8.25707399910068,0.0625514314534691,,16.63,,7.33,2.67239577069553,-52.22621690473913,
1933-01-01,8.728046162813529,0.0554038505740373,,17.19,,6.98,2.507335660267597,-49.647492433750465,
1933-02-01,7.826051751316598,0.0672467476285074,,15.06,,7.84,3.345939575033199,-54.987938975811176,
1933-03-01,7.87468132294317,0.0658475903793262,,14.92,,7.78,3.4240795352993745,-54.849961162220296,
1933-04-01,8.723101646068113,0.0530783083784546,,16.4,,6.97,2.835060975609756,-50.14860364425873,
1933-05-01,11.249651251932445,0.0274901631625868,,20.99,,5.36,1.517506749245673,-35.927783287698254,
1933-06-01,13.09887551726952,0.0152940454672098,,24.45,,4.52,0.8591462167689166,-25.661032379603775,
1933-07-01,13.75430449387453,0.0136921834565045,,26.27,,4.14,0.5916235249333841,-22.231954602003867,
1933-08-01,12.999527050367734,0.0193802198008609,,24.81,,4.31,0.8314661426844019,-26.789860338572048,
1933-09-01,12.922920614885992,0.019426539845217,,24.46,,4.3,0.9049741073862085,-27.52628768606302,
1933-10-01,11.696253568143693,0.0271360423541037,,21.95,,4.71,1.388308656036446,-34.689014702096365,
1933-11-01,12.011766193389937,0.0250486169548332,,22.35,,4.55,1.3226062639821028,-33.22563865189344,
1933-12-01,12.281801622601114,0.0233765258739835,,22.66,,4.41,1.2772293321565167,-32.039890399624404,
1934-01-01,13.025119828332375,0.0188883054694697,,23.73,,4.18,1.094075010535187,-28.272193943052095,
1934-02-01,13.92692290427429,0.0154916381406975,,25.25,,3.9,0.8678960396039606,-23.66852096689981,
1934-03-01,13.25453762974008,0.0199775836861146,,23.73,,4.12,1.1490750105351872,-27.698125636539828,
1934-04-01,13.51838928449009,0.0193521563598137,,23.91,,4.06,1.1448504809703044,-26.606780809584706,
1934-05-01,12.18158323502402,0.02774498195574,,21.29,,4.53,1.6870408642555192,-34.17508145774708,
1934-06-01,12.287726483952426,0.0280420452426934,,21.38,,4.48,1.694768475210477,-33.90896180701425,
1934-07-01,11.741524229318244,0.0315302913516257,,20.18,,4.71,2.0004013875123885,-37.13713174746547,
1934-08-01,11.31502598182905,0.0355880814558926,,19.23,,4.91,2.2727080083203326,-39.69217996885196,
1934-09-01,10.909954083288843,0.0400187816418114,,18.6,,5.04,2.4763440860215047,-42.11059075078525,
1934-10-01,11.108352605351728,0.0373663772721222,,18.58,,5.01,2.509631324004306,-41.31834534662233,
1934-11-01,11.4488086902057,0.0349643601718448,,18.94,,4.88,2.4348310454065465,-39.778001001095106,
1934-12-01,11.639337566475884,0.0325188803998998,,18.9,,4.86,2.4735052910052913,-39.032930422888434,
1935-01-01,11.495907968201598,0.0353110251625385,,16.25,,4.86,3.363846153846154,-40.027902973011386,
1935-02-01,11.087812159055565,0.0399112900601265,,13.82,,5.01,4.457556681138446,-42.36040106833124,
1935-03-01,10.398272404790031,0.0454421528249762,,11.52,,5.35,5.913888888888889,-46.107462392014895,
1935-04-01,11.104210207149524,0.0407226121866108,,11.95,,4.94,5.613200836820083,-42.5843120355053,
1935-05-01,11.9855766834801,0.0336500431994861,,12.45,,4.55,5.288795180722892,-38.176329993040625,
1935-06-01,12.53951932444389,0.0282479192322572,,12.49,,4.35,5.274738457432612,-35.46768836062076,
1935-07-01,13.202137936511011,0.023253755404173,,13.42,,4.13,4.731564828614008,-32.19927438391166,
1935-08-01,14.105056846668951,0.0185216737530494,,14.64,,3.87,4.122267759562842,-27.734132108181196,
1935-09-01,14.418891702707429,0.0170952390524968,,15.28,,3.79,3.8478359511343805,-26.32960440489026,
1935-10-01,14.826232627114086,0.0153064653824363,,15.68,,3.78,3.6925510204081635,-24.486419721792874,
1935-11-01,16.12960516325114,0.0090440330830283,,17.16,,3.53,3.1541724941724945,-18.124134759099388,
1935-12-01,16.15919271461532,0.0095898296415088,,17.16,,3.6,3.1658391608391616,-18.25825087020354,
1936-01-01,17.08735984599723,0.0063450083552025,,17.87,,3.49,2.945970900951315,-13.886192236061156,
1936-02-01,18.104536459517774,0.0030319918323534,,18.65,,3.37,2.7094302949061664,-9.091314789623816,
1936-03-01,18.66047820392601,0.0011986641291622,,18.81,,3.36,2.6613211057947903,-6.629918873215191,
1936-04-01,18.718999665151483,0.0004605313200986,,18.15,,3.47,2.8521418732782373,-6.6574025129134125,
1936-05-01,17.750192519328625,0.0038968865356358,,16.58,,3.79,3.371363088057902,-11.757872966243232,
1936-06-01,18.39300106583133,0.0031610941699747,,16.69,,3.74,3.3291117435590167,-8.816496360057357,
1936-07-01,19.360464512319123,0.0022336429359787,,17.29,,3.66,3.11868999421631,-4.268165212470421,
1936-08-01,19.623060162983744,0.0027788018202818,,17.25,,3.72,3.129601449275362,-3.2171280230183674,
1936-09-01,19.862024243287635,0.001580104129227,,17.07,,3.8,3.1882308142940827,-2.2797342238586316,
1936-10-01,20.91309185253312,-0.001532363677737,,17.47,,3.83,3.0515984544934174,2.6661500469187027,
1936-11-01,21.49976534102416,-0.0034157639075073,,17.48,,3.94,3.0458237986270023,5.35020177969221,
1936-12-01,21.12566354815544,-0.0026171082025578,,16.73,,4.22,3.299786312014345,3.3600478818266,
1937-01-01,21.61874158295351,-0.0019147817965586,,16.75,,4.15,3.2901492537313435,5.641962773074272,
1937-02-01,22.24422155280516,-0.0025544665829974,,16.77,,4.09,3.2930292188431727,8.586815414988846,
1937-03-01,22.04219701605057,-0.0007852409874235,,16.3,,4.15,3.474969325153374,7.526622737679611,
1937-04-01,20.556579457432854,0.0032817335242659,,15.05,,4.59,3.994518272425249,0.23562050132099888,
1937-05-01,19.4741746865721,0.0062037965103382,,14.13,,4.98,4.437140835102618,-5.063611988895456,
1937-06-01,18.71165996036496,0.0072755469322765,,13.37,,5.37,4.849431563201197,-8.777050137076314,
1937-07-01,19.646723279607624,0.0071982377826599,,13.96,,4.93,4.543323782234957,-4.176421481665004,
1937-08-01,19.80698257738096,0.007456142262218,,13.91,,4.74,4.579072609633357,-3.3518924016605944,
1937-09-01,16.847882862705806,0.0165292955135799,,11.78,,5.36,5.888964346349747,-17.738269779421135,
1937-10-01,14.361659574753356,0.0263379831975706,,10.32,,6.35,7.099922480620155,-29.817721675025112,
1937-11-01,13.158119166486062,0.0326978686222994,,9.66,,7.05,7.771966873706004,-35.65423091477894,
1937-12-01,13.008483033706137,0.032992381382444,,9.75,,7.26,7.686410256410257,-36.353122494093135,
1938-01-01,13.511461918562413,0.0288584668126536,,10.5,,7.01,6.963809523809523,-33.86668626700434,
1938-02-01,13.263076236460863,0.0308584581417809,,10.79,,7.13,6.724507259808465,-35.094125056131716,
1938-03-01,12.377286234697689,0.036420989784192,,10.63,,7.57,6.8806710567576035,-39.485196885173856,
1938-04-01,11.789517720684184,0.0413090731768316,,10.95,,7.75,6.6224200913242015,-42.453615477445375,
1938-05-01,11.992275930545691,0.0387763907442731,,11.93,,7.55,5.88889633975971,-41.61388896845368,
1938-06-01,12.288966307788128,0.0375016444404331,,13.26,,7.25,5.064811463046757,-40.36616028006057,
1938-07-01,14.770328017492064,0.0239978053360533,,17.0,,5.83,3.422352941176471,-28.62658555711658,
1938-08-01,14.903588512604363,0.0235591026493968,,18.37,,5.58,3.000324804935583,-28.335985538438624,
1938-09-01,14.282330508639976,0.025504494672704,,18.95,,5.62,2.8503781882145995,-31.7081354142282,
1938-10-01,16.06114764333344,0.0177872749323876,,20.84,,4.67,2.3884644913627637,-23.67736040399371,
1938-11-01,16.14957180071551,0.017613036620319,,20.64,,4.28,2.451627906976744,-23.744035825400232,
1938-12-01,15.756484438994002,0.0198958690071016,,19.83,,4.02,2.666197680282401,-26.082396983519573,
1939-01-01,15.59963441091928,0.0207006681615408,,18.84,,4.11,2.9478556263269637,-27.30838960437546,
1939-02-01,15.664696928954765,0.0198570140834351,,18.06,,4.17,3.1895985603543746,-27.490114070943495,
1939-03-01,15.729223743214224,0.0202947824477048,,17.45,,4.2,3.3956590257879657,-27.667268242764642,
1939-04-01,13.9169945798124,0.0285690364677982,,14.9,,4.83,4.388909395973155,-36.42069804984326,
1939-05-01,14.502929499657768,0.0252130622379637,,15.11,,4.69,4.308133686300463,-34.18042417916654,
1939-06-01,14.833828921489788,0.0232257148276565,,15.04,,4.64,4.351436170212766,-33.11794982091044,
1939-07-01,15.270952598570254,0.0202835603672908,,15.08,,4.61,4.34629973474801,-31.59178378057499,
1939-08-01,15.120082343333983,0.0210619667005671,,14.55,,4.77,4.6003522336769755,-32.69532926625986,
1939-09-01,16.452835577060966,0.0179343735115274,,15.77,,4.39,4.081154090044389,-27.225657524618953,
1939-10-01,16.821204806265637,0.0160312616715603,,15.36,,4.5,4.262916666666667,-26.08097934512318,
1939-11-01,16.599238509946645,0.0169512152556566,,14.56,,4.74,4.633131868131867,-27.51783900264966,
1939-12-01,16.28041290128384,0.018823727111642,,13.74,,5.01,5.055520378457059,-29.34998769301912,
1940-01-01,16.37848034261367,0.0184499261584295,,13.23,,5.07,5.3485789871504155,-29.360289103186798,
1940-02-01,16.216119847731058,0.0205553672115351,,12.73,,5.13,5.667126211050013,-30.43515908570268,
1940-03-01,16.1729063053079,0.0215156051760696,,12.27,,5.19,5.983292583537083,-30.946945747693533,
1940-04-01,16.370988707128785,0.0204053330247274,,12.19,,5.19,6.058445447087777,-30.37916923460493,
1940-05-01,14.138747694800726,0.0308447546487374,,10.34,,6.08,7.547846550612508,-40.06668078779874,
1940-06-01,12.843765598268806,0.0394743005712911,,9.3,,6.72,8.651021505376344,-45.69921802212129,
1940-07-01,13.369884763210054,0.0371046910999348,,9.48,,6.57,8.468523206751055,-43.59414338825347,
1940-08-01,13.649399392391638,0.036383899673062,,9.56,,6.5,8.40191771269177,-42.50277209708605,
1940-09-01,14.214842598620638,0.0330920668145891,,9.84,,6.3,8.125934959349593,-40.177022684546095,
1940-10-01,14.328290323104955,0.033345933452265,,10.03,,6.24,7.955089730807577,-39.71316213546019,
1940-11-01,14.636689248763608,0.0326902441740558,,10.36,,6.1,7.6591763191763205,-38.40958260372036,
1940-12-01,13.908426122353838,0.0390053322239095,,10.03,,6.36,7.998423064140911,-41.448756160997156,
1941-01-01,13.904158267950828,0.0404783843875347,,10.02,,6.38,8.030039920159682,-41.43363928493425,
1941-02-01,13.002943303402446,0.0462896330682669,,9.36,,6.84,8.691260683760685,-45.187438994566996,
1941-03-01,12.955719822063328,0.0474771593388511,,9.39,,6.83,8.614627263045792,-45.332945354261255,
1941-04-01,12.42937038922078,0.0516539285354611,,9.01,,7.09,9.021279134295227,-47.49266700269664,
1941-05-01,12.037206512481571,0.0558316308743399,,8.73,,7.28,9.33475372279496,-49.07674122546521,
1941-06-01,12.164306590628437,0.0579016030301187,,8.95,,7.07,9.010684357541901,-48.45488719471055,
1941-07-01,12.74499627791958,0.0537310405783363,,9.13,,6.76,8.747902519167578,-45.90301494288749,
1941-08-01,12.463173720387804,0.0564289200360893,,8.83,,6.82,9.07752831257078,-46.97623849455377,
1941-09-01,12.279729272093077,0.0591996951627336,,8.61,,6.84,9.324401858304299,-47.610760623969895,
1941-10-01,11.577814956574077,0.0656997571585894,,8.33,,7.15,9.672301920768307,-50.44708642913861,
1941-11-01,10.911668685916965,0.0725578502192993,,8.01,,7.54,10.109394506866417,-53.1495246136225,
1941-12-01,10.086593309917903,0.0809662774390674,,7.55,,8.11,10.827533112582781,-56.553423161070924,
1942-01-01,10.101686431929252,0.0837772442504195,,7.97,,7.88,10.087051442910916,-56.3461062987445,
1942-02-01,9.68025559174936,0.0901432771846803,,8.01,,8.05,10.023561173533084,-58.05132721704862,
1942-03-01,9.00342661776097,0.0998948472016021,,7.87,,8.44,10.24481363828886,-60.890654386192,
1942-04-01,8.544255707588261,0.1072142123212258,,7.69,,8.67,10.541401170351104,-62.810063311177885,
1942-05-01,8.506116259696048,0.1104579168774196,,7.93,,8.45,10.147007145859606,-62.90555655934871,
1942-06-01,8.905456928518051,0.1059235376181653,,8.5,,7.92,9.300539215686275,-61.09828950234688,
1942-07-01,9.15048890099474,0.1035312719808371,,8.94,,7.48,8.720682326621924,-59.96229096828169,
1942-08-01,9.012823047564291,0.1065644605463146,,9.01,,7.37,8.632945800961894,-60.500047957028244,
1942-09-01,9.0778298393715,0.1065204375008725,,9.23,,7.14,8.367569519682196,-60.15157563287812,
1942-10-01,9.599176749352983,0.1025261566165695,,9.61,,6.55,7.93832726326743,-57.79510364206277,
1942-11-01,9.661334152171651,0.1032313933354455,,9.47,,6.34,8.09132875747976,-57.440931070181755,
1942-12-01,9.617514103283172,0.1050825805493547,,9.24,,6.2,8.353344155844155,-57.5390517371959,
1943-01-01,10.15053422043208,0.101193652358146,,9.67,,5.85,7.871261633919337,-55.07046428302379,
1943-02-01,10.708982995221266,0.0976544490529048,,10.12,,5.52,7.410589591567854,-52.476710549309445,
1943-03-01,10.850541744036802,0.0990552166006799,,10.35,,5.33,7.190169082125604,-51.724954550756706,
1943-04-01,11.03922714293969,0.0986649542606926,,10.59,,5.16,6.970370632672333,-50.765637648677966,
1943-05-01,11.362215800613692,0.0966736074485306,,10.91,,4.96,6.692569508096548,-49.20471849997461,
1943-06-01,11.51674478645123,0.0946677678575637,,11.0,,4.88,6.616742424242425,-48.392251641889125,
1943-07-01,11.774213341781651,0.0889738776252999,,11.3,,4.8,6.374557522123894,-47.110029714855436,
1943-08-01,11.210545904158964,0.0918615000478278,,10.8,,5.08,6.783425925925926,-49.51461975963397,
1943-09-01,11.336281939610286,0.0914561326053923,,11.1,,5.0,6.532342342342343,-48.819845013987674,
1943-10-01,11.18733550332603,0.0926222446297659,,11.5,,5.08,6.218152173913043,-49.37245383617097,
1943-11-01,10.631033673001417,0.0972913524513699,,11.48,,5.35,6.23246806039489,-51.79541241005274,
1943-12-01,10.73736031604107,0.0963515486684956,,12.21,,5.31,5.710841523341522,-51.23722933610111,
1944-01-01,11.052412763977472,0.0936884371787428,,12.65,,5.18,5.425138339920949,-49.748056789643705,
1944-02-01,10.947918887724722,0.0938681151196199,,12.61,,5.24,5.459380782447793,-50.169069499646724,
1944-03-01,11.224693196180684,0.0917075155626755,,13.01,,5.12,5.224728414040482,-48.85585432313915,
1944-04-01,10.9382751882394,0.094720823089111,,12.83,,5.24,5.341732268121589,-50.1125119867853,
1944-05-01,11.103736936792624,0.0934501682890461,,13.1,,5.18,5.190254452926209,-49.314565219941365,
1944-06-01,11.532785272532507,0.0900071508203612,,13.77,,4.97,4.827997458242557,-47.314897931997855,
1944-07-01,11.73877475018072,0.0891596596023909,,14.23,,4.87,4.602406886858749,-46.33613001656255,
1944-08-01,11.541711674209228,0.0907058213851165,,14.13,,4.97,4.661307501769285,-47.207067046510744,
1944-09-01,11.328560584696474,0.0909055027843641,,14.0,,5.08,4.736190476190476,-48.15758435204916,
1944-10-01,11.583105186279129,0.0898153323390612,,14.19,,4.96,4.649716349541931,-46.96910570842452,
1944-11-01,11.47845919805548,0.090694070146548,,13.93,,4.99,4.790417564010529,-47.42506336267145,
1944-12-01,11.63868359335513,0.0909300412662582,,14.09,,4.89,4.718065412822333,-46.666103159004905,
1945-01-01,11.96046343980699,0.0871870888293627,,14.35,,4.77,4.598641114982579,-45.16826417777975,
1945-02-01,12.341753548186311,0.0840017390419674,,14.67,,4.64,4.46163258350375,-43.43199757532889,
1945-03-01,12.323310311389324,0.0842730033207118,,14.51,,4.67,4.551798759476224,-43.56517150022129,
1945-04-01,12.63186723656308,0.081694539553084,,14.67,,4.55,4.491632583503749,-42.241976286945494,
1945-05-01,13.03656062878536,0.0799618571963016,,15.02,,4.39,4.347789613848203,-40.49036091892655,
1945-06-01,13.130223361406053,0.0814532593658243,,15.09,,4.31,4.331905235255136,-40.17388070169668,
1945-07-01,12.86702844300916,0.0831611146972417,,14.83,,4.42,4.463088334457181,-41.498897466807215,
1945-08-01,12.91537856225674,0.0830201688597082,,14.93,,4.43,4.4329236436704615,-41.397142611402,
1945-09-01,13.798264951719784,0.0782159726628806,,16.0,,4.17,4.0,-37.50851537820519,
1945-10-01,14.374662675391336,0.0754599425179666,,16.84,,4.0,3.7032422802850355,-35.0113323526197,
1945-11-01,14.847702661876776,0.0726460347368093,,17.57,,3.87,3.471519635742743,-32.99436862817505,
1945-12-01,15.02034747473996,0.0725881746980294,,18.05,,3.81,3.335166204986149,-32.33945572534298,
1946-01-01,15.623163177761668,0.0701693432545408,,19.17,,3.7,3.026484089723526,-29.760771119501463,
1946-02-01,15.761666525801909,0.0689906157939248,,19.64,,3.73,2.896649694501018,-29.292751384780345,
1946-03-01,15.13487341514253,0.0734462336994621,,19.48,,3.88,2.9334702258726892,-32.26654781983028,
1946-04-01,16.040842386215907,0.070225649072409,,21.2,,3.64,2.511981132075472,-28.409692960277145,
1946-05-01,16.01372317083217,0.07083960614331,,21.74,,3.64,2.3898160073597063,-28.760918584490224,
1946-06-01,15.773186880128735,0.0721005726828523,,22.12,,3.66,2.305795660036166,-30.08979752494988,
1946-07-01,14.508136111909064,0.0827394455897486,,21.07,,3.79,2.526084480303749,-35.96218622107887,
1946-08-01,13.984939309942757,0.0865983814771122,,20.27,,3.88,2.7083991119881596,-38.548229222645716,
1946-09-01,11.841267540149632,0.1005158301899216,,16.96,,4.57,3.6662264150943398,-48.20836737974549,
1946-10-01,11.387602961765047,0.1058484706903061,,15.58,,4.72,4.1834852374839535,-50.43019179650921,
1946-11-01,11.110043656743292,0.1104665985028885,,14.64,,4.79,4.590601092896175,-51.869677731173745,
1946-12-01,11.372779425862705,0.1093123006183976,,14.27,,4.69,4.7627084793272605,-50.96964141750671,
1947-01-01,11.469296334735574,0.1077796741638497,0.30052345032705924,13.46,,4.69,5.179420505200594,-50.79113144091168,
1947-02-01,11.949565314209435,0.1041170862048277,0.30052345032705924,13.17,,4.54,5.327181093394078,-48.966039097386705,
1947-03-01,11.287903096501282,0.1100504200164461,0.30052345032705924,11.94,,4.75,6.093542713567841,-52.00635220551997,
1947-04-01,10.900825126392672,0.1123052766357289,0.3047123670038624,11.0,,5.02,6.793409090909092,-53.85491623758689,
1947-05-01,10.733674273688536,0.1128485529039902,0.3047123670038624,10.37,,5.21,7.329868209578915,-54.75091951102639,
1947-06-01,11.082715855052092,0.1102312645126273,0.3047123670038624,10.31,,5.12,7.370154380860005,-53.4624017607513,
1947-07-01,11.69644655335436,0.1055605736406073,0.3056324307608545,10.68,,4.88,7.018295880149813,-51.07177184742625,
1947-08-01,11.337472355329831,0.1095109223780215,0.3056324307608545,10.22,,5.05,7.4239024787997385,-52.75065792542137,
1947-09-01,10.827463017228832,0.1150868921178399,0.3056324307608545,9.72,,5.25,7.911399176954731,-55.04748920484318,
1947-10-01,11.132662042754784,0.1123965954733841,0.3091556748592484,9.84,,5.22,7.77010162601626,-53.95892132226554,
1947-11-01,10.97540732483907,0.1146991921240168,0.3091556748592484,9.6,,5.39,8.008333333333335,-54.766528084275755,
1947-12-01,10.680912531969192,0.1191319708924379,0.3091556748592484,9.34,,5.59,8.282471448965026,-56.120263232580506,
1948-01-01,10.41934265732033,0.1241332564196187,0.31315176504093656,9.02,,5.69,8.64647450110865,-57.32222990669192,
1948-02-01,9.999761169144184,0.1281205008478585,0.31315176504093656,8.41,,6.0,9.4614397542608,-59.144720214733425,
1948-03-01,10.186680609489676,0.1259451568964409,0.31315176504093656,8.36,,5.94,9.543389154704945,-58.456302934825366,
1948-04-01,10.779484482024625,0.1216950031054998,0.3175997197917324,8.75,,5.52,9.021071428571428,-56.08460933201842,
1948-05-01,11.241032697984442,0.1191806716850386,0.3175997197917324,8.92,,5.26,8.814095665171898,-54.21369082135597,
1948-06-01,11.583895756523846,0.1175348113936855,0.3175997197917324,9.04,,5.05,8.676113569321537,-52.78739281044766,
1948-07-01,11.134621739180938,0.1224324281935319,0.3185800349257463,8.51,,5.22,9.375881316098708,-54.551413003363706,
1948-08-01,10.723556662478131,0.1264155815505884,0.3185800349257463,7.97,,5.42,10.18288477624425,-56.13205242108306,
1948-09-01,10.553013689399162,0.1280309330149222,0.3185800349257463,7.61,,5.52,10.787271134472185,-56.69847057958635,
1948-10-01,10.825409809169496,0.1260748552821143,0.32187457315123086,7.55,,5.5,10.902533112582782,-55.407876545782806,
1948-11-01,10.24809620563557,0.1305173240499457,0.32187457315123086,6.9,,5.95,12.161086956521737,-57.608256880237676,
1948-12-01,10.15965293890092,0.1310378342352118,0.32187457315123086,6.63,,6.12,12.762122926093515,-57.78003093349775,
1949-01-01,10.24828575803898,0.1298559844076208,0.328608324435442,6.62,,6.16,12.795740181268881,-57.19986118657104,
1949-02-01,9.87251714057006,0.1334350341276561,0.328608324435442,6.29,,6.52,13.587417859035506,-58.56600913876427,
1949-03-01,9.901332491240924,0.1331319178392585,0.328608324435442,6.26,,6.57,13.662774227902023,-58.24178383212082,
1949-04-01,9.783639867544062,0.1355435854372076,0.3353662263975012,6.24,,6.67,13.713141025641026,-58.54030788464246,
1949-05-01,9.692295086395813,0.1360556744549115,0.3353662263975012,6.18,,6.81,13.867896440129453,-58.74137248129543,
1949-06-01,9.067718943419532,0.143596788926698,0.3353662263975012,5.82,,7.3,14.867963917525772,-61.229283307961424,
1949-07-01,9.605038093363923,0.1365317543033211,0.34060753813886957,6.16,,6.96,13.918766233766233,-58.75879372551525,
1949-08-01,9.85134863807923,0.1343648813716756,0.34060753813886957,6.39,,6.76,13.333618935837245,-57.527101424780625,
1949-09-01,9.884048361738287,0.1321939924064729,0.34060753813886957,6.48,,6.71,13.115432098765432,-57.22175995881044,
1949-10-01,10.169850844772146,0.1292068454266487,0.34452067110244033,6.71,,6.75,12.585629657228019,-55.81926144314468,
1949-11-01,10.215861011650643,0.1291995598088968,0.34452067110244033,6.87,,6.87,12.237707423580785,-55.46883799682354,
1949-12-01,10.529330904131148,0.1253875217099237,0.34452067110244033,7.13,,6.89,11.706078775128566,-53.968304594765584,
1950-01-01,10.74573329974791,0.1237745133183516,0.3457171437712845,7.22,,6.81,11.530415512465375,-52.8994397856427,
1950-02-01,10.91156406673168,0.1213966516966232,0.3457171437712845,7.31,,6.74,11.339057227542181,-52.05729601046192,
1950-03-01,10.910946522976252,0.1216408023349305,0.3457171437712845,7.32,,6.74,11.299535519125683,-51.950926597466164,
1950-04-01,11.178021600956097,0.1192426612330586,0.35058408552744275,7.35,,6.61,11.222942176870749,-50.674850301611166,
1950-05-01,11.461543104586228,0.1172669398592352,0.35058408552744275,7.43,,6.45,11.05561686855092,-49.31421702440095,
1950-06-01,11.554126144044288,0.1160531257578408,0.35058408552744275,7.38,,6.4,11.125968834688347,-48.79006287853487,
1950-07-01,10.539745658930991,0.1262465583106329,0.35362287449600255,6.68,,7.15,12.525059880239521,-53.17450611654695,
1950-08-01,11.04061167026154,0.1226069091454066,0.35362287449600255,6.93,,6.98,11.964181096681099,-50.834923088748155,
1950-09-01,11.3373911022773,0.1204616466375262,0.35362287449600255,7.01,,6.97,11.778668568711366,-49.39257625566464,
1950-10-01,11.66244403910526,0.118658235816299,0.3582353413016356,7.2,,6.93,11.381388888888889,-47.81130113389791,
1950-11-01,11.542173388716297,0.1197726693456101,0.3582353413016356,7.08,,7.18,11.595960451977401,-48.21219614210579,
1950-12-01,11.30666578889076,0.1218935312862798,0.3582353413016356,6.95,,7.44,11.839322541966427,-49.123544268193974,
1951-01-01,11.895759839437064,0.1189875915633436,0.36031655945619456,7.48,,7.01,10.79898395721925,-46.311071869045286,
1951-02-01,12.141507370682689,0.1184405514572752,0.36031655945619456,7.76,,6.83,10.307431271477665,-45.05156049541752,
1951-03-01,11.841626487283095,0.120096636801555,0.36031655945619456,7.64,,7.03,10.500671902268762,-46.27324096539216,
1951-04-01,11.951097197083952,0.1184867606712708,0.3634779019830744,7.85,,7.0,10.141353503184714,-45.64209656177303,
1951-05-01,11.863875406269171,0.118681444067088,0.3634779019830744,7.96,,7.05,9.956147403685094,-45.91600727982047,
1951-06-01,11.615664857025171,0.1182065888287861,0.3634779019830744,7.92,,7.24,10.010429292929294,-46.94022395595601,
1951-07-01,11.778190092457802,0.1169269721355916,0.3674312729378088,8.28,,7.05,9.452294685990339,-46.09304587251831,
1951-08-01,12.256989084145138,0.112089566213211,0.3674312729378088,8.87,,6.7,8.63979049229613,-43.82540125663339,
1951-09-01,12.444953157150032,0.1101696347260776,0.3674312729378088,9.35,,6.47,8.051853832442069,-42.912692566526424,
1951-10-01,12.309457904118688,0.1099770142503211,0.37160165319925015,9.39,,6.35,7.997127263045792,-43.51390584180695,0.2499929344600514
1951-11-01,11.85203061777104,0.1131357503596432,0.37160165319925015,9.22,,6.37,8.184320318148952,-45.59093911281472,0.2499929344600514
1951-12-01,12.147072568106775,0.1107106706635505,0.37160165319925015,9.59,,6.02,7.7566953423705245,-44.21703601497155,0.2499929344600514
1952-01-01,12.527059748172292,0.106769996438525,0.3763535261472856,9.97,,5.84,7.350090270812437,-42.45281754011315,0.2514558160164499
1952-02-01,12.364119350461088,0.1062306801640431,0.3763535261472856,9.84,,5.96,7.47010162601626,-43.16315526208315,0.2514558160164499
1952-03-01,12.36233908739036,0.1047945237945607,0.3763535261472856,9.92,,5.96,7.375645161290322,-43.11290378901984,0.2514558160164499
1952-04-01,12.242728683266876,0.1052038939621631,0.3787117521461406,9.97,,6.02,7.3125902708124375,-43.58755400185406,0.2543191500413416
1952-05-01,12.200478761945831,0.1040653796912547,0.3787117521461406,10.06,,6.07,7.210357852882703,-43.703683651194424,0.2543191500413416
1952-06-01,12.447881581789362,0.102708162119251,0.3787117521461406,10.42,,5.95,6.854428982725528,-42.47428589422715,0.2543191500413416
1952-07-01,12.669112889622474,0.1013275880719154,0.379424461790274,10.69,,5.78,6.599536950420954,-41.36208952425314,0.2551263454458354
1952-08-01,12.678378236328616,0.1005068318289276,0.379424461790274,10.7,,5.76,6.578294392523365,-41.22472039714652,0.2551263454458354
1952-09-01,12.4346780204255,0.1019276473573111,0.379424461790274,10.5,,5.85,6.743809523809524,-42.253149330505124,0.2551263454458354
1952-10-01,12.131183558686866,0.1025510984460209,0.3870829593082167,10.22,,5.92,6.992235812133071,-43.55755444335028,0.2578820761227481
1952-11-01,12.473469765515302,0.0995385524208568,0.3870829593082167,10.49,,5.69,6.727888465204957,-41.861489648279246,0.2578820761227481
1952-12-01,12.933964306161371,0.0959377827396682,0.3870829593082167,10.85,,5.41,6.399089861751153,-39.61458514716786,0.2578820761227481
1953-01-01,13.01077344799518,0.0949636274455317,0.39667873012147636,10.86,,5.39,6.378103130755065,-39.161518542359794,0.26066824371430986
1953-02-01,12.8593468806879,0.0957663075522876,0.39667873012147636,10.69,,5.45,6.553703617087621,-39.777187963909086,0.26066824371430986
1953-03-01,12.834819340092494,0.0947610263844257,0.39667873012147636,10.7,,5.43,6.574127725856698,-39.80075411509859,0.26066824371430986
1953-04-01,12.1639014540068,0.0972681974762962,0.40137229773011146,10.06,,5.72,7.110357852882704,-42.85930204021089,0.2637022435899969
1953-05-01,12.141970791867784,0.0950102952363666,0.40137229773011146,10.0,,5.7,6.95,-42.867558141606644,0.2637022435899969
1953-06-01,11.624407885470085,0.0984672659239361,0.40137229773011146,9.54,,5.93,7.372180293501049,-45.21001216485476,0.2637022435899969
1953-07-01,11.750201645310003,0.0999444923265426,0.4019019072551,9.63,,5.85,7.454215991692626,-44.523222622292494,0.2655165452879703
1953-08-01,11.715076201734004,0.1009908239645658,0.4019019072551,9.61,,5.82,7.455827263267429,-44.59281976059866,0.2655165452879703
1953-09-01,11.139349357262924,0.1056003715678356,0.4019019072551,9.13,,6.1,8.082902519167579,-47.2237345038225,0.2655165452879703
1953-10-01,11.391934765421414,0.1060975755925915,0.40390201759601585,9.45,,5.97,7.922010582010582,-45.92620546387142,0.27140655620339643
1953-11-01,11.644070268505772,0.1036091437660994,0.40390201759601585,9.71,,5.88,7.618661174047373,-44.61598897010531,0.27140655620339643
1953-12-01,11.754449184027294,0.1037026908393706,0.40390201759601585,9.89,,5.84,7.521223458038422,-43.96194355062529,0.27140655620339643
1954-01-01,12.002650554927826,0.1030434522983709,0.40911113349626527,10.09,,5.72,7.430802775024777,-42.6342378081339,0.27422498207320084
1954-02-01,12.21505248543284,0.1016947272801338,0.40911113349626527,10.26,,5.62,7.276588693957114,-41.46849579473544,0.27422498207320084
1954-03-01,12.420105295189977,0.1013431368456012,0.40911113349626527,10.42,,5.53,7.226928982725528,-40.32918473885698,0.27422498207320084
1954-04-01,12.907868184060922,0.0981135056027298,0.416368484514508,10.74,,5.3,7.02098696461825,-37.81912743583816,0.27605539330694656
1954-05-01,13.312042238025862,0.0953500616531828,0.416368484514508,11.06,,5.07,6.671591320072332,-35.689469626445245,0.27605539330694656
1954-06-01,13.357885903659,0.0943975891955167,0.416368484514508,11.05,,5.01,6.6697737556561085,-35.28081391948622,0.27605539330694656
1954-07-01,13.833009564245332,0.0920353330943635,0.417280994328011,11.49,,4.83,6.403220191470845,-32.77641876800722,0.2762368632279707
1954-08-01,14.04211234732058,0.0903588413773151,0.417280994328011,11.7,,4.76,6.187008547008547,-31.550055902353403,0.2762368632279707
1954-09-01,14.35647414329698,0.0882111827709121,0.417280994328011,11.96,,4.67,5.981204013377925,-29.800067041736554,0.2762368632279707
1954-10-01,14.619231935730564,0.0864592435217183,0.42105646402494307,12.02,,4.64,5.889467554076539,-28.288284574120837,0.2775605455729286
1954-11-01,15.11731169743439,0.0837055244929715,0.42105646402494307,12.28,,4.54,5.663322475570032,-25.60249615156761,0.2775605455729286
1954-12-01,15.789062002327087,0.0796147286705766,0.42105646402494307,12.62,,4.4,5.41393026941363,-22.035071519991067,0.2775605455729286
1955-01-01,15.990781062969836,0.0778157762263657,0.4257031201809719,12.56,,4.34,5.351783439490445,-20.760509469191145,0.2810087497132974
1955-02-01,16.437728215987118,0.0757154012596608,0.4257031201809719,12.7,,4.22,5.224015748031496,-18.245910049266712,0.2810087497132974
1955-03-01,16.219282945537792,0.0762347507740216,0.4257031201809719,12.33,,4.27,5.430300081103001,-19.02320397084283,0.2810087497132974
1955-04-01,16.685266628063502,0.0738128587751295,0.4320925400485668,12.39,,4.14,5.3210250201775615,-16.365062921765595,0.2846963013233797
1955-05-01,16.5180578272578,0.0737363048465311,0.4320925400485668,12.0,,4.17,5.573333333333334,-16.855865295060468,0.2846963013233797
1955-06-01,17.37009196340531,0.0694109087191406,0.4320925400485668,12.35,,3.95,5.317165991902835,-12.179364426622685,0.2846963013233797
1955-07-01,18.45403190663288,0.0652181135241677,0.4353637244810827,12.96,,3.72,4.816049382716049,-6.260540882462484,0.2880599884125992
1955-08-01,18.22232646304776,0.0652071483085897,0.4353637244810827,12.6,,3.78,4.966507936507936,-6.984067491632329,0.2880599884125992
1955-09-01,18.84396065426132,0.0637842341852682,0.4353637244810827,12.89,,3.65,4.787951900698214,-3.316906122570229,0.2880599884125992
1955-10-01,17.772325789386095,0.0678840897830857,0.43554714616099305,12.03,,3.86,5.4325519534497095,-8.329813228565786,0.2903754808081494
1955-11-01,18.8355592882739,0.0646079042363475,0.43554714616099305,12.63,,3.63,5.027656373713381,-2.3076414063432082,0.2903754808081494
1955-12-01,18.942369035813577,0.0626482580860027,0.43554714616099305,12.53,,3.61,5.020845969672786,-1.1890241919600086,0.2903754808081494
1956-01-01,18.29258538541889,0.0651235090414384,0.44164984883620967,12.12,,3.78,5.350825082508251,-4.003557065784991,0.2898470256634282
1956-02-01,18.266116815127784,0.0663755869398114,0.44164984883620967,12.12,,3.83,5.410825082508252,-3.5529895719355054,0.2898470256634282
1956-03-01,19.37121009929996,0.060910141321596,0.44164984883620967,12.87,,3.64,4.81000777000777,2.9206809077312545,0.2898470256634282
1956-04-01,19.3705936345785,0.0585325702721473,0.4490930167398216,13.13,,3.65,4.4361462300076155,3.577258370423797,0.29183615324893064
1956-05-01,18.544506591754438,0.0617547005683712,0.4490930167398216,12.82,,3.82,4.7303120124805,-0.21300643029386057,0.29183615324893064
1956-06-01,18.1581638469587,0.0632518186984927,0.4490930167398216,12.85,,3.89,4.782101167315175,-1.6827001013465348,0.29183615324893064
1956-07-01,18.85679759689679,0.0549508158853903,0.45326270023186427,13.73,,3.72,4.173321194464675,2.725580643101111,0.2913823024846437
1956-08-01,18.670937110186426,0.0508377938633424,0.45326270023186427,13.83,,3.77,3.900657989877079,2.321036946734689,0.2913823024846437
1956-09-01,17.836640796312025,0.0522046393801915,0.45326270023186427,13.54,,3.93,4.005524372230429,-1.6827452918883545,0.2913823024846437
1956-10-01,17.41895294863613,0.052325543255801,0.45882104597464873,13.43,,3.91,4.106016381236039,-3.453490873860998,0.29067613413584287
1956-11-01,17.12033973662826,0.0493870934627004,0.45882104597464873,13.35,,3.88,4.0006367041198505,-4.612209347343821,0.29067613413584287
1956-12-01,17.197522725560926,0.0475387139788869,0.45882104597464873,13.62,,3.75,3.7521439060205584,-3.703473722185968,0.29067613413584287
1957-01-01,16.717780078533014,0.0505073585016136,0.46199576868923037,13.34,,3.82,4.036251874062969,-5.952085220837855,0.2925200568153399
1957-02-01,15.843733142229745,0.0553781200410442,0.46199576868923037,12.77,,3.99,4.490853563038372,-10.48137325041888,0.2925200568153399
1957-03-01,15.90041710886917,0.0529331753754174,0.46199576868923037,12.95,,3.93,4.312007722007722,-9.802301982009375,0.2925200568153399
1957-04-01,16.123704360211757,0.0517300320093492,0.46424197374343196,13.22,,3.84,4.0842965204235995,-8.194187105319738,0.2947504330920793
1957-05-01,16.598110789114266,0.0491239821275133,0.46424197374343196,13.71,,3.7,3.693946024799416,-5.16474886590964,0.2947504330920793
1957-06-01,16.729918872472865,0.0465477799547514,0.46424197374343196,13.9,,3.64,3.3942446043165466,-4.104144496417595,0.2947504330920793
1957-07-01,16.8688823839798,0.0445547860323505,0.47185434275017296,14.12,,3.59,3.1521529745042494,-3.0185887115728782,0.297529985492341
1957-08-01,15.868942729452243,0.0469158412533761,0.47185434275017296,13.27,,3.82,3.6057950263752825,-8.50658074662407,0.297529985492341
1957-09-01,15.15727448896221,0.0477281812315533,0.47185434275017296,12.67,,4.0,3.9726598263614843,-12.362799015616776,0.297529985492341
1957-10-01,14.149451489483535,0.0519273770758173,0.4776310051271577,12.0,,4.29,4.363333333333333,-17.957298192403226,0.2997104763813876
1957-11-01,13.736242235298482,0.0564705711372621,0.4776310051271577,11.86,,4.41,4.711703204047216,-20.14153539237227,0.2997104763813876
1957-12-01,13.673246057951385,0.0605895590904974,0.4776310051271577,11.97,,4.44,5.1442188805346705,-20.31186496004359,0.2997104763813876
1958-01-01,13.788431552307628,0.0605954349597356,0.4837297583264297,12.49,,4.34,4.916405124099279,-19.45123648855781,0.3019260624146414
1958-02-01,13.784906390337676,0.0618778872084658,0.4837297583264297,12.83,,4.31,4.74423226812159,-19.309386071859937,0.3019260624146414
1958-03-01,13.925589923892938,0.0629912500770446,0.4837297583264297,13.41,,4.2,4.477121551081282,-18.352929468712208,0.3019260624146414
1958-04-01,13.913501765262778,0.0626779425735846,0.4927705165528157,13.79,,4.15,4.371631617113851,-18.325047914212377,0.3018182778954808
1958-05-01,14.32382496840923,0.0597916460423295,0.4927705165528157,14.57,,3.99,3.943417982155113,-15.839657204837977,0.3018182778954808
1958-06-01,14.635555551956264,0.0569556792307074,0.4927705165528157,15.27,,3.87,3.5787884741322853,-13.958668501953376,0.3018182778954808
1958-07-01,14.95745710190113,0.0522775645346414,0.49428847986253094,15.78,,3.76,3.1371356147021547,-12.042896601993313,0.30315662474605526
1958-08-01,15.54456689116592,0.0455851637070029,0.49428847986253094,16.47,,3.63,2.531645415907711,-8.586884613110634,0.30315662474605526
1958-09-01,15.93192318409284,0.0418210663362213,0.49428847986253094,17.0,,3.53,2.122352941176471,-6.325892431626845,0.30315662474605526
1958-10-01,16.559803310351565,0.0394570906866444,0.49745130674240634,17.67,,3.41,1.859309564233163,-2.678147382103868,0.30240111615821424
1958-11-01,16.98888357938633,0.0397210334314463,0.49745130674240634,18.19,,3.32,1.7575261132490372,-0.226926327965693,0.30240111615821424
1958-12-01,17.358357365369958,0.0373380632107478,0.49745130674240634,18.51,,3.27,1.5424851431658557,1.839163945272304,0.30240111615821424
1959-01-01,17.98033934299339,0.0345207004870247,0.5028438303458894,18.77,,3.16,1.307650506126799,5.356438424707455,0.30098338020105414
1959-02-01,17.759169263611422,0.0363142502096778,0.5028438303458894,18.04,,3.22,1.5832372505543244,3.9348076153405076,0.30098338020105414
1959-03-01,18.20087184548564,0.0346477330187192,0.5028438303458894,18.06,,3.15,1.5470985603543745,6.397983912668459,0.30098338020105414
1959-04-01,18.43075304878341,0.0325871431180292,0.5061122297615587,17.81,,3.11,1.4948231330713089,7.629240804278159,0.30387402953155346
1959-05-01,18.69272143959418,0.0303543247260546,0.5061122297615587,17.55,,3.08,1.3880056980056983,9.071320106855119,0.30387402953155346
1959-06-01,18.44859139706648,0.0306856984249297,0.5061122297615587,16.9,,3.12,1.5771597633136105,7.5823055835011255,0.30387402953155346
1959-07-01,19.09053397579651,0.0294706357736433,0.513594936394138,17.52,,3.01,1.3077625570776252,11.285506199434515,0.3044046922726977
1959-08-01,18.958803640750205,0.0291047562008024,0.513594936394138,17.37,,3.04,1.3270523891767416,10.470890894703121,0.3044046922726977
1959-09-01,18.12329055675862,0.0289574265324198,0.513594936394138,16.63,,3.17,1.333229104028864,5.565088312319855,0.3044046922726977
1959-10-01,18.021962441515427,0.0319737364786137,0.5180863117381116,16.68,,3.19,1.4652038369304554,4.9416374267168495,0.3074898410606311
1959-11-01,18.071789130570217,0.0313906122648076,0.5180863117381116,16.82,,3.19,1.4153032104637333,5.192493696207978,0.3074898410606311
1959-12-01,18.6247289779001,0.0290100768681577,0.5180863117381116,17.42,,3.1,1.0505281285878292,8.37833417942444,0.3074898410606311
1960-01-01,18.338284994375563,0.029634527949424,0.5201602602914757,17.12,,3.22,1.1211214953271025,6.676641298212771,0.3108892468882015
1960-02-01,17.545275108945976,0.0347475776181963,0.5201602602914757,16.45,,3.41,1.5890273556231005,2.024291356021024,0.3108892468882015
1960-03-01,17.286020720522153,0.0375682345212508,0.5201602602914757,16.23,,3.53,1.9114294516327783,0.4693718819642978,0.3108892468882015
1960-04-01,17.429766947597205,0.0371382962148633,0.5257130254863182,16.65,,3.49,1.7260060060060063,1.2547679378563492,0.3115539313881316
1960-05-01,17.256170578727914,0.0365831838569286,0.5257130254863182,16.72,,3.53,1.6308612440191395,0.16381697716743027,0.3115539313881316
1960-06-01,17.82336381726475,0.0366545617602494,0.5257130254863182,17.56,,3.41,1.5447608200455578,3.3437309129739745,0.3115539313881316
1960-07-01,17.376806472898117,0.0393169606014446,0.5316525123229611,17.11,,3.49,1.9445353594389245,0.6158096756922582,0.31413306118773543
1960-08-01,17.582113039577674,0.0388017051247867,0.5316525123229611,17.3,,3.45,1.980346820809248,1.656264795735285,0.31413306118773543
1960-09-01,17.052015467817668,0.0401510388440626,0.5316525123229611,16.76,,3.56,2.166587112171837,-1.5633858845708226,0.31413306118773543
1960-10-01,16.605104536251034,0.0406836845293836,0.5400880338214206,16.43,,3.63,2.196427267194157,-4.3076595750371816,0.31475389142299826
1960-11-01,17.146088452419004,0.0379701285161348,0.5400880338214206,16.96,,3.52,1.9662264150943396,-1.3705693755307724,0.31475389142299826
1960-12-01,17.562090833957132,0.0362592261595421,0.5400880338214206,17.37,,3.43,1.9170523891767415,0.8288281848840118,0.31475389142299826
1961-01-01,18.470416986477176,0.0318448486517558,0.5467443032001879,18.6,,3.26,1.5363440860215052,5.8386294511705294,0.31353083802776005
1961-02-01,19.234014498298357,0.0291030546893693,0.5467443032001879,19.74,,3.13,1.2858561296859174,10.000155668727295,0.31353083802776005
1961-03-01,19.84422527272557,0.0275102577726529,0.5467443032001879,20.75,,3.03,1.0792771084337351,13.264541207318793,0.31353083802776005
1961-04-01,20.382842975754777,0.0257786334590421,0.5536540048443853,21.44,,2.95,0.8841791044776115,16.09468450842666,0.3155476530489261
1961-05-01,20.59860684329734,0.0255723484863209,0.5536540048443853,21.8,,2.92,0.8771559633027524,17.084161467142465,0.3155476530489261
1961-06-01,20.332414551592297,0.0245079262153134,0.5536540048443853,21.66,,2.96,0.7368051708217918,15.3455262503557,0.3155476530489261
1961-07-01,20.146643736827315,0.0252400093104583,0.5601241020933331,21.55,,2.97,0.720371229698376,14.075098607987746,0.31657381609519514
1961-08-01,20.941688475215177,0.0218168151884077,0.5601241020933331,22.27,,2.88,0.4503457566232605,18.372627198673918,0.31657381609519514
1961-09-01,20.70524304414725,0.0225205738094319,0.5601241020933331,22.05,,2.91,0.5551473922902495,16.863926314114288,0.31657381609519514
1961-10-01,20.92419014101078,0.0222275046650634,0.5649366149368515,21.96,,2.91,0.6337340619307827,17.956138619348305,0.31769841558836565
1961-11-01,21.85795772195966,0.0192153216486475,0.5649366149368515,22.61,,2.81,0.48282176028306045,23.096889123863605,0.31769841558836565
1961-12-01,22.04148019838225,0.0172515331809286,0.5649366149368515,22.49,,2.82,0.3864206313917302,24.03637203274618,0.31769841558836565
1962-01-01,21.19793140001521,0.0188569437164826,0.5680595060411198,21.25,,2.93,-0.0241176470588238,19.22440472680036,0.3227569144637803
1962-02-01,21.45168775487336,0.0198034789240561,0.5680595060411198,21.21,,2.9,-0.005242809995285036,20.608888481261147,0.3227569144637803
1962-03-01,21.443158568526226,0.0209220209583108,0.5680595060411198,20.86,,2.9,0.033863854266539484,20.531360125007268,0.3227569144637803
1962-04-01,20.658336447649017,0.0235452279329793,0.5747583299649021,20.0,,3.01,0.2400000000000002,16.113367424245382,0.32198899137222764
1962-05-01,19.08936749811664,0.0272238021492557,0.5747583299649021,18.33,,3.26,0.6655373704309877,7.303459302183657,0.32198899137222764
1962-06-01,16.827571244792452,0.0334817835731625,0.5747583299649021,16.03,,3.7,1.3883031815346225,-5.389530234616624,0.32198899137222764
1962-07-01,17.141325661322778,0.0309672893216078,0.5793533689269597,16.32,,3.63,1.2174509803921563,-3.5885317164429664,0.3244495813626589
1962-08-01,17.571262631045524,0.0298398507919585,0.5793533689269597,16.67,,3.54,1.0888002399520085,-1.1276585557916219,0.3244495813626589
1962-09-01,17.321461147465474,0.0309943329762545,0.5793533689269597,16.43,,3.59,1.1464272671941567,-2.488561306466175,0.3244495813626589
1962-10-01,16.739820967901323,0.033500278187629,0.5911049663524911,15.7,,3.73,1.4194267515923569,-5.719903469811682,0.3246015652229017
1962-11-01,17.85438648949714,0.0298711280918092,0.5911049663524911,16.57,,3.52,1.0750030175015084,0.6107305048958622,0.3246015652229017
1962-12-01,18.585836118439858,0.028266895655685,0.5911049663524911,17.07,,3.4,0.8682308142940824,4.795682847348393,0.3246015652229017
1963-01-01,19.259231693254048,0.027065841820962,0.6015293558012721,17.66,,3.28,0.6125141562853909,8.666011232422255,0.32797110113016
1963-02-01,19.469191309671405,0.0259876756110332,0.6015293558012721,17.83,,3.25,0.5185249579360631,9.922067838824344,0.32797110113016
1963-03-01,19.288064606604834,0.0263211009520383,0.6015293558012721,17.7,,3.27,0.5497175141242945,8.967371654122914,0.32797110113016
1963-04-01,20.150077238226977,0.02370316876971,0.6093705168210571,18.32,,3.15,0.3085152838427945,13.907770469926328,0.33026860237412264
1963-05-01,20.507585864952603,0.0228576784055509,0.6093705168210571,18.47,,3.11,0.2841851651326479,16.003547097395533,0.33026860237412264
1963-06-01,20.38414999384099,0.0225058370926698,0.6093705168210571,18.26,,3.14,0.32645125958378873,15.385679406249931,0.33026860237412264
1963-07-01,19.96923188594963,0.0235558256296665,0.6163186205132233,17.8,,3.19,0.457977528089887,13.118197343832193,0.33268065160590565
1963-08-01,20.47263790052767,0.022147006613098,0.6163186205132233,18.11,,3.11,0.33181115405853134,16.055850519526203,0.33268065160590565
1963-09-01,20.960360090705105,0.0202104267145887,0.6163186205132233,18.4,,3.03,0.21478260869565258,18.91828130997524,0.33268065160590565
1963-10-01,20.89134459541149,0.0200215726228756,0.621623258844963,18.35,,3.06,0.1995912806539506,18.630415484285656,0.3328329367190743
1963-11-01,20.720399335339696,0.0206925235710104,0.621623258844963,18.16,,3.11,0.22660792951541797,17.77117810659061,0.3328329367190743
1963-12-01,21.038599376737046,0.020191207824954,0.621623258844963,18.45,,3.07,0.11005420054200599,19.69921853039278,0.3328329367190743
1964-01-01,21.62721619698093,0.0184975625015437,0.6227224778913698,18.77,,3.0,-0.03234949387320185,23.176695768250454,0.33336540090689015
1964-02-01,21.832670826710327,0.0182624431049849,0.6227224778913698,18.75,,2.99,-0.05666666666666664,24.48697989376376,0.33336540090689015
1964-03-01,22.16724558598263,0.0168711303426404,0.6227224778913698,18.85,,2.96,-0.10496021220159246,26.547428876902135,0.33336540090689015
1964-04-01,22.422192169737176,0.0166359081419299,0.6279284982001578,18.9,,2.94,-0.15899470899470902,28.16790229588877,0.33680949545561784
1964-05-01,22.57433076956383,0.0162576282415979,0.6279284982001578,18.86,,2.93,-0.19777306468716827,29.20648436516846,0.33680949545561784
1964-06-01,22.30028803608279,0.0174296620172814,0.6279284982001578,18.53,,2.97,-0.12334592552617352,27.814135287589203,0.33680949545561784
1964-07-01,22.98435184573841,0.0162217689668261,0.6344338182089764,19.01,,2.88,-0.2896107311941085,31.91828800765446,0.341600107723213
1964-08-01,22.6504072929388,0.0165365083749596,0.6344338182089764,18.54,,2.95,-0.20625674217907175,30.19007187059186,0.341600107723213
1964-09-01,22.892221984231696,0.0166748196623629,0.6344338182089764,18.66,,2.93,-0.25094319399785636,31.786663971706975,0.341600107723213
1964-10-01,23.21215468067535,0.0161727382471456,0.6414966457896402,18.87,,2.9,-0.3805829358770536,33.842245419249764,0.3440744896753895
1964-11-01,23.22501979309584,0.0168747669841811,0.6414966457896402,18.89,,2.9,-0.3861937533086284,34.12088983737098,0.3440744896753895
1964-12-01,22.75298477278728,0.0178476602539031,0.6414966457896402,18.45,,2.98,-0.2799457994579946,31.581744653835496,0.3440744896753895
1965-01-01,23.26933508192248,0.0167723964823474,0.6495374246562302,18.75,,2.92,-0.36666666666666714,34.74580576511288,0.3441548011041578
1965-02-01,23.37206827275135,0.0163834974829706,0.6495374246562302,18.71,,2.92,-0.43526456440406225,35.509187773651576,0.3441548011041578
1965-03-01,23.25352820003485,0.0169266847444027,0.6495374246562302,18.55,,2.94,-0.4091644204851752,34.9793524415898,0.3441548011041578
1965-04-01,23.4205519547713,0.0170441420063457,0.6593590524606027,18.59,,2.92,-0.44076385153308273,36.092704542938314,0.34643141601141253
1965-05-01,23.708808308861958,0.0164250168940263,0.6593590524606027,18.65,,2.9,-0.4780697050938336,37.8930756657607,0.34643141601141253
1965-06-01,22.385342986457797,0.0195641940093789,0.6593590524606027,17.57,,3.07,-0.17848036425725677,30.29931062220892,0.34643141601141253
1965-07-01,22.300781712174437,0.0194534706206499,0.6628553333499296,17.38,,3.09,-0.1362600690448783,29.88701358512891,0.35232577503536017
1965-08-01,22.665971845964396,0.0182309926586957,0.6628553333499296,17.53,,3.06,-0.21549343981745572,32.087223633434704,0.35232577503536017
1965-09-01,23.374146831648623,0.0161157469856558,0.6628553333499296,17.95,,2.98,-0.2889693593314764,36.27722737623309,0.35232577503536017
1965-10-01,23.77574552331269,0.0151142421636239,0.6665617488474433,18.1,,2.93,-0.37513812154696247,38.674772013062174,0.35398498877059287
1965-11-01,23.92546115667372,0.0138510501597456,0.6665617488474433,18.0,,2.93,-0.37444444444444436,39.59894843710767,0.35398498877059287
1965-12-01,23.694111549106328,0.0132581721519262,0.6665617488474433,17.67,,2.97,-0.33069043576683743,38.29878577656487,0.35398498877059287
1966-01-01,24.05848338842174,0.01271897308905,0.6789580626381616,17.81,,2.94,-0.43517686692869084,40.465518891253296,0.35803956760773015
1966-02-01,23.7000271455794,0.0117856163746188,0.6789580626381616,17.52,,2.98,-0.3622374429223747,38.4181516482375,0.35803956760773015
1966-03-01,22.611112582289994,0.0137352579083525,0.6789580626381616,16.64,,3.13,-0.11038461538461597,32.098285032269615,0.35803956760773015
1966-04-01,23.113696462615827,0.0142268473638457,0.6885260376097206,17.03,,3.05,-0.2580093951849678,35.07629544378412,0.358111031942401
1966-05-01,21.85217797676309,0.016046646835389,0.6885260376097206,16.01,,3.24,0.07609618988132372,27.758951081907913,0.358111031942401
1966-06-01,21.55525338322625,0.0159404666727735,0.6885260376097206,15.76,,3.29,0.1551776649746186,26.101011349613024,0.358111031942401
1966-07-01,21.38170200743341,0.0137851891438652,0.6933606962067895,15.67,,3.32,0.19162093171665529,25.186244248828295,0.35951019349601493
1966-08-01,19.913903864009804,0.0162288731249065,0.6933606962067895,14.68,,3.56,0.6019891008174385,16.706462521029607,0.35951019349601493
1966-09-01,19.16167625061501,0.0182279810908122,0.6933606962067895,14.12,,3.71,0.8021529745042493,12.41233606583425,0.35951019349601493
1966-10-01,18.82540937131568,0.021110043424481,0.6995107781673582,13.96,,3.74,0.8533237822349573,10.571135082937166,0.36207352010165833
1966-11-01,19.711251211928968,0.017222795263778,0.6995107781673582,14.63,,3.55,0.4552699931647295,15.914524929242724,0.36207352010165833
1966-12-01,19.73647375279197,0.019988484803566,0.6995107781673582,14.65,,3.53,0.43593856655290075,16.210469838125906,0.36207352010165833
1967-01-01,20.43224212538428,0.0208631273059864,0.7057898432421525,15.31,,3.41,0.0916786414108417,20.470902192719077,0.36423441356307357
1967-02-01,21.07444316367844,0.0185037045650989,0.7057898432421525,15.93,,3.31,-0.17253609541745174,24.417983507575116,0.36423441356307357
1967-03-01,21.443898602019104,0.0185283217665798,0.7057898432421525,16.41,,3.24,-0.39615478366849466,26.757942319960513,0.36423441356307357
1967-04-01,21.68602556674624,0.0174501853176735,0.7127429414308782,16.81,,3.19,-0.5711600237953594,28.34085758199876,0.36428950366218266
1967-05-01,21.948477389658404,0.0142416986644145,0.7127429414308782,17.24,,3.13,-0.7595359628770293,30.033874653387205,0.36428950366218266
1967-06-01,21.552097609793485,0.013322936774481,0.7127429414308782,17.15,,3.17,-0.7690962099125356,27.809463986198413,0.36428950366218266
1967-07-01,21.804196245666365,0.0109701751184916,0.7216631884248403,17.48,,3.13,-0.8791762013729976,29.41652338999521,0.3643250154155294
1967-08-01,22.03062704912602,0.0096027920021897,0.7216631884248403,17.79,,3.08,-1.0288645306351887,30.86864848226103,0.3643250154155294
1967-09-01,22.2191454886648,0.0093208473238869,0.7216631884248403,18.08,,3.05,-1.1890265486725653,32.08520125895944,0.3643250154155294
1967-10-01,22.068199194183894,0.0081310570335601,0.7394800870712124,18.02,,3.05,-1.1806104328523865,31.27169690051408,0.36770526716376334
1967-11-01,21.26310296833628,0.0070893778261975,0.7394800870712124,17.42,,3.15,-0.9694718714121704,26.571009299740123,0.36770526716376334
1967-12-01,21.75159780872364,0.0068338405886379,0.7394800870712124,17.88,,3.06,-1.157158836689038,29.58056647924996,0.36770526716376334
1968-01-01,21.51153589633218,0.008931350539988,0.7468937910918098,17.71,,3.08,-1.1234726143421794,28.25867365476613,0.3713808679812246
1968-02-01,20.42499237621422,0.0114023575313541,0.7468937910918098,16.8,,3.24,-0.8376190476190475,21.911099347327777,0.3713808679812246
1968-03-01,19.934711308295707,0.0103943693232842,0.7468937910918098,16.38,,3.31,-0.7249938949938945,19.136704561300945,0.3713808679812246
1968-04-01,21.277356015671742,0.0081724569389255,0.7564742708121583,17.45,,3.1,-1.119340974212034,27.355029125631436,0.3755572910967992
1968-05-01,21.630227142779876,0.0054011560832053,0.7564742708121583,17.71,,3.04,-1.22347261434218,29.69322372499532,0.3755572910967992
1968-06-01,22.00462343134653,0.0067030870496969,0.7564742708121583,18.04,,2.98,-1.3467627494456753,32.19389630918108,0.3755572910967992
1968-07-01,21.75353741567094,0.0096611769330873,0.7556728169554825,17.91,,2.99,-1.3765270798436626,30.959903515953457,0.38018450880978394
1968-08-01,21.13776679361785,0.0124438837963786,0.7556728169554825,17.43,,3.07,-1.252765347102697,27.525224229460665,0.38018450880978394
1968-09-01,21.68027563329292,0.011150936161089,0.7556728169554825,17.9,,2.99,-1.39340782122905,31.081444151963524,0.38018450880978394
1968-10-01,22.00460692795688,0.0098505894892879,0.7605958588801043,18.23,,2.93,-1.4845364783324193,33.33665651513882,0.3816180196706472
1968-11-01,22.195529227158147,0.008195879324794,0.7605958588801043,18.41,,2.9,-1.5681694731124391,34.78832784582164,0.3816180196706472
1968-12-01,22.277872995434876,0.0053697008905874,0.7605958588801043,18.49,,2.88,-1.591671173607355,35.58892438984373,0.3816180196706472
1969-01-01,21.19496807284714,0.007497662174861,0.752422525021594,17.65,,3.02,-1.3242776203966002,29.28292182505792,0.37682385746270725
1969-02-01,20.89572990198723,0.0075981495746427,0.752422525021594,17.5,,3.04,-1.3257142857142856,27.720916004866126,0.37682385746270725
1969-03-01,20.202287616481645,0.0089937395359405,0.752422525021594,17.06,,3.12,-1.2283352872215705,23.711217119457718,0.37682385746270725
1969-04-01,20.428608081932158,0.0099570996914372,0.7250536487974609,17.39,,3.07,-1.3595687176538247,25.301963787815286,0.37097452091829203
1969-05-01,20.97225827197209,0.0074695643878682,0.7250536487974609,17.93,,2.98,-1.5627551589514779,28.817059747116282,0.37097452091829203
1969-06-01,19.71334158375762,0.0082230104032739,0.7250536487974609,16.98,,3.16,-1.2907184923439337,21.226881843400935,0.37097452091829203
1969-07-01,18.681708207192752,0.0097308502568546,0.6790912768067647,16.17,,3.31,-1.0457081014223881,14.99187287205206,0.3638334692110504
1969-08-01,18.42951559020774,0.0113181819725678,0.6790912768067647,16.04,,3.34,-1.0355860349127175,13.543980604390748,0.3638334692110504
1969-09-01,18.39804634467697,0.0066372965809133,0.6790912768067647,16.05,,3.33,-0.9894704049844236,13.44857133924986,0.3638334692110504
1969-10-01,18.448662031815356,0.007289815133966,0.6563433751978321,16.32,,3.3,-1.1225490196078436,13.859345675581004,0.35373263287158846
1969-11-01,18.437760084691035,0.0074696523355253,0.6563433751978321,16.54,,3.28,-1.2440507859733971,13.883333958013688,0.35373263287158846
1969-12-01,17.326929913742678,0.0063919218866562,0.6563433751978321,15.76,,3.47,-0.9648223350253806,7.09863762659626,0.35373263287158846
1970-01-01,17.090541395140207,0.0064112433742652,0.6389202561604355,15.76,,3.5,-1.0148223350253813,5.703974306895532,0.3437414491710616
1970-02-01,16.37258678715985,0.0146688816937859,0.6389202561604355,15.35,,3.63,-0.9253420195439741,1.313874226543188,0.3437414491710616
1970-03-01,16.531690813943616,0.0163197793328025,0.6389202561604355,15.75,,3.58,-1.1507936507936511,2.3384180098040552,0.3437414491710616
1970-04-01,15.873067819354056,0.0160842521965371,0.6072957288004431,15.37,,3.69,-1.1038191281717635,-1.7129053105462089,0.336481542389762
1970-05-01,13.983836060789187,0.0196620321403036,0.6072957288004431,13.69,,4.18,-0.3953981008035061,-13.389930571952036,0.336481542389762
1970-06-01,13.799691797725176,0.021499547604048,0.6072957288004431,13.69,,4.21,-0.44539810080350595,-14.509075382389547,0.336481542389762
1970-07-01,13.726499744359764,0.0262143262541406,0.5898250546729555,13.85,,4.2,-0.5797833935018044,-14.940775907202397,0.32812556030459095
1970-08-01,14.100456516815449,0.0235822314931708,0.5898250546729555,14.39,,4.09,-0.8107296733842944,-12.61280900703584,0.32812556030459095
1970-09-01,14.842661145242218,0.0219618527275963,0.5898250546729555,15.41,,3.86,-1.3207073329007137,-8.010072154639946,0.32812556030459095
1970-10-01,15.064185404089631,0.02140193461165,0.5580911981422311,15.97,,3.76,-1.568259236067627,-6.64634674918717,0.3200382891498438
1970-11-01,14.950761908791726,0.0273263452286598,0.5580911981422311,16.19,,3.75,-1.7133477455219275,-7.368892636645041,0.3200382891498438
1970-12-01,15.873840687205735,0.0284552874211245,0.5580911981422311,17.55,,3.49,-2.261994301994302,-1.6858148496255776,0.3200382891498438
1971-01-01,16.461793943491934,0.0277052817049827,0.5404087061792833,18.12,,3.35,-2.521236203090507,1.902690517387362,0.31367855631467934
1971-02-01,17.03453478150212,0.027221175943178,0.5404087061792833,18.71,,3.21,-2.8052645644040624,5.410201997206987,0.31367855631467934
1971-03-01,17.40290260718887,0.0303363393714741,0.5404087061792833,19.08,,3.12,-2.958909853249475,7.666094167661486,0.31367855631467934
1971-04-01,17.924110447959603,0.0276226143011826,0.5201561791330612,19.61,,3.02,-3.2305609382967875,10.881856156894676,0.306733748096036
1971-05-01,17.564153279699376,0.0236786141754116,0.5201561791330612,19.22,,3.05,-3.1970863683662856,8.65365026518823,0.306733748096036
1971-06-01,17.083166880070696,0.0247462987950417,0.5201561791330612,18.74,,3.11,-3.0738207043756667,5.681731391895317,0.306733748096036
1971-07-01,16.88941470869335,0.0228817391519166,0.4936247703882639,18.48,,3.13,-3.0287445887445887,4.489461971686004,0.30054477050284073
1971-08-01,16.519449443051556,0.0263051657084271,0.4936247703882639,18.03,,3.18,-2.943688297282308,2.212619556796347,0.30054477050284073
1971-09-01,16.85679254783599,0.0291493536373799,0.4936247703882639,18.31,,3.11,-3.0985035499726923,4.311929083508437,0.30054477050284073
1971-10-01,16.42886270915946,0.0330470461041714,0.4767809389114352,17.62,,3.17,-2.914631101021566,1.6812028771064913,0.28957420390923283
1971-11-01,15.638712654326635,0.0373224423099071,0.4767809389114352,16.54,,3.32,-2.584050785973398,-3.191193919132018,0.28957420390923283
1971-12-01,16.60355721292532,0.0329099016947902,0.4767809389114352,17.4,,3.1,-2.93287356321839,2.8040725371149433,0.28957420390923283
1972-01-01,17.26299679703516,0.0304092139454324,0.4623898215378408,18.01,,2.97,-3.177529150471961,6.910005467253466,0.28194867912949584
1972-02-01,17.46414760548616,0.0285995637987667,0.4623898215378408,18.22,,2.92,-3.3215257958287596,8.171677417721535,0.28194867912949584
1972-03-01,17.805643849614928,0.0278510060760885,0.4623898215378408,18.54,,2.85,-3.4962567421790727,10.293841281744553,0.28194867912949584
1972-04-01,17.915161678498286,0.0262143352604341,0.44613119453855793,18.56,,2.82,-3.6020689655172413,10.969779486754305,0.27491869935582475
1972-05-01,17.662646200372546,0.0278608277190406,0.44613119453855793,18.2,,2.85,-3.535494505494505,9.40428221534626,0.27491869935582475
1972-06-01,17.64085731574025,0.0283786967244541,0.44613119453855793,18.09,,2.84,-3.6020840243228314,9.26666127122353,0.27491869935582475
1972-07-01,17.398690031138166,0.0293204527287235,0.4309608534540937,17.79,,2.87,-3.518864530635189,7.762773177914473,0.26490405790051474
1972-08-01,17.943404688029798,0.0268219065251014,0.4309608534540937,18.25,,2.77,-3.6605479452054803,11.134707070394146,0.26490405790051474
1972-09-01,17.61385455291211,0.0243698975161607,0.4309608534540937,17.82,,2.82,-3.538327721661055,9.093599404833007,0.26490405790051474
1972-10-01,17.533183854158548,0.0258208501372247,0.413751811318938,17.58,,2.83,-3.521717861205916,8.598107164915403,0.2562578187240491
1972-11-01,18.338894714968053,0.0255591437147356,0.413751811318938,18.19,,2.72,-3.822473886750963,13.59247442524687,0.2562578187240491
1972-12-01,18.64571944207367,0.0241054124070635,0.413751811318938,18.3,,2.68,-3.88551912568306,15.498688726546096,0.2562578187240491
1973-01-01,18.712530467302425,0.0231569808941731,0.3938127710250018,18.09,,2.67,-3.862084024322831,15.919965834825135,0.24748929475975887
1973-02-01,17.889889599193744,0.0245404424460053,0.3938127710250018,17.11,,2.77,-3.595464640561075,10.844200946738503,0.24748929475975887
1973-03-01,17.41214205829033,0.0259950098735119,0.3938127710250018,16.53,,2.82,-3.4703932244404117,7.9122143298467895,0.24748929475975887
1973-04-01,16.935740066050815,0.0287258705057229,0.3808760375836084,15.89,,2.89,-3.2667337948395225,4.9951495840827365,0.23987935181900957
1973-05-01,16.314338759668562,0.029885823859599,0.3808760375836084,15.13,,2.99,-2.9906146728354264,1.1808917357550186,0.23987935181900957
1973-06-01,15.808323047681974,0.0317147663098105,0.3808760375836084,14.5,,3.07,-2.713448275862069,-1.9166535391120454,0.23987935181900957
1973-07-01,15.889518573988775,0.0289874919477448,0.3706117253950128,14.33,,3.06,-2.671632937892533,-1.36609508233958,0.2341339899691989
1973-08-01,15.27850109470612,0.0306626418683665,0.3706117253950128,13.77,,3.13,-2.497835875090777,-5.10286053915201,0.2341339899691989
1973-09-01,15.47530860180556,0.0331604561310764,0.3706117253950128,13.73,,3.1,-2.536678805535325,-3.8286267921362804,0.2341339899691989
1973-10-01,15.913516308933383,0.0349589961349518,0.3590671303875554,13.99,,3.01,-2.7020371694067187,-1.0431515781403444,0.22861025677705457
1973-11-01,14.651845159710566,0.0416523287602511,0.3590671303875554,12.74,,3.28,-2.110706436420723,-8.823300260102284,0.22861025677705457
1973-12-01,13.493329686205888,0.0477529280537834,0.3590671303875554,11.62,,3.57,-1.3941480206540433,-15.965206934572207,0.22861025677705457
1974-01-01,13.53072189251395,0.045945965557319,0.3413574940697418,11.68,,3.54,-1.5583561643835608,-15.655825736475625,0.21979819497853806
1974-02-01,12.957321280205386,0.0508503679227041,0.3413574940697418,11.27,,3.66,-1.356885536823425,-19.16531292699618,0.21979819497853806
1974-03-01,13.310364239140162,0.0476220163978608,0.3413574940697418,11.66,,3.53,-1.7136706689536876,-16.908259310924436,0.21979819497853806
1974-04-01,12.550411048540909,0.0496075047546469,0.3256100368501124,10.89,,3.74,-1.097263544536272,-21.61207756093213,0.21250338375279504
1974-05-01,11.99543694732966,0.053892868651376,0.3256100368501124,10.41,,3.88,-0.8238520653218053,-25.03899040771308,0.21250338375279504
1974-06-01,11.888498820079,0.055562453619213,0.3256100368501124,10.27,,3.9,-0.7629016553067185,-25.67336998923627,0.21250338375279504
1974-07-01,10.394141805327052,0.0654696604756187,0.31197763896518543,8.95,,4.45,0.6331843575419018,-34.98679508132045,0.20521224744479682
1974-08-01,9.824195723141198,0.0703541005574878,0.31197763896518543,8.46,,4.68,1.190330969267137,-38.52428549976291,0.20521224744479682
1974-09-01,8.680421305646336,0.0846802108203165,0.31197763896518543,7.48,,5.27,2.658983957219249,-45.66236334623896,0.20521224744479682
1974-10-01,8.74498383380959,0.0862625431637184,0.29761169411412075,7.68,,5.17,2.2008333333333336,-45.24125840755363,0.1977045099824209
1974-11-01,8.94898451275561,0.0863379636251035,0.29761169411412075,8.0,,5.01,1.6600000000000001,-43.95887893972225,0.1977045099824209
1974-12-01,8.289060055923084,0.0985481576756122,0.29761169411412075,7.54,,5.37,2.36259946949602,-48.09590253425795,0.1977045099824209
1975-01-01,8.920995508404253,0.0897071037620604,0.29279969389658317,8.3,,4.99,1.1481927710843358,-44.15448888776942,0.19434607550833222
1975-02-01,9.762246716166471,0.0819527956867835,0.29279969389658317,9.32,,4.55,-0.2503862660944218,-38.921275932807276,0.19434607550833222
1975-03-01,10.163796767444042,0.0745692363572815,0.29279969389658317,9.91,,4.38,-0.9391826437941475,-36.46185838241413,0.19434607550833222
1975-04-01,10.233076136605924,0.0689661421114676,0.2931904353459707,10.22,,4.35,-1.3052641878669284,-36.09673226682639,0.19407827670873834
1975-05-01,10.818139119335813,0.0659771095385015,0.2931904353459707,11.09,,4.1,-2.1228674481514886,-32.532599947558815,0.19407827670873834
1975-06-01,11.011354609247666,0.0664754488553648,0.2931904353459707,11.61,,4.02,-2.5667355727820844,-31.439177143165054,0.19407827670873834
1975-07-01,10.902767048238584,0.066554175378377,0.2902620079306316,11.72,,4.01,-2.6575767918088733,-32.24328273664728,0.19511276184657098
1975-08-01,10.089769593328024,0.0707391989374968,0.2902620079306316,10.95,,4.33,-2.147579908675798,-37.42850184577012,0.19511276184657098
1975-09-01,9.918905356559426,0.0727282599801489,0.2902620079306316,10.91,,4.38,-2.234097158570119,-38.62806320671961,0.19511276184657098
1975-10-01,10.32759977750112,0.0718836622684194,0.29140024083272753,11.32,,4.18,-2.5960777385159,-36.25659826596625,0.19552442593704347
1975-11-01,10.435859457947906,0.0725464061339956,0.29140024083272753,11.41,,4.1,-2.7357581069237504,-35.75135222100958,0.19552442593704347
1975-12-01,10.250368416256848,0.0748291172799384,0.29140024083272753,11.14,,4.15,-2.593339317773788,-37.0598721150732,0.19552442593704347
1976-01-01,11.18505136262216,0.0694670364721565,0.292129129821911,11.82,,3.8,-3.1597631133671733,-31.505660588530525,0.19385002217140307
1976-02-01,11.586092994449698,0.0655891153116162,0.292129129821911,11.94,,3.66,-3.2247906197654927,-29.232017561849723,0.19385002217140307
1976-03-01,11.63175440356652,0.0657097419502064,0.292129129821911,11.67,,3.65,-3.02101970865467,-29.12380338001058,0.19385002217140307
1976-04-01,11.68916413220638,0.0667085077351527,0.29074137799487687,11.51,,3.64,-2.921902693310164,-28.9342402430947,0.19400600080162547
1976-05-01,11.532053585609436,0.0652250914201696,0.29074137799487687,11.18,,3.69,-2.625456171735241,-30.03687986282191,0.19400600080162547
1976-06-01,11.543841631417116,0.065769695495819,0.29074137799487687,11.01,,3.69,-2.617347865576747,-30.1084662394981,0.19400600080162547
1976-07-01,11.75749048868992,0.0647268448300165,0.29006125197075183,11.14,,3.64,-2.803339317773787,-28.95316043239785,0.1942206718166123
1976-08-01,11.59798600250926,0.0664018845110223,0.29006125197075183,10.93,,3.7,-2.680869167429094,-30.049696020532725,0.1942206718166123
1976-09-01,11.805990949539796,0.067050799195108,0.29006125197075183,11.05,,3.65,-2.7402262443438907,-28.924622126797672,0.1942206718166123
1976-10-01,11.345696136316706,0.0721916591120818,0.2862388660490772,10.54,,3.84,-2.2723339658444015,-31.817511884301442,0.19386102278743433
1976-11-01,11.24885586050797,0.074333053535413,0.2862388660490772,10.34,,3.94,-2.1588201160541587,-32.513365901319546,0.19386102278743433
1976-12-01,11.597589726582948,0.0762243142333645,0.2862388660490772,10.57,,3.87,-2.5292620624408713,-30.533251680779593,0.19386102278743433
1977-01-01,11.437961346787556,0.0745721288198716,0.28544668299631126,10.41,,3.95,-2.413852065321805,-31.595797358619826,0.19426280335969223
1977-02-01,11.014841854222782,0.077211979817013,0.28544668299631126,10.08,,4.1,-2.1993650793650783,-34.224642922614336,0.19426280335969223
1977-03-01,10.895746511662743,0.0778978226697907,0.28544668299631126,9.98,,4.17,-2.1399599198396793,-35.03217006862395,0.19426280335969223
1977-04-01,10.63603740914136,0.0816057098868884,0.28526257624344165,9.72,,4.29,-1.9319341563786026,-36.670129610527326,0.1937555107736288
1977-05-01,10.548486693557,0.0816952548468145,0.28526257624344165,9.58,,4.36,-1.9015866388308975,-37.2726178859601,0.1937555107736288
1977-06-01,10.530023959090762,0.0840441117524303,0.28526257624344165,9.53,,4.39,-1.8868205666316893,-37.45418765473186,0.1937555107736288
1977-07-01,10.567692447775409,0.083410742744201,0.2853388459490973,9.53,,4.4,-1.9168205666316886,-37.29425550807709,0.19326124648867815
1977-08-01,10.268385666711,0.085499137405506,0.2853388459490973,9.21,,4.56,-1.6822366992399562,-39.12726569607854,0.19326124648867815
1977-09-01,10.067742820070702,0.0880699297567031,0.2853388459490973,8.99,,4.68,-1.4765294771968858,-40.366870028787126,0.19326124648867815
1977-10-01,9.766666299556544,0.0893616506552814,0.2857462536754105,8.7,,4.86,-1.2157471264367814,-42.19335674668159,0.19270146103536911
1977-11-01,9.7662999836602,0.088966828403053,0.2857462536754105,8.71,,4.89,-1.2489437428243413,-42.2369039249649,0.19270146103536911
1977-12-01,9.67826658253592,0.0888270474324674,0.2857462536754105,8.62,,4.98,-1.2590719257540588,-42.79771323365985,0.19270146103536911
1978-01-01,9.24146226093469,0.0910679235977685,0.2858626214332404,8.28,,5.22,-0.8427053140096614,-45.416072711499,0.19016716075010173
1978-02-01,9.04526357070474,0.093081792692157,0.2858626214332404,8.16,,5.35,-0.7450980392156872,-46.61400191215355,0.19016716075010173
1978-03-01,8.950420077633892,0.0946846265534384,0.2858626214332404,8.13,,5.4,-0.7598769987699896,-47.21686931183478,0.19016716075010173
1978-04-01,9.262588720866844,0.0903450911154029,0.2850512871924972,8.41,,5.22,-1.189393579072533,-45.42579955174148,0.18954790211688696
1978-05-01,9.634910728598443,0.0848588377750582,0.2850512871924972,8.75,,5.0,-1.701428571428572,-43.28557784174454,0.18954790211688696
1978-06-01,9.549678981041737,0.0852190625543068,0.2850512871924972,8.7,,5.03,-1.6657471264367807,-43.842620851643346,0.18954790211688696
1978-07-01,9.425524047787356,0.0849999675123131,0.2852098713138794,8.57,,5.09,-1.6013885647607928,-44.62905397266108,0.18840095314397745
1978-08-01,10.023970854003748,0.0811464757371171,0.2852098713138794,9.07,,4.8,-2.2846416758544663,-41.17182615457986,0.18840095314397745
1978-09-01,9.941887473004408,0.0823704040386536,0.2852098713138794,8.98,,4.83,-2.144142538975501,-41.709781740326,0.18840095314397745
1978-10-01,9.533608358208827,0.0848298222704528,0.28657093634145775,8.51,,5.01,-1.4991186839012922,-44.15744715476655,0.18681985716114713
1978-11-01,8.928418902293146,0.0904137097825752,0.28657093634145775,7.84,,5.34,-0.4648979591836735,-47.746694653518084,0.18681985716114713
1978-12-01,9.011941819133828,0.0875484924436704,0.28657093634145775,7.79,,5.28,-0.47302952503209283,-47.29573513294022,0.18681985716114713
1979-01-01,9.25763691913997,0.0843448811379197,0.2859211563937043,7.88,,5.13,-0.6196446700507625,-45.89070341923518,0.18772337697216734
1979-02-01,9.003740371045629,0.0880360566011366,0.2859211563937043,7.57,,5.25,-0.17996036988111008,-47.39730483555296,0.18772337697216734
1979-03-01,9.070785029660762,0.0872003801346321,0.2859211563937043,7.53,,5.19,-0.18978751660026738,-47.02041176027851,0.18772337697216734
1979-04-01,9.133063566217412,0.0864759502629325,0.28598816210535893,7.55,,5.14,-0.28496688741721776,-46.6617222106884,0.1877034169833666
1979-05-01,8.794383289814954,0.0910529655243998,0.28598816210535893,7.25,,5.31,0.18310344827586178,-48.63991318307042,0.1877034169833666
1979-06-01,8.85393776469395,0.0942924564946973,0.28598816210535893,7.27,,5.25,0.07515818431912002,-48.28974830667987,0.1877034169833666
1979-07-01,8.827498045542361,0.0948255014240151,0.28514834088160035,7.23,,5.25,0.2412586445366518,-48.4373669236067,0.18717470851090035
1979-08-01,9.127165797215032,0.0907464776968839,0.28514834088160035,7.45,,5.08,-0.21718120805369168,-46.676583954019826,0.18717470851090035
1979-09-01,9.112758990740955,0.0887860912748759,0.28514834088160035,7.42,,5.07,-0.2629110512129387,-46.74638844922418,0.18717470851090035
1979-10-01,8.681843306899308,0.0848152873636967,0.2835273067455054,7.11,,5.32,0.17469760900140585,-49.24900722096931,0.18616233323612708
1979-11-01,8.518784302983555,0.0839403396882968,0.2835273067455054,7.01,,5.4,0.21533523537803134,-50.18374257146099,0.18616233323612708
1979-12-01,8.745204404669291,0.0840555503791803,0.2835273067455054,7.25,,5.24,-0.23689655172413815,-48.83823277098396,0.18616233323612708
1980-01-01,8.850934180729107,0.0798346984534919,0.28397169887002544,7.39,,5.14,-0.5382002706359934,-48.196140860992486,0.1859795906595279
1980-02-01,9.054476092192514,0.0621371652287653,0.28397169887002544,7.61,,4.99,-0.8993955321944807,-46.9786852194907,0.1859795906595279
1980-03-01,8.081150900785497,0.0730989727415799,0.28397169887002544,6.85,,5.54,0.3985401459854021,-52.652137425332526,0.1859795906595279
1980-04-01,7.844024504719215,0.0900006692892111,0.28250978856834885,6.79,,5.68,0.4175405007363757,-54.01391446915977,0.18642728342095677
1980-05-01,8.104225807176492,0.0995870518638713,0.28250978856834885,7.15,,5.47,-0.40398601398601564,-52.463778223746814,0.18642728342095677
1980-06-01,8.512077962306739,0.098297418837549,0.28250978856834885,7.67,,5.18,-1.422190352020861,-50.05070151132905,0.18642728342095677
1980-07-01,8.880865527295843,0.0881645115496864,0.2827051807365073,8.07,,4.99,-2.2084262701363073,-47.86977280516732,0.1851680623152535
1980-08-01,9.071005981618384,0.0780838378786659,0.2827051807365073,8.38,,4.88,-2.786825775656327,-46.73422019111114,0.1851680623152535
1980-09-01,9.19604013174324,0.0728359596255031,0.2827051807365073,8.64,,4.8,-3.2659259259259272,-45.98360495435186,0.1851680623152535
1980-10-01,9.35784104675711,0.0690295926857678,0.28224592935542525,8.86,,4.69,-3.6233182844243785,-45.01838234168287,0.18471218073364412
1980-11-01,9.654043663233388,0.0567918375749956,0.28224592935542525,9.19,,4.52,-4.058607181719259,-43.25806545109834,0.18471218073364412
1980-12-01,9.389902084921742,0.0585675310840924,0.28224592935542525,9.01,,4.61,-3.9312208657047716,-44.78603957773169,0.18471218073364412
1981-01-01,9.259404530877951,0.0636416662177888,0.28121273274704006,9.02,,4.66,-4.0335254988913505,-45.524798912015406,0.18505310161473296
1981-02-01,8.829899353831307,0.0635367932448945,0.28121273274704006,8.76,,4.86,-3.734474885844749,-48.03264338356355,0.18505310161473296
1981-03-01,9.081096883854626,0.0615694734984602,0.28121273274704006,9.14,,4.71,-4.239080962800875,-46.54313866311609,0.18505310161473296
1981-04-01,9.085561230788745,0.0563766615313754,0.28016164323724374,9.13,,4.7,-4.337097480832421,-46.51252571952676,0.1828164466705875
1981-05-01,8.818483466548068,0.0558188828469301,0.28016164323724374,8.86,,4.82,-4.153318284424378,-48.08080043381899,0.1828164466705875
1981-06-01,8.76534074430493,0.0629637895883287,0.28016164323724374,8.81,,4.83,-4.079262202043132,-48.3894816806568,0.1828164466705875
1981-07-01,8.445319467875512,0.060110156642069,0.27882964837299806,8.55,,4.98,-3.7640935672514644,-50.26920901981789,0.18238287295385675
1981-08-01,8.399806316566442,0.0547113634061076,0.27882964837299806,8.54,,5.0,-3.8103981264636992,-50.53637706488161,0.18238287295385675
1981-09-01,7.581163051923158,0.064820290137253,0.27882964837299806,7.75,,5.51,-2.676774193548388,-55.3584280683902,0.18238287295385675
1981-10-01,7.6491417133192146,0.0653149735509439,0.2756122015615494,7.83,,5.47,-2.6986079182630913,-54.963087243067186,0.1816153587357773
1981-11-01,7.810752565716111,0.0805583332980784,0.2756122015615494,8.02,,5.36,-3.031172069825436,-54.02105663420842,0.1816153587357773
1981-12-01,7.832562137141897,0.076719176754106,0.2756122015615494,8.06,,5.36,-3.033052109181142,-53.907792348051984,0.1816153587357773
1982-01-01,7.388659973375996,0.0760357495132021,0.2759624398122569,7.73,,5.68,-2.453389391979302,-56.538064578982336,0.1811377484076941
1982-02-01,7.181823450546734,0.0813512897304126,0.2759624398122569,7.64,,5.84,-2.3209947643979056,-57.77933036011844,0.1811377484076941
1982-03-01,6.950673793536033,0.0913042563014171,0.2759624398122569,7.48,,6.06,-1.9210160427807494,-59.167427406549265,0.1811377484076941
1982-04-01,7.259072625426147,0.0852886898148344,0.2760065227470984,7.97,,5.8,-2.642948557089083,-57.39110050653052,0.18034017104104144
1982-05-01,7.192612484464624,0.0898257189867299,0.2760065227470984,8.09,,5.82,-2.6690605686032125,-57.824298935397756,0.18034017104104144
1982-06-01,6.692133988197588,0.0945160315266276,0.2760065227470984,7.74,,6.21,-2.0201033591731257,-60.80797021217661,0.18034017104104144
1982-07-01,6.638653100208758,0.0992586435056396,0.2770550165129782,7.83,,6.24,-1.9986079182630903,-61.179279310472666,0.18014485264129726
1982-08-01,6.64342275216609,0.1080140872210016,0.2770550165129782,7.97,,6.23,-2.1929485570890836,-61.21614492958768,0.18014485264129726
1982-09-01,7.398838200323304,0.0998093768756104,0.2770550165129782,9.03,,5.6,-3.61580287929125,-56.88527091717488,0.18014485264129726
1982-10-01,7.999840994534584,0.1037727640163861,0.2803506840480119,10.01,,5.17,-4.599990009990009,-53.47628413842318,0.18388913775409188
1982-11-01,8.347476938155427,0.101688397650632,0.2803506840480119,10.67,,4.97,-5.137928772258668,-51.563741696810354,0.18388913775409188
1982-12-01,8.467738401400474,0.0993863337317982,0.2803506840480119,11.03,,4.93,-5.413816863100635,-50.9878263153734,0.18388913775409188
1983-01-01,8.756783224134741,0.0962552956262689,0.2893909770762553,11.48,,4.77,-5.6291986062717765,-49.45170537440847,0.18622661794104317
1983-02-01,8.910493436624119,0.0910340188550721,0.2893909770762553,11.75,,4.7,-5.759361702127659,-48.71263111496123,0.18622661794104317
1983-03-01,9.232829705190523,0.0882085106129321,0.2893909770762553,12.23,,4.55,-6.063385118560916,-47.017778727050974,0.18622661794104317
1983-04-01,9.531581284160408,0.0859376316392126,0.2944659836505476,12.64,,4.39,-6.14860759493671,-45.47472275686019,0.18914864291636432
1983-05-01,9.874456504668396,0.0824088832454137,0.2944659836505476,13.09,,4.22,-6.390580595874713,-43.697453608711946,0.18914864291636432
1983-06-01,10.000117903130018,0.0760251033162316,0.2944659836505476,13.22,,4.17,-6.305703479576399,-43.17369820065311,0.18914864291636432
1983-07-01,10.014475995571022,0.0707717739327202,0.29876570131492586,13.02,,4.17,-6.109508448540706,-43.29019430004113,0.19368741316081944
1983-08-01,9.728056935665204,0.0673968529107451,0.29876570131492586,12.43,,4.3,-5.614947707160097,-45.10743765034106,0.19368741316081944
1983-09-01,9.984202458028772,0.0670589047198176,0.29876570131492586,12.57,,4.19,-5.724550517104216,-43.85772242097572,0.19368741316081944
1983-10-01,10.003391799449622,0.0673346941407564,0.30297937840432637,12.38,,4.19,-5.4724555735056555,-43.94905520399347,0.19573261390013164
1983-11-01,9.853581649364276,0.0668588374150979,0.30297937840432637,11.98,,4.27,-5.052754590984975,-44.98402636411808,0.19573261390013164
1983-12-01,9.815010903608668,0.0652596440910508,0.30297937840432637,11.72,,4.31,-4.807576791808874,-45.3940880247788,0.19573261390013164
1984-01-01,9.894931809202532,0.0657430676135771,0.3059370208444572,11.52,,4.28,-4.579444444444444,-45.14522236933627,0.20010352824647912
1984-02-01,9.32452964572798,0.0693714441810555,0.3059370208444572,10.59,,4.55,-3.677129367327666,-48.482816579107926,0.20010352824647912
1984-03-01,9.326747066508243,0.0633925029354559,0.3059370208444572,10.31,,4.56,-3.390678952473328,-48.634829227721674,0.20010352824647912
1984-04-01,9.305643404594822,0.0606097137947414,0.3153135324446836,10.12,,4.58,-3.0485770750988124,-48.90281899837604,0.20264593866512037
1984-05-01,9.231831816896044,0.0526420893537802,0.3153135324446836,9.86,,4.64,-2.688012170385395,-49.457276963799735,0.20264593866512037
1984-06-01,9.010185512291006,0.0532353611982679,0.3153135324446836,9.45,,4.77,-2.1679894179894177,-50.81056030237525,0.20264593866512037
1984-07-01,8.8683022140433,0.0565497602854454,0.3244557413678442,9.26,,4.85,-1.9408639308855289,-51.718895097221875,0.20697806110465738
1984-08-01,9.62306325737317,0.0532184875667633,0.3244557413678442,10.0,,4.47,-2.75,-47.75592884349833,0.20697806110465738
1984-09-01,9.68734131362808,0.0537589781190694,0.3244557413678442,10.03,,4.44,-2.7799102691924222,-47.55309713348349,0.20697806110465738
1984-10-01,9.595070703048505,0.0576010785184676,0.3321515506596108,9.94,,4.51,-2.6196378269617693,-48.19682552976061,0.21022076737360743
1984-11-01,9.691973221783089,0.061621192533612,0.3321515506596108,10.01,,4.5,-2.509990009990009,-47.81094418446069,0.21022076737360743
1984-12-01,9.59505480113346,0.0625326407926833,0.3321515506596108,9.89,,4.58,-2.3487765419615787,-48.460391297212105,0.21022076737360743
1985-01-01,9.997001177730452,0.0593331569280874,0.3369148540935886,10.36,,4.41,-2.827490347490347,-46.42570880964115,0.2129993866682634
1985-02-01,10.494935172607075,0.052973907673109,0.3369148540935886,10.98,,4.21,-3.372531876138435,-43.88068831663981,0.2129993866682634
1985-03-01,10.373217214924727,0.0505881172645448,0.3369148540935886,10.95,,4.27,-3.307579908675798,-44.64606889086228,0.2129993866682634
1985-04-01,10.397118719816817,0.0547630959334107,0.34744505598166525,11.2,,4.26,-3.3914285714285715,-44.627297121584355,0.21538468033990577
1985-05-01,10.608120467860097,0.0584440115176489,0.34744505598166525,11.65,,4.17,-3.6463090128755375,-43.61275247744811,0.21538468033990577
1985-06-01,10.810049845861212,0.0630792195548151,0.34744505598166525,12.1,,4.1,-3.9955371900826435,-42.6476236816136,0.21538468033990577
1985-07-01,10.997563956793378,0.0590079751401289,0.35348715979316986,12.43,,4.04,-4.084947707160097,-41.75861051966853,0.21718728128399795
1985-08-01,10.73879980887728,0.061000120961805,0.35348715979316986,12.26,,4.15,-3.8533931484502446,-43.22798051762554,0.21718728128399795
1985-09-01,10.47123466169755,0.06268656154794,0.35348715979316986,12.09,,4.26,-3.7187014061207613,-44.73869525819223,0.21718728128399795
1985-10-01,10.55251698294375,0.0630589866986109,0.35985311233114836,12.39,,4.22,-3.8389749798224386,-44.40522725030082,0.21976770473578566
1985-11-01,11.164611128667469,0.0619815159154477,0.35985311233114836,13.33,,3.99,-4.288124531132782,-41.28994964181031,0.21976770473578566
1985-12-01,11.690521474467596,0.0630599675151509,0.35985311233114836,14.19,,3.81,-4.75278365045807,-38.64654628483378,0.21976770473578566
1986-01-01,11.715007584487989,0.0636818590232278,0.37011838771012834,14.28,,3.81,-4.7571988795518205,-38.64950515016488,0.22324753366024563
1986-02-01,12.388219099418126,0.0632657065627063,0.37011838771012834,15.08,,3.64,-5.0487002652519894,-35.277932146245675,0.22324753366024563
1986-03-01,13.18902298153272,0.0668828032503959,0.37011838771012834,16.0,,3.45,-5.3100000000000005,-31.27032952852965,0.22324753366024563
1986-04-01,13.552504172869485,0.0690710338114584,0.3787422792362285,16.32,,3.38,-5.4625490196078434,-29.56977057211786,0.22570526765669716
1986-05-01,13.560046199232335,0.0644657967929347,0.3787422792362285,16.28,,3.39,-5.3774938574938576,-29.731529748817763,0.22570526765669716
1986-06-01,13.88868862645712,0.0618420053955039,0.3787422792362285,16.68,,3.3,-5.524796163069544,-28.24181449113339,0.22570526765669716
1986-07-01,13.619995534083811,0.0677000621929512,0.39102451423671036,16.28,,3.39,-5.347493857493858,-29.848828583889585,0.22783342991437722
1986-08-01,13.88766755086606,0.0672204782863541,0.39102451423671036,16.55,,3.34,-5.347703927492448,-28.694418740097415,0.22783342991437722
1986-09-01,13.467314312977136,0.0667820885001379,0.39102451423671036,16.05,,3.45,-5.069470404984425,-31.072180565923624,0.22783342991437722
1986-10-01,13.425918860857363,0.0667536106884135,0.3988449964473298,16.12,,3.47,-5.096526054590572,-31.507137325255474,0.23005238777961828
1986-11-01,13.872985596138609,0.0660659568581456,0.3988449964473298,16.78,,3.37,-5.3305244338498206,-29.465372392831036,0.23005238777961828
1986-12-01,14.085139814743314,0.0661097020691038,0.3988449964473298,17.17,,3.33,-5.305888177053001,-28.639972240792655,0.23005238777961828
1987-01-01,14.922208103718951,0.0625522258718736,0.4052810530437602,18.01,,3.14,-5.527529150471961,-24.67743909690201,0.23370242023604182
1987-02-01,15.822318142836458,0.0563348893561844,0.4052810530437602,18.86,,2.96,-5.697773064687168,-20.424430248034152,0.23370242023604182
1987-03-01,16.433343976069928,0.0537424974422631,0.4052810530437602,19.37,,2.85,-5.727377387712959,-17.64300458368744,0.23370242023604182
1987-04-01,16.19653445322088,0.0466094315061827,0.4113686746125325,19.45,,2.9,-5.688611825192802,-19.11038320868661,0.23759864399561062
1987-05-01,16.16031195265575,0.0406939757093295,0.4113686746125325,19.74,,2.93,-5.634143870314082,-19.584128818536485,0.23759864399561062
1987-06-01,16.825207307878728,0.0400205494243485,0.4113686746125325,20.9,,2.83,-5.825311004784688,-16.59507522266016,0.23759864399561062
1987-07-01,17.306004390512225,0.0376255172610622,0.41458058656887004,20.81,,2.76,-5.714617972128783,-14.553980324540671,0.2392557307620055
1987-08-01,18.32690724585635,0.0315180019606285,0.41458058656887004,21.42,,2.61,-5.761465919701214,-9.859922503473806,0.2392557307620055
1987-09-01,17.67562044993823,0.0271380898068601,0.41458058656887004,20.09,,2.72,-5.392399203583872,-13.385100870981903,0.2392557307620055
1987-10-01,15.530055563627322,0.0338853995584383,0.42196735012342707,17.08,,3.11,-4.40519906323185,-24.17101748955127,0.2409402786277404
1987-11-01,13.590885143189093,0.0492479792452539,0.42196735012342707,14.45,,3.58,-3.3495847750865044,-33.86296751894508,0.2409402786277404
1987-12-01,13.38902851442697,0.0487140144849144,0.42196735012342707,13.77,,3.66,-2.957835875090778,-35.049322306762,0.2409402786277404
1988-01-01,13.89833668356914,0.0487702544945739,0.43318786610577986,14.02,,3.54,-3.0973323823109844,-32.77437502156799,0.24390849621588126
1988-02-01,14.298270962469529,0.050954722160582,0.43318786610577986,14.16,,3.45,-3.0878531073446336,-31.02709522192708,0.24390849621588126
1988-03-01,14.668946811103469,0.0472029970596288,0.43318786610577986,14.29,,3.37,-3.0620993701889434,-29.416668271796098,0.24390849621588126
1988-04-01,14.433316420838947,0.0445270583083365,0.4431085273679387,13.39,,3.44,-2.5917401045556394,-30.711305905373678,0.24825800490806302
1988-05-01,14.031891348027775,0.042178685061003,0.4431085273679387,12.41,,3.57,-1.9119822723609996,-32.76672210366072,0.24825800490806302
1988-06-01,14.766468647879622,0.039638410850633,0.4431085273679387,12.49,,3.41,-1.8835948759007213,-29.350865455166854,0.24825800490806302
1988-07-01,14.6083157175221,0.0386096754950862,0.45163507369548545,12.22,,3.46,-1.6666939443535185,-30.179336890755472,0.25209447702519816
1988-08-01,14.244946310675656,0.0383192234521964,0.45163507369548545,11.78,,3.56,-1.241035653650254,-31.979500905879288,0.25209447702519816
1988-09-01,14.369428776140165,0.0404212369730858,0.45163507369548545,11.79,,3.53,-1.2082357930449525,-31.444445821956545,0.25209447702519816
1988-10-01,14.811450153277727,0.0395454272184853,0.4575671548198985,12.02,,3.44,-1.3205324459234618,-29.391874333234803,0.25294045185071157
1988-11-01,14.445530680872892,0.0392710022376178,0.4575671548198985,11.57,,3.56,-0.9769576490924798,-31.19113700071382,0.25294045185071157
1988-12-01,14.702086748572,0.0362684503587928,0.4575671548198985,11.64,,3.53,-0.9889347079037805,-30.025979019111627,0.25294045185071157
1989-01-01,15.088072442713283,0.0343199334997087,0.46711053005076203,11.82,,3.45,-1.0897631133671748,-28.24922574068569,0.25507372879979606
1989-02-01,15.46706046273475,0.0310994244174099,0.46711053005076203,11.97,,3.38,-1.1157811194653302,-26.51164165164187,0.25507372879979606
1989-03-01,15.29896910888236,0.0294507277065168,0.46711053005076203,11.73,,3.42,-0.834850809889172,-27.374509288495176,0.25507372879979606
1989-04-01,15.686742656144585,0.029119326302348,0.47905785464610107,12.07,,3.35,-1.084995857497928,-25.602056196679847,0.25638945255814327
1989-05-01,16.18635353854456,0.0296122244526343,0.47905785464610107,12.49,,3.27,-1.2235948759007211,-23.309859464590833,0.25638945255814327
1989-06-01,16.64190423580859,0.0328016985899481,0.47905785464610107,12.84,,3.2,-1.3218380062305286,-21.235992548157313,0.25638945255814327
1989-07-01,17.01340765049913,0.0331833244718732,0.489472360557134,13.43,,3.16,-1.6039836187639622,-19.567460144862324,0.25858878280247677
1989-08-01,17.734251436577328,0.0290588773721217,0.489472360557134,14.32,,3.06,-2.056759776536312,-16.27725656095642,0.25858878280247677
1989-09-01,17.714220678979082,0.0275245371308188,0.489472360557134,14.66,,3.09,-2.148717598908595,-16.5136009750807,0.25858878280247677
1989-10-01,17.64085385279795,0.0292200805485348,0.499284478999586,14.84,,3.12,-2.191455525606469,-17.024637625809092,0.2632174485241475
1989-11-01,17.242369266947428,0.0312062138058682,0.499284478999586,14.7,,3.22,-1.9872789115646246,-19.070736833742874,0.2632174485241475
1989-12-01,17.650212904947328,0.0292305405970291,0.499284478999586,15.24,,3.17,-2.1383202099737524,-17.339633328878044,0.2632174485241475
1990-01-01,17.048843606878272,0.0271104618348834,0.5068629588685758,15.13,,3.28,-1.9706146728354268,-20.339280884721223,0.2640566055072116
1990-02-01,16.50809351649029,0.02545090955106,0.5068629588685758,14.97,,3.4,-1.9099732798931202,-23.059170175470157,0.2640566055072116
1990-03-01,16.833748233480954,0.022067655369177,0.5068629588685758,15.62,,3.34,-2.1079513444302167,-21.75116024692135,0.2640566055072116
1990-04-01,16.813913898735766,0.0191294454887781,0.5222522249810159,15.7,,3.38,-2.0805732484076422,-22.065073523810298,0.26571351036885327
1990-05-01,17.392413588645006,0.0166654977778076,0.5222522249810159,16.37,,3.3,-2.341264508246793,-19.602826256305196,0.26571351036885327
1990-06-01,17.81708282165301,0.017515428083203,0.5222522249810159,16.95,,3.24,-2.5702949852507375,-17.855827976034043,0.26571351036885327
1990-07-01,17.74717158707024,0.0182385187961745,0.5253006427068122,16.81,,3.26,-2.4911600237953593,-18.386444390652013,0.2684825744223013
1990-08-01,16.168334756508973,0.0211429608681629,0.5253006427068122,15.33,,3.56,-1.916842791911285,-25.829161707098425,0.2684825744223013
1990-09-01,15.301285443522625,0.0232430186387495,0.5253006427068122,14.51,,3.75,-1.5482012405237757,-29.970377770904967,0.2684825744223013
1990-10-01,14.8181479655008,0.0267108638346087,0.5401133230206097,14.21,,3.88,-1.3727023223082346,-32.3306343175001,0.2727958205902257
1990-11-01,15.187607599503188,0.0277440275367621,0.5401133230206097,14.68,,3.81,-1.5380108991825612,-30.79979527536486,0.2727958205902257
1990-12-01,15.846314974728765,0.0271335028708898,0.5401133230206097,15.41,,3.68,-1.8607073329007138,-27.963771273763093,0.2727958205902257
1991-01-01,15.606190118802363,0.0277832938089166,0.5625589206954545,15.35,,3.72,-1.8253420195439736,-29.218145866464184,0.27756204705595205
1991-02-01,17.35466474520511,0.0228079814076162,0.5625589206954545,17.19,,3.34,-2.5326643397324027,-21.46778280126227,0.27756204705595205
1991-03-01,17.818620083397377,0.0181525435112166,0.5625589206954545,17.78,,3.25,-2.7157030371203605,-19.547169276500032,0.27756204705595205
1991-04-01,18.155345895198018,0.0172614179153788,0.5714157150130259,18.58,,3.19,-2.8878686759956933,-18.203551808742347,0.2820515344802356
1991-05-01,18.03543091100405,0.0168198758599404,0.5714157150130259,18.98,,3.21,-3.0112961011591146,-18.940846962341883,0.2820515344802356
1991-06-01,18.015227044688327,0.0141649452424473,0.5714157150130259,19.49,,3.21,-3.119163673678809,-19.247603941778113,0.2820515344802356
1991-07-01,18.103452345519745,0.0130047304938539,0.5850818903081997,20.14,,3.21,-3.244756703078452,-19.085424343006384,0.2875793341534019
1991-08-01,18.51225845533772,0.0149980508193341,0.5850818903081997,21.22,,3.14,-3.4674646559849194,-17.512002470473288,0.2875793341534019
1991-09-01,18.35728259177432,0.0174008773057264,0.5850818903081997,21.73,,3.17,-3.5380671882190526,-18.470500855099313,0.2875793341534019
1991-10-01,18.349187992001983,0.0185535063143097,0.599960661928623,22.49,,3.17,-3.6935793686082707,-18.789701344018884,0.2888335037846179
1991-11-01,18.28886816930134,0.0198020849519743,0.599960661928623,23.27,,3.17,-3.7826214009454233,-19.358675210806364,0.2888335037846179
1991-12-01,18.441652313512726,0.0223922892410924,0.599960661928623,24.33,,3.14,-3.909847924373201,-19.009226831035065,0.2888335037846179
1992-01-01,19.773068211462643,0.0191605697638293,0.6135454025579927,25.93,,2.94,-4.143463170073274,-13.529335653227248,0.29446239558312354
1992-02-01,19.58298297038674,0.0165969497538057,0.6135454025579927,25.6,,2.98,-4.123749999999999,-14.710111695387562,0.29446239558312354
1992-03-01,19.283561861298555,0.016023313388901,0.6135454025579927,25.16,,3.03,-4.065437201907789,-16.345569462568342,0.29446239558312354
1992-04-01,19.301229507881043,0.0162859346889812,0.6331895834153871,24.73,,3.02,-3.926328346138293,-16.59210078899137,0.29783270201080747
1992-05-01,19.66227979564169,0.0154028221690633,0.6331895834153871,24.75,,2.97,-3.9495959595959595,-15.337606703960006,0.29783270201080747
1992-06-01,19.315365967644595,0.0166950012722171,0.6331895834153871,23.95,,3.02,-3.8346346555323585,-17.10559682374434,0.29783270201080747
1992-07-01,19.62074069482441,0.0197776113526386,0.6510472732734811,23.88,,2.97,-3.7623953098827467,-16.046680655960742,0.3027796607937858
1992-08-01,19.72213749835153,0.0220979108260922,0.6510472732734811,23.6,,2.96,-3.61271186440678,-15.842203488394135,0.3027796607937858
1992-09-01,19.708766424745303,0.0239142473868124,0.6510472732734811,23.2,,2.96,-3.5196551724137928,-16.10764782352857,0.3027796607937858
1992-10-01,19.370271076906977,0.0231499418965317,0.6680451558199727,22.43,,3.0,-3.391685242978154,-17.733016679627323,0.30458275755923886
1992-11-01,19.833656038801237,0.0195015702785036,0.6680451558199727,22.56,,2.93,-3.4473758865248225,-15.927571197358038,0.30458275755923886
1992-12-01,20.448606721242967,0.0193367117727538,0.6680451558199727,22.82,,2.84,-3.4378790534618755,-13.463514681673649,0.30458275755923886
1993-01-01,20.323410802995717,0.0216363495993859,0.6880985264322884,22.5,,2.85,-3.4155555555555557,-14.110273416223873,0.3084797346281052
1993-02-01,20.545336792900454,0.0247622324173216,0.6880985264322884,22.55,,2.82,-3.325410199556541,-13.28031091986941,0.3084797346281052
1993-03-01,20.85520014869092,0.0272014137064185,0.6880985264322884,22.69,,2.77,-3.3227721463199655,-12.071344411746033,0.3084797346281052
1993-04-01,20.457362016642183,0.0277827305362514,0.705323300269394,22.53,,2.82,-3.2614735907678654,-13.836040141888217,0.312743275157713
1993-05-01,20.517605633764877,0.0264533735469105,0.705323300269394,22.83,,2.81,-3.3397985107314927,-13.675775281457225,0.312743275157713
1993-06-01,20.6083570129602,0.0268691716172203,0.705323300269394,23.18,,2.79,-3.415936151855048,-13.393393048875712,0.312743275157713
1993-07-01,20.564596413297146,0.0280560842826181,0.7365650424841991,22.72,,2.8,-3.3385915492957743,-13.683849688026871,0.3184456524389607
1993-08-01,20.812227546627383,0.0287534039146165,0.7365650424841991,22.65,,2.76,-3.2549889624724058,-12.749138905571122,0.3184456524389607
1993-09-01,20.99350100522913,0.0312368606311545,0.7365650424841991,22.5,,2.73,-3.235555555555555,-12.094021794869114,0.3184456524389607
1993-10-01,21.10917824747512,0.0313953055309022,0.7549431558207916,22.19,,2.7,-3.163465525011267,-11.712552691734324,0.31972341872024224
1993-11-01,21.03790118960638,0.0275217786202738,0.7549431558207916,21.63,,2.71,-2.9667914932963475,-12.109398219174938,0.31972341872024224
1993-12-01,21.164732079814648,0.0266344994756456,0.7549431558207916,21.29,,2.7,-2.8129591357444808,-11.673305156702884,0.31972341872024224
1994-01-01,21.41197491382654,0.0259606559122276,0.7740006395037644,21.34,,2.67,-2.8339643861293338,-10.730562567726054,0.3236862436014275
1994-02-01,21.263840187313026,0.0239325170583003,0.7740006395037644,21.02,,2.69,-2.742626070409134,-11.445323688661258,0.3236862436014275
1994-03-01,20.83337588946041,0.0199546784883648,0.7740006395037644,20.42,,2.74,-2.542840352595495,-13.342419794087757,0.3236862436014275
1994-04-01,20.055250085063847,0.016553849274837,0.7847340787427722,19.0,,2.85,-2.1468421052631577,-16.69026970992935,0.32581987263242457
1994-05-01,20.196492421281448,0.0138743245504506,0.7847340787427722,18.5,,2.84,-2.004594594594595,-16.201060425200055,0.32581987263242457
1994-06-01,20.29076369067031,0.0144947402163953,0.7847340787427722,18.05,,2.82,-1.8498337950138506,-15.894243963602072,0.32581987263242457
1994-07-01,20.06795181614215,0.0129226879446432,0.8015118789020107,17.42,,2.85,-1.5794718714121707,-16.8898607600141,0.3306356527357319
1994-08-01,20.53554940475564,0.0124087449664431,0.8015118789020107,17.44,,2.78,-1.6260550458715608,-15.009444198421296,0.3306356527357319
1994-09-01,20.576450100818867,0.0098951853180564,0.8015118789020107,17.09,,2.77,-1.5186249268578118,-14.880025055260903,0.3306356527357319
1994-10-01,20.395759282410253,0.0072995277900827,0.8270305487060865,16.32,,2.8,-1.2125490196078434,-15.649173221816092,0.3358837268003151
1994-11-01,20.20947302039405,0.0056899409769841,0.8270305487060865,15.62,,2.84,-0.9079513444302165,-16.407560774440167,0.3358837268003151
1994-12-01,19.911484108090328,0.007930468977323,0.8270305487060865,14.88,,2.89,-0.5795698924731187,-17.598069052848587,0.3358837268003151
1995-01-01,20.219119422457307,0.0076841322003244,0.8406813443365586,14.89,,2.83,-0.5340832773673609,-16.25056190830325,0.3419599765074993
1995-02-01,20.802571764332683,0.009319888648623,0.8406813443365586,15.11,,2.73,-0.6218663136995364,-13.736269551737145,0.3419599765074993
1995-03-01,21.152737302037,0.0111766166018617,0.8406813443365586,15.15,,2.67,-0.5793399339933991,-12.161742643737039,0.3419599765074993
1995-04-01,21.642739261879655,0.0113621816253565,0.8506660236180427,15.31,,2.61,-0.628321358589158,-9.978226924318056,0.3448537150981835
1995-05-01,22.19542669801996,0.0143291727329354,0.8506660236180427,15.5,,2.54,-0.6583870967741943,-7.494888744456296,0.3448537150981835
1995-06-01,22.718356759520614,0.0178069058689433,0.8506660236180427,15.67,,2.48,-0.6783790682833439,-5.09360863732502,0.3448537150981835
1995-07-01,23.376412691512137,0.0152755274177296,0.8726959418128859,16.07,,2.41,-0.8672246421904166,-2.083385102058244,0.35030994672616056
1995-08-01,23.284070256230542,0.0134244830510027,0.8726959418128859,16.01,,2.42,-0.8239038101186766,-2.195138190797641,0.35030994672616056
1995-09-01,23.946007075299867,0.015053027578776,0.8726959418128859,16.45,,2.35,-0.9809726443768989,0.8802012241447832,0.35030994672616056
1995-10-01,23.92676276408328,0.0166422805443883,0.9024861625370922,16.76,,2.34,-1.0134128878281636,1.107135443498053,0.3564861122118205
1995-11-01,24.34758688111481,0.0166672683456714,0.9024861625370922,17.33,,2.3,-1.1796595499134446,3.192270916031603,0.3564861122118205
1995-12-01,25.027380664939116,0.0173998946314252,0.9024861625370922,18.1,,2.24,-1.4251381215469623,6.386309178530825,0.3564861122118205
1996-01-01,24.76246519464403,0.0187486422747623,0.9255118791551371,18.08,,2.26,-1.409026548672566,5.56715988082952,0.3572707567055224
1996-02-01,25.976065550593383,0.0158803402138386,0.9255118791551371,19.1,,2.16,-1.6243979057591629,11.058881945340481,0.3572707567055224
1996-03-01,25.629930395216107,0.0128089244896474,0.9255118791551371,19.01,,2.18,-1.5896107311941083,9.887802979912564,0.3572707567055224
1996-04-01,25.424203848381527,0.0113141655571001,0.9469840913916318,18.85,,2.19,-1.544960212201592,9.303548406834317,0.3621911600865079
1996-05-01,25.81404382769902,0.0083329475039432,0.9469840913916318,19.1,,2.15,-1.6343979057591627,11.281681058599435,0.3621911600865079
1996-06-01,25.966673558333845,0.0059017874206194,0.9469840913916318,19.15,,2.14,-1.6080678851174932,12.249218304159303,0.3621911600865079
1996-07-01,24.85841133234839,0.0082169824330316,0.9602218320220461,18.26,,2.24,-1.273548740416211,7.76366485222475,0.36771132088682656
1996-08-01,25.41252912145496,0.0096485459439073,0.9602218320220461,18.6,,2.19,-1.333655913978495,10.484689445377416,0.36771132088682656
1996-09-01,25.68011551287676,0.0071960872533973,0.9602218320220461,18.75,,2.17,-1.336666666666667,11.978473178203352,0.36771132088682656
1996-10-01,26.4834677208972,0.0092487861991769,0.9878397119378729,19.0,,2.1,-1.4168421052631572,15.831052490948672,0.37095817019554855
1996-11-01,27.58561204901281,0.0111425123911442,0.9878397119378729,19.45,,2.01,-1.4486118251928017,21.05170027650236,0.37095817019554855
1996-12-01,27.723946163893963,0.0098677573517688,0.9878397119378729,19.19,,2.0,-1.3589525794684736,22.098629603601626,0.37095817019554855
1997-01-01,28.33287012995037,0.0059642245539042,1.0173607303964693,19.53,,1.95,-1.479672299027138,25.27095346745394,0.37245878492332235
1997-02-01,29.26563488357596,0.0063923569015587,1.0173607303964693,20.09,,1.88,-1.6023992035838726,29.908421138654152,0.37245878492332235
1997-03-01,28.802458591871662,0.0040379858495368,1.0173607303964693,19.69,,1.9,-1.5212798374809546,28.361875301659456,0.37245878492332235
1997-04-01,27.58516033813655,0.0031464929094217,1.0322257640657184,18.94,,1.98,-1.2601689545934533,23.430419401377446,0.3780671306665192
1997-05-01,29.928362224688787,0.0016766740896874,1.0322257640657184,20.6,,1.82,-1.6256310679611659,34.46825364011232,0.3780671306665192
1997-06-01,31.256560616381275,0.0022205915643268,1.0322257640657184,21.61,,1.73,-1.8825127255900043,41.0332560199951,0.3780671306665192
1997-07-01,32.766637689669935,0.0033019924737657,1.0664883986034017,22.8,,1.64,-2.114035087719299,48.49028991141422,0.3795709245678642
1997-08-01,32.58628348671318,0.0023199860163869,1.0664883986034017,22.83,,1.65,-2.109798510731493,48.282316236032294,0.3795709245678642
1997-09-01,32.66658134170863,0.002860421720956,1.0664883986034017,23.06,,1.64,-2.103486556808326,49.229641170201766,0.3795709245678642
1997-10-01,32.901498179798125,0.0044287152217844,1.098994344257749,23.58,,1.62,-2.1891178965224762,50.859101700615824,0.3831012267559366
1997-11-01,32.33660053281268,0.0063059891455734,1.098994344257749,23.46,,1.64,-2.127425404944586,48.765896270830325,0.3831012267559366
1997-12-01,33.03078904290543,0.0062279194336666,1.098994344257749,24.23,,1.61,-2.2828848534874124,52.42038442208599,0.3831012267559366
1998-01-01,32.85996841505224,0.0090089785032593,1.1346727345655085,24.29,,1.61,-2.343079456566488,52.04446727046121,0.38691088661895584
1998-02-01,34.709677782269985,0.0070112433373187,1.1346727345655085,25.85,,1.52,-2.581528046421664,61.010506331396485,0.38691088661895584
1998-03-01,36.29692773642509,0.0046981217356415,1.1346727345655085,27.23,,1.45,-2.7475798751377156,68.7701795588794,0.38691088661895584
1998-04-01,37.27693404302876,0.003733896183054,1.1672655508543197,28.26,,1.42,-2.791429582448691,73.70685827057267,0.3921969723731628
1998-05-01,36.956598518969,0.0037046597965648,1.1672655508543197,28.3,,1.43,-2.73643109540636,72.51442584685157,0.3921969723731628
1998-06-01,36.80229346009202,0.0050062995590904,1.1672655508543197,28.44,,1.44,-2.783825597749648,72.01585671980659,0.3921969723731628
1998-07-01,38.25964508524854,0.004061260065924,1.2010973989928484,29.9,,1.38,-2.9155183946488292,78.98104359523298,0.39479741108941946
1998-08-01,35.42340102487832,0.0070457419884922,1.2010973989928484,28.0,,1.5,-2.658571428571429,65.8220971409546,0.39479741108941946
1998-09-01,33.532356980834905,0.0133725728076677,1.2010973989928484,26.8,,1.58,-2.5086567164179105,57.042371897676134,0.39479741108941946
1998-10-01,33.773102879048146,0.0158680417951297,1.2347221119080967,27.2,,1.57,-2.5835294117647054,58.215554633528384,0.3973247160752201
1998-11-01,37.36939188392095,0.0099327678693949,1.2347221119080967,30.25,,1.41,-2.924214876033058,75.08502178071971,0.3973247160752201
1998-12-01,38.82027478009815,0.0104984066169052,1.2347221119080967,31.56,,1.36,-3.0314321926489227,81.87704434200094,0.3973247160752201
1999-01-01,40.57695767720812,0.0084223959044217,1.2717296159922322,32.92,,1.3,-3.1523329283110577,90.07480356224025,0.4014691785262233
1999-02-01,40.40015922925995,0.0054309156548103,1.2717296159922322,32.67,,1.31,-3.0890878481787576,89.20034916823059,0.4014691785262233
1999-03-01,41.356103632713,0.0022799872986621,1.2717296159922322,33.39,,1.28,-3.1250913447139865,93.61749246256434,0.4014691785262233
1999-04-01,42.70450951689215,0.0020913431991284,1.2889476126190007,34.0,,1.23,-3.168823529411765,99.85540267533462,0.40744704095617684
1999-05-01,42.55667670951803,-0.0020114592557857,1.2889476126190007,33.19,,1.23,-3.08704429044893,99.12591358247181,0.40744704095617684
1999-06-01,42.18067591174693,-0.0056512336740967,1.2889476126190007,32.24,,1.24,-3.0382630272952853,97.37896065299681,0.40744704095617684
1999-07-01,43.82803599280541,-0.0053816357714892,1.3094958301150639,32.88,,1.2,-3.078637469586375,105.14584980072486,0.41598483938302566
1999-08-01,41.93071215994045,-0.0057678415593804,1.3094958301150639,30.89,,1.25,-2.8927063774684365,96.40413811395369,0.41598483938302566
1999-09-01,41.32345133471502,-0.0050555837075532,1.3094958301150639,29.99,,1.26,-2.7455551850616873,93.77804804226484,0.41598483938302566
1999-10-01,40.55285439953988,-0.0068050214315522,1.337054893195137,28.66,,1.28,-2.5808164689462667,90.45508622955624,0.41652947141724006
1999-11-01,43.20829071461392,-0.0077049171202844,1.337054893195137,29.74,,1.2,-2.667525218560861,103.33067941640954,0.41652947141724006
1999-12-01,44.19793976104056,-0.0108865266953007,1.337054893195137,29.66,5.05,1.17,-2.648455832771409,108.49650100630993,0.41652947141724006
2000-01-01,43.77257814693801,-0.0152167421652513,1.370481465622867,29.04,5.05,1.17,-2.5764738292011016,107.08953072511531,0.4209894413169685
2000-02-01,42.18563588791732,-0.0128330715795278,1.370481465622867,27.76,5.05,1.21,-2.4076945244956773,100.23863739935956,0.4209894413169685
2000-03-01,43.22074843996588,-0.0105171108445779,1.370481465622867,28.31,5.06,1.16,-2.517679265277287,105.89070294516296,0.4209894413169685
2000-04-01,43.52857428850774,-0.0080804165599423,1.3658053854941543,28.5,5.06,1.15,-2.561228070175439,108.16124228463036,0.41679618420040954
2000-05-01,41.966050503324325,-0.0118441613848519,1.3658053854941543,27.49,5.06,1.18,-2.442313568570389,101.48704833399557,0.41679618420040954
2000-06-01,42.78197156707145,-0.008916024776085,1.3658053854941543,28.16,4.65,1.14,-2.5288636363636363,106.24066255417519,0.41679618420040954
2000-07-01,42.75809361826959,-0.008559758370781,1.2889358750098503,28.05,4.65,1.13,-2.5449376114082,106.97748200712378,0.4072383787607382
2000-08-01,42.8695654944195,-0.0073623325775988,1.2889358750098503,27.97,4.65,1.11,-2.4747407937075434,108.38638377473887,0.4072383787607382
2000-09-01,41.898007924884745,-0.0068429212984665,1.2889358750098503,27.34,4.49,1.11,-2.4123555230431606,104.54137335923765,0.4072383787607382
2000-10-01,39.36969904420139,-0.0051502496321646,1.2220358325762963,26.5,4.49,1.17,-2.246415094339622,93.03561983093891,0.3936251568871056
2000-11-01,38.78214245678479,-0.0047369133566432,1.2220358325762963,26.9,4.49,1.18,-2.2725278810408924,90.93222767583731,0.3936251568871056
2000-12-01,37.27423800449722,0.0010472183525711,1.2220358325762963,26.62,4.05,1.22,-2.2334259954921114,84.2087167388799,0.3936251568871056
2001-01-01,36.97886799702983,0.0020964838742171,1.1583864926228502,27.55,4.05,1.21,-2.370235934664247,83.39701142640482,0.3807294044738112
2001-02-01,35.8346626514313,0.0038171588679032,1.1583864926228502,27.81,4.05,1.23,-2.3641711614527146,78.28771663025564,0.3807294044738112
2001-03-01,32.325837236178764,0.0090273687409,1.1583864926228502,26.1,3.34,1.35,-2.098582375478927,61.28431612847371,0.3807294044738112
2001-04-01,32.1739011683607,0.006928642538125,1.0845892084370952,27.96,3.34,1.33,-2.3334620886981403,60.922599465214056,0.368134458463865
2001-05-01,34.07464321714005,0.0028549355130883,1.0845892084370952,32.02,3.34,1.24,-2.766951905059338,70.76038797408243,0.368134458463865
2001-06-01,33.068534411112786,0.0047185158539475,1.0845892084370952,33.67,3.54,1.27,-2.9299970299970304,65.95181125725196,0.368134458463865
2001-07-01,32.16303868744436,0.0055300455517572,1.0225189110839181,35.46,3.54,1.3,-3.1399210377890583,61.55142685700188,0.35657809885637726
2001-08-01,31.404318760780143,0.0086801283126884,1.0225189110839181,37.85,3.54,1.33,-3.307992073976222,57.811858038843326,0.35657809885637726
2001-09-01,27.6673925868625,0.0153927219508095,1.0225189110839181,36.9,3.07,1.51,-3.209972899728997,39.03102860284502,0.35657809885637726
2001-10-01,28.5773731133601,0.015346369150707,0.957719889164858,39.72,3.07,1.46,-3.3523766364551864,43.531546935644,0.3457187128128817
2001-11-01,30.005103811056813,0.0124097811349908,0.957719889164858,43.62,3.07,1.39,-3.547473635946813,50.61710661486592,0.3457187128128817
2001-12-01,30.49995325502045,0.0069892836391996,0.957719889164858,46.37,3.39,1.37,-3.6534332542592187,53.004035532314056,0.3457187128128817
2002-01-01,30.277204433096,0.0078137269027388,0.9008078875900726,46.17,3.39,1.38,-3.634091401342863,51.78009087318367,0.33505813076721785
2002-02-01,29.085704152008425,0.0105006387824446,0.9008078875900726,44.57,3.39,1.43,-3.5563383441776977,45.700794854703844,0.33505813076721785
2002-03-01,30.29213064091867,0.0054898769415986,0.9008078875900726,46.71,3.45,1.36,-3.6291308071076855,51.62954382354852,0.33505813076721785
2002-04-01,29.00588325311868,0.0080785808107927,0.8499225770472792,43.81,3.45,1.42,-3.5174161150422276,45.07759806217775,0.32350674358119325
2002-05-01,28.128107508688345,0.0095075054739182,0.8499225770472792,41.41,3.45,1.48,-3.3551243660951453,40.5830594340878,0.32350674358119325
2002-06-01,26.38767254118336,0.0138430299042631,0.8499225770472792,37.92,3.0,1.58,-3.1128691983122363,31.796537887602682,0.32350674358119325
2002-07-01,23.46312046743144,0.0212613970435735,0.783972920289981,32.46,3.0,1.77,-2.669285274183611,17.120892119060315,0.3098900346278666
2002-08-01,23.588713528842373,0.0249839926454968,0.783972920289981,31.53,3.0,1.74,-2.5784173802727564,17.696408239915673,0.3098900346278666
2002-09-01,22.36503680122433,0.0310829252106637,0.783972920289981,28.89,2.43,1.82,-2.3085946694357906,11.557504903727756,0.3098900346278666
2002-10-01,21.95623386365908,0.0310231200903391,0.7498390126785307,29.24,2.43,1.86,-2.3400273597811214,9.501752690092102,0.29961672277098883
2002-11-01,23.34839650272513,0.0270630215656302,0.7498390126785307,32.03,2.43,1.76,-2.6379269434904775,16.396238216838977,0.29961672277098883
2002-12-01,23.101442537685635,0.0275667338630239,0.7498390126785307,32.59,2.73,1.79,-2.661574102485426,15.086626730920605,0.29961672277098883
2003-01-01,22.89834857661322,0.0276985831367294,0.7632850569379607,31.43,2.73,1.8,-2.5483264397072865,13.96732007571404,0.3025675559093324
2003-02-01,21.214102123415287,0.0330936265794521,0.7632850569379607,28.46,2.73,1.93,-2.2262965565706256,5.498313440050051,0.3025675559093324
2003-03-01,21.30971902699099,0.0340385612272246,0.7632850569379607,27.92,2.58,1.92,-2.1683381088825215,5.897300405086181,0.3025675559093324
2003-04-01,22.427939577730896,0.0296909366009929,0.773413800368704,28.05,2.58,1.82,-2.1249376114082,11.385337198926294,0.3078809557349441
2003-05-01,23.591080453481485,0.0310830312091451,0.773413800368704,28.24,2.58,1.73,-2.1089235127478756,17.132693384290732,0.3078809557349441
2003-06-01,24.83222325953106,0.0313339946398062,0.773413800368704,28.6,2.81,1.64,-2.163496503496504,23.30841685082492,0.3078809557349441
2003-07-01,24.86732910126878,0.0248886152111616,0.795744859327171,27.65,2.81,1.64,-1.9633634719710669,23.537624659752375,0.3102444936545507
2003-08-01,24.64225140993216,0.0206617441974361,0.795744859327171,26.57,2.81,1.66,-1.8163567933759879,22.49496855459425,0.3102444936545507
2003-09-01,25.243686752606266,0.0216153297509581,0.795744859327171,26.42,2.83,1.63,-1.8049886449659351,25.582664603191184,0.3102444936545507
2003-10-01,25.68275607057969,0.0202046675344165,0.8071997014929023,24.75,2.83,1.62,-1.519595959595959,27.887464295309616,0.31123499143325156
2003-11-01,25.946798218420128,0.0193610502795354,0.8071997014929023,23.15,2.83,1.63,-1.2103455723542114,29.40069809880683,0.31123499143325156
2003-12-01,26.635170511081533,0.0185539559879515,0.8071997014929023,22.17,3.03,1.61,-0.9894000902119986,33.1155472412634,0.31123499143325156
2004-01-01,27.658540355736573,0.0185830605275434,0.8212661963838467,22.73,3.03,1.55,-1.0705279366476024,38.60088398541717,0.31478532716360463
2004-02-01,27.65086203674021,0.0194949267225886,0.8212661963838467,22.46,3.03,1.56,-0.9976402493321466,38.94804614710799,0.31478532716360463
2004-03-01,26.88653038403587,0.0233325198214875,0.8212661963838467,21.61,2.99,1.6,-0.7925127255900044,35.49589793526995,0.31478532716360463
2004-04-01,26.90057750844488,0.0183014911508881,0.8324759687131239,21.23,2.99,1.61,-0.6896844088553937,35.96752936303269,0.32046769702904504
2004-05-01,25.90281429294376,0.0165618271511677,0.8324759687131239,20.14,2.99,1.67,-0.41475670307845114,31.313854921703932,0.32046769702904504
2004-06-01,26.401285366474912,0.0157107638767184,0.8324759687131239,20.17,2.95,1.64,-0.41214179474467105,34.2368636516182,0.32046769702904504
2004-07-01,25.695888646268557,0.0186117086506467,0.8547911821249441,19.51,2.95,1.7,-0.2744233726294212,31.040485779868867,0.3242449449302259
2004-08-01,25.174462226477768,0.02125846103996,0.8547911821249441,19.03,2.95,1.74,-0.12513925380977398,28.757343434381433,0.3242449449302259
2004-09-01,25.66840677635769,0.0219354352715907,0.8547911821249441,19.35,2.77,1.71,-0.21204134366925054,31.65884427018939,0.3242449449302259
2004-10-01,25.411655665489327,0.0230985912739387,0.8681670744141117,19.25,2.77,1.72,-0.15519480519480489,30.70199151798796,0.32742231673484795
2004-11-01,26.46531081481804,0.0205485524364935,0.8681670744141117,20.05,2.77,1.66,-0.3424688279301744,36.45837521728716,0.32742231673484795
2004-12-01,27.14480869474123,0.018826546160026,0.8681670744141117,20.48,2.92,1.62,-0.39718750000000025,40.27679034913054,0.32742231673484795
2005-01-01,26.587250697970365,0.0195044785108484,0.8831396354643705,19.99,2.92,1.67,-0.23749874937468718,37.67888522206668,0.3294988477947894
2005-02-01,26.744863128101176,0.0199638565786608,0.8831396354643705,20.11,2.92,1.66,-0.2373495773247143,38.772729518419816,0.3294988477947894
2005-03-01,26.339142131057923,0.017699015247125,0.8831396354643705,19.84,2.77,1.69,-0.16967741935483893,36.92827801857867,0.3294988477947894
2005-04-01,25.408922569114456,0.0210380143578795,0.9039684063095212,19.02,2.77,1.76,0.03762355415352303,32.32808072819135,0.33601752889486697
2005-05-01,25.650230187182967,0.0223601526666656,0.9039684063095212,18.93,2.77,1.76,0.10262017960908665,33.82021803844702,0.33601752889486697
2005-06-01,26.068394871883985,0.0229856943711453,0.9039684063095212,19.0,2.73,1.74,0.10315789473684234,36.248801848408306,0.33601752889486697
2005-07-01,26.287871091254736,0.0213385584726245,0.9216045391310381,19.0,2.73,1.73,0.13315789473684259,37.65039727341444,0.3377302528957566
2005-08-01,26.10438141093615,0.0210607298846047,0.9216045391310381,18.72,2.73,1.74,0.22188034188034234,36.95228540580515,0.3377302528957566
2005-09-01,25.73012299016447,0.0232628679614673,0.9216045391310381,18.44,2.78,1.75,0.282993492407809,35.25936190121028,0.3377302528957566
2005-10-01,24.876538723647958,0.0218683125841246,0.9359425050450365,17.64,2.78,1.82,0.5489342403628115,31.033383553104677,0.34001626901413023
2005-11-01,25.93178330906902,0.0186719436065839,0.9359425050450365,18.01,2.78,1.78,0.44247084952803917,36.902151790074164,0.34001626901413023
2005-12-01,26.4438031142924,0.0182760880558125,0.9359425050450365,18.07,2.76,1.76,0.3940343110127289,39.972914547200844,0.34001626901413023
2006-01-01,26.46870262668573,0.0189196230164023,0.9570866989256341,18.07,2.76,1.75,0.3940343110127289,40.517307766913,0.34457476621917943
2006-02-01,26.249624763583306,0.0176100583715007,0.9570866989256341,17.8,2.76,1.77,0.49797752808988704,39.776990940916775,0.34457476621917943
2006-03-01,26.3278377786677,0.0160347565184812,0.9570866989256341,17.8,2.76,1.76,0.5079775280898868,40.63753656021029,0.34457476621917943
2006-04-01,26.147280943874534,0.0140714687018302,0.9865398175855875,17.77,2.76,1.77,0.5374620146314015,40.129763106267546,0.34487126135406115
2006-05-01,25.650640708757347,0.0139231010600181,0.9865398175855875,17.46,2.76,1.8,0.6373768613974802,37.90938637756145,0.34487126135406115
2006-06-01,24.749582241646387,0.0154794271092281,0.9865398175855875,16.82,2.67,1.87,0.8553032104637337,33.48785159903302,0.34487126135406115
2006-07-01,24.69678676685332,0.0158725403655584,1.0031882182776708,16.61,2.67,1.88,0.9704695966285373,33.62590863290866,0.3507791158448772
2006-08-01,25.05139356201098,0.0174049923884773,1.0031882182776708,16.67,2.67,1.85,0.9488002399520088,35.98837502162897,0.3507791158448772
2006-09-01,25.64415644079741,0.0172523585685796,1.0031882182776708,16.77,2.72,1.83,0.9230292188431726,39.67721116729361,0.3507791158448772
2006-10-01,26.538040282101733,0.0149573944797807,1.0189409320239255,17.14,2.72,1.79,0.7943057176196033,45.06466991598115,0.3554550289129053
2006-11-01,26.928020270856507,0.0153653179929298,1.0189409320239255,17.24,2.72,1.77,0.7504640371229705,47.729946931982425,0.3554550289129053
2006-12-01,27.28268978757171,0.0154349455530579,1.0189409320239255,17.38,2.81,1.76,0.7037399309551216,50.21483804089178,0.3554550289129053
2007-01-01,27.20753665680716,0.0135259718821527,1.0353263201710412,17.36,2.81,1.76,0.7203686635944706,50.329396766133726,0.36058835984221815
2007-02-01,27.31518141351663,0.0140063462140004,1.0353263201710412,17.49,2.81,1.75,0.6675528873642085,51.44796673176395,0.36058835984221815
2007-03-01,26.22760555465092,0.0177969290207275,1.0353263201710412,16.92,2.79,1.81,0.8901654846335694,45.91023081569568,0.36058835984221815
2007-04-01,26.976268314189117,0.0159747216693735,1.0589595292511027,17.48,2.79,1.76,0.7408237986270017,50.56265039532679,0.36505078347688646
2007-05-01,27.548490451851286,0.015293949247564,1.0589595292511027,17.92,2.79,1.72,0.6703571428571422,54.25169006821173,0.36505078347688646
2007-06-01,27.418262740410626,0.0120369508715578,1.0589595292511027,17.83,2.91,1.73,0.7085249579360626,54.011372056573784,0.36505078347688646
2007-07-01,27.410088167204343,0.0128937221575725,1.070964791295135,18.36,2.91,1.74,0.5866230936819168,54.460462463327566,0.36816824729903036
2007-08-01,26.14860718931234,0.0175737492485137,1.070964791295135,18.02,2.91,1.84,0.7393895671476143,47.776607552940774,0.36816824729903036
2007-09-01,26.725743047696938,0.0182753634504338,1.070964791295135,19.05,2.91,1.8,0.5193438320209971,51.42777634363895,0.36816824729903036
2007-10-01,27.32064813046204,0.0173255787102558,1.0853961095633227,20.68,2.91,1.77,0.17558994197292055,55.14355446283172,0.36962809004290864
2007-11-01,25.7290535794984,0.024061140157559,1.0853961095633227,20.81,2.91,1.88,0.17538202787121637,46.347431462794205,0.36962809004290864
2007-12-01,25.955510105240243,0.0242803623121103,1.0853961095633227,22.35,2.77,1.87,-0.08572706935122998,47.78735133556371,0.36962809004290864
2008-01-01,24.02231776083683,0.0312992074540855,0.9610323435721274,21.46,2.77,2.03,0.13983224603914302,36.84465794451499,0.3505363787457341
2008-02-01,23.495263401811798,0.0323403749780853,0.9610323435721274,21.74,2.77,2.07,0.13981600735970634,33.86449736370627,0.3505363787457341
2008-03-01,22.60681084224935,0.0370096816865717,0.9610323435721274,21.81,2.49,2.15,0.1750527281063734,28.787426002178186,0.3505363787457341
2008-04-01,23.356040643201617,0.0343223553444702,0.8493098223818174,23.88,2.49,2.08,-0.18239530988274666,32.99615539503213,0.3293274829033207
2008-05-01,23.696432116623196,0.0323801787810629,0.8493098223818174,25.81,2.49,2.04,-0.455532739248353,34.81602303816085,0.3293274829033207
2008-06-01,22.41681280228195,0.0334948862553058,0.8493098223818174,26.11,2.41,2.14,-0.45004978935273865,27.367617148387914,0.3293274829033207
2008-07-01,20.907206462661584,0.0380290824635467,0.7538129019219586,25.37,2.41,2.29,-0.2783366180528182,18.580171028291502,0.31065884649542663
2008-08-01,21.401617360047936,0.0375860080220243,0.7538129019219586,26.83,2.41,2.25,-0.4328289228475586,21.14241982074221,0.31065884649542663
2008-09-01,20.36273394609752,0.0417014406140253,0.7538129019219586,26.48,2.27,2.37,-0.3435649546827797,15.013710095518862,0.31065884649542663
2008-10-01,16.387356548789835,0.0511189777366728,0.6710126630272999,27.22,2.27,2.96,-0.3762307127112412,-7.6560828581773155,0.2923109643971787
2008-11-01,15.259659405704584,0.0564421097656047,0.6710126630272999,34.99,2.27,3.23,-1.1320405830237212,-14.327537675210788,0.2923109643971787
2008-12-01,15.376080747423767,0.066042129114535,0.6710126630272999,58.98,2.0,3.23,-2.23451000339098,-14.110359632233427,0.2923109643971787
2009-01-01,15.174651936879677,0.0661007849143005,0.6038129196891169,70.91,2.0,3.24,-2.4697616697221827,-15.788176254783926,0.2746541400822461
2009-02-01,14.122181801918902,0.0678959919812927,0.6038129196891169,84.46,2.0,3.43,-2.626007577551504,-22.174939759134602,0.2746541400822461
2009-03-01,13.323667656863933,0.0725776409549966,0.6038129196891169,110.37,1.78,3.6,-2.823956691129836,-27.12086915551336,0.2746541400822461
2009-04-01,14.981866453039256,0.0626831639484653,0.5694168145330363,119.85,1.78,3.15,-2.8556236962870254,-18.69624340037772,0.26440559409757997
2009-05-01,15.996355755263156,0.0551458268811751,0.5694168145330363,123.73,1.78,2.9,-2.8417885718904063,-13.88533751473604,0.26440559409757997
2009-06-01,16.384182816215347,0.0502435973614631,0.5694168145330363,123.32,1.89,2.76,-2.7591015244891337,-12.518971528004997,0.26440559409757997
2009-07-01,16.694620816995617,0.0502375648169608,0.5850878736477857,101.87,1.89,2.67,-2.548356729164621,-11.607356577595752,0.270733924726672
2009-08-01,18.094069801576087,0.0452887213360822,0.5850878736477857,92.95,1.89,2.42,-2.414152770306617,-4.995513165774579,0.270733924726672
2009-09-01,18.831902264840085,0.04459761953591,0.5850878736477857,83.3,2.12,2.29,-2.2495198079231695,-1.9416556217231928,0.270733924726672
2009-10-01,19.35800844348684,0.0431700977801865,0.6020193025586618,42.12,2.12,2.19,-1.0158309591642927,-0.03263361010693577,0.27538595159078
2009-11-01,19.812761079966062,0.0418960147094018,0.6020193025586618,28.51,2.12,2.1,0.18754121360926002,1.6395829549653795,0.27538595159078
2009-12-01,20.322376500216546,0.038549596504991,0.6020193025586618,21.78,2.17,2.02,1.3213682277318637,3.7364175696382063,0.27538595159078
2010-01-01,20.527859801454422,0.0367026787502512,0.6273544647325667,20.7,2.17,1.98,1.6109178743961352,4.440749506016095,0.2797935990623112
2010-02-01,19.920539306600453,0.038007944073646,0.6273544647325667,18.91,2.17,2.03,2.1182072977260713,1.0502683597455986,0.2797935990623112
2010-03-01,21.00460120971537,0.034595708150527,0.6273544647325667,18.91,2.2,1.9,2.1782072977260714,6.2736154157082336,0.2797935990623112
2010-04-01,21.804845599625168,0.0317664045761175,0.6525245832702079,19.01,2.2,1.83,2.2103892688058915,10.077541942337431,0.28555985867889533
2010-05-01,20.48006863842341,0.0389928479151876,0.6525245832702079,17.3,2.2,1.95,2.780346820809248,3.184784354144554,0.28555985867889533
2010-06-01,19.74203985373946,0.0423821948869016,0.6525245832702079,16.15,1.9,2.03,3.241950464396285,-0.7055460768777166,0.28555985867889533
2010-07-01,19.668660470717715,0.0442555476901107,0.6741486049563626,15.72,1.9,2.05,3.461323155216285,-1.2147968453210423,0.2900785745057425
2010-08-01,19.77029917435858,0.0472353935458632,0.6741486049563626,15.47,1.9,2.05,3.6141241111829348,-0.8303463600948247,0.2900785745057425
2010-09-01,20.381395233204035,0.0457466955342798,0.6741486049563626,15.61,2.01,1.99,3.5961499039077514,2.1166763711394365,0.2900785745057425
2010-10-01,21.24012765175943,0.044813802887339,0.694600216294622,15.9,2.01,1.92,3.5393081761006284,6.314469493086516,0.2955687716273591
2010-11-01,21.700723827760623,0.0415987637055609,0.694600216294622,15.88,2.01,1.89,3.587229219143577,8.568826333896972,0.2955687716273591
2010-12-01,22.396379773044217,0.0351019004482637,0.694600216294622,16.05,2.17,1.83,3.590529595015576,12.053487712381749,0.2955687716273591
2011-01-01,22.97829943055499,0.0328125394488805,0.7224235160651187,16.3,2.17,1.79,3.5349693251533743,15.024527728075299,0.299072440701433
2011-02-01,23.48982870329854,0.030059945553653,0.7224235160651187,16.52,2.17,1.76,3.503268765133172,17.702677223529562,0.299072440701433
2011-03-01,22.899336430143645,0.0336184151466104,0.7224235160651187,16.04,2.23,1.8,3.744413965087282,14.910186470210052,0.299072440701433
2011-04-01,23.14392944728596,0.0329082239694832,0.7418655927693842,16.21,2.23,1.78,3.719031462060456,16.34898228403905,0.30287487153871034
2011-05-01,23.059491506095355,0.0359849825227145,0.7418655927693842,16.12,2.23,1.8,3.803473945409429,16.204966857148072,0.30287487153871034
2011-06-01,22.100831286611005,0.0392835539848696,0.7418655927693842,15.35,2.15,1.89,4.184657980456026,11.711466235659262,0.30287487153871034
2011-07-01,22.61098170115664,0.0386415041246108,0.7683290092052819,15.61,2.15,1.86,4.136149903907752,14.710426954528977,0.3090411069064886
2011-08-01,20.049852721660507,0.0515730265272625,0.7683290092052819,13.79,2.15,2.1,5.031631617113851,2.1524439244483995,0.3090411069064886
2011-09-01,19.69811456887772,0.0553583545514405,0.7683290092052819,13.5,1.85,2.15,5.2374074074074075,0.8485320058480239,0.3090411069064886
2011-10-01,20.155824786688765,0.052639316240052,0.8044728952856635,13.88,1.85,2.12,5.104610951008645,3.7569173271098766,0.31558360481832226
2011-11-01,20.345246797645828,0.0536640488217245,0.8044728952856635,14.1,1.85,2.12,5.052198581560284,5.32328479663291,0.31558360481832226
2011-12-01,20.523575499431697,0.053689049554547,0.8044728952856635,14.3,2.05,2.13,5.003006993006992,6.863312625059059,0.31558360481832226
2012-01-01,21.21300809180345,0.0524237161229664,0.8316819375046816,14.87,2.05,2.06,4.804949562878279,11.112781991775966,0.31911755107771955
2012-02-01,21.79743596371754,0.0512057600956492,0.8316819375046816,15.37,2.05,2.0,4.626180871828237,14.852657149985692,0.31911755107771955
2012-03-01,22.05394397290471,0.0488728193026746,0.8316819375046816,15.69,2.22,1.97,4.543486297004462,16.89245352779871,0.31911755107771955
2012-04-01,21.7792469068249,0.0503822201228444,0.8549203055976201,15.7,2.22,2.0,4.5994267515923575,16.11414476816122,0.32536430965835655
2012-05-01,20.941467419743475,0.0545987544394901,0.8549203055976201,15.22,2.22,2.09,4.8503022339027595,12.279727618419045,0.32536430965835655
2012-06-01,20.54750408685609,0.0571069644426977,0.8549203055976201,15.05,2.13,2.14,4.99451827242525,10.771455398262608,0.32536430965835655
2012-07-01,20.999341293380564,0.0566788535374019,0.8851793512673471,15.55,2.13,2.11,4.800868167202572,13.808719438768158,0.3296125328979684
2012-08-01,21.410428453442933,0.0544923442645205,0.8851793512673471,16.14,2.13,2.08,4.575786864931846,16.62230999380987,0.3296125328979684
2012-09-01,21.78369030172768,0.0535782901870352,0.8851793512673471,16.69,2.18,2.05,4.3816117435590165,19.215255521246878,0.3296125328979684
2012-10-01,21.577109654528783,0.0535082223728746,0.9117456133215186,16.62,2.18,2.1,4.406847172081829,18.604345345197547,0.33479515565067414
2012-11-01,20.898162059573693,0.0555273776575105,0.9117456133215186,16.12,2.18,2.2,4.583473945409429,15.390047623163184,0.33479515565067414
2012-12-01,21.23826113984561,0.0540111379717348,0.9117456133215186,16.44,2.14,2.2,4.4727250608272495,17.813229507476592,0.33479515565067414
2013-01-01,21.90047541382181,0.0505379382364351,0.9341725608006612,17.03,2.14,2.13,4.2719906048150325,22.064832493571608,0.3423555237091983
2013-02-01,22.052724336861942,0.0495719749669616,0.9341725608006612,17.32,2.14,2.1,4.173672055427252,23.48037305080708,0.3423555237091983
2013-03-01,22.41920711460257,0.048684797595349,0.9341725608006612,17.68,2.31,2.07,4.056108597285068,26.08846039380799,0.3423555237091983
2013-04-01,22.59565539610559,0.0504525471882447,0.9695079445254159,17.69,2.31,2.07,4.062911249293386,27.627470115590857,0.34881763724662634
2013-05-01,23.4118417818424,0.0475590954888848,0.9695079445254159,18.25,2.31,2.01,3.8894520547945204,32.790768081406355,0.34881763724662634
2013-06-01,22.925333173915323,0.0448994526567771,0.9695079445254159,17.8,2.37,2.06,4.027977528089887,30.556544507387272,0.34881763724662634
2013-07-01,23.49246017715964,0.0409753287319043,1.008458875977016,18.12,2.37,2.02,3.9487637969094918,34.30850262723191,0.3552335186287142
2013-08-01,23.356649094916097,0.039356890135809,1.008458875977016,17.91,2.37,2.04,4.023472920156337,34.04056003298032,0.3552335186287142
2013-09-01,23.442287167960608,0.0382872516907263,1.008458875977016,17.88,2.43,2.04,4.032841163310962,35.03253899908152,0.3552335186287142
2013-10-01,23.83473788763144,0.0393315132308555,1.0398966687382147,17.86,2.43,2.01,4.0491041433370665,37.79184300140628,0.36359991157207977
2013-11-01,24.642077092412052,0.0370246860121493,1.0398966687382147,18.15,2.43,1.95,3.9596418732782377,42.93753417288704,0.36359991157207977
2013-12-01,24.861869296461936,0.034968173305041,1.0398966687382147,18.04,2.58,1.94,4.003237250554324,44.65528405562742,0.36359991157207977
2014-01-01,24.85960909363271,0.0352532757884677,1.0720432259858526,18.15,2.58,1.94,3.9596418732782377,45.04348908096409,0.36719367747422016
2014-02-01,24.59093087789413,0.037019397023219,1.0720432259858526,18.06,2.58,1.97,3.9770985603543747,43.85122243167847,0.36719367747422016
2014-03-01,24.95603915396538,0.036323988184061,1.0720432259858526,18.48,2.61,1.94,3.861255411255411,46.34680417679107,0.36719367747422016
2014-04-01,24.786315396962635,0.0367080659453648,1.101524178616942,18.35,2.61,1.96,3.8995912806539508,45.684813722491846,0.3703091090141383
2014-05-01,24.943274109902585,0.0377139623445997,1.101524178616942,18.46,2.61,1.96,3.877118093174431,46.923274018668046,0.3703091090141383
2014-06-01,25.55800762351129,0.0362158968013168,1.101524178616942,18.88,2.67,1.92,3.756610169491526,50.85084185781239,0.3703091090141383
2014-07-01,25.817545976158737,0.0365445676216865,1.1376334756883182,18.96,2.67,1.91,3.7242616033755276,52.675139230753466,0.3739629534221224
2014-08-01,25.6176064217994,0.0378218159142646,1.1376334756883182,18.68,2.67,1.94,3.8133190578158462,51.784809067758665,0.3739629534221224
2014-09-01,25.91843689260619,0.0361299973837449,1.1376334756883182,18.81,2.68,1.93,3.77632110579479,53.86933597225192,0.3739629534221224
2014-10-01,25.162748283083257,0.0387945171496859,1.1721175845287917,18.5,2.68,2.0,3.875405405405405,49.68051989592004,0.37853097414053266
2014-11-01,26.606817147143424,0.0357308939138588,1.1721175845287917,19.75,2.68,1.91,3.5232911392405066,58.568321453334484,0.37853097414053266
2014-12-01,26.794085482572555,0.0364624524210645,1.1721175845287917,20.08,2.83,1.92,3.4700796812749006,59.9666662699726,0.37853097414053266
2015-01-01,26.49229542038313,0.0394916906653373,1.19705833340373,20.02,2.83,1.97,3.4850049950049957,58.421841484504554,0.37809955851691296
2015-02-01,26.99551369938324,0.0376433553553971,1.19705833340373,20.77,2.83,1.94,3.3046364949446323,61.67279676184083,0.37809955851691296
2015-03-01,26.72860545292848,0.0372238803167477,1.19705833340373,20.96,2.84,1.96,3.2609923664122134,60.28269715822141,0.37809955851691296
2015-04-01,26.791371680192327,0.0376597012649435,1.2058194602830694,21.42,2.84,1.96,3.158534080298786,60.837181442080215,0.3768542896591237
2015-05-01,26.806111379650822,0.0356626868782199,1.2058194602830694,21.92,2.84,1.96,3.042043795620437,61.061957256714614,0.3768542896591237
2015-06-01,26.495895292784844,0.0348038208352845,1.2058194602830694,22.12,2.8,1.99,3.010795660036166,59.27706298339637,0.3768542896591237
2015-07-01,26.38113633639969,0.0349037508085825,1.203634337012473,22.4,2.8,2.01,2.9442857142857144,58.615425647048355,0.3749886880445443
2015-08-01,25.693658417057694,0.0367528378336552,1.203634337012473,22.15,2.8,2.07,3.004672686230249,54.470566989281146,0.3749886880445443
2015-09-01,24.496752170486435,0.0372582690419317,1.203634337012473,21.45,2.58,2.19,3.1520046620046624,47.22980516537605,0.3749886880445443
2015-10-01,25.491441046066743,0.0364149701817411,1.2020624042131127,22.68,2.58,2.11,2.899171075837743,53.13537684527594,0.3756785770503986
2015-11-01,26.225851890971928,0.0340224225535026,1.2020624042131127,23.67,2.58,2.07,2.7147570764681026,57.430789393494976,0.3756785770503986
2015-12-01,25.96542403712417,0.0346694211981527,1.2020624042131127,23.74,2.76,2.11,2.712299915754002,55.70008505451929,0.3756785770503986
2016-01-01,24.206167203878472,0.0383634760589547,1.2025172132700916,22.18,2.76,2.27,3.008566275924256,44.952803584106384,0.3754679606192666
2016-02-01,24.002606777289756,0.041692460653196,1.2025172132700916,22.02,2.76,2.3,3.0413260672116262,43.527667383066614,0.3754679606192666
2016-03-01,25.3722986201879,0.0382188111755389,1.2025172132700916,23.39,2.74,2.17,2.7853313381787084,51.483479337863216,0.3754679606192666
2016-04-01,25.92233754367387,0.0378016958359209,1.2018882680180245,23.97,2.74,2.12,2.6818815185648726,54.5111544138311,0.373429066857888
2016-05-01,25.694709923449963,0.0380505797486107,1.2018882680180245,23.81,2.74,2.14,2.709916001679966,52.89699366738583,0.373429066857888
2016-06-01,25.840372927670497,0.039664015774759,1.2018882680180245,23.97,2.74,2.13,2.691881518564873,53.49774643808543,0.373429066857888
2016-07-01,26.694003256096288,0.0393614274118523,1.192717592375769,24.52,2.74,2.08,2.6183034257748776,58.28317750556664,0.3736785440202624
2016-08-01,26.94887243372385,0.0383008060502643,1.192717592375769,24.57,2.74,2.07,2.63000407000407,59.49890775474702,0.3736785440202624
2016-09-01,26.72787334647852,0.038651942503325,1.192717592375769,24.22,2.78,2.09,2.7088191577208924,57.885474218207264,0.3736785440202624
2016-10-01,26.525143085070575,0.0383180539483978,1.1886070662145607,23.57,2.78,2.11,2.8326813746287653,56.3602141567193,0.3741112453656231
2016-11-01,26.85095353105624,0.0340535797028329,1.1886070662145607,23.35,2.78,2.1,2.8926552462526764,57.95013637324191,0.3741112453656231
2016-12-01,27.865098223923518,0.0290799894636979,1.1886070662145607,23.76,2.91,2.03,2.8287542087542086,63.584276613571824,0.3741112453656231
2017-01-01,28.06357374212445,0.0297075138313806,1.1807007706349628,23.59,2.91,2.02,2.8890843577787195,64.42912001083185,0.3716917700354363
2017-02-01,28.65510652518412,0.0288484261142454,1.1807007706349628,23.68,2.91,1.98,2.882972972972973,67.58586957458874,0.3716917700354363
2017-03-01,29.086921742464632,0.0268905110330753,1.1807007706349628,23.6,3.01,1.96,2.9172881355932194,69.82383974984118,0.3716917700354363
2017-04-01,28.90424595627515,0.0285503708482296,1.1778964411196717,23.24,3.01,1.98,2.9929259896729783,68.50797102322532,0.3698639492044224
2017-05-01,29.313344980271424,0.0275350158419583,1.1778964411196717,23.31,3.01,1.96,3.0000042900042905,70.65593732104149,0.3698639492044224
2017-06-01,29.74850324063276,0.0280313722755172,1.1778964411196717,23.4,3.03,1.94,2.993504273504273,72.96787961573834,0.3698639492044224
2017-07-01,30.00222074401857,0.0264028165660061,1.174325815594166,23.36,3.03,1.94,3.0208219178082194,74.2315035504865,0.36487791499450123
2017-08-01,29.914959397497487,0.0280905688960866,1.174325815594166,23.16,3.03,1.95,3.0777892918825556,73.57660332613507,0.36487791499450123
2017-09-01,30.1681144106789,0.028167211336622,1.174325815594166,23.28,3.08,1.93,3.07553264604811,74.94956586833486,0.36487791499450123
2017-10-01,30.920393290333838,0.0254791571793292,1.165720548357279,23.67,3.08,1.89,3.0347570764681024,79.2717243024423,0.362208950557071
2017-11-01,31.29891333388026,0.024588565855586,1.165720548357279,23.81,3.08,1.88,3.0199160016799667,81.53618305382146,0.362208950557071
2017-12-01,32.086132007705984,0.0233131297724968,1.165720548357279,24.25,3.23,1.84,2.963711340206185,86.29086713120377,0.362208950557071
2018-01-01,33.30734382803067,0.0204186633335548,1.1508712563263326,24.97,3.23,1.77,2.8648057669203046,93.68835410850613,0.3602780355607919
2018-02-01,32.03538233925028,0.0189758375966554,1.1508712563263326,23.82,3.23,1.84,3.0781528127623847,86.65794532442071,0.3602780355607919
2018-03-01,31.808409057643114,0.0187511323837986,1.1508712563263326,23.41,3.17,1.85,3.171678769756514,85.76750648668514,0.3602780355607919
2018-04-01,30.97017929332522,0.0190908600638813,1.14669070291307,22.53,3.17,1.9,3.348526409232135,81.37027698275962,0.3599029785205918
2018-05-01,31.243615074864604,0.0173182662553252,1.14669070291307,22.49,3.17,1.88,3.35642063139173,83.5754861937211,0.3599029785205918
2018-06-01,31.6305564964546,0.0167309792950137,1.14669070291307,22.49,3.25,1.85,3.3764206313917295,86.56355664231307,0.3599029785205918
2018-07-01,31.886366962158988,0.0161531508509479,1.1401174328555226,22.33,3.25,1.84,3.428280340349306,88.90212921737532,0.35762945727721684
2018-08-01,32.39027688030112,0.0161270836525876,1.1401174328555226,22.37,3.25,1.82,3.440272686633884,92.81823630212381,0.35762945727721684
2018-09-01,32.6228911205002,0.0150651115839449,1.1401174328555226,22.25,3.45,1.8,3.4743820224719104,95.21782314302357,0.35762945727721684
2018-10-01,31.037961078006504,0.0163400871283167,1.122264929013411,21.25,3.45,1.9,3.7158823529411764,86.77348507368335,0.35621902964783453
2018-11-01,30.195583406705246,0.0191635407465583,1.122264929013411,20.67,3.45,1.96,3.8679293662312526,82.91431211473972,0.35621902964783453
2018-12-01,28.291857012072875,0.0250243755539648,1.122264929013411,19.39,2.94,2.09,4.207297576070139,72.71061962350016,0.35621902964783453
2019-01-01,28.380164463547587,0.0258662213027125,1.121353363452478,19.6,2.94,2.08,4.172040816326531,74.78635007071111,0.35353817828998246
2019-02-01,29.541548965131213,0.0247054122012903,1.121353363452478,20.6,2.94,1.98,3.9443689320388344,83.59343961077926,0.35353817828998246
2019-03-01,29.57619601478483,0.0260911244831998,1.121353363452478,20.86,3.26,1.96,3.903863854266539,85.51431833077912,0.35353817828998246
2019-04-01,30.13351717138752,0.0261496180521301,1.123318050487001,21.56,3.26,1.9,3.76821892393321,90.79356593345025,0.35349382730977114
2019-05-01,29.24203093693985,0.0283841389333227,1.123318050487001,21.15,3.26,1.95,3.8781323877068563,86.86308697968789,0.35349382730977114
2019-06-01,29.283796275306276,0.0308851193899541,1.123318050487001,21.37,3.32,1.94,3.8394571829667754,88.83672318506149,0.35349382730977114
2019-07-01,29.986685335042527,0.0347160140553523,1.1353664198798312,22.28,3.32,1.88,3.678330341113106,95.11214216560117,0.35386421530602313
2019-08-01,28.70539737183308,0.0359714123806791,1.1353664198798312,21.67,3.32,1.96,3.814674665436087,88.39059492734187,0.35386421530602313
2019-09-01,29.22952023303528,0.0346628074168118,1.1353664198798312,22.44,3.3,1.92,3.67632798573975,93.42576071459696,0.35386421530602313
2019-10-01,28.841122881953407,0.0351579414647967,1.1270376470272754,22.04,3.3,1.93,3.7872050816696916,92.37926303557344,0.35412069134007035
2019-11-01,29.836867659083435,0.0328742416308629,1.1270376470272754,22.62,3.3,1.86,3.680866489832007,100.3777305298783,0.35412069134007035
2019-12-01,30.331822322243298,0.0319140832649582,1.1270376470272754,22.78,3.53,1.83,3.6798156277436345,104.86486979709481,0.35412069134007035
2020-01-01,30.9852203002307,0.0322657301883274,1.1179634901084914,24.88,3.53,1.79,3.319292604501608,110.24547845031182,0.3536086181001512
2020-02-01,30.729689264735747,0.0353872755164987,1.1179634901084914,26.42,3.53,1.8,3.1050113550340646,109.27065712077271,0.3536086181001512
2020-03-01,24.817168629099427,0.0488014708947205,1.1179634901084914,22.8,2.92,2.25,3.725964912280701,69.45816881886383,0.3536086181001512
2020-04-01,25.92735882528016,0.0483174365444448,1.1053995466905795,24.97,2.92,2.16,3.364805766920304,77.35612514647133,0.35027815378986726
2020-05-01,27.32848099769846,0.0461632298698542,1.1053995466905795,27.82,2.92,2.04,2.9745363048166786,87.16797948708646,0.35027815378986726
2020-06-01,28.838315955122848,0.0443015232359106,1.1053995466905795,31.29,3.44,1.92,2.5959092361776928,97.62330684907843,0.35027815378986726
2020-07-01,29.599194927667003,0.0450018859695649,1.2154397245852615,32.44,3.44,1.85,2.432614056720099,102.8166347245592,0.36722146717113197
2020-08-01,31.15820896535523,0.0431914041795455,1.2154397245852615,34.41,3.44,1.74,2.1461319383900035,113.4323524705748,0.36722146717113197
2020-09-01,30.83942604381125,0.043305608427917,1.2154397245852615,34.27,3.65,1.75,2.0580040852057193,111.1430873602326,0.36722146717113197
2020-10-01,31.283694032592848,0.0416606974902217,1.3408384393180928,35.3,3.65,1.72,1.8728611898017,114.0396062937663,0.3851949290564221
2020-11-01,32.47320409661257,0.0395848371504077,1.3408384393180928,37.16,3.65,1.65,1.621065662002153,121.96850497059918,0.3851949290564221
2020-12-01,33.76559141811711,0.037727217459252,1.3408384393180928,39.26,4.05,1.58,1.3771217524197659,130.52418229601898,0.3851949290564221
2021-01-01,34.512432294106915,0.035534737619675,1.4701778877326928,35.96,4.05,1.53,1.5108676307007785,135.27657429627973,0.40316659123535226
2021-02-01,35.10390717196983,0.0333014891668029,1.4701778877326928,33.24,4.05,1.49,1.6284235860409146,139.1348604138197,0.40316659123535226
2021-03-01,35.04254511219208,0.0295822469860887,1.4701778877326928,30.5,4.23,1.47,1.798688524590164,138.71682152851528,0.40316659123535226
2021-04-01,36.71981410913301,0.0281584582537585,1.6185486348033338,29.92,4.23,1.39,1.7422459893048123,150.32643227506819,0.42216855897785105
2021-05-01,36.55213398979907,0.0288183454256166,1.6185486348033338,28.05,4.23,1.39,1.8550623885918003,149.52562494350096,0.42216855897785105
2021-06-01,36.696258013088375,0.0307615937653313,1.6185486348033338,26.7,4.43,1.37,1.9253183520599253,151.00710135126465,0.42216855897785105
2021-07-01,37.44338318461541,0.0326165810863949,1.7626923188803174,26.56,4.43,1.34,1.8450602409638557,156.76445757068868,0.4442579360386378
2021-08-01,37.973500614070495,0.0325734288473694,1.7626923188803174,26.23,4.43,1.32,1.782428516965307,161.12040530762198,0.4442579360386378
2021-09-01,37.6203466866512,0.0320424160757774,1.7626923188803174,25.35,4.38,1.33,1.804773175542406,159.4809127160791,0.4442579360386378
2021-10-01,37.25302500032532,0.0312587288141006,1.954821001079876,24.39,4.38,1.34,1.8600410004100034,157.79770134834376,0.4650184367422824
2021-11-01,38.58262749771922,0.0311199858999042,1.954821001079876,24.52,4.38,1.29,1.7283034257748775,167.9837654519166,0.4650184367422824
2021-12-01,38.304849873467454,0.0327733520767953,1.954821001079876,23.63,4.73,1.29,1.7919085907744399,167.1473670266657,0.4650184367422824
2022-01-01,36.93675807029746,0.0312477863138658,1.9426478682760602,23.11,4.73,1.33,1.7871311120726956,158.77239715022552,0.4617366174994059
2022-02-01,35.28714922569488,0.0312936789228795,1.9426478682760602,22.42,4.73,1.39,1.8303033006244425,148.29509039694582,0.4617366174994059
2022-03-01,34.270798693291745,0.0307166730545958,1.9426478682760602,22.19,4.51,1.41,1.756534474988733,142.15649952601072,0.4617366174994059
2022-04-01,33.88916475591386,0.0251061798781961,1.7979925497353748,22.4,4.51,1.43,1.6042857142857145,140.41938305680753,0.4473473337603074
2022-05-01,30.673155079545147,0.0279425478744791,1.7979925497353748,20.81,4.51,1.57,1.8253820278712163,118.43568684398318,0.4473473337603074
2022-06-01,29.04772139510385,0.0289158136599703,1.7979925497353748,20.28,3.78,1.64,1.8509664694280072,107.5935932949998,0.4473473337603074
2022-07-01,29.00461831720894,0.0315222012424607,1.6500574754913928,20.53,3.78,1.65,1.680920603994155,107.95759804689267,0.43263543901652035
2022-08-01,30.698763365175317,0.0290139174288997,1.6500574754913928,22.03,3.78,1.56,1.2392646391284607,120.79601564246278,0.43263543901652035
2022-09-01,28.229884655821984,0.0254265540029991,1.6500574754913928,20.58,3.6,1.7,1.4590864917395536,103.66778155238117,0.43263543901652035
2022-10-01,27.08076692540071,0.0227846900773502,1.522692696295201,20.44,3.6,1.77,1.382367906066536,95.96637522119573,0.4146692248876936
2022-11-01,28.37894901627334,0.0223790464740161,1.522692696295201,22.07,3.6,1.69,0.9110376076121431,105.90524192112002,0.4146692248876936
2022-12-01,28.3169012845273,0.0251174627093332,1.522692696295201,22.65,3.75,1.71,0.695011037527594,105.932171703786,0.4146692248876936
2023-01-01,28.3348134237557,0.0265093591496972,1.562287093441943,22.82,3.75,1.7,0.5421209465381249,106.48082729598354,0.4207290549141411
2023-02-01,28.91976294386665,0.0233296729483025,1.562287093441943,23.4,3.75,1.66,0.3335042735042735,111.15902220926226,0.4207290549141411
2023-03-01,27.93813125399791,0.0255158588118581,1.562287093441943,22.66,3.93,1.72,0.3630626654898501,104.39414989133545,0.4207290549141411
2023-04-01,28.764841267615378,0.0271120044062851,1.6113715066341714,23.27,3.93,1.66,0.1373785990545766,110.85500878702983,0.4252658766448011
2023-05-01,28.76205134313124,0.0260910083259151,1.6113715066341714,23.15,3.93,1.65,0.07965442764578867,111.23950986556856,0.4252658766448011
2023-06-01,29.9400316459875,0.0230079977879918,1.6113715066341714,24.01,4.19,1.58,-0.19506872136609843,120.3143288097491,0.4252658766448011
2023-07-01,30.89165981365993,0.0206343839723275,1.666904663186795,24.76,4.19,1.53,-0.41122778675282756,127.75465770690518,0.42709528932337876
2023-08-01,30.3047482453652,0.0188855141037892,1.666904663186795,24.16,4.19,1.56,-0.410927152317881,123.8459251213167,0.42709528932337876
2023-09-01,29.799681861350244,0.0174804117800193,1.666904663186795,23.93,3.98,1.57,-0.4711450062682827,120.51145202405161,0.42709528932337876
2023-10-01,28.769054954983982,0.0147082028412393,1.734034137542346,22.78,3.98,1.64,-0.3901843722563658,113.25694647441212,0.4330985179777242
2023-11-01,30.01322481738149,0.0162700881233109,1.734034137542346,23.51,3.98,1.57,-0.5264908549553384,122.86473075591343,0.4330985179777242
2023-12-01,31.452310923844585,0.0194522750965193,1.734034137542346,24.35,4.31,1.5,-0.6532238193018483,133.9560716351262,0.4330985179777242
2024-01-01,32.04512301259603,0.0186408480943907,1.795233629459981,25.01,4.31,1.47,-0.7415993602558979,138.78125787335867,0.43853478331609713
2024-02-01,33.03719268559906,0.0164587006637309,1.795233629459981,26.14,4.31,1.41,-0.9144452945677126,146.5837598872252,0.43853478331609713
2024-03-01,33.75492017640602,0.0158175606690865,1.795233629459981,27.02,4.71,1.37,-0.9790377498149514,152.3394090242006,0.43853478331609713
2024-04-01,33.14159303076982,0.0131269382425541,1.8606650338280861,26.41,4.71,1.4,-0.8935554714123435,148.13019916671772,0.44295174735089876
2024-05-01,33.77363454011199,0.0129744800373178,1.8606650338280861,26.93,4.71,1.37,-0.9166691422205715,153.24990871366566,0.44295174735089876
2024-06-01,34.81054878004301,0.0136359370855149,1.8606650338280861,27.64,4.79,1.33,-0.97205499276411,161.43583231957638,0.44295174735089876
2024-07-01,35.44355307890725,0.0138823829179779,1.9287367781434728,28.08,4.79,1.31,-1.0087464387464387,166.61983390403904,0.4478069256036687
2024-08-01,35.0050583685286,0.0182673721408444,1.9287367781434728,27.67,4.79,1.33,-0.9859775930610768,163.15661808359843,0.4478069256036687
2024-09-01,35.22881369214806,0.0183383762540988,1.9287367781434728,28.09,4.94,1.3,-1.0600142399430403,164.6561367660337,0.4478069256036687
2024-10-01,,,1.9641729475158638,28.45,4.94,1.28,-1.1050615114235502,,0.4510974520731451
2024-11-01,,,1.9641729475158638,28.66,4.94,1.25,-1.1208164689462667,,0.4510974520731451
2024-12-01,,,1.9641729475158638,28.6,4.99,1.24,-1.0634965034965034,,0.4510974520731451
2025-01-01,,,1.9928222238706015,28.16,4.99,1.26,-0.9988636363636361,,0.4575029517764334
2025-02-01,,,1.9928222238706015,28.15,4.99,1.25,-0.9776021314387213,,0.4575029517764334
2025-03-01,,,1.9928222238706015,26.23,4.69,1.34,-0.6875714830346933,,0.4575029517764334
2025-04-01,,,2.0345060040142764,24.56,4.69,1.43,-0.4183387622149839,,0.4623287734925182
2025-05-01,,,2.0345060040142764,26.34,4.69,1.32,-0.6634927866362945,,0.4623287734925182
2025-06-01,,,2.0345060040142764,27.1,5.01,1.28,-0.7799630996309963,,0.4623287734925182
2025-07-01,,,2.077240714229858,27.81,5.01,1.23,-0.8241711614527145,,0.46764517239494924
2025-08-01,,,2.077240714229858,27.84,5.01,1.22,-0.8080459770114947,,0.46764517239494924
2025-09-01,,,2.077240714229858,28.13,5.27,1.19,-0.8150764308567364,,0.46764517239494924
2025-10-01,,,2.115010924891719,28.78,5.27,1.17,-0.8753648366921469,,0.47339751681499237
2025-11-01,,,2.115010924891719,28.8,5.27,1.17,-0.8777777777777773,,0.47339751681499237
2025-12-01,,,2.115010924891719,29.28,5.39,1.15,-0.8946994535519122,,0.47339751681499237
2026-01-01,,,2.1268049224690833,29.6,5.39,1.14,-0.9216216216216218,,0.47547852443311756
2026-02-01,,,2.1268049224690833,29.45,5.39,1.14,-0.8944142614601018,,0.47547852443311756
2026-03-01,,,2.1268049224690833,28.43,5.39,1.19,-0.7425888146324304,,0.47547852443311756
2026-04-01,,,2.1473355265768332,29.72,,1.13,-0.875262449528937,,0.4782718717812893
2026-05-01,,,2.1473355265768332,31.67,,1.06,-1.072437638143354,,0.4782718717812893
2026-06-01,,,2.1473355265768332,31.93,,1.06,-1.0681490761039778,,0.4782718717812893
2026-07-01,,,2.1473355265768332,32.28,5.95,1.04,,,0.4782718717812893
